v 0 0 0 
v 0 0 1 
v 0 0 2 
v 0 0 3 
v 0 0 4 
v 0 0 5 
v 0 0 6 
v 0 0 7 
v 0 0 8 
v 0 0 9 
v 0 0 10 
v 0 0 11 
v 0 0 12 
v 0 0 13 
v 0 0 14 
v 0 0 15 
v 0 0 16 
v 0 0 17 
v 0 0 18 
v 0 0 19 
v 0 0 20 
v 0 0 21 
v 0 0 22 
v 0 0 23 
v 0 0 24 
v 0 0 25 
v 0 0 26 
v 0 0 27 
v 0 0 28 
v 0 0 29 
v 0 0 30 
v 0 0 31 
v 0 0 32 
v 0 0 33 
v 0 0 34 
v 0 0 35 
v 0 0 36 
v 0 0 37 
v 0 0 38 
v 0 0 39 
v 0 0 40 
v 0 0 41 
v 0 0 42 
v 0 0 43 
v 0 0 44 
v 0 0 45 
v 0 0 46 
v 0 0 47 
v 0 0 48 
v 0 0 49 
v 0 0 50 
v 0 0 51 
v 0 0 52 
v 0 0 53 
v 0 0 54 
v 0 0 55 
v 0 0 56 
v 0 0 57 
v 0 0 58 
v 0 0 59 
v 0 0 60 
v 0 0 61 
v 0 0 62 
v 0 0 63 
v 0 0 64 
v 0 0 65 
v 0 0 66 
v 0 0 67 
v 0 0 68 
v 0 0 69 
v 0 0 70 
v 0 0 71 
v 0 0 72 
v 0 0 73 
v 0 0 74 
v 0 0 75 
v 0 0 76 
v 0 0 77 
v 0 0 78 
v 0 0 79 
v 0 0 80 
v 0 0 81 
v 0 0 82 
v 0 0 83 
v 0 0 84 
v 0 0 85 
v 0 0 86 
v 0 0 87 
v 0 0 88 
v 0 0 89 
v 0 0 90 
v 0 0 91 
v 0 0 92 
v 0 0 93 
v 0 0 94 
v 0 0 95 
v 0 0 96 
v 0 0 97 
v 0 0 98 
v 0 0 99 
v 0 0 100 
v 0 0 101 
v 0 0 102 
v 0 0 103 
v 0 0 104 
v 0 0 105 
v 0 0 106 
v 0 0 107 
v 0 0 108 
v 0 0 109 
v 0 0 110 
v 0 0 111 
v 0 0 112 
v 0 0 113 
v 0 0 114 
v 0 0 115 
v 0 0 116 
v 0 0 117 
v 0 0 118 
v 0 0 119 
v 0 0 120 
v 0 0 121 
v 0 0 122 
v 0 0 123 
v 0 0 124 
v 0 0 125 
v 0 0 126 
v 0 0 127 
v 0 0 128 
v 1 0 0 
v 1 0 1 
v 1 0 2 
v 1 0 3 
v 1 0 4 
v 1 0 5 
v 1 0 6 
v 1 0 7 
v 1 0 8 
v 1 0 9 
v 1 0 10 
v 1 0 11 
v 1 0 12 
v 1 0 13 
v 1 0 14 
v 1 0 15 
v 1 0 16 
v 1 0 17 
v 1 0 18 
v 1 0 19 
v 1 0 20 
v 1 0 21 
v 1 0 22 
v 1 0 23 
v 1 0 24 
v 1 0 25 
v 1 0 26 
v 1 0 27 
v 1 0 28 
v 1 0 29 
v 1 0 30 
v 1 0 31 
v 1 0 32 
v 1 0 33 
v 1 0 34 
v 1 0 35 
v 1 0 36 
v 1 0 37 
v 1 0 38 
v 1 0 39 
v 1 0 40 
v 1 0 41 
v 1 0 42 
v 1 0 43 
v 1 0 44 
v 1 0 45 
v 1 0 46 
v 1 0 47 
v 1 0 48 
v 1 0 49 
v 1 0 50 
v 1 0 51 
v 1 0 52 
v 1 0 53 
v 1 0 54 
v 1 0 55 
v 1 0 56 
v 1 0 57 
v 1 0 58 
v 1 0 59 
v 1 0 60 
v 1 0 61 
v 1 0 62 
v 1 0 63 
v 1 0 64 
v 1 0 65 
v 1 0 66 
v 1 0 67 
v 1 0 68 
v 1 0 69 
v 1 0 70 
v 1 0 71 
v 1 0 72 
v 1 0 73 
v 1 0 74 
v 1 0 75 
v 1 0 76 
v 1 0 77 
v 1 0 78 
v 1 0 79 
v 1 0 80 
v 1 0 81 
v 1 0 82 
v 1 0 83 
v 1 0 84 
v 1 0 85 
v 1 0 86 
v 1 0 87 
v 1 0 88 
v 1 0 89 
v 1 0 90 
v 1 0 91 
v 1 0 92 
v 1 0 93 
v 1 0 94 
v 1 0 95 
v 1 0 96 
v 1 0 97 
v 1 0 98 
v 1 0 99 
v 1 0 100 
v 1 0 101 
v 1 0 102 
v 1 0 103 
v 1 0 104 
v 1 0 105 
v 1 0 106 
v 1 0 107 
v 1 0 108 
v 1 0 109 
v 1 0 110 
v 1 0 111 
v 1 0 112 
v 1 0 113 
v 1 0 114 
v 1 0 115 
v 1 0 116 
v 1 0 117 
v 1 0 118 
v 1 0 119 
v 1 0 120 
v 1 0 121 
v 1 0 122 
v 1 0 123 
v 1 0 124 
v 1 0 125 
v 1 0 126 
v 1 0 127 
v 1 0 128 
v 2 0 0 
v 2 0 1 
v 2 0 2 
v 2 0 3 
v 2 0 4 
v 2 0 5 
v 2 0 6 
v 2 0 7 
v 2 0 8 
v 2 0 9 
v 2 0 10 
v 2 0 11 
v 2 0 12 
v 2 0 13 
v 2 0 14 
v 2 0 15 
v 2 0 16 
v 2 0 17 
v 2 0 18 
v 2 0 19 
v 2 0 20 
v 2 0 21 
v 2 0 22 
v 2 0 23 
v 2 0 24 
v 2 0 25 
v 2 0 26 
v 2 0 27 
v 2 0 28 
v 2 0 29 
v 2 0 30 
v 2 0 31 
v 2 0 32 
v 2 0 33 
v 2 0 34 
v 2 0 35 
v 2 0 36 
v 2 0 37 
v 2 0 38 
v 2 0 39 
v 2 0 40 
v 2 0 41 
v 2 0 42 
v 2 0 43 
v 2 0 44 
v 2 0 45 
v 2 0 46 
v 2 0 47 
v 2 0 48 
v 2 0 49 
v 2 0 50 
v 2 0 51 
v 2 0 52 
v 2 0 53 
v 2 0 54 
v 2 0 55 
v 2 0 56 
v 2 0 57 
v 2 0 58 
v 2 0 59 
v 2 0 60 
v 2 0 61 
v 2 0 62 
v 2 0 63 
v 2 0 64 
v 2 0 65 
v 2 0 66 
v 2 0 67 
v 2 0 68 
v 2 0 69 
v 2 0 70 
v 2 0 71 
v 2 0 72 
v 2 0 73 
v 2 0 74 
v 2 0 75 
v 2 0 76 
v 2 0 77 
v 2 0 78 
v 2 0 79 
v 2 0 80 
v 2 0 81 
v 2 0 82 
v 2 0 83 
v 2 0 84 
v 2 0 85 
v 2 0 86 
v 2 0 87 
v 2 0 88 
v 2 0 89 
v 2 0 90 
v 2 0 91 
v 2 0 92 
v 2 0 93 
v 2 0 94 
v 2 0 95 
v 2 0 96 
v 2 0 97 
v 2 0 98 
v 2 0 99 
v 2 0 100 
v 2 0 101 
v 2 0 102 
v 2 0 103 
v 2 0 104 
v 2 0 105 
v 2 0 106 
v 2 0 107 
v 2 0 108 
v 2 0 109 
v 2 0 110 
v 2 0 111 
v 2 0 112 
v 2 0 113 
v 2 0 114 
v 2 0 115 
v 2 0 116 
v 2 0 117 
v 2 0 118 
v 2 0 119 
v 2 0 120 
v 2 0 121 
v 2 0 122 
v 2 0 123 
v 2 0 124 
v 2 0 125 
v 2 0 126 
v 2 0 127 
v 2 0 128 
v 3 0 0 
v 3 0 1 
v 3 0 2 
v 3 0 3 
v 3 0 4 
v 3 0 5 
v 3 0 6 
v 3 0 7 
v 3 0 8 
v 3 0 9 
v 3 0 10 
v 3 0 11 
v 3 0 12 
v 3 0 13 
v 3 0 14 
v 3 0 15 
v 3 0 16 
v 3 0 17 
v 3 0 18 
v 3 0 19 
v 3 0 20 
v 3 0 21 
v 3 0 22 
v 3 0 23 
v 3 0 24 
v 3 0 25 
v 3 0 26 
v 3 0 27 
v 3 0 28 
v 3 0 29 
v 3 0 30 
v 3 0 31 
v 3 0 32 
v 3 0 33 
v 3 0 34 
v 3 0 35 
v 3 0 36 
v 3 0 37 
v 3 0 38 
v 3 0 39 
v 3 0 40 
v 3 0 41 
v 3 0 42 
v 3 0 43 
v 3 0 44 
v 3 0 45 
v 3 0 46 
v 3 0 47 
v 3 0 48 
v 3 0 49 
v 3 0 50 
v 3 0 51 
v 3 0 52 
v 3 0 53 
v 3 0 54 
v 3 0 55 
v 3 0 56 
v 3 0 57 
v 3 0 58 
v 3 0 59 
v 3 0 60 
v 3 0 61 
v 3 0 62 
v 3 0 63 
v 3 0 64 
v 3 0 65 
v 3 0 66 
v 3 0 67 
v 3 0 68 
v 3 0 69 
v 3 0 70 
v 3 0 71 
v 3 0 72 
v 3 0 73 
v 3 0 74 
v 3 0 75 
v 3 0 76 
v 3 0 77 
v 3 0 78 
v 3 0 79 
v 3 0 80 
v 3 0 81 
v 3 0 82 
v 3 0 83 
v 3 0 84 
v 3 0 85 
v 3 0 86 
v 3 0 87 
v 3 0 88 
v 3 0 89 
v 3 0 90 
v 3 0 91 
v 3 0 92 
v 3 0 93 
v 3 0 94 
v 3 0 95 
v 3 0 96 
v 3 0 97 
v 3 0 98 
v 3 0 99 
v 3 0 100 
v 3 0 101 
v 3 0 102 
v 3 0 103 
v 3 0 104 
v 3 0 105 
v 3 0 106 
v 3 0 107 
v 3 0 108 
v 3 0 109 
v 3 0 110 
v 3 0 111 
v 3 0 112 
v 3 0 113 
v 3 0 114 
v 3 0 115 
v 3 0 116 
v 3 0 117 
v 3 0 118 
v 3 0 119 
v 3 0 120 
v 3 0 121 
v 3 0 122 
v 3 0 123 
v 3 0 124 
v 3 0 125 
v 3 0 126 
v 3 0 127 
v 3 0 128 
v 4 0 0 
v 4 0 1 
v 4 0 2 
v 4 0 3 
v 4 0 4 
v 4 0 5 
v 4 0 6 
v 4 0 7 
v 4 0 8 
v 4 0 9 
v 4 0 10 
v 4 0 11 
v 4 0 12 
v 4 0 13 
v 4 0 14 
v 4 0 15 
v 4 0 16 
v 4 0 17 
v 4 0 18 
v 4 0 19 
v 4 0 20 
v 4 0 21 
v 4 0 22 
v 4 0 23 
v 4 0 24 
v 4 0 25 
v 4 0 26 
v 4 0 27 
v 4 0 28 
v 4 0 29 
v 4 0 30 
v 4 0 31 
v 4 0 32 
v 4 0 33 
v 4 0 34 
v 4 0 35 
v 4 0 36 
v 4 0 37 
v 4 0 38 
v 4 0 39 
v 4 0 40 
v 4 0 41 
v 4 0 42 
v 4 0 43 
v 4 0 44 
v 4 0 45 
v 4 0 46 
v 4 0 47 
v 4 0 48 
v 4 0 49 
v 4 0 50 
v 4 0 51 
v 4 0 52 
v 4 0 53 
v 4 0 54 
v 4 0 55 
v 4 0 56 
v 4 0 57 
v 4 0 58 
v 4 0 59 
v 4 0 60 
v 4 0 61 
v 4 0 62 
v 4 0 63 
v 4 0 64 
v 4 0 65 
v 4 0 66 
v 4 0 67 
v 4 0 68 
v 4 0 69 
v 4 0 70 
v 4 0 71 
v 4 0 72 
v 4 0 73 
v 4 0 74 
v 4 0 75 
v 4 0 76 
v 4 0 77 
v 4 0 78 
v 4 0 79 
v 4 0 80 
v 4 0 81 
v 4 0 82 
v 4 0 83 
v 4 0 84 
v 4 0 85 
v 4 0 86 
v 4 0 87 
v 4 0 88 
v 4 0 89 
v 4 0 90 
v 4 0 91 
v 4 0 92 
v 4 0 93 
v 4 0 94 
v 4 0 95 
v 4 0 96 
v 4 0 97 
v 4 0 98 
v 4 0 99 
v 4 0 100 
v 4 0 101 
v 4 0 102 
v 4 0 103 
v 4 0 104 
v 4 0 105 
v 4 0 106 
v 4 0 107 
v 4 0 108 
v 4 0 109 
v 4 0 110 
v 4 0 111 
v 4 0 112 
v 4 0 113 
v 4 0 114 
v 4 0 115 
v 4 0 116 
v 4 0 117 
v 4 0 118 
v 4 0 119 
v 4 0 120 
v 4 0 121 
v 4 0 122 
v 4 0 123 
v 4 0 124 
v 4 0 125 
v 4 0 126 
v 4 0 127 
v 4 0 128 
v 5 0 0 
v 5 0 1 
v 5 0 2 
v 5 0 3 
v 5 0 4 
v 5 0 5 
v 5 0 6 
v 5 0 7 
v 5 0 8 
v 5 0 9 
v 5 0 10 
v 5 0 11 
v 5 0 12 
v 5 0 13 
v 5 0 14 
v 5 0 15 
v 5 0 16 
v 5 0 17 
v 5 0 18 
v 5 0 19 
v 5 0 20 
v 5 0 21 
v 5 0 22 
v 5 0 23 
v 5 0 24 
v 5 0 25 
v 5 0 26 
v 5 0 27 
v 5 0 28 
v 5 0 29 
v 5 0 30 
v 5 0 31 
v 5 0 32 
v 5 0 33 
v 5 0 34 
v 5 0 35 
v 5 0 36 
v 5 0 37 
v 5 0 38 
v 5 0 39 
v 5 0 40 
v 5 0 41 
v 5 0 42 
v 5 0 43 
v 5 0 44 
v 5 0 45 
v 5 0 46 
v 5 0 47 
v 5 0 48 
v 5 0 49 
v 5 0 50 
v 5 0 51 
v 5 0 52 
v 5 0 53 
v 5 0 54 
v 5 0 55 
v 5 0 56 
v 5 0 57 
v 5 0 58 
v 5 0 59 
v 5 0 60 
v 5 0 61 
v 5 0 62 
v 5 0 63 
v 5 0 64 
v 5 0 65 
v 5 0 66 
v 5 0 67 
v 5 0 68 
v 5 0 69 
v 5 0 70 
v 5 0 71 
v 5 0 72 
v 5 0 73 
v 5 0 74 
v 5 0 75 
v 5 0 76 
v 5 0 77 
v 5 0 78 
v 5 0 79 
v 5 0 80 
v 5 0 81 
v 5 0 82 
v 5 0 83 
v 5 0 84 
v 5 0 85 
v 5 0 86 
v 5 0 87 
v 5 0 88 
v 5 0 89 
v 5 0 90 
v 5 0 91 
v 5 0 92 
v 5 0 93 
v 5 0 94 
v 5 0 95 
v 5 0 96 
v 5 0 97 
v 5 0 98 
v 5 0 99 
v 5 0 100 
v 5 0 101 
v 5 0 102 
v 5 0 103 
v 5 0 104 
v 5 0 105 
v 5 0 106 
v 5 0 107 
v 5 0 108 
v 5 0 109 
v 5 0 110 
v 5 0 111 
v 5 0 112 
v 5 0 113 
v 5 0 114 
v 5 0 115 
v 5 0 116 
v 5 0 117 
v 5 0 118 
v 5 0 119 
v 5 0 120 
v 5 0 121 
v 5 0 122 
v 5 0 123 
v 5 0 124 
v 5 0 125 
v 5 0 126 
v 5 0 127 
v 5 0 128 
v 6 0 0 
v 6 0 1 
v 6 0 2 
v 6 0 3 
v 6 0 4 
v 6 0 5 
v 6 0 6 
v 6 0 7 
v 6 0 8 
v 6 0 9 
v 6 0 10 
v 6 0 11 
v 6 0 12 
v 6 0 13 
v 6 0 14 
v 6 0 15 
v 6 0 16 
v 6 0 17 
v 6 0 18 
v 6 0 19 
v 6 0 20 
v 6 0 21 
v 6 0 22 
v 6 0 23 
v 6 0 24 
v 6 0 25 
v 6 0 26 
v 6 0 27 
v 6 0 28 
v 6 0 29 
v 6 0 30 
v 6 0 31 
v 6 0 32 
v 6 0 33 
v 6 0 34 
v 6 0 35 
v 6 0 36 
v 6 0 37 
v 6 0 38 
v 6 0 39 
v 6 0 40 
v 6 0 41 
v 6 0 42 
v 6 0 43 
v 6 0 44 
v 6 0 45 
v 6 0 46 
v 6 0 47 
v 6 0 48 
v 6 0 49 
v 6 0 50 
v 6 0 51 
v 6 0 52 
v 6 0 53 
v 6 0 54 
v 6 0 55 
v 6 0 56 
v 6 0 57 
v 6 0 58 
v 6 0 59 
v 6 0 60 
v 6 0 61 
v 6 0 62 
v 6 0 63 
v 6 0 64 
v 6 0 65 
v 6 0 66 
v 6 0 67 
v 6 0 68 
v 6 0 69 
v 6 0 70 
v 6 0 71 
v 6 0 72 
v 6 0 73 
v 6 0 74 
v 6 0 75 
v 6 0 76 
v 6 0 77 
v 6 0 78 
v 6 0 79 
v 6 0 80 
v 6 0 81 
v 6 0 82 
v 6 0 83 
v 6 0 84 
v 6 0 85 
v 6 0 86 
v 6 0 87 
v 6 0 88 
v 6 0 89 
v 6 0 90 
v 6 0 91 
v 6 0 92 
v 6 0 93 
v 6 0 94 
v 6 0 95 
v 6 0 96 
v 6 0 97 
v 6 0 98 
v 6 0 99 
v 6 0 100 
v 6 0 101 
v 6 0 102 
v 6 0 103 
v 6 0 104 
v 6 0 105 
v 6 0 106 
v 6 0 107 
v 6 0 108 
v 6 0 109 
v 6 0 110 
v 6 0 111 
v 6 0 112 
v 6 0 113 
v 6 0 114 
v 6 0 115 
v 6 0 116 
v 6 0 117 
v 6 0 118 
v 6 0 119 
v 6 0 120 
v 6 0 121 
v 6 0 122 
v 6 0 123 
v 6 0 124 
v 6 0 125 
v 6 0 126 
v 6 0 127 
v 6 0 128 
v 7 0 0 
v 7 0 1 
v 7 0 2 
v 7 0 3 
v 7 0 4 
v 7 0 5 
v 7 0 6 
v 7 0 7 
v 7 0 8 
v 7 0 9 
v 7 0 10 
v 7 0 11 
v 7 0 12 
v 7 0 13 
v 7 0 14 
v 7 0 15 
v 7 0 16 
v 7 0 17 
v 7 0 18 
v 7 0 19 
v 7 0 20 
v 7 0 21 
v 7 0 22 
v 7 0 23 
v 7 0 24 
v 7 0 25 
v 7 0 26 
v 7 0 27 
v 7 0 28 
v 7 0 29 
v 7 0 30 
v 7 0 31 
v 7 0 32 
v 7 0 33 
v 7 0 34 
v 7 0 35 
v 7 0 36 
v 7 0 37 
v 7 0 38 
v 7 0 39 
v 7 0 40 
v 7 0 41 
v 7 0 42 
v 7 0 43 
v 7 0 44 
v 7 0 45 
v 7 0 46 
v 7 0 47 
v 7 0 48 
v 7 0 49 
v 7 0 50 
v 7 0 51 
v 7 0 52 
v 7 0 53 
v 7 0 54 
v 7 0 55 
v 7 0 56 
v 7 0 57 
v 7 0 58 
v 7 0 59 
v 7 0 60 
v 7 0 61 
v 7 0 62 
v 7 0 63 
v 7 0 64 
v 7 0 65 
v 7 0 66 
v 7 0 67 
v 7 0 68 
v 7 0 69 
v 7 0 70 
v 7 0 71 
v 7 0 72 
v 7 0 73 
v 7 0 74 
v 7 0 75 
v 7 0 76 
v 7 0 77 
v 7 0 78 
v 7 0 79 
v 7 0 80 
v 7 0 81 
v 7 0 82 
v 7 0 83 
v 7 0 84 
v 7 0 85 
v 7 0 86 
v 7 0 87 
v 7 0 88 
v 7 0 89 
v 7 0 90 
v 7 0 91 
v 7 0 92 
v 7 0 93 
v 7 0 94 
v 7 0 95 
v 7 0 96 
v 7 0 97 
v 7 0 98 
v 7 0 99 
v 7 0 100 
v 7 0 101 
v 7 0 102 
v 7 0 103 
v 7 0 104 
v 7 0 105 
v 7 0 106 
v 7 0 107 
v 7 0 108 
v 7 0 109 
v 7 0 110 
v 7 0 111 
v 7 0 112 
v 7 0 113 
v 7 0 114 
v 7 0 115 
v 7 0 116 
v 7 0 117 
v 7 0 118 
v 7 0 119 
v 7 0 120 
v 7 0 121 
v 7 0 122 
v 7 0 123 
v 7 0 124 
v 7 0 125 
v 7 0 126 
v 7 0 127 
v 7 0 128 
v 8 0 0 
v 8 0 1 
v 8 0 2 
v 8 0 3 
v 8 0 4 
v 8 0 5 
v 8 0 6 
v 8 0 7 
v 8 0 8 
v 8 0 9 
v 8 0 10 
v 8 0 11 
v 8 0 12 
v 8 0 13 
v 8 0 14 
v 8 0 15 
v 8 0 16 
v 8 0 17 
v 8 0 18 
v 8 0 19 
v 8 0 20 
v 8 0 21 
v 8 0 22 
v 8 0 23 
v 8 0 24 
v 8 0 25 
v 8 0 26 
v 8 0 27 
v 8 0 28 
v 8 0 29 
v 8 0 30 
v 8 0 31 
v 8 0 32 
v 8 0 33 
v 8 0 34 
v 8 0 35 
v 8 0 36 
v 8 0 37 
v 8 0 38 
v 8 0 39 
v 8 0 40 
v 8 0 41 
v 8 0 42 
v 8 0 43 
v 8 0 44 
v 8 0 45 
v 8 0 46 
v 8 0 47 
v 8 0 48 
v 8 0 49 
v 8 0 50 
v 8 0 51 
v 8 0 52 
v 8 0 53 
v 8 0 54 
v 8 0 55 
v 8 0 56 
v 8 0 57 
v 8 0 58 
v 8 0 59 
v 8 0 60 
v 8 0 61 
v 8 0 62 
v 8 0 63 
v 8 0 64 
v 8 0 65 
v 8 0 66 
v 8 0 67 
v 8 0 68 
v 8 0 69 
v 8 0 70 
v 8 0 71 
v 8 0 72 
v 8 0 73 
v 8 0 74 
v 8 0 75 
v 8 0 76 
v 8 0 77 
v 8 0 78 
v 8 0 79 
v 8 0 80 
v 8 0 81 
v 8 0 82 
v 8 0 83 
v 8 0 84 
v 8 0 85 
v 8 0 86 
v 8 0 87 
v 8 0 88 
v 8 0 89 
v 8 0 90 
v 8 0 91 
v 8 0 92 
v 8 0 93 
v 8 0 94 
v 8 0 95 
v 8 0 96 
v 8 0 97 
v 8 0 98 
v 8 0 99 
v 8 0 100 
v 8 0 101 
v 8 0 102 
v 8 0 103 
v 8 0 104 
v 8 0 105 
v 8 0 106 
v 8 0 107 
v 8 0 108 
v 8 0 109 
v 8 0 110 
v 8 0 111 
v 8 0 112 
v 8 0 113 
v 8 0 114 
v 8 0 115 
v 8 0 116 
v 8 0 117 
v 8 0 118 
v 8 0 119 
v 8 0 120 
v 8 0 121 
v 8 0 122 
v 8 0 123 
v 8 0 124 
v 8 0 125 
v 8 0 126 
v 8 0 127 
v 8 0 128 
v 9 0 0 
v 9 0 1 
v 9 0 2 
v 9 0 3 
v 9 0 4 
v 9 0 5 
v 9 0 6 
v 9 0 7 
v 9 0 8 
v 9 0 9 
v 9 0 10 
v 9 0 11 
v 9 0 12 
v 9 0 13 
v 9 0 14 
v 9 0 15 
v 9 0 16 
v 9 0 17 
v 9 0 18 
v 9 0 19 
v 9 0 20 
v 9 0 21 
v 9 0 22 
v 9 0 23 
v 9 0 24 
v 9 0 25 
v 9 0 26 
v 9 0 27 
v 9 0 28 
v 9 0 29 
v 9 0 30 
v 9 0 31 
v 9 0 32 
v 9 0 33 
v 9 0 34 
v 9 0 35 
v 9 0 36 
v 9 0 37 
v 9 0 38 
v 9 0 39 
v 9 0 40 
v 9 0 41 
v 9 0 42 
v 9 0 43 
v 9 0 44 
v 9 0 45 
v 9 0 46 
v 9 0 47 
v 9 0 48 
v 9 0 49 
v 9 0 50 
v 9 0 51 
v 9 0 52 
v 9 0 53 
v 9 0 54 
v 9 0 55 
v 9 0 56 
v 9 0 57 
v 9 0 58 
v 9 0 59 
v 9 0 60 
v 9 0 61 
v 9 0 62 
v 9 0 63 
v 9 0 64 
v 9 0 65 
v 9 0 66 
v 9 0 67 
v 9 0 68 
v 9 0 69 
v 9 0 70 
v 9 0 71 
v 9 0 72 
v 9 0 73 
v 9 0 74 
v 9 0 75 
v 9 0 76 
v 9 0 77 
v 9 0 78 
v 9 0 79 
v 9 0 80 
v 9 0 81 
v 9 0 82 
v 9 0 83 
v 9 0 84 
v 9 0 85 
v 9 0 86 
v 9 0 87 
v 9 0 88 
v 9 0 89 
v 9 0 90 
v 9 0 91 
v 9 0 92 
v 9 0 93 
v 9 0 94 
v 9 0 95 
v 9 0 96 
v 9 0 97 
v 9 0 98 
v 9 0 99 
v 9 0 100 
v 9 0 101 
v 9 0 102 
v 9 0 103 
v 9 0 104 
v 9 0 105 
v 9 0 106 
v 9 0 107 
v 9 0 108 
v 9 0 109 
v 9 0 110 
v 9 0 111 
v 9 0 112 
v 9 0 113 
v 9 0 114 
v 9 0 115 
v 9 0 116 
v 9 0 117 
v 9 0 118 
v 9 0 119 
v 9 0 120 
v 9 0 121 
v 9 0 122 
v 9 0 123 
v 9 0 124 
v 9 0 125 
v 9 0 126 
v 9 0 127 
v 9 0 128 
v 10 0 0 
v 10 0 1 
v 10 0 2 
v 10 0 3 
v 10 0 4 
v 10 0 5 
v 10 0 6 
v 10 0 7 
v 10 0 8 
v 10 0 9 
v 10 0 10 
v 10 0 11 
v 10 0 12 
v 10 0 13 
v 10 0 14 
v 10 0 15 
v 10 0 16 
v 10 0 17 
v 10 0 18 
v 10 0 19 
v 10 0 20 
v 10 0 21 
v 10 0 22 
v 10 0 23 
v 10 0 24 
v 10 0 25 
v 10 0 26 
v 10 0 27 
v 10 0 28 
v 10 0 29 
v 10 0 30 
v 10 0 31 
v 10 0 32 
v 10 0 33 
v 10 0 34 
v 10 0 35 
v 10 0 36 
v 10 0 37 
v 10 0 38 
v 10 0 39 
v 10 0 40 
v 10 0 41 
v 10 0 42 
v 10 0 43 
v 10 0 44 
v 10 0 45 
v 10 0 46 
v 10 0 47 
v 10 0 48 
v 10 0 49 
v 10 0 50 
v 10 0 51 
v 10 0 52 
v 10 0 53 
v 10 0 54 
v 10 0 55 
v 10 0 56 
v 10 0 57 
v 10 0 58 
v 10 0 59 
v 10 0 60 
v 10 0 61 
v 10 0 62 
v 10 0 63 
v 10 0 64 
v 10 0 65 
v 10 0 66 
v 10 0 67 
v 10 0 68 
v 10 0 69 
v 10 0 70 
v 10 0 71 
v 10 0 72 
v 10 0 73 
v 10 0 74 
v 10 0 75 
v 10 0 76 
v 10 0 77 
v 10 0 78 
v 10 0 79 
v 10 0 80 
v 10 0 81 
v 10 0 82 
v 10 0 83 
v 10 0 84 
v 10 0 85 
v 10 0 86 
v 10 0 87 
v 10 0 88 
v 10 0 89 
v 10 0 90 
v 10 0 91 
v 10 0 92 
v 10 0 93 
v 10 0 94 
v 10 0 95 
v 10 0 96 
v 10 0 97 
v 10 0 98 
v 10 0 99 
v 10 0 100 
v 10 0 101 
v 10 0 102 
v 10 0 103 
v 10 0 104 
v 10 0 105 
v 10 0 106 
v 10 0 107 
v 10 0 108 
v 10 0 109 
v 10 0 110 
v 10 0 111 
v 10 0 112 
v 10 0 113 
v 10 0 114 
v 10 0 115 
v 10 0 116 
v 10 0 117 
v 10 0 118 
v 10 0 119 
v 10 0 120 
v 10 0 121 
v 10 0 122 
v 10 0 123 
v 10 0 124 
v 10 0 125 
v 10 0 126 
v 10 0 127 
v 10 0 128 
v 11 0 0 
v 11 0 1 
v 11 0 2 
v 11 0 3 
v 11 0 4 
v 11 0 5 
v 11 0 6 
v 11 0 7 
v 11 0 8 
v 11 0 9 
v 11 0 10 
v 11 0 11 
v 11 0 12 
v 11 0 13 
v 11 0 14 
v 11 0 15 
v 11 0 16 
v 11 0 17 
v 11 0 18 
v 11 0 19 
v 11 0 20 
v 11 0 21 
v 11 0 22 
v 11 0 23 
v 11 0 24 
v 11 0 25 
v 11 0 26 
v 11 0 27 
v 11 0 28 
v 11 0 29 
v 11 0 30 
v 11 0 31 
v 11 0 32 
v 11 0 33 
v 11 0 34 
v 11 0 35 
v 11 0 36 
v 11 0 37 
v 11 0 38 
v 11 0 39 
v 11 0 40 
v 11 0 41 
v 11 0 42 
v 11 0 43 
v 11 0 44 
v 11 0 45 
v 11 0 46 
v 11 0 47 
v 11 0 48 
v 11 0 49 
v 11 0 50 
v 11 0 51 
v 11 0 52 
v 11 0 53 
v 11 0 54 
v 11 0 55 
v 11 0 56 
v 11 0 57 
v 11 0 58 
v 11 0 59 
v 11 0 60 
v 11 0 61 
v 11 0 62 
v 11 0 63 
v 11 0 64 
v 11 0 65 
v 11 0 66 
v 11 0 67 
v 11 0 68 
v 11 0 69 
v 11 0 70 
v 11 0 71 
v 11 0 72 
v 11 0 73 
v 11 0 74 
v 11 0 75 
v 11 0 76 
v 11 0 77 
v 11 0 78 
v 11 0 79 
v 11 0 80 
v 11 0 81 
v 11 0 82 
v 11 0 83 
v 11 0 84 
v 11 0 85 
v 11 0 86 
v 11 0 87 
v 11 0 88 
v 11 0 89 
v 11 0 90 
v 11 0 91 
v 11 0 92 
v 11 0 93 
v 11 0 94 
v 11 0 95 
v 11 0 96 
v 11 0 97 
v 11 0 98 
v 11 0 99 
v 11 0 100 
v 11 0 101 
v 11 0 102 
v 11 0 103 
v 11 0 104 
v 11 0 105 
v 11 0 106 
v 11 0 107 
v 11 0 108 
v 11 0 109 
v 11 0 110 
v 11 0 111 
v 11 0 112 
v 11 0 113 
v 11 0 114 
v 11 0 115 
v 11 0 116 
v 11 0 117 
v 11 0 118 
v 11 0 119 
v 11 0 120 
v 11 0 121 
v 11 0 122 
v 11 0 123 
v 11 0 124 
v 11 0 125 
v 11 0 126 
v 11 0 127 
v 11 0 128 
v 12 0 0 
v 12 0 1 
v 12 0 2 
v 12 0 3 
v 12 0 4 
v 12 0 5 
v 12 0 6 
v 12 0 7 
v 12 0 8 
v 12 0 9 
v 12 0 10 
v 12 0 11 
v 12 0 12 
v 12 0 13 
v 12 0 14 
v 12 0 15 
v 12 0 16 
v 12 0 17 
v 12 0 18 
v 12 0 19 
v 12 0 20 
v 12 0 21 
v 12 0 22 
v 12 0 23 
v 12 0 24 
v 12 0 25 
v 12 0 26 
v 12 0 27 
v 12 0 28 
v 12 0 29 
v 12 0 30 
v 12 0 31 
v 12 0 32 
v 12 0 33 
v 12 0 34 
v 12 0 35 
v 12 0 36 
v 12 0 37 
v 12 0 38 
v 12 0 39 
v 12 0 40 
v 12 0 41 
v 12 0 42 
v 12 0 43 
v 12 0 44 
v 12 0 45 
v 12 0 46 
v 12 0 47 
v 12 0 48 
v 12 0 49 
v 12 0 50 
v 12 0 51 
v 12 0 52 
v 12 0 53 
v 12 0 54 
v 12 0 55 
v 12 0 56 
v 12 0 57 
v 12 0 58 
v 12 0 59 
v 12 0 60 
v 12 0 61 
v 12 0 62 
v 12 0 63 
v 12 0 64 
v 12 0 65 
v 12 0 66 
v 12 0 67 
v 12 0 68 
v 12 0 69 
v 12 0 70 
v 12 0 71 
v 12 0 72 
v 12 0 73 
v 12 0 74 
v 12 0 75 
v 12 0 76 
v 12 0 77 
v 12 0 78 
v 12 0 79 
v 12 0 80 
v 12 0 81 
v 12 0 82 
v 12 0 83 
v 12 0 84 
v 12 0 85 
v 12 0 86 
v 12 0 87 
v 12 0 88 
v 12 0 89 
v 12 0 90 
v 12 0 91 
v 12 0 92 
v 12 0 93 
v 12 0 94 
v 12 0 95 
v 12 0 96 
v 12 0 97 
v 12 0 98 
v 12 0 99 
v 12 0 100 
v 12 0 101 
v 12 0 102 
v 12 0 103 
v 12 0 104 
v 12 0 105 
v 12 0 106 
v 12 0 107 
v 12 0 108 
v 12 0 109 
v 12 0 110 
v 12 0 111 
v 12 0 112 
v 12 0 113 
v 12 0 114 
v 12 0 115 
v 12 0 116 
v 12 0 117 
v 12 0 118 
v 12 0 119 
v 12 0 120 
v 12 0 121 
v 12 0 122 
v 12 0 123 
v 12 0 124 
v 12 0 125 
v 12 0 126 
v 12 0 127 
v 12 0 128 
v 13 0 0 
v 13 0 1 
v 13 0 2 
v 13 0 3 
v 13 0 4 
v 13 0 5 
v 13 0 6 
v 13 0 7 
v 13 0 8 
v 13 0 9 
v 13 0 10 
v 13 0 11 
v 13 0 12 
v 13 0 13 
v 13 0 14 
v 13 0 15 
v 13 0 16 
v 13 0 17 
v 13 0 18 
v 13 0 19 
v 13 0 20 
v 13 0 21 
v 13 0 22 
v 13 0 23 
v 13 0 24 
v 13 0 25 
v 13 0 26 
v 13 0 27 
v 13 0 28 
v 13 0 29 
v 13 0 30 
v 13 0 31 
v 13 0 32 
v 13 0 33 
v 13 0 34 
v 13 0 35 
v 13 0 36 
v 13 0 37 
v 13 0 38 
v 13 0 39 
v 13 0 40 
v 13 0 41 
v 13 0 42 
v 13 0 43 
v 13 0 44 
v 13 0 45 
v 13 0 46 
v 13 0 47 
v 13 0 48 
v 13 0 49 
v 13 0 50 
v 13 0 51 
v 13 0 52 
v 13 0 53 
v 13 0 54 
v 13 0 55 
v 13 0 56 
v 13 0 57 
v 13 0 58 
v 13 0 59 
v 13 0 60 
v 13 0 61 
v 13 0 62 
v 13 0 63 
v 13 0 64 
v 13 0 65 
v 13 0 66 
v 13 0 67 
v 13 0 68 
v 13 0 69 
v 13 0 70 
v 13 0 71 
v 13 0 72 
v 13 0 73 
v 13 0 74 
v 13 0 75 
v 13 0 76 
v 13 0 77 
v 13 0 78 
v 13 0 79 
v 13 0 80 
v 13 0 81 
v 13 0 82 
v 13 0 83 
v 13 0 84 
v 13 0 85 
v 13 0 86 
v 13 0 87 
v 13 0 88 
v 13 0 89 
v 13 0 90 
v 13 0 91 
v 13 0 92 
v 13 0 93 
v 13 0 94 
v 13 0 95 
v 13 0 96 
v 13 0 97 
v 13 0 98 
v 13 0 99 
v 13 0 100 
v 13 0 101 
v 13 0 102 
v 13 0 103 
v 13 0 104 
v 13 0 105 
v 13 0 106 
v 13 0 107 
v 13 0 108 
v 13 0 109 
v 13 0 110 
v 13 0 111 
v 13 0 112 
v 13 0 113 
v 13 0 114 
v 13 0 115 
v 13 0 116 
v 13 0 117 
v 13 0 118 
v 13 0 119 
v 13 0 120 
v 13 0 121 
v 13 0 122 
v 13 0 123 
v 13 0 124 
v 13 0 125 
v 13 0 126 
v 13 0 127 
v 13 0 128 
v 14 0 0 
v 14 0 1 
v 14 0 2 
v 14 0 3 
v 14 0 4 
v 14 0 5 
v 14 0 6 
v 14 0 7 
v 14 0 8 
v 14 0 9 
v 14 0 10 
v 14 0 11 
v 14 0 12 
v 14 0 13 
v 14 0 14 
v 14 0 15 
v 14 0 16 
v 14 0 17 
v 14 0 18 
v 14 0 19 
v 14 0 20 
v 14 0 21 
v 14 0 22 
v 14 0 23 
v 14 0 24 
v 14 0 25 
v 14 0 26 
v 14 0 27 
v 14 0 28 
v 14 0 29 
v 14 0 30 
v 14 0 31 
v 14 0 32 
v 14 0 33 
v 14 0 34 
v 14 0 35 
v 14 0 36 
v 14 0 37 
v 14 0 38 
v 14 0 39 
v 14 0 40 
v 14 0 41 
v 14 0 42 
v 14 0 43 
v 14 0 44 
v 14 0 45 
v 14 0 46 
v 14 0 47 
v 14 0 48 
v 14 0 49 
v 14 0 50 
v 14 0 51 
v 14 0 52 
v 14 0 53 
v 14 0 54 
v 14 0 55 
v 14 0 56 
v 14 0 57 
v 14 0 58 
v 14 0 59 
v 14 0 60 
v 14 0 61 
v 14 0 62 
v 14 0 63 
v 14 0 64 
v 14 0 65 
v 14 0 66 
v 14 0 67 
v 14 0 68 
v 14 0 69 
v 14 0 70 
v 14 0 71 
v 14 0 72 
v 14 0 73 
v 14 0 74 
v 14 0 75 
v 14 0 76 
v 14 0 77 
v 14 0 78 
v 14 0 79 
v 14 0 80 
v 14 0 81 
v 14 0 82 
v 14 0 83 
v 14 0 84 
v 14 0 85 
v 14 0 86 
v 14 0 87 
v 14 0 88 
v 14 0 89 
v 14 0 90 
v 14 0 91 
v 14 0 92 
v 14 0 93 
v 14 0 94 
v 14 0 95 
v 14 0 96 
v 14 0 97 
v 14 0 98 
v 14 0 99 
v 14 0 100 
v 14 0 101 
v 14 0 102 
v 14 0 103 
v 14 0 104 
v 14 0 105 
v 14 0 106 
v 14 0 107 
v 14 0 108 
v 14 0 109 
v 14 0 110 
v 14 0 111 
v 14 0 112 
v 14 0 113 
v 14 0 114 
v 14 0 115 
v 14 0 116 
v 14 0 117 
v 14 0 118 
v 14 0 119 
v 14 0 120 
v 14 0 121 
v 14 0 122 
v 14 0 123 
v 14 0 124 
v 14 0 125 
v 14 0 126 
v 14 0 127 
v 14 0 128 
v 15 0 0 
v 15 0 1 
v 15 0 2 
v 15 0 3 
v 15 0 4 
v 15 0 5 
v 15 0 6 
v 15 0 7 
v 15 0 8 
v 15 0 9 
v 15 0 10 
v 15 0 11 
v 15 0 12 
v 15 0 13 
v 15 0 14 
v 15 0 15 
v 15 0 16 
v 15 0 17 
v 15 0 18 
v 15 0 19 
v 15 0 20 
v 15 0 21 
v 15 0 22 
v 15 0 23 
v 15 0 24 
v 15 0 25 
v 15 0 26 
v 15 0 27 
v 15 0 28 
v 15 0 29 
v 15 0 30 
v 15 0 31 
v 15 0 32 
v 15 0 33 
v 15 0 34 
v 15 0 35 
v 15 0 36 
v 15 0 37 
v 15 0 38 
v 15 0 39 
v 15 0 40 
v 15 0 41 
v 15 0 42 
v 15 0 43 
v 15 0 44 
v 15 0 45 
v 15 0 46 
v 15 0 47 
v 15 0 48 
v 15 0 49 
v 15 0 50 
v 15 0 51 
v 15 0 52 
v 15 0 53 
v 15 0 54 
v 15 0 55 
v 15 0 56 
v 15 0 57 
v 15 0 58 
v 15 0 59 
v 15 0 60 
v 15 0 61 
v 15 0 62 
v 15 0 63 
v 15 0 64 
v 15 0 65 
v 15 0 66 
v 15 0 67 
v 15 0 68 
v 15 0 69 
v 15 0 70 
v 15 0 71 
v 15 0 72 
v 15 0 73 
v 15 0 74 
v 15 0 75 
v 15 0 76 
v 15 0 77 
v 15 0 78 
v 15 0 79 
v 15 0 80 
v 15 0 81 
v 15 0 82 
v 15 0 83 
v 15 0 84 
v 15 0 85 
v 15 0 86 
v 15 0 87 
v 15 0 88 
v 15 0 89 
v 15 0 90 
v 15 0 91 
v 15 0 92 
v 15 0 93 
v 15 0 94 
v 15 0 95 
v 15 0 96 
v 15 0 97 
v 15 0 98 
v 15 0 99 
v 15 0 100 
v 15 0 101 
v 15 0 102 
v 15 0 103 
v 15 0 104 
v 15 0 105 
v 15 0 106 
v 15 0 107 
v 15 0 108 
v 15 0 109 
v 15 0 110 
v 15 0 111 
v 15 0 112 
v 15 0 113 
v 15 0 114 
v 15 0 115 
v 15 0 116 
v 15 0 117 
v 15 0 118 
v 15 0 119 
v 15 0 120 
v 15 0 121 
v 15 0 122 
v 15 0 123 
v 15 0 124 
v 15 0 125 
v 15 0 126 
v 15 0 127 
v 15 0 128 
v 16 0 0 
v 16 0 1 
v 16 0 2 
v 16 0 3 
v 16 0 4 
v 16 0 5 
v 16 0 6 
v 16 0 7 
v 16 0 8 
v 16 0 9 
v 16 0 10 
v 16 0 11 
v 16 0 12 
v 16 0 13 
v 16 0 14 
v 16 0 15 
v 16 0 16 
v 16 0 17 
v 16 0 18 
v 16 0 19 
v 16 0 20 
v 16 0 21 
v 16 0 22 
v 16 0 23 
v 16 0 24 
v 16 0 25 
v 16 0 26 
v 16 0 27 
v 16 0 28 
v 16 0 29 
v 16 0 30 
v 16 0 31 
v 16 0 32 
v 16 0 33 
v 16 0 34 
v 16 0 35 
v 16 0 36 
v 16 0 37 
v 16 0 38 
v 16 0 39 
v 16 0 40 
v 16 0 41 
v 16 0 42 
v 16 0 43 
v 16 0 44 
v 16 0 45 
v 16 0 46 
v 16 0 47 
v 16 0 48 
v 16 0 49 
v 16 0 50 
v 16 0 51 
v 16 0 52 
v 16 0 53 
v 16 0 54 
v 16 0 55 
v 16 0 56 
v 16 0 57 
v 16 0 58 
v 16 0 59 
v 16 0 60 
v 16 0 61 
v 16 0 62 
v 16 0 63 
v 16 0 64 
v 16 0 65 
v 16 0 66 
v 16 0 67 
v 16 0 68 
v 16 0 69 
v 16 0 70 
v 16 0 71 
v 16 0 72 
v 16 0 73 
v 16 0 74 
v 16 0 75 
v 16 0 76 
v 16 0 77 
v 16 0 78 
v 16 0 79 
v 16 0 80 
v 16 0 81 
v 16 0 82 
v 16 0 83 
v 16 0 84 
v 16 0 85 
v 16 0 86 
v 16 0 87 
v 16 0 88 
v 16 0 89 
v 16 0 90 
v 16 0 91 
v 16 0 92 
v 16 0 93 
v 16 0 94 
v 16 0 95 
v 16 0 96 
v 16 0 97 
v 16 0 98 
v 16 0 99 
v 16 0 100 
v 16 0 101 
v 16 0 102 
v 16 0 103 
v 16 0 104 
v 16 0 105 
v 16 0 106 
v 16 0 107 
v 16 0 108 
v 16 0 109 
v 16 0 110 
v 16 0 111 
v 16 0 112 
v 16 0 113 
v 16 0 114 
v 16 0 115 
v 16 0 116 
v 16 0 117 
v 16 0 118 
v 16 0 119 
v 16 0 120 
v 16 0 121 
v 16 0 122 
v 16 0 123 
v 16 0 124 
v 16 0 125 
v 16 0 126 
v 16 0 127 
v 16 0 128 
v 17 0 0 
v 17 0 1 
v 17 0 2 
v 17 0 3 
v 17 0 4 
v 17 0 5 
v 17 0 6 
v 17 0 7 
v 17 0 8 
v 17 0 9 
v 17 0 10 
v 17 0 11 
v 17 0 12 
v 17 0 13 
v 17 0 14 
v 17 0 15 
v 17 0 16 
v 17 0 17 
v 17 0 18 
v 17 0 19 
v 17 0 20 
v 17 0 21 
v 17 0 22 
v 17 0 23 
v 17 0 24 
v 17 0 25 
v 17 0 26 
v 17 0 27 
v 17 0 28 
v 17 0 29 
v 17 0 30 
v 17 0 31 
v 17 0 32 
v 17 0 33 
v 17 0 34 
v 17 0 35 
v 17 0 36 
v 17 0 37 
v 17 0 38 
v 17 0 39 
v 17 0 40 
v 17 0 41 
v 17 0 42 
v 17 0 43 
v 17 0 44 
v 17 0 45 
v 17 0 46 
v 17 0 47 
v 17 0 48 
v 17 0 49 
v 17 0 50 
v 17 0 51 
v 17 0 52 
v 17 0 53 
v 17 0 54 
v 17 0 55 
v 17 0 56 
v 17 0 57 
v 17 0 58 
v 17 0 59 
v 17 0 60 
v 17 0 61 
v 17 0 62 
v 17 0 63 
v 17 0 64 
v 17 0 65 
v 17 0 66 
v 17 0 67 
v 17 0 68 
v 17 0 69 
v 17 0 70 
v 17 0 71 
v 17 0 72 
v 17 0 73 
v 17 0 74 
v 17 0 75 
v 17 0 76 
v 17 0 77 
v 17 0 78 
v 17 0 79 
v 17 0 80 
v 17 0 81 
v 17 0 82 
v 17 0 83 
v 17 0 84 
v 17 0 85 
v 17 0 86 
v 17 0 87 
v 17 0 88 
v 17 0 89 
v 17 0 90 
v 17 0 91 
v 17 0 92 
v 17 0 93 
v 17 0 94 
v 17 0 95 
v 17 0 96 
v 17 0 97 
v 17 0 98 
v 17 0 99 
v 17 0 100 
v 17 0 101 
v 17 0 102 
v 17 0 103 
v 17 0 104 
v 17 0 105 
v 17 0 106 
v 17 0 107 
v 17 0 108 
v 17 0 109 
v 17 0 110 
v 17 0 111 
v 17 0 112 
v 17 0 113 
v 17 0 114 
v 17 0 115 
v 17 0 116 
v 17 0 117 
v 17 0 118 
v 17 0 119 
v 17 0 120 
v 17 0 121 
v 17 0 122 
v 17 0 123 
v 17 0 124 
v 17 0 125 
v 17 0 126 
v 17 0 127 
v 17 0 128 
v 18 0 0 
v 18 0 1 
v 18 0 2 
v 18 0 3 
v 18 0 4 
v 18 0 5 
v 18 0 6 
v 18 0 7 
v 18 0 8 
v 18 0 9 
v 18 0 10 
v 18 0 11 
v 18 0 12 
v 18 0 13 
v 18 0 14 
v 18 0 15 
v 18 0 16 
v 18 0 17 
v 18 0 18 
v 18 0 19 
v 18 0 20 
v 18 0 21 
v 18 0 22 
v 18 0 23 
v 18 0 24 
v 18 0 25 
v 18 0 26 
v 18 0 27 
v 18 0 28 
v 18 0 29 
v 18 0 30 
v 18 0 31 
v 18 0 32 
v 18 0 33 
v 18 0 34 
v 18 0 35 
v 18 0 36 
v 18 0 37 
v 18 0 38 
v 18 0 39 
v 18 0 40 
v 18 0 41 
v 18 0 42 
v 18 0 43 
v 18 0 44 
v 18 0 45 
v 18 0 46 
v 18 0 47 
v 18 0 48 
v 18 0 49 
v 18 0 50 
v 18 0 51 
v 18 0 52 
v 18 0 53 
v 18 0 54 
v 18 0 55 
v 18 0 56 
v 18 0 57 
v 18 0 58 
v 18 0 59 
v 18 0 60 
v 18 0 61 
v 18 0 62 
v 18 0 63 
v 18 0 64 
v 18 0 65 
v 18 0 66 
v 18 0 67 
v 18 0 68 
v 18 0 69 
v 18 0 70 
v 18 0 71 
v 18 0 72 
v 18 0 73 
v 18 0 74 
v 18 0 75 
v 18 0 76 
v 18 0 77 
v 18 0 78 
v 18 0 79 
v 18 0 80 
v 18 0 81 
v 18 0 82 
v 18 0 83 
v 18 0 84 
v 18 0 85 
v 18 0 86 
v 18 0 87 
v 18 0 88 
v 18 0 89 
v 18 0 90 
v 18 0 91 
v 18 0 92 
v 18 0 93 
v 18 0 94 
v 18 0 95 
v 18 0 96 
v 18 0 97 
v 18 0 98 
v 18 0 99 
v 18 0 100 
v 18 0 101 
v 18 0 102 
v 18 0 103 
v 18 0 104 
v 18 0 105 
v 18 0 106 
v 18 0 107 
v 18 0 108 
v 18 0 109 
v 18 0 110 
v 18 0 111 
v 18 0 112 
v 18 0 113 
v 18 0 114 
v 18 0 115 
v 18 0 116 
v 18 0 117 
v 18 0 118 
v 18 0 119 
v 18 0 120 
v 18 0 121 
v 18 0 122 
v 18 0 123 
v 18 0 124 
v 18 0 125 
v 18 0 126 
v 18 0 127 
v 18 0 128 
v 19 0 0 
v 19 0 1 
v 19 0 2 
v 19 0 3 
v 19 0 4 
v 19 0 5 
v 19 0 6 
v 19 0 7 
v 19 0 8 
v 19 0 9 
v 19 0 10 
v 19 0 11 
v 19 0 12 
v 19 0 13 
v 19 0 14 
v 19 0 15 
v 19 0 16 
v 19 0 17 
v 19 0 18 
v 19 0 19 
v 19 0 20 
v 19 0 21 
v 19 0 22 
v 19 0 23 
v 19 0 24 
v 19 0 25 
v 19 0 26 
v 19 0 27 
v 19 0 28 
v 19 0 29 
v 19 0 30 
v 19 0 31 
v 19 0 32 
v 19 0 33 
v 19 0 34 
v 19 0 35 
v 19 0 36 
v 19 0 37 
v 19 0 38 
v 19 0 39 
v 19 0 40 
v 19 0 41 
v 19 0 42 
v 19 0 43 
v 19 0 44 
v 19 0 45 
v 19 0 46 
v 19 0 47 
v 19 0 48 
v 19 0 49 
v 19 0 50 
v 19 0 51 
v 19 0 52 
v 19 0 53 
v 19 0 54 
v 19 0 55 
v 19 0 56 
v 19 0 57 
v 19 0 58 
v 19 0 59 
v 19 0 60 
v 19 0 61 
v 19 0 62 
v 19 0 63 
v 19 0 64 
v 19 0 65 
v 19 0 66 
v 19 0 67 
v 19 0 68 
v 19 0 69 
v 19 0 70 
v 19 0 71 
v 19 0 72 
v 19 0 73 
v 19 0 74 
v 19 0 75 
v 19 0 76 
v 19 0 77 
v 19 0 78 
v 19 0 79 
v 19 0 80 
v 19 0 81 
v 19 0 82 
v 19 0 83 
v 19 0 84 
v 19 0 85 
v 19 0 86 
v 19 0 87 
v 19 0 88 
v 19 0 89 
v 19 0 90 
v 19 0 91 
v 19 0 92 
v 19 0 93 
v 19 0 94 
v 19 0 95 
v 19 0 96 
v 19 0 97 
v 19 0 98 
v 19 0 99 
v 19 0 100 
v 19 0 101 
v 19 0 102 
v 19 0 103 
v 19 0 104 
v 19 0 105 
v 19 0 106 
v 19 0 107 
v 19 0 108 
v 19 0 109 
v 19 0 110 
v 19 0 111 
v 19 0 112 
v 19 0 113 
v 19 0 114 
v 19 0 115 
v 19 0 116 
v 19 0 117 
v 19 0 118 
v 19 0 119 
v 19 0 120 
v 19 0 121 
v 19 0 122 
v 19 0 123 
v 19 0 124 
v 19 0 125 
v 19 0 126 
v 19 0 127 
v 19 0 128 
v 20 0 0 
v 20 0 1 
v 20 0 2 
v 20 0 3 
v 20 0 4 
v 20 0 5 
v 20 0 6 
v 20 0 7 
v 20 0 8 
v 20 0 9 
v 20 0 10 
v 20 0 11 
v 20 0 12 
v 20 0 13 
v 20 0 14 
v 20 0 15 
v 20 0 16 
v 20 0 17 
v 20 0 18 
v 20 0 19 
v 20 0 20 
v 20 0 21 
v 20 0 22 
v 20 0 23 
v 20 0 24 
v 20 0 25 
v 20 0 26 
v 20 0 27 
v 20 0 28 
v 20 0 29 
v 20 0 30 
v 20 0 31 
v 20 0 32 
v 20 0 33 
v 20 0 34 
v 20 0 35 
v 20 0 36 
v 20 0 37 
v 20 0 38 
v 20 0 39 
v 20 0 40 
v 20 0 41 
v 20 0 42 
v 20 0 43 
v 20 0 44 
v 20 0 45 
v 20 0 46 
v 20 0 47 
v 20 0 48 
v 20 0 49 
v 20 0 50 
v 20 0 51 
v 20 0 52 
v 20 0 53 
v 20 0 54 
v 20 0 55 
v 20 0 56 
v 20 0 57 
v 20 0 58 
v 20 0 59 
v 20 0 60 
v 20 0 61 
v 20 0 62 
v 20 0 63 
v 20 0 64 
v 20 0 65 
v 20 0 66 
v 20 0 67 
v 20 0 68 
v 20 0 69 
v 20 0 70 
v 20 0 71 
v 20 0 72 
v 20 0 73 
v 20 0 74 
v 20 0 75 
v 20 0 76 
v 20 0 77 
v 20 0 78 
v 20 0 79 
v 20 0 80 
v 20 0 81 
v 20 0 82 
v 20 0 83 
v 20 0 84 
v 20 0 85 
v 20 0 86 
v 20 0 87 
v 20 0 88 
v 20 0 89 
v 20 0 90 
v 20 0 91 
v 20 0 92 
v 20 0 93 
v 20 0 94 
v 20 0 95 
v 20 0 96 
v 20 0 97 
v 20 0 98 
v 20 0 99 
v 20 0 100 
v 20 0 101 
v 20 0 102 
v 20 0 103 
v 20 0 104 
v 20 0 105 
v 20 0 106 
v 20 0 107 
v 20 0 108 
v 20 0 109 
v 20 0 110 
v 20 0 111 
v 20 0 112 
v 20 0 113 
v 20 0 114 
v 20 0 115 
v 20 0 116 
v 20 0 117 
v 20 0 118 
v 20 0 119 
v 20 0 120 
v 20 0 121 
v 20 0 122 
v 20 0 123 
v 20 0 124 
v 20 0 125 
v 20 0 126 
v 20 0 127 
v 20 0 128 
v 21 0 0 
v 21 0 1 
v 21 0 2 
v 21 0 3 
v 21 0 4 
v 21 0 5 
v 21 0 6 
v 21 0 7 
v 21 0 8 
v 21 0 9 
v 21 0 10 
v 21 0 11 
v 21 0 12 
v 21 0 13 
v 21 0 14 
v 21 0 15 
v 21 0 16 
v 21 0 17 
v 21 0 18 
v 21 0 19 
v 21 0 20 
v 21 0 21 
v 21 0 22 
v 21 0 23 
v 21 0 24 
v 21 0 25 
v 21 0 26 
v 21 0 27 
v 21 0 28 
v 21 0 29 
v 21 0 30 
v 21 0 31 
v 21 0 32 
v 21 0 33 
v 21 0 34 
v 21 0 35 
v 21 0 36 
v 21 0 37 
v 21 0 38 
v 21 0 39 
v 21 0 40 
v 21 0 41 
v 21 0 42 
v 21 0 43 
v 21 0 44 
v 21 0 45 
v 21 0 46 
v 21 0 47 
v 21 0 48 
v 21 0 49 
v 21 0 50 
v 21 0 51 
v 21 0 52 
v 21 0 53 
v 21 0 54 
v 21 0 55 
v 21 0 56 
v 21 0 57 
v 21 0 58 
v 21 0 59 
v 21 0 60 
v 21 0 61 
v 21 0 62 
v 21 0 63 
v 21 0 64 
v 21 0 65 
v 21 0 66 
v 21 0 67 
v 21 0 68 
v 21 0 69 
v 21 0 70 
v 21 0 71 
v 21 0 72 
v 21 0 73 
v 21 0 74 
v 21 0 75 
v 21 0 76 
v 21 0 77 
v 21 0 78 
v 21 0 79 
v 21 0 80 
v 21 0 81 
v 21 0 82 
v 21 0 83 
v 21 0 84 
v 21 0 85 
v 21 0 86 
v 21 0 87 
v 21 0 88 
v 21 0 89 
v 21 0 90 
v 21 0 91 
v 21 0 92 
v 21 0 93 
v 21 0 94 
v 21 0 95 
v 21 0 96 
v 21 0 97 
v 21 0 98 
v 21 0 99 
v 21 0 100 
v 21 0 101 
v 21 0 102 
v 21 0 103 
v 21 0 104 
v 21 0 105 
v 21 0 106 
v 21 0 107 
v 21 0 108 
v 21 0 109 
v 21 0 110 
v 21 0 111 
v 21 0 112 
v 21 0 113 
v 21 0 114 
v 21 0 115 
v 21 0 116 
v 21 0 117 
v 21 0 118 
v 21 0 119 
v 21 0 120 
v 21 0 121 
v 21 0 122 
v 21 0 123 
v 21 0 124 
v 21 0 125 
v 21 0 126 
v 21 0 127 
v 21 0 128 
v 22 0 0 
v 22 0 1 
v 22 0 2 
v 22 0 3 
v 22 0 4 
v 22 0 5 
v 22 0 6 
v 22 0 7 
v 22 0 8 
v 22 0 9 
v 22 0 10 
v 22 0 11 
v 22 0 12 
v 22 0 13 
v 22 0 14 
v 22 0 15 
v 22 0 16 
v 22 0 17 
v 22 0 18 
v 22 0 19 
v 22 0 20 
v 22 0 21 
v 22 0 22 
v 22 0 23 
v 22 0 24 
v 22 0 25 
v 22 0 26 
v 22 0 27 
v 22 0 28 
v 22 0 29 
v 22 0 30 
v 22 0 31 
v 22 0 32 
v 22 0 33 
v 22 0 34 
v 22 0 35 
v 22 0 36 
v 22 0 37 
v 22 0 38 
v 22 0 39 
v 22 0 40 
v 22 0 41 
v 22 0 42 
v 22 0 43 
v 22 0 44 
v 22 0 45 
v 22 0 46 
v 22 0 47 
v 22 0 48 
v 22 0 49 
v 22 0 50 
v 22 0 51 
v 22 0 52 
v 22 0 53 
v 22 0 54 
v 22 0 55 
v 22 0 56 
v 22 0 57 
v 22 0 58 
v 22 0 59 
v 22 0 60 
v 22 0 61 
v 22 0 62 
v 22 0 63 
v 22 0 64 
v 22 0 65 
v 22 0 66 
v 22 0 67 
v 22 0 68 
v 22 0 69 
v 22 0 70 
v 22 0 71 
v 22 0 72 
v 22 0 73 
v 22 0 74 
v 22 0 75 
v 22 0 76 
v 22 0 77 
v 22 0 78 
v 22 0 79 
v 22 0 80 
v 22 0 81 
v 22 0 82 
v 22 0 83 
v 22 0 84 
v 22 0 85 
v 22 0 86 
v 22 0 87 
v 22 0 88 
v 22 0 89 
v 22 0 90 
v 22 0 91 
v 22 0 92 
v 22 0 93 
v 22 0 94 
v 22 0 95 
v 22 0 96 
v 22 0 97 
v 22 0 98 
v 22 0 99 
v 22 0 100 
v 22 0 101 
v 22 0 102 
v 22 0 103 
v 22 0 104 
v 22 0 105 
v 22 0 106 
v 22 0 107 
v 22 0 108 
v 22 0 109 
v 22 0 110 
v 22 0 111 
v 22 0 112 
v 22 0 113 
v 22 0 114 
v 22 0 115 
v 22 0 116 
v 22 0 117 
v 22 0 118 
v 22 0 119 
v 22 0 120 
v 22 0 121 
v 22 0 122 
v 22 0 123 
v 22 0 124 
v 22 0 125 
v 22 0 126 
v 22 0 127 
v 22 0 128 
v 23 0 0 
v 23 0 1 
v 23 0 2 
v 23 0 3 
v 23 0 4 
v 23 0 5 
v 23 0 6 
v 23 0 7 
v 23 0 8 
v 23 0 9 
v 23 0 10 
v 23 0 11 
v 23 0 12 
v 23 0 13 
v 23 0 14 
v 23 0 15 
v 23 0 16 
v 23 0 17 
v 23 0 18 
v 23 0 19 
v 23 0 20 
v 23 0 21 
v 23 0 22 
v 23 0 23 
v 23 0 24 
v 23 0 25 
v 23 0 26 
v 23 0 27 
v 23 0 28 
v 23 0 29 
v 23 0 30 
v 23 0 31 
v 23 0 32 
v 23 0 33 
v 23 0 34 
v 23 0 35 
v 23 0 36 
v 23 0 37 
v 23 0 38 
v 23 0 39 
v 23 0 40 
v 23 0 41 
v 23 0 42 
v 23 0 43 
v 23 0 44 
v 23 0 45 
v 23 0 46 
v 23 0 47 
v 23 0 48 
v 23 0 49 
v 23 0 50 
v 23 0 51 
v 23 0 52 
v 23 0 53 
v 23 0 54 
v 23 0 55 
v 23 0 56 
v 23 0 57 
v 23 0 58 
v 23 0 59 
v 23 0 60 
v 23 0 61 
v 23 0 62 
v 23 0 63 
v 23 0 64 
v 23 0 65 
v 23 0 66 
v 23 0 67 
v 23 0 68 
v 23 0 69 
v 23 0 70 
v 23 0 71 
v 23 0 72 
v 23 0 73 
v 23 0 74 
v 23 0 75 
v 23 0 76 
v 23 0 77 
v 23 0 78 
v 23 0 79 
v 23 0 80 
v 23 0 81 
v 23 0 82 
v 23 0 83 
v 23 0 84 
v 23 0 85 
v 23 0 86 
v 23 0 87 
v 23 0 88 
v 23 0 89 
v 23 0 90 
v 23 0 91 
v 23 0 92 
v 23 0 93 
v 23 0 94 
v 23 0 95 
v 23 0 96 
v 23 0 97 
v 23 0 98 
v 23 0 99 
v 23 0 100 
v 23 0 101 
v 23 0 102 
v 23 0 103 
v 23 0 104 
v 23 0 105 
v 23 0 106 
v 23 0 107 
v 23 0 108 
v 23 0 109 
v 23 0 110 
v 23 0 111 
v 23 0 112 
v 23 0 113 
v 23 0 114 
v 23 0 115 
v 23 0 116 
v 23 0 117 
v 23 0 118 
v 23 0 119 
v 23 0 120 
v 23 0 121 
v 23 0 122 
v 23 0 123 
v 23 0 124 
v 23 0 125 
v 23 0 126 
v 23 0 127 
v 23 0 128 
v 24 0 0 
v 24 0 1 
v 24 0 2 
v 24 0 3 
v 24 0 4 
v 24 0 5 
v 24 0 6 
v 24 0 7 
v 24 0 8 
v 24 0 9 
v 24 0 10 
v 24 0 11 
v 24 0 12 
v 24 0 13 
v 24 0 14 
v 24 0 15 
v 24 0 16 
v 24 0 17 
v 24 0 18 
v 24 0 19 
v 24 0 20 
v 24 0 21 
v 24 0 22 
v 24 0 23 
v 24 0 24 
v 24 0 25 
v 24 0 26 
v 24 0 27 
v 24 0 28 
v 24 0 29 
v 24 0 30 
v 24 0 31 
v 24 0 32 
v 24 0 33 
v 24 0 34 
v 24 0 35 
v 24 0 36 
v 24 0 37 
v 24 0 38 
v 24 0 39 
v 24 0 40 
v 24 0 41 
v 24 0 42 
v 24 0 43 
v 24 0 44 
v 24 0 45 
v 24 0 46 
v 24 0 47 
v 24 0 48 
v 24 0 49 
v 24 0 50 
v 24 0 51 
v 24 0 52 
v 24 0 53 
v 24 0 54 
v 24 0 55 
v 24 0 56 
v 24 0 57 
v 24 0 58 
v 24 0 59 
v 24 0 60 
v 24 0 61 
v 24 0 62 
v 24 0 63 
v 24 0 64 
v 24 0 65 
v 24 0 66 
v 24 0 67 
v 24 0 68 
v 24 0 69 
v 24 0 70 
v 24 0 71 
v 24 0 72 
v 24 0 73 
v 24 0 74 
v 24 0 75 
v 24 0 76 
v 24 0 77 
v 24 0 78 
v 24 0 79 
v 24 0 80 
v 24 0 81 
v 24 0 82 
v 24 0 83 
v 24 0 84 
v 24 0 85 
v 24 0 86 
v 24 0 87 
v 24 0 88 
v 24 0 89 
v 24 0 90 
v 24 0 91 
v 24 0 92 
v 24 0 93 
v 24 0 94 
v 24 0 95 
v 24 0 96 
v 24 0 97 
v 24 0 98 
v 24 0 99 
v 24 0 100 
v 24 0 101 
v 24 0 102 
v 24 0 103 
v 24 0 104 
v 24 0 105 
v 24 0 106 
v 24 0 107 
v 24 0 108 
v 24 0 109 
v 24 0 110 
v 24 0 111 
v 24 0 112 
v 24 0 113 
v 24 0 114 
v 24 0 115 
v 24 0 116 
v 24 0 117 
v 24 0 118 
v 24 0 119 
v 24 0 120 
v 24 0 121 
v 24 0 122 
v 24 0 123 
v 24 0 124 
v 24 0 125 
v 24 0 126 
v 24 0 127 
v 24 0 128 
v 25 0 0 
v 25 0 1 
v 25 0 2 
v 25 0 3 
v 25 0 4 
v 25 0 5 
v 25 0 6 
v 25 0 7 
v 25 0 8 
v 25 0 9 
v 25 0 10 
v 25 0 11 
v 25 0 12 
v 25 0 13 
v 25 0 14 
v 25 0 15 
v 25 0 16 
v 25 0 17 
v 25 0 18 
v 25 0 19 
v 25 0 20 
v 25 0 21 
v 25 0 22 
v 25 0 23 
v 25 0 24 
v 25 0 25 
v 25 0 26 
v 25 0 27 
v 25 0 28 
v 25 0 29 
v 25 0 30 
v 25 0 31 
v 25 0 32 
v 25 0 33 
v 25 0 34 
v 25 0 35 
v 25 0 36 
v 25 0 37 
v 25 0 38 
v 25 0 39 
v 25 0 40 
v 25 0 41 
v 25 0 42 
v 25 0 43 
v 25 0 44 
v 25 0 45 
v 25 0 46 
v 25 0 47 
v 25 0 48 
v 25 0 49 
v 25 0 50 
v 25 0 51 
v 25 0 52 
v 25 0 53 
v 25 0 54 
v 25 0 55 
v 25 0 56 
v 25 0 57 
v 25 0 58 
v 25 0 59 
v 25 0 60 
v 25 0 61 
v 25 0 62 
v 25 0 63 
v 25 0 64 
v 25 0 65 
v 25 0 66 
v 25 0 67 
v 25 0 68 
v 25 0 69 
v 25 0 70 
v 25 0 71 
v 25 0 72 
v 25 0 73 
v 25 0 74 
v 25 0 75 
v 25 0 76 
v 25 0 77 
v 25 0 78 
v 25 0 79 
v 25 0 80 
v 25 0 81 
v 25 0 82 
v 25 0 83 
v 25 0 84 
v 25 0 85 
v 25 0 86 
v 25 0 87 
v 25 0 88 
v 25 0 89 
v 25 0 90 
v 25 0 91 
v 25 0 92 
v 25 0 93 
v 25 0 94 
v 25 0 95 
v 25 0 96 
v 25 0 97 
v 25 0 98 
v 25 0 99 
v 25 0 100 
v 25 0 101 
v 25 0 102 
v 25 0 103 
v 25 0 104 
v 25 0 105 
v 25 0 106 
v 25 0 107 
v 25 0 108 
v 25 0 109 
v 25 0 110 
v 25 0 111 
v 25 0 112 
v 25 0 113 
v 25 0 114 
v 25 0 115 
v 25 0 116 
v 25 0 117 
v 25 0 118 
v 25 0 119 
v 25 0 120 
v 25 0 121 
v 25 0 122 
v 25 0 123 
v 25 0 124 
v 25 0 125 
v 25 0 126 
v 25 0 127 
v 25 0 128 
v 26 0 0 
v 26 0 1 
v 26 0 2 
v 26 0 3 
v 26 0 4 
v 26 0 5 
v 26 0 6 
v 26 0 7 
v 26 0 8 
v 26 0 9 
v 26 0 10 
v 26 0 11 
v 26 0 12 
v 26 0 13 
v 26 0 14 
v 26 0 15 
v 26 0 16 
v 26 0 17 
v 26 0 18 
v 26 0 19 
v 26 0 20 
v 26 0 21 
v 26 0 22 
v 26 0 23 
v 26 0 24 
v 26 0 25 
v 26 0 26 
v 26 0 27 
v 26 0 28 
v 26 0 29 
v 26 0 30 
v 26 0 31 
v 26 0 32 
v 26 0 33 
v 26 0 34 
v 26 0 35 
v 26 0 36 
v 26 0 37 
v 26 0 38 
v 26 0 39 
v 26 0 40 
v 26 0 41 
v 26 0 42 
v 26 0 43 
v 26 0 44 
v 26 0 45 
v 26 0 46 
v 26 0 47 
v 26 0 48 
v 26 0 49 
v 26 0 50 
v 26 0 51 
v 26 0 52 
v 26 0 53 
v 26 0 54 
v 26 0 55 
v 26 0 56 
v 26 0 57 
v 26 0 58 
v 26 0 59 
v 26 0 60 
v 26 0 61 
v 26 0 62 
v 26 0 63 
v 26 0 64 
v 26 0 65 
v 26 0 66 
v 26 0 67 
v 26 0 68 
v 26 0 69 
v 26 0 70 
v 26 0 71 
v 26 0 72 
v 26 0 73 
v 26 0 74 
v 26 0 75 
v 26 0 76 
v 26 0 77 
v 26 0 78 
v 26 0 79 
v 26 0 80 
v 26 0 81 
v 26 0 82 
v 26 0 83 
v 26 0 84 
v 26 0 85 
v 26 0 86 
v 26 0 87 
v 26 0 88 
v 26 0 89 
v 26 0 90 
v 26 0 91 
v 26 0 92 
v 26 0 93 
v 26 0 94 
v 26 0 95 
v 26 0 96 
v 26 0 97 
v 26 0 98 
v 26 0 99 
v 26 0 100 
v 26 0 101 
v 26 0 102 
v 26 0 103 
v 26 0 104 
v 26 0 105 
v 26 0 106 
v 26 0 107 
v 26 0 108 
v 26 0 109 
v 26 0 110 
v 26 0 111 
v 26 0 112 
v 26 0 113 
v 26 0 114 
v 26 0 115 
v 26 0 116 
v 26 0 117 
v 26 0 118 
v 26 0 119 
v 26 0 120 
v 26 0 121 
v 26 0 122 
v 26 0 123 
v 26 0 124 
v 26 0 125 
v 26 0 126 
v 26 0 127 
v 26 0 128 
v 27 0 0 
v 27 0 1 
v 27 0 2 
v 27 0 3 
v 27 0 4 
v 27 0 5 
v 27 0 6 
v 27 0 7 
v 27 0 8 
v 27 0 9 
v 27 0 10 
v 27 0 11 
v 27 0 12 
v 27 0 13 
v 27 0 14 
v 27 0 15 
v 27 0 16 
v 27 0 17 
v 27 0 18 
v 27 0 19 
v 27 0 20 
v 27 0 21 
v 27 0 22 
v 27 0 23 
v 27 0 24 
v 27 0 25 
v 27 0 26 
v 27 0 27 
v 27 0 28 
v 27 0 29 
v 27 0 30 
v 27 0 31 
v 27 0 32 
v 27 0 33 
v 27 0 34 
v 27 0 35 
v 27 0 36 
v 27 0 37 
v 27 0 38 
v 27 0 39 
v 27 0 40 
v 27 0 41 
v 27 0 42 
v 27 0 43 
v 27 0 44 
v 27 0 45 
v 27 0 46 
v 27 0 47 
v 27 0 48 
v 27 0 49 
v 27 0 50 
v 27 0 51 
v 27 0 52 
v 27 0 53 
v 27 0 54 
v 27 0 55 
v 27 0 56 
v 27 0 57 
v 27 0 58 
v 27 0 59 
v 27 0 60 
v 27 0 61 
v 27 0 62 
v 27 0 63 
v 27 0 64 
v 27 0 65 
v 27 0 66 
v 27 0 67 
v 27 0 68 
v 27 0 69 
v 27 0 70 
v 27 0 71 
v 27 0 72 
v 27 0 73 
v 27 0 74 
v 27 0 75 
v 27 0 76 
v 27 0 77 
v 27 0 78 
v 27 0 79 
v 27 0 80 
v 27 0 81 
v 27 0 82 
v 27 0 83 
v 27 0 84 
v 27 0 85 
v 27 0 86 
v 27 0 87 
v 27 0 88 
v 27 0 89 
v 27 0 90 
v 27 0 91 
v 27 0 92 
v 27 0 93 
v 27 0 94 
v 27 0 95 
v 27 0 96 
v 27 0 97 
v 27 0 98 
v 27 0 99 
v 27 0 100 
v 27 0 101 
v 27 0 102 
v 27 0 103 
v 27 0 104 
v 27 0 105 
v 27 0 106 
v 27 0 107 
v 27 0 108 
v 27 0 109 
v 27 0 110 
v 27 0 111 
v 27 0 112 
v 27 0 113 
v 27 0 114 
v 27 0 115 
v 27 0 116 
v 27 0 117 
v 27 0 118 
v 27 0 119 
v 27 0 120 
v 27 0 121 
v 27 0 122 
v 27 0 123 
v 27 0 124 
v 27 0 125 
v 27 0 126 
v 27 0 127 
v 27 0 128 
v 28 0 0 
v 28 0 1 
v 28 0 2 
v 28 0 3 
v 28 0 4 
v 28 0 5 
v 28 0 6 
v 28 0 7 
v 28 0 8 
v 28 0 9 
v 28 0 10 
v 28 0 11 
v 28 0 12 
v 28 0 13 
v 28 0 14 
v 28 0 15 
v 28 0 16 
v 28 0 17 
v 28 0 18 
v 28 0 19 
v 28 0 20 
v 28 0 21 
v 28 0 22 
v 28 0 23 
v 28 0 24 
v 28 0 25 
v 28 0 26 
v 28 0 27 
v 28 0 28 
v 28 0 29 
v 28 0 30 
v 28 0 31 
v 28 0 32 
v 28 0 33 
v 28 0 34 
v 28 0 35 
v 28 0 36 
v 28 0 37 
v 28 0 38 
v 28 0 39 
v 28 0 40 
v 28 0 41 
v 28 0 42 
v 28 0 43 
v 28 0 44 
v 28 0 45 
v 28 0 46 
v 28 0 47 
v 28 0 48 
v 28 0 49 
v 28 0 50 
v 28 0 51 
v 28 0 52 
v 28 0 53 
v 28 0 54 
v 28 0 55 
v 28 0 56 
v 28 0 57 
v 28 0 58 
v 28 0 59 
v 28 0 60 
v 28 0 61 
v 28 0 62 
v 28 0 63 
v 28 0 64 
v 28 0 65 
v 28 0 66 
v 28 0 67 
v 28 0 68 
v 28 0 69 
v 28 0 70 
v 28 0 71 
v 28 0 72 
v 28 0 73 
v 28 0 74 
v 28 0 75 
v 28 0 76 
v 28 0 77 
v 28 0 78 
v 28 0 79 
v 28 0 80 
v 28 0 81 
v 28 0 82 
v 28 0 83 
v 28 0 84 
v 28 0 85 
v 28 0 86 
v 28 0 87 
v 28 0 88 
v 28 0 89 
v 28 0 90 
v 28 0 91 
v 28 0 92 
v 28 0 93 
v 28 0 94 
v 28 0 95 
v 28 0 96 
v 28 0 97 
v 28 0 98 
v 28 0 99 
v 28 0 100 
v 28 0 101 
v 28 0 102 
v 28 0 103 
v 28 0 104 
v 28 0 105 
v 28 0 106 
v 28 0 107 
v 28 0 108 
v 28 0 109 
v 28 0 110 
v 28 0 111 
v 28 0 112 
v 28 0 113 
v 28 0 114 
v 28 0 115 
v 28 0 116 
v 28 0 117 
v 28 0 118 
v 28 0 119 
v 28 0 120 
v 28 0 121 
v 28 0 122 
v 28 0 123 
v 28 0 124 
v 28 0 125 
v 28 0 126 
v 28 0 127 
v 28 0 128 
v 29 0 0 
v 29 0 1 
v 29 0 2 
v 29 0 3 
v 29 0 4 
v 29 0 5 
v 29 0 6 
v 29 0 7 
v 29 0 8 
v 29 0 9 
v 29 0 10 
v 29 0 11 
v 29 0 12 
v 29 0 13 
v 29 0 14 
v 29 0 15 
v 29 0 16 
v 29 0 17 
v 29 0 18 
v 29 0 19 
v 29 0 20 
v 29 0 21 
v 29 0 22 
v 29 0 23 
v 29 0 24 
v 29 0 25 
v 29 0 26 
v 29 0 27 
v 29 0 28 
v 29 0 29 
v 29 0 30 
v 29 0 31 
v 29 0 32 
v 29 0 33 
v 29 0 34 
v 29 0 35 
v 29 0 36 
v 29 0 37 
v 29 0 38 
v 29 0 39 
v 29 0 40 
v 29 0 41 
v 29 0 42 
v 29 0 43 
v 29 0 44 
v 29 0 45 
v 29 0 46 
v 29 0 47 
v 29 0 48 
v 29 0 49 
v 29 0 50 
v 29 0 51 
v 29 0 52 
v 29 0 53 
v 29 0 54 
v 29 0 55 
v 29 0 56 
v 29 0 57 
v 29 0 58 
v 29 0 59 
v 29 0 60 
v 29 0 61 
v 29 0 62 
v 29 0 63 
v 29 0 64 
v 29 0 65 
v 29 0 66 
v 29 0 67 
v 29 0 68 
v 29 0 69 
v 29 0 70 
v 29 0 71 
v 29 0 72 
v 29 0 73 
v 29 0 74 
v 29 0 75 
v 29 0 76 
v 29 0 77 
v 29 0 78 
v 29 0 79 
v 29 0 80 
v 29 0 81 
v 29 0 82 
v 29 0 83 
v 29 0 84 
v 29 0 85 
v 29 0 86 
v 29 0 87 
v 29 0 88 
v 29 0 89 
v 29 0 90 
v 29 0 91 
v 29 0 92 
v 29 0 93 
v 29 0 94 
v 29 0 95 
v 29 0 96 
v 29 0 97 
v 29 0 98 
v 29 0 99 
v 29 0 100 
v 29 0 101 
v 29 0 102 
v 29 0 103 
v 29 0 104 
v 29 0 105 
v 29 0 106 
v 29 0 107 
v 29 0 108 
v 29 0 109 
v 29 0 110 
v 29 0 111 
v 29 0 112 
v 29 0 113 
v 29 0 114 
v 29 0 115 
v 29 0 116 
v 29 0 117 
v 29 0 118 
v 29 0 119 
v 29 0 120 
v 29 0 121 
v 29 0 122 
v 29 0 123 
v 29 0 124 
v 29 0 125 
v 29 0 126 
v 29 0 127 
v 29 0 128 
v 30 0 0 
v 30 0 1 
v 30 0 2 
v 30 0 3 
v 30 0 4 
v 30 0 5 
v 30 0 6 
v 30 0 7 
v 30 0 8 
v 30 0 9 
v 30 0 10 
v 30 0 11 
v 30 0 12 
v 30 0 13 
v 30 0 14 
v 30 0 15 
v 30 0 16 
v 30 0 17 
v 30 0 18 
v 30 0 19 
v 30 0 20 
v 30 0 21 
v 30 0 22 
v 30 0 23 
v 30 0 24 
v 30 0 25 
v 30 0 26 
v 30 0 27 
v 30 0 28 
v 30 0 29 
v 30 0 30 
v 30 0 31 
v 30 0 32 
v 30 0 33 
v 30 0 34 
v 30 0 35 
v 30 0 36 
v 30 0 37 
v 30 0 38 
v 30 0 39 
v 30 0 40 
v 30 0 41 
v 30 0 42 
v 30 0 43 
v 30 0 44 
v 30 0 45 
v 30 0 46 
v 30 0 47 
v 30 0 48 
v 30 0 49 
v 30 0 50 
v 30 0 51 
v 30 0 52 
v 30 0 53 
v 30 0 54 
v 30 0 55 
v 30 0 56 
v 30 0 57 
v 30 0 58 
v 30 0 59 
v 30 0 60 
v 30 0 61 
v 30 0 62 
v 30 0 63 
v 30 0 64 
v 30 0 65 
v 30 0 66 
v 30 0 67 
v 30 0 68 
v 30 0 69 
v 30 0 70 
v 30 0 71 
v 30 0 72 
v 30 0 73 
v 30 0 74 
v 30 0 75 
v 30 0 76 
v 30 0 77 
v 30 0 78 
v 30 0 79 
v 30 0 80 
v 30 0 81 
v 30 0 82 
v 30 0 83 
v 30 0 84 
v 30 0 85 
v 30 0 86 
v 30 0 87 
v 30 0 88 
v 30 0 89 
v 30 0 90 
v 30 0 91 
v 30 0 92 
v 30 0 93 
v 30 0 94 
v 30 0 95 
v 30 0 96 
v 30 0 97 
v 30 0 98 
v 30 0 99 
v 30 0 100 
v 30 0 101 
v 30 0 102 
v 30 0 103 
v 30 0 104 
v 30 0 105 
v 30 0 106 
v 30 0 107 
v 30 0 108 
v 30 0 109 
v 30 0 110 
v 30 0 111 
v 30 0 112 
v 30 0 113 
v 30 0 114 
v 30 0 115 
v 30 0 116 
v 30 0 117 
v 30 0 118 
v 30 0 119 
v 30 0 120 
v 30 0 121 
v 30 0 122 
v 30 0 123 
v 30 0 124 
v 30 0 125 
v 30 0 126 
v 30 0 127 
v 30 0 128 
v 31 0 0 
v 31 0 1 
v 31 0 2 
v 31 0 3 
v 31 0 4 
v 31 0 5 
v 31 0 6 
v 31 0 7 
v 31 0 8 
v 31 0 9 
v 31 0 10 
v 31 0 11 
v 31 0 12 
v 31 0 13 
v 31 0 14 
v 31 0 15 
v 31 0 16 
v 31 0 17 
v 31 0 18 
v 31 0 19 
v 31 0 20 
v 31 0 21 
v 31 0 22 
v 31 0 23 
v 31 0 24 
v 31 0 25 
v 31 0 26 
v 31 0 27 
v 31 0 28 
v 31 0 29 
v 31 0 30 
v 31 0 31 
v 31 0 32 
v 31 0 33 
v 31 0 34 
v 31 0 35 
v 31 0 36 
v 31 0 37 
v 31 0 38 
v 31 0 39 
v 31 0 40 
v 31 0 41 
v 31 0 42 
v 31 0 43 
v 31 0 44 
v 31 0 45 
v 31 0 46 
v 31 0 47 
v 31 0 48 
v 31 0 49 
v 31 0 50 
v 31 0 51 
v 31 0 52 
v 31 0 53 
v 31 0 54 
v 31 0 55 
v 31 0 56 
v 31 0 57 
v 31 0 58 
v 31 0 59 
v 31 0 60 
v 31 0 61 
v 31 0 62 
v 31 0 63 
v 31 0 64 
v 31 0 65 
v 31 0 66 
v 31 0 67 
v 31 0 68 
v 31 0 69 
v 31 0 70 
v 31 0 71 
v 31 0 72 
v 31 0 73 
v 31 0 74 
v 31 0 75 
v 31 0 76 
v 31 0 77 
v 31 0 78 
v 31 0 79 
v 31 0 80 
v 31 0 81 
v 31 0 82 
v 31 0 83 
v 31 0 84 
v 31 0 85 
v 31 0 86 
v 31 0 87 
v 31 0 88 
v 31 0 89 
v 31 0 90 
v 31 0 91 
v 31 0 92 
v 31 0 93 
v 31 0 94 
v 31 0 95 
v 31 0 96 
v 31 0 97 
v 31 0 98 
v 31 0 99 
v 31 0 100 
v 31 0 101 
v 31 0 102 
v 31 0 103 
v 31 0 104 
v 31 0 105 
v 31 0 106 
v 31 0 107 
v 31 0 108 
v 31 0 109 
v 31 0 110 
v 31 0 111 
v 31 0 112 
v 31 0 113 
v 31 0 114 
v 31 0 115 
v 31 0 116 
v 31 0 117 
v 31 0 118 
v 31 0 119 
v 31 0 120 
v 31 0 121 
v 31 0 122 
v 31 0 123 
v 31 0 124 
v 31 0 125 
v 31 0 126 
v 31 0 127 
v 31 0 128 
v 32 0 0 
v 32 0 1 
v 32 0 2 
v 32 0 3 
v 32 0 4 
v 32 0 5 
v 32 0 6 
v 32 0 7 
v 32 0 8 
v 32 0 9 
v 32 0 10 
v 32 0 11 
v 32 0 12 
v 32 0 13 
v 32 0 14 
v 32 0 15 
v 32 0 16 
v 32 0 17 
v 32 0 18 
v 32 0 19 
v 32 0 20 
v 32 0 21 
v 32 0 22 
v 32 0 23 
v 32 0 24 
v 32 0 25 
v 32 0 26 
v 32 0 27 
v 32 0 28 
v 32 0 29 
v 32 0 30 
v 32 0 31 
v 32 0 32 
v 32 0 33 
v 32 0 34 
v 32 0 35 
v 32 0 36 
v 32 0 37 
v 32 0 38 
v 32 0 39 
v 32 0 40 
v 32 0 41 
v 32 0 42 
v 32 0 43 
v 32 0 44 
v 32 0 45 
v 32 0 46 
v 32 0 47 
v 32 0 48 
v 32 0 49 
v 32 0 50 
v 32 0 51 
v 32 0 52 
v 32 0 53 
v 32 0 54 
v 32 0 55 
v 32 0 56 
v 32 0 57 
v 32 0 58 
v 32 0 59 
v 32 0 60 
v 32 0 61 
v 32 0 62 
v 32 0 63 
v 32 0 64 
v 32 0 65 
v 32 0 66 
v 32 0 67 
v 32 0 68 
v 32 0 69 
v 32 0 70 
v 32 0 71 
v 32 0 72 
v 32 0 73 
v 32 0 74 
v 32 0 75 
v 32 0 76 
v 32 0 77 
v 32 0 78 
v 32 0 79 
v 32 0 80 
v 32 0 81 
v 32 0 82 
v 32 0 83 
v 32 0 84 
v 32 0 85 
v 32 0 86 
v 32 0 87 
v 32 0 88 
v 32 0 89 
v 32 0 90 
v 32 0 91 
v 32 0 92 
v 32 0 93 
v 32 0 94 
v 32 0 95 
v 32 0 96 
v 32 0 97 
v 32 0 98 
v 32 0 99 
v 32 0 100 
v 32 0 101 
v 32 0 102 
v 32 0 103 
v 32 0 104 
v 32 0 105 
v 32 0 106 
v 32 0 107 
v 32 0 108 
v 32 0 109 
v 32 0 110 
v 32 0 111 
v 32 0 112 
v 32 0 113 
v 32 0 114 
v 32 0 115 
v 32 0 116 
v 32 0 117 
v 32 0 118 
v 32 0 119 
v 32 0 120 
v 32 0 121 
v 32 0 122 
v 32 0 123 
v 32 0 124 
v 32 0 125 
v 32 0 126 
v 32 0 127 
v 32 0 128 
v 33 0 0 
v 33 0 1 
v 33 0 2 
v 33 0 3 
v 33 0 4 
v 33 0 5 
v 33 0 6 
v 33 0 7 
v 33 0 8 
v 33 0 9 
v 33 0 10 
v 33 0 11 
v 33 0 12 
v 33 0 13 
v 33 0 14 
v 33 0 15 
v 33 0 16 
v 33 0 17 
v 33 0 18 
v 33 0 19 
v 33 0 20 
v 33 0 21 
v 33 0 22 
v 33 0 23 
v 33 0 24 
v 33 0 25 
v 33 0 26 
v 33 0 27 
v 33 0 28 
v 33 0 29 
v 33 0 30 
v 33 0 31 
v 33 0 32 
v 33 0 33 
v 33 0 34 
v 33 0 35 
v 33 0 36 
v 33 0 37 
v 33 0 38 
v 33 0 39 
v 33 0 40 
v 33 0 41 
v 33 0 42 
v 33 0 43 
v 33 0 44 
v 33 0 45 
v 33 0 46 
v 33 0 47 
v 33 0 48 
v 33 0 49 
v 33 0 50 
v 33 0 51 
v 33 0 52 
v 33 0 53 
v 33 0 54 
v 33 0 55 
v 33 0 56 
v 33 0 57 
v 33 0 58 
v 33 0 59 
v 33 0 60 
v 33 0 61 
v 33 0 62 
v 33 0 63 
v 33 0 64 
v 33 0 65 
v 33 0 66 
v 33 0 67 
v 33 0 68 
v 33 0 69 
v 33 0 70 
v 33 0 71 
v 33 0 72 
v 33 0 73 
v 33 0 74 
v 33 0 75 
v 33 0 76 
v 33 0 77 
v 33 0 78 
v 33 0 79 
v 33 0 80 
v 33 0 81 
v 33 0 82 
v 33 0 83 
v 33 0 84 
v 33 0 85 
v 33 0 86 
v 33 0 87 
v 33 0 88 
v 33 0 89 
v 33 0 90 
v 33 0 91 
v 33 0 92 
v 33 0 93 
v 33 0 94 
v 33 0 95 
v 33 0 96 
v 33 0 97 
v 33 0 98 
v 33 0 99 
v 33 0 100 
v 33 0 101 
v 33 0 102 
v 33 0 103 
v 33 0 104 
v 33 0 105 
v 33 0 106 
v 33 0 107 
v 33 0 108 
v 33 0 109 
v 33 0 110 
v 33 0 111 
v 33 0 112 
v 33 0 113 
v 33 0 114 
v 33 0 115 
v 33 0 116 
v 33 0 117 
v 33 0 118 
v 33 0 119 
v 33 0 120 
v 33 0 121 
v 33 0 122 
v 33 0 123 
v 33 0 124 
v 33 0 125 
v 33 0 126 
v 33 0 127 
v 33 0 128 
v 34 0 0 
v 34 0 1 
v 34 0 2 
v 34 0 3 
v 34 0 4 
v 34 0 5 
v 34 0 6 
v 34 0 7 
v 34 0 8 
v 34 0 9 
v 34 0 10 
v 34 0 11 
v 34 0 12 
v 34 0 13 
v 34 0 14 
v 34 0 15 
v 34 0 16 
v 34 0 17 
v 34 0 18 
v 34 0 19 
v 34 0 20 
v 34 0 21 
v 34 0 22 
v 34 0 23 
v 34 0 24 
v 34 0 25 
v 34 0 26 
v 34 0 27 
v 34 0 28 
v 34 0 29 
v 34 0 30 
v 34 0 31 
v 34 0 32 
v 34 0 33 
v 34 0 34 
v 34 0 35 
v 34 0 36 
v 34 0 37 
v 34 0 38 
v 34 0 39 
v 34 0 40 
v 34 0 41 
v 34 0 42 
v 34 0 43 
v 34 0 44 
v 34 0 45 
v 34 0 46 
v 34 0 47 
v 34 0 48 
v 34 0 49 
v 34 0 50 
v 34 0 51 
v 34 0 52 
v 34 0 53 
v 34 0 54 
v 34 0 55 
v 34 0 56 
v 34 0 57 
v 34 0 58 
v 34 0 59 
v 34 0 60 
v 34 0 61 
v 34 0 62 
v 34 0 63 
v 34 0 64 
v 34 0 65 
v 34 0 66 
v 34 0 67 
v 34 0 68 
v 34 0 69 
v 34 0 70 
v 34 0 71 
v 34 0 72 
v 34 0 73 
v 34 0 74 
v 34 0 75 
v 34 0 76 
v 34 0 77 
v 34 0 78 
v 34 0 79 
v 34 0 80 
v 34 0 81 
v 34 0 82 
v 34 0 83 
v 34 0 84 
v 34 0 85 
v 34 0 86 
v 34 0 87 
v 34 0 88 
v 34 0 89 
v 34 0 90 
v 34 0 91 
v 34 0 92 
v 34 0 93 
v 34 0 94 
v 34 0 95 
v 34 0 96 
v 34 0 97 
v 34 0 98 
v 34 0 99 
v 34 0 100 
v 34 0 101 
v 34 0 102 
v 34 0 103 
v 34 0 104 
v 34 0 105 
v 34 0 106 
v 34 0 107 
v 34 0 108 
v 34 0 109 
v 34 0 110 
v 34 0 111 
v 34 0 112 
v 34 0 113 
v 34 0 114 
v 34 0 115 
v 34 0 116 
v 34 0 117 
v 34 0 118 
v 34 0 119 
v 34 0 120 
v 34 0 121 
v 34 0 122 
v 34 0 123 
v 34 0 124 
v 34 0 125 
v 34 0 126 
v 34 0 127 
v 34 0 128 
v 35 0 0 
v 35 0 1 
v 35 0 2 
v 35 0 3 
v 35 0 4 
v 35 0 5 
v 35 0 6 
v 35 0 7 
v 35 0 8 
v 35 0 9 
v 35 0 10 
v 35 0 11 
v 35 0 12 
v 35 0 13 
v 35 0 14 
v 35 0 15 
v 35 0 16 
v 35 0 17 
v 35 0 18 
v 35 0 19 
v 35 0 20 
v 35 0 21 
v 35 0 22 
v 35 0 23 
v 35 0 24 
v 35 0 25 
v 35 0 26 
v 35 0 27 
v 35 0 28 
v 35 0 29 
v 35 0 30 
v 35 0 31 
v 35 0 32 
v 35 0 33 
v 35 0 34 
v 35 0 35 
v 35 0 36 
v 35 0 37 
v 35 0 38 
v 35 0 39 
v 35 0 40 
v 35 0 41 
v 35 0 42 
v 35 0 43 
v 35 0 44 
v 35 0 45 
v 35 0 46 
v 35 0 47 
v 35 0 48 
v 35 0 49 
v 35 0 50 
v 35 0 51 
v 35 0 52 
v 35 0 53 
v 35 0 54 
v 35 0 55 
v 35 0 56 
v 35 0 57 
v 35 0 58 
v 35 0 59 
v 35 0 60 
v 35 0 61 
v 35 0 62 
v 35 0 63 
v 35 0 64 
v 35 0 65 
v 35 0 66 
v 35 0 67 
v 35 0 68 
v 35 0 69 
v 35 0 70 
v 35 0 71 
v 35 0 72 
v 35 0 73 
v 35 0 74 
v 35 0 75 
v 35 0 76 
v 35 0 77 
v 35 0 78 
v 35 0 79 
v 35 0 80 
v 35 0 81 
v 35 0 82 
v 35 0 83 
v 35 0 84 
v 35 0 85 
v 35 0 86 
v 35 0 87 
v 35 0 88 
v 35 0 89 
v 35 0 90 
v 35 0 91 
v 35 0 92 
v 35 0 93 
v 35 0 94 
v 35 0 95 
v 35 0 96 
v 35 0 97 
v 35 0 98 
v 35 0 99 
v 35 0 100 
v 35 0 101 
v 35 0 102 
v 35 0 103 
v 35 0 104 
v 35 0 105 
v 35 0 106 
v 35 0 107 
v 35 0 108 
v 35 0 109 
v 35 0 110 
v 35 0 111 
v 35 0 112 
v 35 0 113 
v 35 0 114 
v 35 0 115 
v 35 0 116 
v 35 0 117 
v 35 0 118 
v 35 0 119 
v 35 0 120 
v 35 0 121 
v 35 0 122 
v 35 0 123 
v 35 0 124 
v 35 0 125 
v 35 0 126 
v 35 0 127 
v 35 0 128 
v 36 0 0 
v 36 0 1 
v 36 0 2 
v 36 0 3 
v 36 0 4 
v 36 0 5 
v 36 0 6 
v 36 0 7 
v 36 0 8 
v 36 0 9 
v 36 0 10 
v 36 0 11 
v 36 0 12 
v 36 0 13 
v 36 0 14 
v 36 0 15 
v 36 0 16 
v 36 0 17 
v 36 0 18 
v 36 0 19 
v 36 0 20 
v 36 0 21 
v 36 0 22 
v 36 0 23 
v 36 0 24 
v 36 0 25 
v 36 0 26 
v 36 0 27 
v 36 0 28 
v 36 0 29 
v 36 0 30 
v 36 0 31 
v 36 0 32 
v 36 0 33 
v 36 0 34 
v 36 0 35 
v 36 0 36 
v 36 0 37 
v 36 0 38 
v 36 0 39 
v 36 0 40 
v 36 0 41 
v 36 0 42 
v 36 0 43 
v 36 0 44 
v 36 0 45 
v 36 0 46 
v 36 0 47 
v 36 0 48 
v 36 0 49 
v 36 0 50 
v 36 0 51 
v 36 0 52 
v 36 0 53 
v 36 0 54 
v 36 0 55 
v 36 0 56 
v 36 0 57 
v 36 0 58 
v 36 0 59 
v 36 0 60 
v 36 0 61 
v 36 0 62 
v 36 0 63 
v 36 0 64 
v 36 0 65 
v 36 0 66 
v 36 0 67 
v 36 0 68 
v 36 0 69 
v 36 0 70 
v 36 0 71 
v 36 0 72 
v 36 0 73 
v 36 0 74 
v 36 0 75 
v 36 0 76 
v 36 0 77 
v 36 0 78 
v 36 0 79 
v 36 0 80 
v 36 0 81 
v 36 0 82 
v 36 0 83 
v 36 0 84 
v 36 0 85 
v 36 0 86 
v 36 0 87 
v 36 0 88 
v 36 0 89 
v 36 0 90 
v 36 0 91 
v 36 0 92 
v 36 0 93 
v 36 0 94 
v 36 0 95 
v 36 0 96 
v 36 0 97 
v 36 0 98 
v 36 0 99 
v 36 0 100 
v 36 0 101 
v 36 0 102 
v 36 0 103 
v 36 0 104 
v 36 0 105 
v 36 0 106 
v 36 0 107 
v 36 0 108 
v 36 0 109 
v 36 0 110 
v 36 0 111 
v 36 0 112 
v 36 0 113 
v 36 0 114 
v 36 0 115 
v 36 0 116 
v 36 0 117 
v 36 0 118 
v 36 0 119 
v 36 0 120 
v 36 0 121 
v 36 0 122 
v 36 0 123 
v 36 0 124 
v 36 0 125 
v 36 0 126 
v 36 0 127 
v 36 0 128 
v 37 0 0 
v 37 0 1 
v 37 0 2 
v 37 0 3 
v 37 0 4 
v 37 0 5 
v 37 0 6 
v 37 0 7 
v 37 0 8 
v 37 0 9 
v 37 0 10 
v 37 0 11 
v 37 0 12 
v 37 0 13 
v 37 0 14 
v 37 0 15 
v 37 0 16 
v 37 0 17 
v 37 0 18 
v 37 0 19 
v 37 0 20 
v 37 0 21 
v 37 0 22 
v 37 0 23 
v 37 0 24 
v 37 0 25 
v 37 0 26 
v 37 0 27 
v 37 0 28 
v 37 0 29 
v 37 0 30 
v 37 0 31 
v 37 0 32 
v 37 0 33 
v 37 0 34 
v 37 0 35 
v 37 0 36 
v 37 0 37 
v 37 0 38 
v 37 0 39 
v 37 0 40 
v 37 0 41 
v 37 0 42 
v 37 0 43 
v 37 0 44 
v 37 0 45 
v 37 0 46 
v 37 0 47 
v 37 0 48 
v 37 0 49 
v 37 0 50 
v 37 0 51 
v 37 0 52 
v 37 0 53 
v 37 0 54 
v 37 0 55 
v 37 0 56 
v 37 0 57 
v 37 0 58 
v 37 0 59 
v 37 0 60 
v 37 0 61 
v 37 0 62 
v 37 0 63 
v 37 0 64 
v 37 0 65 
v 37 0 66 
v 37 0 67 
v 37 0 68 
v 37 0 69 
v 37 0 70 
v 37 0 71 
v 37 0 72 
v 37 0 73 
v 37 0 74 
v 37 0 75 
v 37 0 76 
v 37 0 77 
v 37 0 78 
v 37 0 79 
v 37 0 80 
v 37 0 81 
v 37 0 82 
v 37 0 83 
v 37 0 84 
v 37 0 85 
v 37 0 86 
v 37 0 87 
v 37 0 88 
v 37 0 89 
v 37 0 90 
v 37 0 91 
v 37 0 92 
v 37 0 93 
v 37 0 94 
v 37 0 95 
v 37 0 96 
v 37 0 97 
v 37 0 98 
v 37 0 99 
v 37 0 100 
v 37 0 101 
v 37 0 102 
v 37 0 103 
v 37 0 104 
v 37 0 105 
v 37 0 106 
v 37 0 107 
v 37 0 108 
v 37 0 109 
v 37 0 110 
v 37 0 111 
v 37 0 112 
v 37 0 113 
v 37 0 114 
v 37 0 115 
v 37 0 116 
v 37 0 117 
v 37 0 118 
v 37 0 119 
v 37 0 120 
v 37 0 121 
v 37 0 122 
v 37 0 123 
v 37 0 124 
v 37 0 125 
v 37 0 126 
v 37 0 127 
v 37 0 128 
v 38 0 0 
v 38 0 1 
v 38 0 2 
v 38 0 3 
v 38 0 4 
v 38 0 5 
v 38 0 6 
v 38 0 7 
v 38 0 8 
v 38 0 9 
v 38 0 10 
v 38 0 11 
v 38 0 12 
v 38 0 13 
v 38 0 14 
v 38 0 15 
v 38 0 16 
v 38 0 17 
v 38 0 18 
v 38 0 19 
v 38 0 20 
v 38 0 21 
v 38 0 22 
v 38 0 23 
v 38 0 24 
v 38 0 25 
v 38 0 26 
v 38 0 27 
v 38 0 28 
v 38 0 29 
v 38 0 30 
v 38 0 31 
v 38 0 32 
v 38 0 33 
v 38 0 34 
v 38 0 35 
v 38 0 36 
v 38 0 37 
v 38 0 38 
v 38 0 39 
v 38 0 40 
v 38 0 41 
v 38 0 42 
v 38 0 43 
v 38 0 44 
v 38 0 45 
v 38 0 46 
v 38 0 47 
v 38 0 48 
v 38 0 49 
v 38 0 50 
v 38 0 51 
v 38 0 52 
v 38 0 53 
v 38 0 54 
v 38 0 55 
v 38 0 56 
v 38 0 57 
v 38 0 58 
v 38 0 59 
v 38 0 60 
v 38 0 61 
v 38 0 62 
v 38 0 63 
v 38 0 64 
v 38 0 65 
v 38 0 66 
v 38 0 67 
v 38 0 68 
v 38 0 69 
v 38 0 70 
v 38 0 71 
v 38 0 72 
v 38 0 73 
v 38 0 74 
v 38 0 75 
v 38 0 76 
v 38 0 77 
v 38 0 78 
v 38 0 79 
v 38 0 80 
v 38 0 81 
v 38 0 82 
v 38 0 83 
v 38 0 84 
v 38 0 85 
v 38 0 86 
v 38 0 87 
v 38 0 88 
v 38 0 89 
v 38 0 90 
v 38 0 91 
v 38 0 92 
v 38 0 93 
v 38 0 94 
v 38 0 95 
v 38 0 96 
v 38 0 97 
v 38 0 98 
v 38 0 99 
v 38 0 100 
v 38 0 101 
v 38 0 102 
v 38 0 103 
v 38 0 104 
v 38 0 105 
v 38 0 106 
v 38 0 107 
v 38 0 108 
v 38 0 109 
v 38 0 110 
v 38 0 111 
v 38 0 112 
v 38 0 113 
v 38 0 114 
v 38 0 115 
v 38 0 116 
v 38 0 117 
v 38 0 118 
v 38 0 119 
v 38 0 120 
v 38 0 121 
v 38 0 122 
v 38 0 123 
v 38 0 124 
v 38 0 125 
v 38 0 126 
v 38 0 127 
v 38 0 128 
v 39 0 0 
v 39 0 1 
v 39 0 2 
v 39 0 3 
v 39 0 4 
v 39 0 5 
v 39 0 6 
v 39 0 7 
v 39 0 8 
v 39 0 9 
v 39 0 10 
v 39 0 11 
v 39 0 12 
v 39 0 13 
v 39 0 14 
v 39 0 15 
v 39 0 16 
v 39 0 17 
v 39 0 18 
v 39 0 19 
v 39 0 20 
v 39 0 21 
v 39 0 22 
v 39 0 23 
v 39 0 24 
v 39 0 25 
v 39 0 26 
v 39 0 27 
v 39 0 28 
v 39 0 29 
v 39 0 30 
v 39 0 31 
v 39 0 32 
v 39 0 33 
v 39 0 34 
v 39 0 35 
v 39 0 36 
v 39 0 37 
v 39 0 38 
v 39 0 39 
v 39 0 40 
v 39 0 41 
v 39 0 42 
v 39 0 43 
v 39 0 44 
v 39 0 45 
v 39 0 46 
v 39 0 47 
v 39 0 48 
v 39 0 49 
v 39 0 50 
v 39 0 51 
v 39 0 52 
v 39 0 53 
v 39 0 54 
v 39 0 55 
v 39 0 56 
v 39 0 57 
v 39 0 58 
v 39 0 59 
v 39 0 60 
v 39 0 61 
v 39 0 62 
v 39 0 63 
v 39 0 64 
v 39 0 65 
v 39 0 66 
v 39 0 67 
v 39 0 68 
v 39 0 69 
v 39 0 70 
v 39 0 71 
v 39 0 72 
v 39 0 73 
v 39 0 74 
v 39 0 75 
v 39 0 76 
v 39 0 77 
v 39 0 78 
v 39 0 79 
v 39 0 80 
v 39 0 81 
v 39 0 82 
v 39 0 83 
v 39 0 84 
v 39 0 85 
v 39 0 86 
v 39 0 87 
v 39 0 88 
v 39 0 89 
v 39 0 90 
v 39 0 91 
v 39 0 92 
v 39 0 93 
v 39 0 94 
v 39 0 95 
v 39 0 96 
v 39 0 97 
v 39 0 98 
v 39 0 99 
v 39 0 100 
v 39 0 101 
v 39 0 102 
v 39 0 103 
v 39 0 104 
v 39 0 105 
v 39 0 106 
v 39 0 107 
v 39 0 108 
v 39 0 109 
v 39 0 110 
v 39 0 111 
v 39 0 112 
v 39 0 113 
v 39 0 114 
v 39 0 115 
v 39 0 116 
v 39 0 117 
v 39 0 118 
v 39 0 119 
v 39 0 120 
v 39 0 121 
v 39 0 122 
v 39 0 123 
v 39 0 124 
v 39 0 125 
v 39 0 126 
v 39 0 127 
v 39 0 128 
v 40 0 0 
v 40 0 1 
v 40 0 2 
v 40 0 3 
v 40 0 4 
v 40 0 5 
v 40 0 6 
v 40 0 7 
v 40 0 8 
v 40 0 9 
v 40 0 10 
v 40 0 11 
v 40 0 12 
v 40 0 13 
v 40 0 14 
v 40 0 15 
v 40 0 16 
v 40 0 17 
v 40 0 18 
v 40 0 19 
v 40 0 20 
v 40 0 21 
v 40 0 22 
v 40 0 23 
v 40 0 24 
v 40 0 25 
v 40 0 26 
v 40 0 27 
v 40 0 28 
v 40 0 29 
v 40 0 30 
v 40 0 31 
v 40 0 32 
v 40 0 33 
v 40 0 34 
v 40 0 35 
v 40 0 36 
v 40 0 37 
v 40 0 38 
v 40 0 39 
v 40 0 40 
v 40 0 41 
v 40 0 42 
v 40 0 43 
v 40 0 44 
v 40 0 45 
v 40 0 46 
v 40 0 47 
v 40 0 48 
v 40 0 49 
v 40 0 50 
v 40 0 51 
v 40 0 52 
v 40 0 53 
v 40 0 54 
v 40 0 55 
v 40 0 56 
v 40 0 57 
v 40 0 58 
v 40 0 59 
v 40 0 60 
v 40 0 61 
v 40 0 62 
v 40 0 63 
v 40 0 64 
v 40 0 65 
v 40 0 66 
v 40 0 67 
v 40 0 68 
v 40 0 69 
v 40 0 70 
v 40 0 71 
v 40 0 72 
v 40 0 73 
v 40 0 74 
v 40 0 75 
v 40 0 76 
v 40 0 77 
v 40 0 78 
v 40 0 79 
v 40 0 80 
v 40 0 81 
v 40 0 82 
v 40 0 83 
v 40 0 84 
v 40 0 85 
v 40 0 86 
v 40 0 87 
v 40 0 88 
v 40 0 89 
v 40 0 90 
v 40 0 91 
v 40 0 92 
v 40 0 93 
v 40 0 94 
v 40 0 95 
v 40 0 96 
v 40 0 97 
v 40 0 98 
v 40 0 99 
v 40 0 100 
v 40 0 101 
v 40 0 102 
v 40 0 103 
v 40 0 104 
v 40 0 105 
v 40 0 106 
v 40 0 107 
v 40 0 108 
v 40 0 109 
v 40 0 110 
v 40 0 111 
v 40 0 112 
v 40 0 113 
v 40 0 114 
v 40 0 115 
v 40 0 116 
v 40 0 117 
v 40 0 118 
v 40 0 119 
v 40 0 120 
v 40 0 121 
v 40 0 122 
v 40 0 123 
v 40 0 124 
v 40 0 125 
v 40 0 126 
v 40 0 127 
v 40 0 128 
v 41 0 0 
v 41 0 1 
v 41 0 2 
v 41 0 3 
v 41 0 4 
v 41 0 5 
v 41 0 6 
v 41 0 7 
v 41 0 8 
v 41 0 9 
v 41 0 10 
v 41 0 11 
v 41 0 12 
v 41 0 13 
v 41 0 14 
v 41 0 15 
v 41 0 16 
v 41 0 17 
v 41 0 18 
v 41 0 19 
v 41 0 20 
v 41 0 21 
v 41 0 22 
v 41 0 23 
v 41 0 24 
v 41 0 25 
v 41 0 26 
v 41 0 27 
v 41 0 28 
v 41 0 29 
v 41 0 30 
v 41 0 31 
v 41 0 32 
v 41 0 33 
v 41 0 34 
v 41 0 35 
v 41 0 36 
v 41 0 37 
v 41 0 38 
v 41 0 39 
v 41 0 40 
v 41 0 41 
v 41 0 42 
v 41 0 43 
v 41 0 44 
v 41 0 45 
v 41 0 46 
v 41 0 47 
v 41 0 48 
v 41 0 49 
v 41 0 50 
v 41 0 51 
v 41 0 52 
v 41 0 53 
v 41 0 54 
v 41 0 55 
v 41 0 56 
v 41 0 57 
v 41 0 58 
v 41 0 59 
v 41 0 60 
v 41 0 61 
v 41 0 62 
v 41 0 63 
v 41 0 64 
v 41 0 65 
v 41 0 66 
v 41 0 67 
v 41 0 68 
v 41 0 69 
v 41 0 70 
v 41 0 71 
v 41 0 72 
v 41 0 73 
v 41 0 74 
v 41 0 75 
v 41 0 76 
v 41 0 77 
v 41 0 78 
v 41 0 79 
v 41 0 80 
v 41 0 81 
v 41 0 82 
v 41 0 83 
v 41 0 84 
v 41 0 85 
v 41 0 86 
v 41 0 87 
v 41 0 88 
v 41 0 89 
v 41 0 90 
v 41 0 91 
v 41 0 92 
v 41 0 93 
v 41 0 94 
v 41 0 95 
v 41 0 96 
v 41 0 97 
v 41 0 98 
v 41 0 99 
v 41 0 100 
v 41 0 101 
v 41 0 102 
v 41 0 103 
v 41 0 104 
v 41 0 105 
v 41 0 106 
v 41 0 107 
v 41 0 108 
v 41 0 109 
v 41 0 110 
v 41 0 111 
v 41 0 112 
v 41 0 113 
v 41 0 114 
v 41 0 115 
v 41 0 116 
v 41 0 117 
v 41 0 118 
v 41 0 119 
v 41 0 120 
v 41 0 121 
v 41 0 122 
v 41 0 123 
v 41 0 124 
v 41 0 125 
v 41 0 126 
v 41 0 127 
v 41 0 128 
v 42 0 0 
v 42 0 1 
v 42 0 2 
v 42 0 3 
v 42 0 4 
v 42 0 5 
v 42 0 6 
v 42 0 7 
v 42 0 8 
v 42 0 9 
v 42 0 10 
v 42 0 11 
v 42 0 12 
v 42 0 13 
v 42 0 14 
v 42 0 15 
v 42 0 16 
v 42 0 17 
v 42 0 18 
v 42 0 19 
v 42 0 20 
v 42 0 21 
v 42 0 22 
v 42 0 23 
v 42 0 24 
v 42 0 25 
v 42 0 26 
v 42 0 27 
v 42 0 28 
v 42 0 29 
v 42 0 30 
v 42 0 31 
v 42 0 32 
v 42 0 33 
v 42 0 34 
v 42 0 35 
v 42 0 36 
v 42 0 37 
v 42 0 38 
v 42 0 39 
v 42 0 40 
v 42 0 41 
v 42 0 42 
v 42 0 43 
v 42 0 44 
v 42 0 45 
v 42 0 46 
v 42 0 47 
v 42 0 48 
v 42 0 49 
v 42 0 50 
v 42 0 51 
v 42 0 52 
v 42 0 53 
v 42 0 54 
v 42 0 55 
v 42 0 56 
v 42 0 57 
v 42 0 58 
v 42 0 59 
v 42 0 60 
v 42 0 61 
v 42 0 62 
v 42 0 63 
v 42 0 64 
v 42 0 65 
v 42 0 66 
v 42 0 67 
v 42 0 68 
v 42 0 69 
v 42 0 70 
v 42 0 71 
v 42 0 72 
v 42 0 73 
v 42 0 74 
v 42 0 75 
v 42 0 76 
v 42 0 77 
v 42 0 78 
v 42 0 79 
v 42 0 80 
v 42 0 81 
v 42 0 82 
v 42 0 83 
v 42 0 84 
v 42 0 85 
v 42 0 86 
v 42 0 87 
v 42 0 88 
v 42 0 89 
v 42 0 90 
v 42 0 91 
v 42 0 92 
v 42 0 93 
v 42 0 94 
v 42 0 95 
v 42 0 96 
v 42 0 97 
v 42 0 98 
v 42 0 99 
v 42 0 100 
v 42 0 101 
v 42 0 102 
v 42 0 103 
v 42 0 104 
v 42 0 105 
v 42 0 106 
v 42 0 107 
v 42 0 108 
v 42 0 109 
v 42 0 110 
v 42 0 111 
v 42 0 112 
v 42 0 113 
v 42 0 114 
v 42 0 115 
v 42 0 116 
v 42 0 117 
v 42 0 118 
v 42 0 119 
v 42 0 120 
v 42 0 121 
v 42 0 122 
v 42 0 123 
v 42 0 124 
v 42 0 125 
v 42 0 126 
v 42 0 127 
v 42 0 128 
v 43 0 0 
v 43 0 1 
v 43 0 2 
v 43 0 3 
v 43 0 4 
v 43 0 5 
v 43 0 6 
v 43 0 7 
v 43 0 8 
v 43 0 9 
v 43 0 10 
v 43 0 11 
v 43 0 12 
v 43 0 13 
v 43 0 14 
v 43 0 15 
v 43 0 16 
v 43 0 17 
v 43 0 18 
v 43 0 19 
v 43 0 20 
v 43 0 21 
v 43 0 22 
v 43 0 23 
v 43 0 24 
v 43 0 25 
v 43 0 26 
v 43 0 27 
v 43 0 28 
v 43 0 29 
v 43 0 30 
v 43 0 31 
v 43 0 32 
v 43 0 33 
v 43 0 34 
v 43 0 35 
v 43 0 36 
v 43 0 37 
v 43 0 38 
v 43 0 39 
v 43 0 40 
v 43 0 41 
v 43 0 42 
v 43 0 43 
v 43 0 44 
v 43 0 45 
v 43 0 46 
v 43 0 47 
v 43 0 48 
v 43 0 49 
v 43 0 50 
v 43 0 51 
v 43 0 52 
v 43 0 53 
v 43 0 54 
v 43 0 55 
v 43 0 56 
v 43 0 57 
v 43 0 58 
v 43 0 59 
v 43 0 60 
v 43 0 61 
v 43 0 62 
v 43 0 63 
v 43 0 64 
v 43 0 65 
v 43 0 66 
v 43 0 67 
v 43 0 68 
v 43 0 69 
v 43 0 70 
v 43 0 71 
v 43 0 72 
v 43 0 73 
v 43 0 74 
v 43 0 75 
v 43 0 76 
v 43 0 77 
v 43 0 78 
v 43 0 79 
v 43 0 80 
v 43 0 81 
v 43 0 82 
v 43 0 83 
v 43 0 84 
v 43 0 85 
v 43 0 86 
v 43 0 87 
v 43 0 88 
v 43 0 89 
v 43 0 90 
v 43 0 91 
v 43 0 92 
v 43 0 93 
v 43 0 94 
v 43 0 95 
v 43 0 96 
v 43 0 97 
v 43 0 98 
v 43 0 99 
v 43 0 100 
v 43 0 101 
v 43 0 102 
v 43 0 103 
v 43 0 104 
v 43 0 105 
v 43 0 106 
v 43 0 107 
v 43 0 108 
v 43 0 109 
v 43 0 110 
v 43 0 111 
v 43 0 112 
v 43 0 113 
v 43 0 114 
v 43 0 115 
v 43 0 116 
v 43 0 117 
v 43 0 118 
v 43 0 119 
v 43 0 120 
v 43 0 121 
v 43 0 122 
v 43 0 123 
v 43 0 124 
v 43 0 125 
v 43 0 126 
v 43 0 127 
v 43 0 128 
v 44 0 0 
v 44 0 1 
v 44 0 2 
v 44 0 3 
v 44 0 4 
v 44 0 5 
v 44 0 6 
v 44 0 7 
v 44 0 8 
v 44 0 9 
v 44 0 10 
v 44 0 11 
v 44 0 12 
v 44 0 13 
v 44 0 14 
v 44 0 15 
v 44 0 16 
v 44 0 17 
v 44 0 18 
v 44 0 19 
v 44 0 20 
v 44 0 21 
v 44 0 22 
v 44 0 23 
v 44 0 24 
v 44 0 25 
v 44 0 26 
v 44 0 27 
v 44 0 28 
v 44 0 29 
v 44 0 30 
v 44 0 31 
v 44 0 32 
v 44 0 33 
v 44 0 34 
v 44 0 35 
v 44 0 36 
v 44 0 37 
v 44 0 38 
v 44 0 39 
v 44 0 40 
v 44 0 41 
v 44 0 42 
v 44 0 43 
v 44 0 44 
v 44 0 45 
v 44 0 46 
v 44 0 47 
v 44 0 48 
v 44 0 49 
v 44 0 50 
v 44 0 51 
v 44 0 52 
v 44 0 53 
v 44 0 54 
v 44 0 55 
v 44 0 56 
v 44 0 57 
v 44 0 58 
v 44 0 59 
v 44 0 60 
v 44 0 61 
v 44 0 62 
v 44 0 63 
v 44 0 64 
v 44 0 65 
v 44 0 66 
v 44 0 67 
v 44 0 68 
v 44 0 69 
v 44 0 70 
v 44 0 71 
v 44 0 72 
v 44 0 73 
v 44 0 74 
v 44 0 75 
v 44 0 76 
v 44 0 77 
v 44 0 78 
v 44 0 79 
v 44 0 80 
v 44 0 81 
v 44 0 82 
v 44 0 83 
v 44 0 84 
v 44 0 85 
v 44 0 86 
v 44 0 87 
v 44 0 88 
v 44 0 89 
v 44 0 90 
v 44 0 91 
v 44 0 92 
v 44 0 93 
v 44 0 94 
v 44 0 95 
v 44 0 96 
v 44 0 97 
v 44 0 98 
v 44 0 99 
v 44 0 100 
v 44 0 101 
v 44 0 102 
v 44 0 103 
v 44 0 104 
v 44 0 105 
v 44 0 106 
v 44 0 107 
v 44 0 108 
v 44 0 109 
v 44 0 110 
v 44 0 111 
v 44 0 112 
v 44 0 113 
v 44 0 114 
v 44 0 115 
v 44 0 116 
v 44 0 117 
v 44 0 118 
v 44 0 119 
v 44 0 120 
v 44 0 121 
v 44 0 122 
v 44 0 123 
v 44 0 124 
v 44 0 125 
v 44 0 126 
v 44 0 127 
v 44 0 128 
v 45 0 0 
v 45 0 1 
v 45 0 2 
v 45 0 3 
v 45 0 4 
v 45 0 5 
v 45 0 6 
v 45 0 7 
v 45 0 8 
v 45 0 9 
v 45 0 10 
v 45 0 11 
v 45 0 12 
v 45 0 13 
v 45 0 14 
v 45 0 15 
v 45 0 16 
v 45 0 17 
v 45 0 18 
v 45 0 19 
v 45 0 20 
v 45 0 21 
v 45 0 22 
v 45 0 23 
v 45 0 24 
v 45 0 25 
v 45 0 26 
v 45 0 27 
v 45 0 28 
v 45 0 29 
v 45 0 30 
v 45 0 31 
v 45 0 32 
v 45 0 33 
v 45 0 34 
v 45 0 35 
v 45 0 36 
v 45 0 37 
v 45 0 38 
v 45 0 39 
v 45 0 40 
v 45 0 41 
v 45 0 42 
v 45 0 43 
v 45 0 44 
v 45 0 45 
v 45 0 46 
v 45 0 47 
v 45 0 48 
v 45 0 49 
v 45 0 50 
v 45 0 51 
v 45 0 52 
v 45 0 53 
v 45 0 54 
v 45 0 55 
v 45 0 56 
v 45 0 57 
v 45 0 58 
v 45 0 59 
v 45 0 60 
v 45 0 61 
v 45 0 62 
v 45 0 63 
v 45 0 64 
v 45 0 65 
v 45 0 66 
v 45 0 67 
v 45 0 68 
v 45 0 69 
v 45 0 70 
v 45 0 71 
v 45 0 72 
v 45 0 73 
v 45 0 74 
v 45 0 75 
v 45 0 76 
v 45 0 77 
v 45 0 78 
v 45 0 79 
v 45 0 80 
v 45 0 81 
v 45 0 82 
v 45 0 83 
v 45 0 84 
v 45 0 85 
v 45 0 86 
v 45 0 87 
v 45 0 88 
v 45 0 89 
v 45 0 90 
v 45 0 91 
v 45 0 92 
v 45 0 93 
v 45 0 94 
v 45 0 95 
v 45 0 96 
v 45 0 97 
v 45 0 98 
v 45 0 99 
v 45 0 100 
v 45 0 101 
v 45 0 102 
v 45 0 103 
v 45 0 104 
v 45 0 105 
v 45 0 106 
v 45 0 107 
v 45 0 108 
v 45 0 109 
v 45 0 110 
v 45 0 111 
v 45 0 112 
v 45 0 113 
v 45 0 114 
v 45 0 115 
v 45 0 116 
v 45 0 117 
v 45 0 118 
v 45 0 119 
v 45 0 120 
v 45 0 121 
v 45 0 122 
v 45 0 123 
v 45 0 124 
v 45 0 125 
v 45 0 126 
v 45 0 127 
v 45 0 128 
v 46 0 0 
v 46 0 1 
v 46 0 2 
v 46 0 3 
v 46 0 4 
v 46 0 5 
v 46 0 6 
v 46 0 7 
v 46 0 8 
v 46 0 9 
v 46 0 10 
v 46 0 11 
v 46 0 12 
v 46 0 13 
v 46 0 14 
v 46 0 15 
v 46 0 16 
v 46 0 17 
v 46 0 18 
v 46 0 19 
v 46 0 20 
v 46 0 21 
v 46 0 22 
v 46 0 23 
v 46 0 24 
v 46 0 25 
v 46 0 26 
v 46 0 27 
v 46 0 28 
v 46 0 29 
v 46 0 30 
v 46 0 31 
v 46 0 32 
v 46 0 33 
v 46 0 34 
v 46 0 35 
v 46 0 36 
v 46 0 37 
v 46 0 38 
v 46 0 39 
v 46 0 40 
v 46 0 41 
v 46 0 42 
v 46 0 43 
v 46 0 44 
v 46 0 45 
v 46 0 46 
v 46 0 47 
v 46 0 48 
v 46 0 49 
v 46 0 50 
v 46 0 51 
v 46 0 52 
v 46 0 53 
v 46 0 54 
v 46 0 55 
v 46 0 56 
v 46 0 57 
v 46 0 58 
v 46 0 59 
v 46 0 60 
v 46 0 61 
v 46 0 62 
v 46 0 63 
v 46 0 64 
v 46 0 65 
v 46 0 66 
v 46 0 67 
v 46 0 68 
v 46 0 69 
v 46 0 70 
v 46 0 71 
v 46 0 72 
v 46 0 73 
v 46 0 74 
v 46 0 75 
v 46 0 76 
v 46 0 77 
v 46 0 78 
v 46 0 79 
v 46 0 80 
v 46 0 81 
v 46 0 82 
v 46 0 83 
v 46 0 84 
v 46 0 85 
v 46 0 86 
v 46 0 87 
v 46 0 88 
v 46 0 89 
v 46 0 90 
v 46 0 91 
v 46 0 92 
v 46 0 93 
v 46 0 94 
v 46 0 95 
v 46 0 96 
v 46 0 97 
v 46 0 98 
v 46 0 99 
v 46 0 100 
v 46 0 101 
v 46 0 102 
v 46 0 103 
v 46 0 104 
v 46 0 105 
v 46 0 106 
v 46 0 107 
v 46 0 108 
v 46 0 109 
v 46 0 110 
v 46 0 111 
v 46 0 112 
v 46 0 113 
v 46 0 114 
v 46 0 115 
v 46 0 116 
v 46 0 117 
v 46 0 118 
v 46 0 119 
v 46 0 120 
v 46 0 121 
v 46 0 122 
v 46 0 123 
v 46 0 124 
v 46 0 125 
v 46 0 126 
v 46 0 127 
v 46 0 128 
v 47 0 0 
v 47 0 1 
v 47 0 2 
v 47 0 3 
v 47 0 4 
v 47 0 5 
v 47 0 6 
v 47 0 7 
v 47 0 8 
v 47 0 9 
v 47 0 10 
v 47 0 11 
v 47 0 12 
v 47 0 13 
v 47 0 14 
v 47 0 15 
v 47 0 16 
v 47 0 17 
v 47 0 18 
v 47 0 19 
v 47 0 20 
v 47 0 21 
v 47 0 22 
v 47 0 23 
v 47 0 24 
v 47 0 25 
v 47 0 26 
v 47 0 27 
v 47 0 28 
v 47 0 29 
v 47 0 30 
v 47 0 31 
v 47 0 32 
v 47 0 33 
v 47 0 34 
v 47 0 35 
v 47 0 36 
v 47 0 37 
v 47 0 38 
v 47 0 39 
v 47 0 40 
v 47 0 41 
v 47 0 42 
v 47 0 43 
v 47 0 44 
v 47 0 45 
v 47 0 46 
v 47 0 47 
v 47 0 48 
v 47 0 49 
v 47 0 50 
v 47 0 51 
v 47 0 52 
v 47 0 53 
v 47 0 54 
v 47 0 55 
v 47 0 56 
v 47 0 57 
v 47 0 58 
v 47 0 59 
v 47 0 60 
v 47 0 61 
v 47 0 62 
v 47 0 63 
v 47 0 64 
v 47 0 65 
v 47 0 66 
v 47 0 67 
v 47 0 68 
v 47 0 69 
v 47 0 70 
v 47 0 71 
v 47 0 72 
v 47 0 73 
v 47 0 74 
v 47 0 75 
v 47 0 76 
v 47 0 77 
v 47 0 78 
v 47 0 79 
v 47 0 80 
v 47 0 81 
v 47 0 82 
v 47 0 83 
v 47 0 84 
v 47 0 85 
v 47 0 86 
v 47 0 87 
v 47 0 88 
v 47 0 89 
v 47 0 90 
v 47 0 91 
v 47 0 92 
v 47 0 93 
v 47 0 94 
v 47 0 95 
v 47 0 96 
v 47 0 97 
v 47 0 98 
v 47 0 99 
v 47 0 100 
v 47 0 101 
v 47 0 102 
v 47 0 103 
v 47 0 104 
v 47 0 105 
v 47 0 106 
v 47 0 107 
v 47 0 108 
v 47 0 109 
v 47 0 110 
v 47 0 111 
v 47 0 112 
v 47 0 113 
v 47 0 114 
v 47 0 115 
v 47 0 116 
v 47 0 117 
v 47 0 118 
v 47 0 119 
v 47 0 120 
v 47 0 121 
v 47 0 122 
v 47 0 123 
v 47 0 124 
v 47 0 125 
v 47 0 126 
v 47 0 127 
v 47 0 128 
v 48 0 0 
v 48 0 1 
v 48 0 2 
v 48 0 3 
v 48 0 4 
v 48 0 5 
v 48 0 6 
v 48 0 7 
v 48 0 8 
v 48 0 9 
v 48 0 10 
v 48 0 11 
v 48 0 12 
v 48 0 13 
v 48 0 14 
v 48 0 15 
v 48 0 16 
v 48 0 17 
v 48 0 18 
v 48 0 19 
v 48 0 20 
v 48 0 21 
v 48 0 22 
v 48 0 23 
v 48 0 24 
v 48 0 25 
v 48 0 26 
v 48 0 27 
v 48 0 28 
v 48 0 29 
v 48 0 30 
v 48 0 31 
v 48 0 32 
v 48 0 33 
v 48 0 34 
v 48 0 35 
v 48 0 36 
v 48 0 37 
v 48 0 38 
v 48 0 39 
v 48 0 40 
v 48 0 41 
v 48 0 42 
v 48 0 43 
v 48 0 44 
v 48 0 45 
v 48 0 46 
v 48 0 47 
v 48 0 48 
v 48 0 49 
v 48 0 50 
v 48 0 51 
v 48 0 52 
v 48 0 53 
v 48 0 54 
v 48 0 55 
v 48 0 56 
v 48 0 57 
v 48 0 58 
v 48 0 59 
v 48 0 60 
v 48 0 61 
v 48 0 62 
v 48 0 63 
v 48 0 64 
v 48 0 65 
v 48 0 66 
v 48 0 67 
v 48 0 68 
v 48 0 69 
v 48 0 70 
v 48 0 71 
v 48 0 72 
v 48 0 73 
v 48 0 74 
v 48 0 75 
v 48 0 76 
v 48 0 77 
v 48 0 78 
v 48 0 79 
v 48 0 80 
v 48 0 81 
v 48 0 82 
v 48 0 83 
v 48 0 84 
v 48 0 85 
v 48 0 86 
v 48 0 87 
v 48 0 88 
v 48 0 89 
v 48 0 90 
v 48 0 91 
v 48 0 92 
v 48 0 93 
v 48 0 94 
v 48 0 95 
v 48 0 96 
v 48 0 97 
v 48 0 98 
v 48 0 99 
v 48 0 100 
v 48 0 101 
v 48 0 102 
v 48 0 103 
v 48 0 104 
v 48 0 105 
v 48 0 106 
v 48 0 107 
v 48 0 108 
v 48 0 109 
v 48 0 110 
v 48 0 111 
v 48 0 112 
v 48 0 113 
v 48 0 114 
v 48 0 115 
v 48 0 116 
v 48 0 117 
v 48 0 118 
v 48 0 119 
v 48 0 120 
v 48 0 121 
v 48 0 122 
v 48 0 123 
v 48 0 124 
v 48 0 125 
v 48 0 126 
v 48 0 127 
v 48 0 128 
v 49 0 0 
v 49 0 1 
v 49 0 2 
v 49 0 3 
v 49 0 4 
v 49 0 5 
v 49 0 6 
v 49 0 7 
v 49 0 8 
v 49 0 9 
v 49 0 10 
v 49 0 11 
v 49 0 12 
v 49 0 13 
v 49 0 14 
v 49 0 15 
v 49 0 16 
v 49 0 17 
v 49 0 18 
v 49 0 19 
v 49 0 20 
v 49 0 21 
v 49 0 22 
v 49 0 23 
v 49 0 24 
v 49 0 25 
v 49 0 26 
v 49 0 27 
v 49 0 28 
v 49 0 29 
v 49 0 30 
v 49 0 31 
v 49 0 32 
v 49 0 33 
v 49 0 34 
v 49 0 35 
v 49 0 36 
v 49 0 37 
v 49 0 38 
v 49 0 39 
v 49 0 40 
v 49 0 41 
v 49 0 42 
v 49 0 43 
v 49 0 44 
v 49 0 45 
v 49 0 46 
v 49 0 47 
v 49 0 48 
v 49 0 49 
v 49 0 50 
v 49 0 51 
v 49 0 52 
v 49 0 53 
v 49 0 54 
v 49 0 55 
v 49 0 56 
v 49 0 57 
v 49 0 58 
v 49 0 59 
v 49 0 60 
v 49 0 61 
v 49 0 62 
v 49 0 63 
v 49 0 64 
v 49 0 65 
v 49 0 66 
v 49 0 67 
v 49 0 68 
v 49 0 69 
v 49 0 70 
v 49 0 71 
v 49 0 72 
v 49 0 73 
v 49 0 74 
v 49 0 75 
v 49 0 76 
v 49 0 77 
v 49 0 78 
v 49 0 79 
v 49 0 80 
v 49 0 81 
v 49 0 82 
v 49 0 83 
v 49 0 84 
v 49 0 85 
v 49 0 86 
v 49 0 87 
v 49 0 88 
v 49 0 89 
v 49 0 90 
v 49 0 91 
v 49 0 92 
v 49 0 93 
v 49 0 94 
v 49 0 95 
v 49 0 96 
v 49 0 97 
v 49 0 98 
v 49 0 99 
v 49 0 100 
v 49 0 101 
v 49 0 102 
v 49 0 103 
v 49 0 104 
v 49 0 105 
v 49 0 106 
v 49 0 107 
v 49 0 108 
v 49 0 109 
v 49 0 110 
v 49 0 111 
v 49 0 112 
v 49 0 113 
v 49 0 114 
v 49 0 115 
v 49 0 116 
v 49 0 117 
v 49 0 118 
v 49 0 119 
v 49 0 120 
v 49 0 121 
v 49 0 122 
v 49 0 123 
v 49 0 124 
v 49 0 125 
v 49 0 126 
v 49 0 127 
v 49 0 128 
v 50 0 0 
v 50 0 1 
v 50 0 2 
v 50 0 3 
v 50 0 4 
v 50 0 5 
v 50 0 6 
v 50 0 7 
v 50 0 8 
v 50 0 9 
v 50 0 10 
v 50 0 11 
v 50 0 12 
v 50 0 13 
v 50 0 14 
v 50 0 15 
v 50 0 16 
v 50 0 17 
v 50 0 18 
v 50 0 19 
v 50 0 20 
v 50 0 21 
v 50 0 22 
v 50 0 23 
v 50 0 24 
v 50 0 25 
v 50 0 26 
v 50 0 27 
v 50 0 28 
v 50 0 29 
v 50 0 30 
v 50 0 31 
v 50 0 32 
v 50 0 33 
v 50 0 34 
v 50 0 35 
v 50 0 36 
v 50 0 37 
v 50 0 38 
v 50 0 39 
v 50 0 40 
v 50 0 41 
v 50 0 42 
v 50 0 43 
v 50 0 44 
v 50 0 45 
v 50 0 46 
v 50 0 47 
v 50 0 48 
v 50 0 49 
v 50 0 50 
v 50 0 51 
v 50 0 52 
v 50 0 53 
v 50 0 54 
v 50 0 55 
v 50 0 56 
v 50 0 57 
v 50 0 58 
v 50 0 59 
v 50 0 60 
v 50 0 61 
v 50 0 62 
v 50 0 63 
v 50 0 64 
v 50 0 65 
v 50 0 66 
v 50 0 67 
v 50 0 68 
v 50 0 69 
v 50 0 70 
v 50 0 71 
v 50 0 72 
v 50 0 73 
v 50 0 74 
v 50 0 75 
v 50 0 76 
v 50 0 77 
v 50 0 78 
v 50 0 79 
v 50 0 80 
v 50 0 81 
v 50 0 82 
v 50 0 83 
v 50 0 84 
v 50 0 85 
v 50 0 86 
v 50 0 87 
v 50 0 88 
v 50 0 89 
v 50 0 90 
v 50 0 91 
v 50 0 92 
v 50 0 93 
v 50 0 94 
v 50 0 95 
v 50 0 96 
v 50 0 97 
v 50 0 98 
v 50 0 99 
v 50 0 100 
v 50 0 101 
v 50 0 102 
v 50 0 103 
v 50 0 104 
v 50 0 105 
v 50 0 106 
v 50 0 107 
v 50 0 108 
v 50 0 109 
v 50 0 110 
v 50 0 111 
v 50 0 112 
v 50 0 113 
v 50 0 114 
v 50 0 115 
v 50 0 116 
v 50 0 117 
v 50 0 118 
v 50 0 119 
v 50 0 120 
v 50 0 121 
v 50 0 122 
v 50 0 123 
v 50 0 124 
v 50 0 125 
v 50 0 126 
v 50 0 127 
v 50 0 128 
v 51 0 0 
v 51 0 1 
v 51 0 2 
v 51 0 3 
v 51 0 4 
v 51 0 5 
v 51 0 6 
v 51 0 7 
v 51 0 8 
v 51 0 9 
v 51 0 10 
v 51 0 11 
v 51 0 12 
v 51 0 13 
v 51 0 14 
v 51 0 15 
v 51 0 16 
v 51 0 17 
v 51 0 18 
v 51 0 19 
v 51 0 20 
v 51 0 21 
v 51 0 22 
v 51 0 23 
v 51 0 24 
v 51 0 25 
v 51 0 26 
v 51 0 27 
v 51 0 28 
v 51 0 29 
v 51 0 30 
v 51 0 31 
v 51 0 32 
v 51 0 33 
v 51 0 34 
v 51 0 35 
v 51 0 36 
v 51 0 37 
v 51 0 38 
v 51 0 39 
v 51 0 40 
v 51 0 41 
v 51 0 42 
v 51 0 43 
v 51 0 44 
v 51 0 45 
v 51 0 46 
v 51 0 47 
v 51 0 48 
v 51 0 49 
v 51 0 50 
v 51 0 51 
v 51 0 52 
v 51 0 53 
v 51 0 54 
v 51 0 55 
v 51 0 56 
v 51 0 57 
v 51 0 58 
v 51 0 59 
v 51 0 60 
v 51 0 61 
v 51 0 62 
v 51 0 63 
v 51 0 64 
v 51 0 65 
v 51 0 66 
v 51 0 67 
v 51 0 68 
v 51 0 69 
v 51 0 70 
v 51 0 71 
v 51 0 72 
v 51 0 73 
v 51 0 74 
v 51 0 75 
v 51 0 76 
v 51 0 77 
v 51 0 78 
v 51 0 79 
v 51 0 80 
v 51 0 81 
v 51 0 82 
v 51 0 83 
v 51 0 84 
v 51 0 85 
v 51 0 86 
v 51 0 87 
v 51 0 88 
v 51 0 89 
v 51 0 90 
v 51 0 91 
v 51 0 92 
v 51 0 93 
v 51 0 94 
v 51 0 95 
v 51 0 96 
v 51 0 97 
v 51 0 98 
v 51 0 99 
v 51 0 100 
v 51 0 101 
v 51 0 102 
v 51 0 103 
v 51 0 104 
v 51 0 105 
v 51 0 106 
v 51 0 107 
v 51 0 108 
v 51 0 109 
v 51 0 110 
v 51 0 111 
v 51 0 112 
v 51 0 113 
v 51 0 114 
v 51 0 115 
v 51 0 116 
v 51 0 117 
v 51 0 118 
v 51 0 119 
v 51 0 120 
v 51 0 121 
v 51 0 122 
v 51 0 123 
v 51 0 124 
v 51 0 125 
v 51 0 126 
v 51 0 127 
v 51 0 128 
v 52 0 0 
v 52 0 1 
v 52 0 2 
v 52 0 3 
v 52 0 4 
v 52 0 5 
v 52 0 6 
v 52 0 7 
v 52 0 8 
v 52 0 9 
v 52 0 10 
v 52 0 11 
v 52 0 12 
v 52 0 13 
v 52 0 14 
v 52 0 15 
v 52 0 16 
v 52 0 17 
v 52 0 18 
v 52 0 19 
v 52 0 20 
v 52 0 21 
v 52 0 22 
v 52 0 23 
v 52 0 24 
v 52 0 25 
v 52 0 26 
v 52 0 27 
v 52 0 28 
v 52 0 29 
v 52 0 30 
v 52 0 31 
v 52 0 32 
v 52 0 33 
v 52 0 34 
v 52 0 35 
v 52 0 36 
v 52 0 37 
v 52 0 38 
v 52 0 39 
v 52 0 40 
v 52 0 41 
v 52 0 42 
v 52 0 43 
v 52 0 44 
v 52 0 45 
v 52 0 46 
v 52 0 47 
v 52 0 48 
v 52 0 49 
v 52 0 50 
v 52 0 51 
v 52 0 52 
v 52 0 53 
v 52 0 54 
v 52 0 55 
v 52 0 56 
v 52 0 57 
v 52 0 58 
v 52 0 59 
v 52 0 60 
v 52 0 61 
v 52 0 62 
v 52 0 63 
v 52 0 64 
v 52 0 65 
v 52 0 66 
v 52 0 67 
v 52 0 68 
v 52 0 69 
v 52 0 70 
v 52 0 71 
v 52 0 72 
v 52 0 73 
v 52 0 74 
v 52 0 75 
v 52 0 76 
v 52 0 77 
v 52 0 78 
v 52 0 79 
v 52 0 80 
v 52 0 81 
v 52 0 82 
v 52 0 83 
v 52 0 84 
v 52 0 85 
v 52 0 86 
v 52 0 87 
v 52 0 88 
v 52 0 89 
v 52 0 90 
v 52 0 91 
v 52 0 92 
v 52 0 93 
v 52 0 94 
v 52 0 95 
v 52 0 96 
v 52 0 97 
v 52 0 98 
v 52 0 99 
v 52 0 100 
v 52 0 101 
v 52 0 102 
v 52 0 103 
v 52 0 104 
v 52 0 105 
v 52 0 106 
v 52 0 107 
v 52 0 108 
v 52 0 109 
v 52 0 110 
v 52 0 111 
v 52 0 112 
v 52 0 113 
v 52 0 114 
v 52 0 115 
v 52 0 116 
v 52 0 117 
v 52 0 118 
v 52 0 119 
v 52 0 120 
v 52 0 121 
v 52 0 122 
v 52 0 123 
v 52 0 124 
v 52 0 125 
v 52 0 126 
v 52 0 127 
v 52 0 128 
v 53 0 0 
v 53 0 1 
v 53 0 2 
v 53 0 3 
v 53 0 4 
v 53 0 5 
v 53 0 6 
v 53 0 7 
v 53 0 8 
v 53 0 9 
v 53 0 10 
v 53 0 11 
v 53 0 12 
v 53 0 13 
v 53 0 14 
v 53 0 15 
v 53 0 16 
v 53 0 17 
v 53 0 18 
v 53 0 19 
v 53 0 20 
v 53 0 21 
v 53 0 22 
v 53 0 23 
v 53 0 24 
v 53 0 25 
v 53 0 26 
v 53 0 27 
v 53 0 28 
v 53 0 29 
v 53 0 30 
v 53 0 31 
v 53 0 32 
v 53 0 33 
v 53 0 34 
v 53 0 35 
v 53 0 36 
v 53 0 37 
v 53 0 38 
v 53 0 39 
v 53 0 40 
v 53 0 41 
v 53 0 42 
v 53 0 43 
v 53 0 44 
v 53 0 45 
v 53 0 46 
v 53 0 47 
v 53 0 48 
v 53 0 49 
v 53 0 50 
v 53 0 51 
v 53 0 52 
v 53 0 53 
v 53 0 54 
v 53 0 55 
v 53 0 56 
v 53 0 57 
v 53 0 58 
v 53 0 59 
v 53 0 60 
v 53 0 61 
v 53 0 62 
v 53 0 63 
v 53 0 64 
v 53 0 65 
v 53 0 66 
v 53 0 67 
v 53 0 68 
v 53 0 69 
v 53 0 70 
v 53 0 71 
v 53 0 72 
v 53 0 73 
v 53 0 74 
v 53 0 75 
v 53 0 76 
v 53 0 77 
v 53 0 78 
v 53 0 79 
v 53 0 80 
v 53 0 81 
v 53 0 82 
v 53 0 83 
v 53 0 84 
v 53 0 85 
v 53 0 86 
v 53 0 87 
v 53 0 88 
v 53 0 89 
v 53 0 90 
v 53 0 91 
v 53 0 92 
v 53 0 93 
v 53 0 94 
v 53 0 95 
v 53 0 96 
v 53 0 97 
v 53 0 98 
v 53 0 99 
v 53 0 100 
v 53 0 101 
v 53 0 102 
v 53 0 103 
v 53 0 104 
v 53 0 105 
v 53 0 106 
v 53 0 107 
v 53 0 108 
v 53 0 109 
v 53 0 110 
v 53 0 111 
v 53 0 112 
v 53 0 113 
v 53 0 114 
v 53 0 115 
v 53 0 116 
v 53 0 117 
v 53 0 118 
v 53 0 119 
v 53 0 120 
v 53 0 121 
v 53 0 122 
v 53 0 123 
v 53 0 124 
v 53 0 125 
v 53 0 126 
v 53 0 127 
v 53 0 128 
v 54 0 0 
v 54 0 1 
v 54 0 2 
v 54 0 3 
v 54 0 4 
v 54 0 5 
v 54 0 6 
v 54 0 7 
v 54 0 8 
v 54 0 9 
v 54 0 10 
v 54 0 11 
v 54 0 12 
v 54 0 13 
v 54 0 14 
v 54 0 15 
v 54 0 16 
v 54 0 17 
v 54 0 18 
v 54 0 19 
v 54 0 20 
v 54 0 21 
v 54 0 22 
v 54 0 23 
v 54 0 24 
v 54 0 25 
v 54 0 26 
v 54 0 27 
v 54 0 28 
v 54 0 29 
v 54 0 30 
v 54 0 31 
v 54 0 32 
v 54 0 33 
v 54 0 34 
v 54 0 35 
v 54 0 36 
v 54 0 37 
v 54 0 38 
v 54 0 39 
v 54 0 40 
v 54 0 41 
v 54 0 42 
v 54 0 43 
v 54 0 44 
v 54 0 45 
v 54 0 46 
v 54 0 47 
v 54 0 48 
v 54 0 49 
v 54 0 50 
v 54 0 51 
v 54 0 52 
v 54 0 53 
v 54 0 54 
v 54 0 55 
v 54 0 56 
v 54 0 57 
v 54 0 58 
v 54 0 59 
v 54 0 60 
v 54 0 61 
v 54 0 62 
v 54 0 63 
v 54 0 64 
v 54 0 65 
v 54 0 66 
v 54 0 67 
v 54 0 68 
v 54 0 69 
v 54 0 70 
v 54 0 71 
v 54 0 72 
v 54 0 73 
v 54 0 74 
v 54 0 75 
v 54 0 76 
v 54 0 77 
v 54 0 78 
v 54 0 79 
v 54 0 80 
v 54 0 81 
v 54 0 82 
v 54 0 83 
v 54 0 84 
v 54 0 85 
v 54 0 86 
v 54 0 87 
v 54 0 88 
v 54 0 89 
v 54 0 90 
v 54 0 91 
v 54 0 92 
v 54 0 93 
v 54 0 94 
v 54 0 95 
v 54 0 96 
v 54 0 97 
v 54 0 98 
v 54 0 99 
v 54 0 100 
v 54 0 101 
v 54 0 102 
v 54 0 103 
v 54 0 104 
v 54 0 105 
v 54 0 106 
v 54 0 107 
v 54 0 108 
v 54 0 109 
v 54 0 110 
v 54 0 111 
v 54 0 112 
v 54 0 113 
v 54 0 114 
v 54 0 115 
v 54 0 116 
v 54 0 117 
v 54 0 118 
v 54 0 119 
v 54 0 120 
v 54 0 121 
v 54 0 122 
v 54 0 123 
v 54 0 124 
v 54 0 125 
v 54 0 126 
v 54 0 127 
v 54 0 128 
v 55 0 0 
v 55 0 1 
v 55 0 2 
v 55 0 3 
v 55 0 4 
v 55 0 5 
v 55 0 6 
v 55 0 7 
v 55 0 8 
v 55 0 9 
v 55 0 10 
v 55 0 11 
v 55 0 12 
v 55 0 13 
v 55 0 14 
v 55 0 15 
v 55 0 16 
v 55 0 17 
v 55 0 18 
v 55 0 19 
v 55 0 20 
v 55 0 21 
v 55 0 22 
v 55 0 23 
v 55 0 24 
v 55 0 25 
v 55 0 26 
v 55 0 27 
v 55 0 28 
v 55 0 29 
v 55 0 30 
v 55 0 31 
v 55 0 32 
v 55 0 33 
v 55 0 34 
v 55 0 35 
v 55 0 36 
v 55 0 37 
v 55 0 38 
v 55 0 39 
v 55 0 40 
v 55 0 41 
v 55 0 42 
v 55 0 43 
v 55 0 44 
v 55 0 45 
v 55 0 46 
v 55 0 47 
v 55 0 48 
v 55 0 49 
v 55 0 50 
v 55 0 51 
v 55 0 52 
v 55 0 53 
v 55 0 54 
v 55 0 55 
v 55 0 56 
v 55 0 57 
v 55 0 58 
v 55 0 59 
v 55 0 60 
v 55 0 61 
v 55 0 62 
v 55 0 63 
v 55 0 64 
v 55 0 65 
v 55 0 66 
v 55 0 67 
v 55 0 68 
v 55 0 69 
v 55 0 70 
v 55 0 71 
v 55 0 72 
v 55 0 73 
v 55 0 74 
v 55 0 75 
v 55 0 76 
v 55 0 77 
v 55 0 78 
v 55 0 79 
v 55 0 80 
v 55 0 81 
v 55 0 82 
v 55 0 83 
v 55 0 84 
v 55 0 85 
v 55 0 86 
v 55 0 87 
v 55 0 88 
v 55 0 89 
v 55 0 90 
v 55 0 91 
v 55 0 92 
v 55 0 93 
v 55 0 94 
v 55 0 95 
v 55 0 96 
v 55 0 97 
v 55 0 98 
v 55 0 99 
v 55 0 100 
v 55 0 101 
v 55 0 102 
v 55 0 103 
v 55 0 104 
v 55 0 105 
v 55 0 106 
v 55 0 107 
v 55 0 108 
v 55 0 109 
v 55 0 110 
v 55 0 111 
v 55 0 112 
v 55 0 113 
v 55 0 114 
v 55 0 115 
v 55 0 116 
v 55 0 117 
v 55 0 118 
v 55 0 119 
v 55 0 120 
v 55 0 121 
v 55 0 122 
v 55 0 123 
v 55 0 124 
v 55 0 125 
v 55 0 126 
v 55 0 127 
v 55 0 128 
v 56 0 0 
v 56 0 1 
v 56 0 2 
v 56 0 3 
v 56 0 4 
v 56 0 5 
v 56 0 6 
v 56 0 7 
v 56 0 8 
v 56 0 9 
v 56 0 10 
v 56 0 11 
v 56 0 12 
v 56 0 13 
v 56 0 14 
v 56 0 15 
v 56 0 16 
v 56 0 17 
v 56 0 18 
v 56 0 19 
v 56 0 20 
v 56 0 21 
v 56 0 22 
v 56 0 23 
v 56 0 24 
v 56 0 25 
v 56 0 26 
v 56 0 27 
v 56 0 28 
v 56 0 29 
v 56 0 30 
v 56 0 31 
v 56 0 32 
v 56 0 33 
v 56 0 34 
v 56 0 35 
v 56 0 36 
v 56 0 37 
v 56 0 38 
v 56 0 39 
v 56 0 40 
v 56 0 41 
v 56 0 42 
v 56 0 43 
v 56 0 44 
v 56 0 45 
v 56 0 46 
v 56 0 47 
v 56 0 48 
v 56 0 49 
v 56 0 50 
v 56 0 51 
v 56 0 52 
v 56 0 53 
v 56 0 54 
v 56 0 55 
v 56 0 56 
v 56 0 57 
v 56 0 58 
v 56 0 59 
v 56 0 60 
v 56 0 61 
v 56 0 62 
v 56 0 63 
v 56 0 64 
v 56 0 65 
v 56 0 66 
v 56 0 67 
v 56 0 68 
v 56 0 69 
v 56 0 70 
v 56 0 71 
v 56 0 72 
v 56 0 73 
v 56 0 74 
v 56 0 75 
v 56 0 76 
v 56 0 77 
v 56 0 78 
v 56 0 79 
v 56 0 80 
v 56 0 81 
v 56 0 82 
v 56 0 83 
v 56 0 84 
v 56 0 85 
v 56 0 86 
v 56 0 87 
v 56 0 88 
v 56 0 89 
v 56 0 90 
v 56 0 91 
v 56 0 92 
v 56 0 93 
v 56 0 94 
v 56 0 95 
v 56 0 96 
v 56 0 97 
v 56 0 98 
v 56 0 99 
v 56 0 100 
v 56 0 101 
v 56 0 102 
v 56 0 103 
v 56 0 104 
v 56 0 105 
v 56 0 106 
v 56 0 107 
v 56 0 108 
v 56 0 109 
v 56 0 110 
v 56 0 111 
v 56 0 112 
v 56 0 113 
v 56 0 114 
v 56 0 115 
v 56 0 116 
v 56 0 117 
v 56 0 118 
v 56 0 119 
v 56 0 120 
v 56 0 121 
v 56 0 122 
v 56 0 123 
v 56 0 124 
v 56 0 125 
v 56 0 126 
v 56 0 127 
v 56 0 128 
v 57 0 0 
v 57 0 1 
v 57 0 2 
v 57 0 3 
v 57 0 4 
v 57 0 5 
v 57 0 6 
v 57 0 7 
v 57 0 8 
v 57 0 9 
v 57 0 10 
v 57 0 11 
v 57 0 12 
v 57 0 13 
v 57 0 14 
v 57 0 15 
v 57 0 16 
v 57 0 17 
v 57 0 18 
v 57 0 19 
v 57 0 20 
v 57 0 21 
v 57 0 22 
v 57 0 23 
v 57 0 24 
v 57 0 25 
v 57 0 26 
v 57 0 27 
v 57 0 28 
v 57 0 29 
v 57 0 30 
v 57 0 31 
v 57 0 32 
v 57 0 33 
v 57 0 34 
v 57 0 35 
v 57 0 36 
v 57 0 37 
v 57 0 38 
v 57 0 39 
v 57 0 40 
v 57 0 41 
v 57 0 42 
v 57 0 43 
v 57 0 44 
v 57 0 45 
v 57 0 46 
v 57 0 47 
v 57 0 48 
v 57 0 49 
v 57 0 50 
v 57 0 51 
v 57 0 52 
v 57 0 53 
v 57 0 54 
v 57 0 55 
v 57 0 56 
v 57 0 57 
v 57 0 58 
v 57 0 59 
v 57 0 60 
v 57 0 61 
v 57 0 62 
v 57 0 63 
v 57 0 64 
v 57 0 65 
v 57 0 66 
v 57 0 67 
v 57 0 68 
v 57 0 69 
v 57 0 70 
v 57 0 71 
v 57 0 72 
v 57 0 73 
v 57 0 74 
v 57 0 75 
v 57 0 76 
v 57 0 77 
v 57 0 78 
v 57 0 79 
v 57 0 80 
v 57 0 81 
v 57 0 82 
v 57 0 83 
v 57 0 84 
v 57 0 85 
v 57 0 86 
v 57 0 87 
v 57 0 88 
v 57 0 89 
v 57 0 90 
v 57 0 91 
v 57 0 92 
v 57 0 93 
v 57 0 94 
v 57 0 95 
v 57 0 96 
v 57 0 97 
v 57 0 98 
v 57 0 99 
v 57 0 100 
v 57 0 101 
v 57 0 102 
v 57 0 103 
v 57 0 104 
v 57 0 105 
v 57 0 106 
v 57 0 107 
v 57 0 108 
v 57 0 109 
v 57 0 110 
v 57 0 111 
v 57 0 112 
v 57 0 113 
v 57 0 114 
v 57 0 115 
v 57 0 116 
v 57 0 117 
v 57 0 118 
v 57 0 119 
v 57 0 120 
v 57 0 121 
v 57 0 122 
v 57 0 123 
v 57 0 124 
v 57 0 125 
v 57 0 126 
v 57 0 127 
v 57 0 128 
v 58 0 0 
v 58 0 1 
v 58 0 2 
v 58 0 3 
v 58 0 4 
v 58 0 5 
v 58 0 6 
v 58 0 7 
v 58 0 8 
v 58 0 9 
v 58 0 10 
v 58 0 11 
v 58 0 12 
v 58 0 13 
v 58 0 14 
v 58 0 15 
v 58 0 16 
v 58 0 17 
v 58 0 18 
v 58 0 19 
v 58 0 20 
v 58 0 21 
v 58 0 22 
v 58 0 23 
v 58 0 24 
v 58 0 25 
v 58 0 26 
v 58 0 27 
v 58 0 28 
v 58 0 29 
v 58 0 30 
v 58 0 31 
v 58 0 32 
v 58 0 33 
v 58 0 34 
v 58 0 35 
v 58 0 36 
v 58 0 37 
v 58 0 38 
v 58 0 39 
v 58 0 40 
v 58 0 41 
v 58 0 42 
v 58 0 43 
v 58 0 44 
v 58 0 45 
v 58 0 46 
v 58 0 47 
v 58 0 48 
v 58 0 49 
v 58 0 50 
v 58 0 51 
v 58 0 52 
v 58 0 53 
v 58 0 54 
v 58 0 55 
v 58 0 56 
v 58 0 57 
v 58 0 58 
v 58 0 59 
v 58 0 60 
v 58 0 61 
v 58 0 62 
v 58 0 63 
v 58 0 64 
v 58 0 65 
v 58 0 66 
v 58 0 67 
v 58 0 68 
v 58 0 69 
v 58 0 70 
v 58 0 71 
v 58 0 72 
v 58 0 73 
v 58 0 74 
v 58 0 75 
v 58 0 76 
v 58 0 77 
v 58 0 78 
v 58 0 79 
v 58 0 80 
v 58 0 81 
v 58 0 82 
v 58 0 83 
v 58 0 84 
v 58 0 85 
v 58 0 86 
v 58 0 87 
v 58 0 88 
v 58 0 89 
v 58 0 90 
v 58 0 91 
v 58 0 92 
v 58 0 93 
v 58 0 94 
v 58 0 95 
v 58 0 96 
v 58 0 97 
v 58 0 98 
v 58 0 99 
v 58 0 100 
v 58 0 101 
v 58 0 102 
v 58 0 103 
v 58 0 104 
v 58 0 105 
v 58 0 106 
v 58 0 107 
v 58 0 108 
v 58 0 109 
v 58 0 110 
v 58 0 111 
v 58 0 112 
v 58 0 113 
v 58 0 114 
v 58 0 115 
v 58 0 116 
v 58 0 117 
v 58 0 118 
v 58 0 119 
v 58 0 120 
v 58 0 121 
v 58 0 122 
v 58 0 123 
v 58 0 124 
v 58 0 125 
v 58 0 126 
v 58 0 127 
v 58 0 128 
v 59 0 0 
v 59 0 1 
v 59 0 2 
v 59 0 3 
v 59 0 4 
v 59 0 5 
v 59 0 6 
v 59 0 7 
v 59 0 8 
v 59 0 9 
v 59 0 10 
v 59 0 11 
v 59 0 12 
v 59 0 13 
v 59 0 14 
v 59 0 15 
v 59 0 16 
v 59 0 17 
v 59 0 18 
v 59 0 19 
v 59 0 20 
v 59 0 21 
v 59 0 22 
v 59 0 23 
v 59 0 24 
v 59 0 25 
v 59 0 26 
v 59 0 27 
v 59 0 28 
v 59 0 29 
v 59 0 30 
v 59 0 31 
v 59 0 32 
v 59 0 33 
v 59 0 34 
v 59 0 35 
v 59 0 36 
v 59 0 37 
v 59 0 38 
v 59 0 39 
v 59 0 40 
v 59 0 41 
v 59 0 42 
v 59 0 43 
v 59 0 44 
v 59 0 45 
v 59 0 46 
v 59 0 47 
v 59 0 48 
v 59 0 49 
v 59 0 50 
v 59 0 51 
v 59 0 52 
v 59 0 53 
v 59 0 54 
v 59 0 55 
v 59 0 56 
v 59 0 57 
v 59 0 58 
v 59 0 59 
v 59 0 60 
v 59 0 61 
v 59 0 62 
v 59 0 63 
v 59 0 64 
v 59 0 65 
v 59 0 66 
v 59 0 67 
v 59 0 68 
v 59 0 69 
v 59 0 70 
v 59 0 71 
v 59 0 72 
v 59 0 73 
v 59 0 74 
v 59 0 75 
v 59 0 76 
v 59 0 77 
v 59 0 78 
v 59 0 79 
v 59 0 80 
v 59 0 81 
v 59 0 82 
v 59 0 83 
v 59 0 84 
v 59 0 85 
v 59 0 86 
v 59 0 87 
v 59 0 88 
v 59 0 89 
v 59 0 90 
v 59 0 91 
v 59 0 92 
v 59 0 93 
v 59 0 94 
v 59 0 95 
v 59 0 96 
v 59 0 97 
v 59 0 98 
v 59 0 99 
v 59 0 100 
v 59 0 101 
v 59 0 102 
v 59 0 103 
v 59 0 104 
v 59 0 105 
v 59 0 106 
v 59 0 107 
v 59 0 108 
v 59 0 109 
v 59 0 110 
v 59 0 111 
v 59 0 112 
v 59 0 113 
v 59 0 114 
v 59 0 115 
v 59 0 116 
v 59 0 117 
v 59 0 118 
v 59 0 119 
v 59 0 120 
v 59 0 121 
v 59 0 122 
v 59 0 123 
v 59 0 124 
v 59 0 125 
v 59 0 126 
v 59 0 127 
v 59 0 128 
v 60 0 0 
v 60 0 1 
v 60 0 2 
v 60 0 3 
v 60 0 4 
v 60 0 5 
v 60 0 6 
v 60 0 7 
v 60 0 8 
v 60 0 9 
v 60 0 10 
v 60 0 11 
v 60 0 12 
v 60 0 13 
v 60 0 14 
v 60 0 15 
v 60 0 16 
v 60 0 17 
v 60 0 18 
v 60 0 19 
v 60 0 20 
v 60 0 21 
v 60 0 22 
v 60 0 23 
v 60 0 24 
v 60 0 25 
v 60 0 26 
v 60 0 27 
v 60 0 28 
v 60 0 29 
v 60 0 30 
v 60 0 31 
v 60 0 32 
v 60 0 33 
v 60 0 34 
v 60 0 35 
v 60 0 36 
v 60 0 37 
v 60 0 38 
v 60 0 39 
v 60 0 40 
v 60 0 41 
v 60 0 42 
v 60 0 43 
v 60 0 44 
v 60 0 45 
v 60 0 46 
v 60 0 47 
v 60 0 48 
v 60 0 49 
v 60 0 50 
v 60 0 51 
v 60 0 52 
v 60 0 53 
v 60 0 54 
v 60 0 55 
v 60 0 56 
v 60 0 57 
v 60 0 58 
v 60 0 59 
v 60 0 60 
v 60 0 61 
v 60 0 62 
v 60 0 63 
v 60 0 64 
v 60 0 65 
v 60 0 66 
v 60 0 67 
v 60 0 68 
v 60 0 69 
v 60 0 70 
v 60 0 71 
v 60 0 72 
v 60 0 73 
v 60 0 74 
v 60 0 75 
v 60 0 76 
v 60 0 77 
v 60 0 78 
v 60 0 79 
v 60 0 80 
v 60 0 81 
v 60 0 82 
v 60 0 83 
v 60 0 84 
v 60 0 85 
v 60 0 86 
v 60 0 87 
v 60 0 88 
v 60 0 89 
v 60 0 90 
v 60 0 91 
v 60 0 92 
v 60 0 93 
v 60 0 94 
v 60 0 95 
v 60 0 96 
v 60 0 97 
v 60 0 98 
v 60 0 99 
v 60 0 100 
v 60 0 101 
v 60 0 102 
v 60 0 103 
v 60 0 104 
v 60 0 105 
v 60 0 106 
v 60 0 107 
v 60 0 108 
v 60 0 109 
v 60 0 110 
v 60 0 111 
v 60 0 112 
v 60 0 113 
v 60 0 114 
v 60 0 115 
v 60 0 116 
v 60 0 117 
v 60 0 118 
v 60 0 119 
v 60 0 120 
v 60 0 121 
v 60 0 122 
v 60 0 123 
v 60 0 124 
v 60 0 125 
v 60 0 126 
v 60 0 127 
v 60 0 128 
v 61 0 0 
v 61 0 1 
v 61 0 2 
v 61 0 3 
v 61 0 4 
v 61 0 5 
v 61 0 6 
v 61 0 7 
v 61 0 8 
v 61 0 9 
v 61 0 10 
v 61 0 11 
v 61 0 12 
v 61 0 13 
v 61 0 14 
v 61 0 15 
v 61 0 16 
v 61 0 17 
v 61 0 18 
v 61 0 19 
v 61 0 20 
v 61 0 21 
v 61 0 22 
v 61 0 23 
v 61 0 24 
v 61 0 25 
v 61 0 26 
v 61 0 27 
v 61 0 28 
v 61 0 29 
v 61 0 30 
v 61 0 31 
v 61 0 32 
v 61 0 33 
v 61 0 34 
v 61 0 35 
v 61 0 36 
v 61 0 37 
v 61 0 38 
v 61 0 39 
v 61 0 40 
v 61 0 41 
v 61 0 42 
v 61 0 43 
v 61 0 44 
v 61 0 45 
v 61 0 46 
v 61 0 47 
v 61 0 48 
v 61 0 49 
v 61 0 50 
v 61 0 51 
v 61 0 52 
v 61 0 53 
v 61 0 54 
v 61 0 55 
v 61 0 56 
v 61 0 57 
v 61 0 58 
v 61 0 59 
v 61 0 60 
v 61 0 61 
v 61 0 62 
v 61 0 63 
v 61 0 64 
v 61 0 65 
v 61 0 66 
v 61 0 67 
v 61 0 68 
v 61 0 69 
v 61 0 70 
v 61 0 71 
v 61 0 72 
v 61 0 73 
v 61 0 74 
v 61 0 75 
v 61 0 76 
v 61 0 77 
v 61 0 78 
v 61 0 79 
v 61 0 80 
v 61 0 81 
v 61 0 82 
v 61 0 83 
v 61 0 84 
v 61 0 85 
v 61 0 86 
v 61 0 87 
v 61 0 88 
v 61 0 89 
v 61 0 90 
v 61 0 91 
v 61 0 92 
v 61 0 93 
v 61 0 94 
v 61 0 95 
v 61 0 96 
v 61 0 97 
v 61 0 98 
v 61 0 99 
v 61 0 100 
v 61 0 101 
v 61 0 102 
v 61 0 103 
v 61 0 104 
v 61 0 105 
v 61 0 106 
v 61 0 107 
v 61 0 108 
v 61 0 109 
v 61 0 110 
v 61 0 111 
v 61 0 112 
v 61 0 113 
v 61 0 114 
v 61 0 115 
v 61 0 116 
v 61 0 117 
v 61 0 118 
v 61 0 119 
v 61 0 120 
v 61 0 121 
v 61 0 122 
v 61 0 123 
v 61 0 124 
v 61 0 125 
v 61 0 126 
v 61 0 127 
v 61 0 128 
v 62 0 0 
v 62 0 1 
v 62 0 2 
v 62 0 3 
v 62 0 4 
v 62 0 5 
v 62 0 6 
v 62 0 7 
v 62 0 8 
v 62 0 9 
v 62 0 10 
v 62 0 11 
v 62 0 12 
v 62 0 13 
v 62 0 14 
v 62 0 15 
v 62 0 16 
v 62 0 17 
v 62 0 18 
v 62 0 19 
v 62 0 20 
v 62 0 21 
v 62 0 22 
v 62 0 23 
v 62 0 24 
v 62 0 25 
v 62 0 26 
v 62 0 27 
v 62 0 28 
v 62 0 29 
v 62 0 30 
v 62 0 31 
v 62 0 32 
v 62 0 33 
v 62 0 34 
v 62 0 35 
v 62 0 36 
v 62 0 37 
v 62 0 38 
v 62 0 39 
v 62 0 40 
v 62 0 41 
v 62 0 42 
v 62 0 43 
v 62 0 44 
v 62 0 45 
v 62 0 46 
v 62 0 47 
v 62 0 48 
v 62 0 49 
v 62 0 50 
v 62 0 51 
v 62 0 52 
v 62 0 53 
v 62 0 54 
v 62 0 55 
v 62 0 56 
v 62 0 57 
v 62 0 58 
v 62 0 59 
v 62 0 60 
v 62 0 61 
v 62 0 62 
v 62 0 63 
v 62 0 64 
v 62 0 65 
v 62 0 66 
v 62 0 67 
v 62 0 68 
v 62 0 69 
v 62 0 70 
v 62 0 71 
v 62 0 72 
v 62 0 73 
v 62 0 74 
v 62 0 75 
v 62 0 76 
v 62 0 77 
v 62 0 78 
v 62 0 79 
v 62 0 80 
v 62 0 81 
v 62 0 82 
v 62 0 83 
v 62 0 84 
v 62 0 85 
v 62 0 86 
v 62 0 87 
v 62 0 88 
v 62 0 89 
v 62 0 90 
v 62 0 91 
v 62 0 92 
v 62 0 93 
v 62 0 94 
v 62 0 95 
v 62 0 96 
v 62 0 97 
v 62 0 98 
v 62 0 99 
v 62 0 100 
v 62 0 101 
v 62 0 102 
v 62 0 103 
v 62 0 104 
v 62 0 105 
v 62 0 106 
v 62 0 107 
v 62 0 108 
v 62 0 109 
v 62 0 110 
v 62 0 111 
v 62 0 112 
v 62 0 113 
v 62 0 114 
v 62 0 115 
v 62 0 116 
v 62 0 117 
v 62 0 118 
v 62 0 119 
v 62 0 120 
v 62 0 121 
v 62 0 122 
v 62 0 123 
v 62 0 124 
v 62 0 125 
v 62 0 126 
v 62 0 127 
v 62 0 128 
v 63 0 0 
v 63 0 1 
v 63 0 2 
v 63 0 3 
v 63 0 4 
v 63 0 5 
v 63 0 6 
v 63 0 7 
v 63 0 8 
v 63 0 9 
v 63 0 10 
v 63 0 11 
v 63 0 12 
v 63 0 13 
v 63 0 14 
v 63 0 15 
v 63 0 16 
v 63 0 17 
v 63 0 18 
v 63 0 19 
v 63 0 20 
v 63 0 21 
v 63 0 22 
v 63 0 23 
v 63 0 24 
v 63 0 25 
v 63 0 26 
v 63 0 27 
v 63 0 28 
v 63 0 29 
v 63 0 30 
v 63 0 31 
v 63 0 32 
v 63 0 33 
v 63 0 34 
v 63 0 35 
v 63 0 36 
v 63 0 37 
v 63 0 38 
v 63 0 39 
v 63 0 40 
v 63 0 41 
v 63 0 42 
v 63 0 43 
v 63 0 44 
v 63 0 45 
v 63 0 46 
v 63 0 47 
v 63 0 48 
v 63 0 49 
v 63 0 50 
v 63 0 51 
v 63 0 52 
v 63 0 53 
v 63 0 54 
v 63 0 55 
v 63 0 56 
v 63 0 57 
v 63 0 58 
v 63 0 59 
v 63 0 60 
v 63 0 61 
v 63 0 62 
v 63 0 63 
v 63 0 64 
v 63 0 65 
v 63 0 66 
v 63 0 67 
v 63 0 68 
v 63 0 69 
v 63 0 70 
v 63 0 71 
v 63 0 72 
v 63 0 73 
v 63 0 74 
v 63 0 75 
v 63 0 76 
v 63 0 77 
v 63 0 78 
v 63 0 79 
v 63 0 80 
v 63 0 81 
v 63 0 82 
v 63 0 83 
v 63 0 84 
v 63 0 85 
v 63 0 86 
v 63 0 87 
v 63 0 88 
v 63 0 89 
v 63 0 90 
v 63 0 91 
v 63 0 92 
v 63 0 93 
v 63 0 94 
v 63 0 95 
v 63 0 96 
v 63 0 97 
v 63 0 98 
v 63 0 99 
v 63 0 100 
v 63 0 101 
v 63 0 102 
v 63 0 103 
v 63 0 104 
v 63 0 105 
v 63 0 106 
v 63 0 107 
v 63 0 108 
v 63 0 109 
v 63 0 110 
v 63 0 111 
v 63 0 112 
v 63 0 113 
v 63 0 114 
v 63 0 115 
v 63 0 116 
v 63 0 117 
v 63 0 118 
v 63 0 119 
v 63 0 120 
v 63 0 121 
v 63 0 122 
v 63 0 123 
v 63 0 124 
v 63 0 125 
v 63 0 126 
v 63 0 127 
v 63 0 128 
v 64 0 0 
v 64 0 1 
v 64 0 2 
v 64 0 3 
v 64 0 4 
v 64 0 5 
v 64 0 6 
v 64 0 7 
v 64 0 8 
v 64 0 9 
v 64 0 10 
v 64 0 11 
v 64 0 12 
v 64 0 13 
v 64 0 14 
v 64 0 15 
v 64 0 16 
v 64 0 17 
v 64 0 18 
v 64 0 19 
v 64 0 20 
v 64 0 21 
v 64 0 22 
v 64 0 23 
v 64 0 24 
v 64 0 25 
v 64 0 26 
v 64 0 27 
v 64 0 28 
v 64 0 29 
v 64 0 30 
v 64 0 31 
v 64 0 32 
v 64 0 33 
v 64 0 34 
v 64 0 35 
v 64 0 36 
v 64 0 37 
v 64 0 38 
v 64 0 39 
v 64 0 40 
v 64 0 41 
v 64 0 42 
v 64 0 43 
v 64 0 44 
v 64 0 45 
v 64 0 46 
v 64 0 47 
v 64 0 48 
v 64 0 49 
v 64 0 50 
v 64 0 51 
v 64 0 52 
v 64 0 53 
v 64 0 54 
v 64 0 55 
v 64 0 56 
v 64 0 57 
v 64 0 58 
v 64 0 59 
v 64 0 60 
v 64 0 61 
v 64 0 62 
v 64 0 63 
v 64 0 64 
v 64 0 65 
v 64 0 66 
v 64 0 67 
v 64 0 68 
v 64 0 69 
v 64 0 70 
v 64 0 71 
v 64 0 72 
v 64 0 73 
v 64 0 74 
v 64 0 75 
v 64 0 76 
v 64 0 77 
v 64 0 78 
v 64 0 79 
v 64 0 80 
v 64 0 81 
v 64 0 82 
v 64 0 83 
v 64 0 84 
v 64 0 85 
v 64 0 86 
v 64 0 87 
v 64 0 88 
v 64 0 89 
v 64 0 90 
v 64 0 91 
v 64 0 92 
v 64 0 93 
v 64 0 94 
v 64 0 95 
v 64 0 96 
v 64 0 97 
v 64 0 98 
v 64 0 99 
v 64 0 100 
v 64 0 101 
v 64 0 102 
v 64 0 103 
v 64 0 104 
v 64 0 105 
v 64 0 106 
v 64 0 107 
v 64 0 108 
v 64 0 109 
v 64 0 110 
v 64 0 111 
v 64 0 112 
v 64 0 113 
v 64 0 114 
v 64 0 115 
v 64 0 116 
v 64 0 117 
v 64 0 118 
v 64 0 119 
v 64 0 120 
v 64 0 121 
v 64 0 122 
v 64 0 123 
v 64 0 124 
v 64 0 125 
v 64 0 126 
v 64 0 127 
v 64 0 128 
v 65 0 0 
v 65 0 1 
v 65 0 2 
v 65 0 3 
v 65 0 4 
v 65 0 5 
v 65 0 6 
v 65 0 7 
v 65 0 8 
v 65 0 9 
v 65 0 10 
v 65 0 11 
v 65 0 12 
v 65 0 13 
v 65 0 14 
v 65 0 15 
v 65 0 16 
v 65 0 17 
v 65 0 18 
v 65 0 19 
v 65 0 20 
v 65 0 21 
v 65 0 22 
v 65 0 23 
v 65 0 24 
v 65 0 25 
v 65 0 26 
v 65 0 27 
v 65 0 28 
v 65 0 29 
v 65 0 30 
v 65 0 31 
v 65 0 32 
v 65 0 33 
v 65 0 34 
v 65 0 35 
v 65 0 36 
v 65 0 37 
v 65 0 38 
v 65 0 39 
v 65 0 40 
v 65 0 41 
v 65 0 42 
v 65 0 43 
v 65 0 44 
v 65 0 45 
v 65 0 46 
v 65 0 47 
v 65 0 48 
v 65 0 49 
v 65 0 50 
v 65 0 51 
v 65 0 52 
v 65 0 53 
v 65 0 54 
v 65 0 55 
v 65 0 56 
v 65 0 57 
v 65 0 58 
v 65 0 59 
v 65 0 60 
v 65 0 61 
v 65 0 62 
v 65 0 63 
v 65 0 64 
v 65 0 65 
v 65 0 66 
v 65 0 67 
v 65 0 68 
v 65 0 69 
v 65 0 70 
v 65 0 71 
v 65 0 72 
v 65 0 73 
v 65 0 74 
v 65 0 75 
v 65 0 76 
v 65 0 77 
v 65 0 78 
v 65 0 79 
v 65 0 80 
v 65 0 81 
v 65 0 82 
v 65 0 83 
v 65 0 84 
v 65 0 85 
v 65 0 86 
v 65 0 87 
v 65 0 88 
v 65 0 89 
v 65 0 90 
v 65 0 91 
v 65 0 92 
v 65 0 93 
v 65 0 94 
v 65 0 95 
v 65 0 96 
v 65 0 97 
v 65 0 98 
v 65 0 99 
v 65 0 100 
v 65 0 101 
v 65 0 102 
v 65 0 103 
v 65 0 104 
v 65 0 105 
v 65 0 106 
v 65 0 107 
v 65 0 108 
v 65 0 109 
v 65 0 110 
v 65 0 111 
v 65 0 112 
v 65 0 113 
v 65 0 114 
v 65 0 115 
v 65 0 116 
v 65 0 117 
v 65 0 118 
v 65 0 119 
v 65 0 120 
v 65 0 121 
v 65 0 122 
v 65 0 123 
v 65 0 124 
v 65 0 125 
v 65 0 126 
v 65 0 127 
v 65 0 128 
v 66 0 0 
v 66 0 1 
v 66 0 2 
v 66 0 3 
v 66 0 4 
v 66 0 5 
v 66 0 6 
v 66 0 7 
v 66 0 8 
v 66 0 9 
v 66 0 10 
v 66 0 11 
v 66 0 12 
v 66 0 13 
v 66 0 14 
v 66 0 15 
v 66 0 16 
v 66 0 17 
v 66 0 18 
v 66 0 19 
v 66 0 20 
v 66 0 21 
v 66 0 22 
v 66 0 23 
v 66 0 24 
v 66 0 25 
v 66 0 26 
v 66 0 27 
v 66 0 28 
v 66 0 29 
v 66 0 30 
v 66 0 31 
v 66 0 32 
v 66 0 33 
v 66 0 34 
v 66 0 35 
v 66 0 36 
v 66 0 37 
v 66 0 38 
v 66 0 39 
v 66 0 40 
v 66 0 41 
v 66 0 42 
v 66 0 43 
v 66 0 44 
v 66 0 45 
v 66 0 46 
v 66 0 47 
v 66 0 48 
v 66 0 49 
v 66 0 50 
v 66 0 51 
v 66 0 52 
v 66 0 53 
v 66 0 54 
v 66 0 55 
v 66 0 56 
v 66 0 57 
v 66 0 58 
v 66 0 59 
v 66 0 60 
v 66 0 61 
v 66 0 62 
v 66 0 63 
v 66 0 64 
v 66 0 65 
v 66 0 66 
v 66 0 67 
v 66 0 68 
v 66 0 69 
v 66 0 70 
v 66 0 71 
v 66 0 72 
v 66 0 73 
v 66 0 74 
v 66 0 75 
v 66 0 76 
v 66 0 77 
v 66 0 78 
v 66 0 79 
v 66 0 80 
v 66 0 81 
v 66 0 82 
v 66 0 83 
v 66 0 84 
v 66 0 85 
v 66 0 86 
v 66 0 87 
v 66 0 88 
v 66 0 89 
v 66 0 90 
v 66 0 91 
v 66 0 92 
v 66 0 93 
v 66 0 94 
v 66 0 95 
v 66 0 96 
v 66 0 97 
v 66 0 98 
v 66 0 99 
v 66 0 100 
v 66 0 101 
v 66 0 102 
v 66 0 103 
v 66 0 104 
v 66 0 105 
v 66 0 106 
v 66 0 107 
v 66 0 108 
v 66 0 109 
v 66 0 110 
v 66 0 111 
v 66 0 112 
v 66 0 113 
v 66 0 114 
v 66 0 115 
v 66 0 116 
v 66 0 117 
v 66 0 118 
v 66 0 119 
v 66 0 120 
v 66 0 121 
v 66 0 122 
v 66 0 123 
v 66 0 124 
v 66 0 125 
v 66 0 126 
v 66 0 127 
v 66 0 128 
v 67 0 0 
v 67 0 1 
v 67 0 2 
v 67 0 3 
v 67 0 4 
v 67 0 5 
v 67 0 6 
v 67 0 7 
v 67 0 8 
v 67 0 9 
v 67 0 10 
v 67 0 11 
v 67 0 12 
v 67 0 13 
v 67 0 14 
v 67 0 15 
v 67 0 16 
v 67 0 17 
v 67 0 18 
v 67 0 19 
v 67 0 20 
v 67 0 21 
v 67 0 22 
v 67 0 23 
v 67 0 24 
v 67 0 25 
v 67 0 26 
v 67 0 27 
v 67 0 28 
v 67 0 29 
v 67 0 30 
v 67 0 31 
v 67 0 32 
v 67 0 33 
v 67 0 34 
v 67 0 35 
v 67 0 36 
v 67 0 37 
v 67 0 38 
v 67 0 39 
v 67 0 40 
v 67 0 41 
v 67 0 42 
v 67 0 43 
v 67 0 44 
v 67 0 45 
v 67 0 46 
v 67 0 47 
v 67 0 48 
v 67 0 49 
v 67 0 50 
v 67 0 51 
v 67 0 52 
v 67 0 53 
v 67 0 54 
v 67 0 55 
v 67 0 56 
v 67 0 57 
v 67 0 58 
v 67 0 59 
v 67 0 60 
v 67 0 61 
v 67 0 62 
v 67 0 63 
v 67 0 64 
v 67 0 65 
v 67 0 66 
v 67 0 67 
v 67 0 68 
v 67 0 69 
v 67 0 70 
v 67 0 71 
v 67 0 72 
v 67 0 73 
v 67 0 74 
v 67 0 75 
v 67 0 76 
v 67 0 77 
v 67 0 78 
v 67 0 79 
v 67 0 80 
v 67 0 81 
v 67 0 82 
v 67 0 83 
v 67 0 84 
v 67 0 85 
v 67 0 86 
v 67 0 87 
v 67 0 88 
v 67 0 89 
v 67 0 90 
v 67 0 91 
v 67 0 92 
v 67 0 93 
v 67 0 94 
v 67 0 95 
v 67 0 96 
v 67 0 97 
v 67 0 98 
v 67 0 99 
v 67 0 100 
v 67 0 101 
v 67 0 102 
v 67 0 103 
v 67 0 104 
v 67 0 105 
v 67 0 106 
v 67 0 107 
v 67 0 108 
v 67 0 109 
v 67 0 110 
v 67 0 111 
v 67 0 112 
v 67 0 113 
v 67 0 114 
v 67 0 115 
v 67 0 116 
v 67 0 117 
v 67 0 118 
v 67 0 119 
v 67 0 120 
v 67 0 121 
v 67 0 122 
v 67 0 123 
v 67 0 124 
v 67 0 125 
v 67 0 126 
v 67 0 127 
v 67 0 128 
v 68 0 0 
v 68 0 1 
v 68 0 2 
v 68 0 3 
v 68 0 4 
v 68 0 5 
v 68 0 6 
v 68 0 7 
v 68 0 8 
v 68 0 9 
v 68 0 10 
v 68 0 11 
v 68 0 12 
v 68 0 13 
v 68 0 14 
v 68 0 15 
v 68 0 16 
v 68 0 17 
v 68 0 18 
v 68 0 19 
v 68 0 20 
v 68 0 21 
v 68 0 22 
v 68 0 23 
v 68 0 24 
v 68 0 25 
v 68 0 26 
v 68 0 27 
v 68 0 28 
v 68 0 29 
v 68 0 30 
v 68 0 31 
v 68 0 32 
v 68 0 33 
v 68 0 34 
v 68 0 35 
v 68 0 36 
v 68 0 37 
v 68 0 38 
v 68 0 39 
v 68 0 40 
v 68 0 41 
v 68 0 42 
v 68 0 43 
v 68 0 44 
v 68 0 45 
v 68 0 46 
v 68 0 47 
v 68 0 48 
v 68 0 49 
v 68 0 50 
v 68 0 51 
v 68 0 52 
v 68 0 53 
v 68 0 54 
v 68 0 55 
v 68 0 56 
v 68 0 57 
v 68 0 58 
v 68 0 59 
v 68 0 60 
v 68 0 61 
v 68 0 62 
v 68 0 63 
v 68 0 64 
v 68 0 65 
v 68 0 66 
v 68 0 67 
v 68 0 68 
v 68 0 69 
v 68 0 70 
v 68 0 71 
v 68 0 72 
v 68 0 73 
v 68 0 74 
v 68 0 75 
v 68 0 76 
v 68 0 77 
v 68 0 78 
v 68 0 79 
v 68 0 80 
v 68 0 81 
v 68 0 82 
v 68 0 83 
v 68 0 84 
v 68 0 85 
v 68 0 86 
v 68 0 87 
v 68 0 88 
v 68 0 89 
v 68 0 90 
v 68 0 91 
v 68 0 92 
v 68 0 93 
v 68 0 94 
v 68 0 95 
v 68 0 96 
v 68 0 97 
v 68 0 98 
v 68 0 99 
v 68 0 100 
v 68 0 101 
v 68 0 102 
v 68 0 103 
v 68 0 104 
v 68 0 105 
v 68 0 106 
v 68 0 107 
v 68 0 108 
v 68 0 109 
v 68 0 110 
v 68 0 111 
v 68 0 112 
v 68 0 113 
v 68 0 114 
v 68 0 115 
v 68 0 116 
v 68 0 117 
v 68 0 118 
v 68 0 119 
v 68 0 120 
v 68 0 121 
v 68 0 122 
v 68 0 123 
v 68 0 124 
v 68 0 125 
v 68 0 126 
v 68 0 127 
v 68 0 128 
v 69 0 0 
v 69 0 1 
v 69 0 2 
v 69 0 3 
v 69 0 4 
v 69 0 5 
v 69 0 6 
v 69 0 7 
v 69 0 8 
v 69 0 9 
v 69 0 10 
v 69 0 11 
v 69 0 12 
v 69 0 13 
v 69 0 14 
v 69 0 15 
v 69 0 16 
v 69 0 17 
v 69 0 18 
v 69 0 19 
v 69 0 20 
v 69 0 21 
v 69 0 22 
v 69 0 23 
v 69 0 24 
v 69 0 25 
v 69 0 26 
v 69 0 27 
v 69 0 28 
v 69 0 29 
v 69 0 30 
v 69 0 31 
v 69 0 32 
v 69 0 33 
v 69 0 34 
v 69 0 35 
v 69 0 36 
v 69 0 37 
v 69 0 38 
v 69 0 39 
v 69 0 40 
v 69 0 41 
v 69 0 42 
v 69 0 43 
v 69 0 44 
v 69 0 45 
v 69 0 46 
v 69 0 47 
v 69 0 48 
v 69 0 49 
v 69 0 50 
v 69 0 51 
v 69 0 52 
v 69 0 53 
v 69 0 54 
v 69 0 55 
v 69 0 56 
v 69 0 57 
v 69 0 58 
v 69 0 59 
v 69 0 60 
v 69 0 61 
v 69 0 62 
v 69 0 63 
v 69 0 64 
v 69 0 65 
v 69 0 66 
v 69 0 67 
v 69 0 68 
v 69 0 69 
v 69 0 70 
v 69 0 71 
v 69 0 72 
v 69 0 73 
v 69 0 74 
v 69 0 75 
v 69 0 76 
v 69 0 77 
v 69 0 78 
v 69 0 79 
v 69 0 80 
v 69 0 81 
v 69 0 82 
v 69 0 83 
v 69 0 84 
v 69 0 85 
v 69 0 86 
v 69 0 87 
v 69 0 88 
v 69 0 89 
v 69 0 90 
v 69 0 91 
v 69 0 92 
v 69 0 93 
v 69 0 94 
v 69 0 95 
v 69 0 96 
v 69 0 97 
v 69 0 98 
v 69 0 99 
v 69 0 100 
v 69 0 101 
v 69 0 102 
v 69 0 103 
v 69 0 104 
v 69 0 105 
v 69 0 106 
v 69 0 107 
v 69 0 108 
v 69 0 109 
v 69 0 110 
v 69 0 111 
v 69 0 112 
v 69 0 113 
v 69 0 114 
v 69 0 115 
v 69 0 116 
v 69 0 117 
v 69 0 118 
v 69 0 119 
v 69 0 120 
v 69 0 121 
v 69 0 122 
v 69 0 123 
v 69 0 124 
v 69 0 125 
v 69 0 126 
v 69 0 127 
v 69 0 128 
v 70 0 0 
v 70 0 1 
v 70 0 2 
v 70 0 3 
v 70 0 4 
v 70 0 5 
v 70 0 6 
v 70 0 7 
v 70 0 8 
v 70 0 9 
v 70 0 10 
v 70 0 11 
v 70 0 12 
v 70 0 13 
v 70 0 14 
v 70 0 15 
v 70 0 16 
v 70 0 17 
v 70 0 18 
v 70 0 19 
v 70 0 20 
v 70 0 21 
v 70 0 22 
v 70 0 23 
v 70 0 24 
v 70 0 25 
v 70 0 26 
v 70 0 27 
v 70 0 28 
v 70 0 29 
v 70 0 30 
v 70 0 31 
v 70 0 32 
v 70 0 33 
v 70 0 34 
v 70 0 35 
v 70 0 36 
v 70 0 37 
v 70 0 38 
v 70 0 39 
v 70 0 40 
v 70 0 41 
v 70 0 42 
v 70 0 43 
v 70 0 44 
v 70 0 45 
v 70 0 46 
v 70 0 47 
v 70 0 48 
v 70 0 49 
v 70 0 50 
v 70 0 51 
v 70 0 52 
v 70 0 53 
v 70 0 54 
v 70 0 55 
v 70 0 56 
v 70 0 57 
v 70 0 58 
v 70 0 59 
v 70 0 60 
v 70 0 61 
v 70 0 62 
v 70 0 63 
v 70 0 64 
v 70 0 65 
v 70 0 66 
v 70 0 67 
v 70 0 68 
v 70 0 69 
v 70 0 70 
v 70 0 71 
v 70 0 72 
v 70 0 73 
v 70 0 74 
v 70 0 75 
v 70 0 76 
v 70 0 77 
v 70 0 78 
v 70 0 79 
v 70 0 80 
v 70 0 81 
v 70 0 82 
v 70 0 83 
v 70 0 84 
v 70 0 85 
v 70 0 86 
v 70 0 87 
v 70 0 88 
v 70 0 89 
v 70 0 90 
v 70 0 91 
v 70 0 92 
v 70 0 93 
v 70 0 94 
v 70 0 95 
v 70 0 96 
v 70 0 97 
v 70 0 98 
v 70 0 99 
v 70 0 100 
v 70 0 101 
v 70 0 102 
v 70 0 103 
v 70 0 104 
v 70 0 105 
v 70 0 106 
v 70 0 107 
v 70 0 108 
v 70 0 109 
v 70 0 110 
v 70 0 111 
v 70 0 112 
v 70 0 113 
v 70 0 114 
v 70 0 115 
v 70 0 116 
v 70 0 117 
v 70 0 118 
v 70 0 119 
v 70 0 120 
v 70 0 121 
v 70 0 122 
v 70 0 123 
v 70 0 124 
v 70 0 125 
v 70 0 126 
v 70 0 127 
v 70 0 128 
v 71 0 0 
v 71 0 1 
v 71 0 2 
v 71 0 3 
v 71 0 4 
v 71 0 5 
v 71 0 6 
v 71 0 7 
v 71 0 8 
v 71 0 9 
v 71 0 10 
v 71 0 11 
v 71 0 12 
v 71 0 13 
v 71 0 14 
v 71 0 15 
v 71 0 16 
v 71 0 17 
v 71 0 18 
v 71 0 19 
v 71 0 20 
v 71 0 21 
v 71 0 22 
v 71 0 23 
v 71 0 24 
v 71 0 25 
v 71 0 26 
v 71 0 27 
v 71 0 28 
v 71 0 29 
v 71 0 30 
v 71 0 31 
v 71 0 32 
v 71 0 33 
v 71 0 34 
v 71 0 35 
v 71 0 36 
v 71 0 37 
v 71 0 38 
v 71 0 39 
v 71 0 40 
v 71 0 41 
v 71 0 42 
v 71 0 43 
v 71 0 44 
v 71 0 45 
v 71 0 46 
v 71 0 47 
v 71 0 48 
v 71 0 49 
v 71 0 50 
v 71 0 51 
v 71 0 52 
v 71 0 53 
v 71 0 54 
v 71 0 55 
v 71 0 56 
v 71 0 57 
v 71 0 58 
v 71 0 59 
v 71 0 60 
v 71 0 61 
v 71 0 62 
v 71 0 63 
v 71 0 64 
v 71 0 65 
v 71 0 66 
v 71 0 67 
v 71 0 68 
v 71 0 69 
v 71 0 70 
v 71 0 71 
v 71 0 72 
v 71 0 73 
v 71 0 74 
v 71 0 75 
v 71 0 76 
v 71 0 77 
v 71 0 78 
v 71 0 79 
v 71 0 80 
v 71 0 81 
v 71 0 82 
v 71 0 83 
v 71 0 84 
v 71 0 85 
v 71 0 86 
v 71 0 87 
v 71 0 88 
v 71 0 89 
v 71 0 90 
v 71 0 91 
v 71 0 92 
v 71 0 93 
v 71 0 94 
v 71 0 95 
v 71 0 96 
v 71 0 97 
v 71 0 98 
v 71 0 99 
v 71 0 100 
v 71 0 101 
v 71 0 102 
v 71 0 103 
v 71 0 104 
v 71 0 105 
v 71 0 106 
v 71 0 107 
v 71 0 108 
v 71 0 109 
v 71 0 110 
v 71 0 111 
v 71 0 112 
v 71 0 113 
v 71 0 114 
v 71 0 115 
v 71 0 116 
v 71 0 117 
v 71 0 118 
v 71 0 119 
v 71 0 120 
v 71 0 121 
v 71 0 122 
v 71 0 123 
v 71 0 124 
v 71 0 125 
v 71 0 126 
v 71 0 127 
v 71 0 128 
v 72 0 0 
v 72 0 1 
v 72 0 2 
v 72 0 3 
v 72 0 4 
v 72 0 5 
v 72 0 6 
v 72 0 7 
v 72 0 8 
v 72 0 9 
v 72 0 10 
v 72 0 11 
v 72 0 12 
v 72 0 13 
v 72 0 14 
v 72 0 15 
v 72 0 16 
v 72 0 17 
v 72 0 18 
v 72 0 19 
v 72 0 20 
v 72 0 21 
v 72 0 22 
v 72 0 23 
v 72 0 24 
v 72 0 25 
v 72 0 26 
v 72 0 27 
v 72 0 28 
v 72 0 29 
v 72 0 30 
v 72 0 31 
v 72 0 32 
v 72 0 33 
v 72 0 34 
v 72 0 35 
v 72 0 36 
v 72 0 37 
v 72 0 38 
v 72 0 39 
v 72 0 40 
v 72 0 41 
v 72 0 42 
v 72 0 43 
v 72 0 44 
v 72 0 45 
v 72 0 46 
v 72 0 47 
v 72 0 48 
v 72 0 49 
v 72 0 50 
v 72 0 51 
v 72 0 52 
v 72 0 53 
v 72 0 54 
v 72 0 55 
v 72 0 56 
v 72 0 57 
v 72 0 58 
v 72 0 59 
v 72 0 60 
v 72 0 61 
v 72 0 62 
v 72 0 63 
v 72 0 64 
v 72 0 65 
v 72 0 66 
v 72 0 67 
v 72 0 68 
v 72 0 69 
v 72 0 70 
v 72 0 71 
v 72 0 72 
v 72 0 73 
v 72 0 74 
v 72 0 75 
v 72 0 76 
v 72 0 77 
v 72 0 78 
v 72 0 79 
v 72 0 80 
v 72 0 81 
v 72 0 82 
v 72 0 83 
v 72 0 84 
v 72 0 85 
v 72 0 86 
v 72 0 87 
v 72 0 88 
v 72 0 89 
v 72 0 90 
v 72 0 91 
v 72 0 92 
v 72 0 93 
v 72 0 94 
v 72 0 95 
v 72 0 96 
v 72 0 97 
v 72 0 98 
v 72 0 99 
v 72 0 100 
v 72 0 101 
v 72 0 102 
v 72 0 103 
v 72 0 104 
v 72 0 105 
v 72 0 106 
v 72 0 107 
v 72 0 108 
v 72 0 109 
v 72 0 110 
v 72 0 111 
v 72 0 112 
v 72 0 113 
v 72 0 114 
v 72 0 115 
v 72 0 116 
v 72 0 117 
v 72 0 118 
v 72 0 119 
v 72 0 120 
v 72 0 121 
v 72 0 122 
v 72 0 123 
v 72 0 124 
v 72 0 125 
v 72 0 126 
v 72 0 127 
v 72 0 128 
v 73 0 0 
v 73 0 1 
v 73 0 2 
v 73 0 3 
v 73 0 4 
v 73 0 5 
v 73 0 6 
v 73 0 7 
v 73 0 8 
v 73 0 9 
v 73 0 10 
v 73 0 11 
v 73 0 12 
v 73 0 13 
v 73 0 14 
v 73 0 15 
v 73 0 16 
v 73 0 17 
v 73 0 18 
v 73 0 19 
v 73 0 20 
v 73 0 21 
v 73 0 22 
v 73 0 23 
v 73 0 24 
v 73 0 25 
v 73 0 26 
v 73 0 27 
v 73 0 28 
v 73 0 29 
v 73 0 30 
v 73 0 31 
v 73 0 32 
v 73 0 33 
v 73 0 34 
v 73 0 35 
v 73 0 36 
v 73 0 37 
v 73 0 38 
v 73 0 39 
v 73 0 40 
v 73 0 41 
v 73 0 42 
v 73 0 43 
v 73 0 44 
v 73 0 45 
v 73 0 46 
v 73 0 47 
v 73 0 48 
v 73 0 49 
v 73 0 50 
v 73 0 51 
v 73 0 52 
v 73 0 53 
v 73 0 54 
v 73 0 55 
v 73 0 56 
v 73 0 57 
v 73 0 58 
v 73 0 59 
v 73 0 60 
v 73 0 61 
v 73 0 62 
v 73 0 63 
v 73 0 64 
v 73 0 65 
v 73 0 66 
v 73 0 67 
v 73 0 68 
v 73 0 69 
v 73 0 70 
v 73 0 71 
v 73 0 72 
v 73 0 73 
v 73 0 74 
v 73 0 75 
v 73 0 76 
v 73 0 77 
v 73 0 78 
v 73 0 79 
v 73 0 80 
v 73 0 81 
v 73 0 82 
v 73 0 83 
v 73 0 84 
v 73 0 85 
v 73 0 86 
v 73 0 87 
v 73 0 88 
v 73 0 89 
v 73 0 90 
v 73 0 91 
v 73 0 92 
v 73 0 93 
v 73 0 94 
v 73 0 95 
v 73 0 96 
v 73 0 97 
v 73 0 98 
v 73 0 99 
v 73 0 100 
v 73 0 101 
v 73 0 102 
v 73 0 103 
v 73 0 104 
v 73 0 105 
v 73 0 106 
v 73 0 107 
v 73 0 108 
v 73 0 109 
v 73 0 110 
v 73 0 111 
v 73 0 112 
v 73 0 113 
v 73 0 114 
v 73 0 115 
v 73 0 116 
v 73 0 117 
v 73 0 118 
v 73 0 119 
v 73 0 120 
v 73 0 121 
v 73 0 122 
v 73 0 123 
v 73 0 124 
v 73 0 125 
v 73 0 126 
v 73 0 127 
v 73 0 128 
v 74 0 0 
v 74 0 1 
v 74 0 2 
v 74 0 3 
v 74 0 4 
v 74 0 5 
v 74 0 6 
v 74 0 7 
v 74 0 8 
v 74 0 9 
v 74 0 10 
v 74 0 11 
v 74 0 12 
v 74 0 13 
v 74 0 14 
v 74 0 15 
v 74 0 16 
v 74 0 17 
v 74 0 18 
v 74 0 19 
v 74 0 20 
v 74 0 21 
v 74 0 22 
v 74 0 23 
v 74 0 24 
v 74 0 25 
v 74 0 26 
v 74 0 27 
v 74 0 28 
v 74 0 29 
v 74 0 30 
v 74 0 31 
v 74 0 32 
v 74 0 33 
v 74 0 34 
v 74 0 35 
v 74 0 36 
v 74 0 37 
v 74 0 38 
v 74 0 39 
v 74 0 40 
v 74 0 41 
v 74 0 42 
v 74 0 43 
v 74 0 44 
v 74 0 45 
v 74 0 46 
v 74 0 47 
v 74 0 48 
v 74 0 49 
v 74 0 50 
v 74 0 51 
v 74 0 52 
v 74 0 53 
v 74 0 54 
v 74 0 55 
v 74 0 56 
v 74 0 57 
v 74 0 58 
v 74 0 59 
v 74 0 60 
v 74 0 61 
v 74 0 62 
v 74 0 63 
v 74 0 64 
v 74 0 65 
v 74 0 66 
v 74 0 67 
v 74 0 68 
v 74 0 69 
v 74 0 70 
v 74 0 71 
v 74 0 72 
v 74 0 73 
v 74 0 74 
v 74 0 75 
v 74 0 76 
v 74 0 77 
v 74 0 78 
v 74 0 79 
v 74 0 80 
v 74 0 81 
v 74 0 82 
v 74 0 83 
v 74 0 84 
v 74 0 85 
v 74 0 86 
v 74 0 87 
v 74 0 88 
v 74 0 89 
v 74 0 90 
v 74 0 91 
v 74 0 92 
v 74 0 93 
v 74 0 94 
v 74 0 95 
v 74 0 96 
v 74 0 97 
v 74 0 98 
v 74 0 99 
v 74 0 100 
v 74 0 101 
v 74 0 102 
v 74 0 103 
v 74 0 104 
v 74 0 105 
v 74 0 106 
v 74 0 107 
v 74 0 108 
v 74 0 109 
v 74 0 110 
v 74 0 111 
v 74 0 112 
v 74 0 113 
v 74 0 114 
v 74 0 115 
v 74 0 116 
v 74 0 117 
v 74 0 118 
v 74 0 119 
v 74 0 120 
v 74 0 121 
v 74 0 122 
v 74 0 123 
v 74 0 124 
v 74 0 125 
v 74 0 126 
v 74 0 127 
v 74 0 128 
v 75 0 0 
v 75 0 1 
v 75 0 2 
v 75 0 3 
v 75 0 4 
v 75 0 5 
v 75 0 6 
v 75 0 7 
v 75 0 8 
v 75 0 9 
v 75 0 10 
v 75 0 11 
v 75 0 12 
v 75 0 13 
v 75 0 14 
v 75 0 15 
v 75 0 16 
v 75 0 17 
v 75 0 18 
v 75 0 19 
v 75 0 20 
v 75 0 21 
v 75 0 22 
v 75 0 23 
v 75 0 24 
v 75 0 25 
v 75 0 26 
v 75 0 27 
v 75 0 28 
v 75 0 29 
v 75 0 30 
v 75 0 31 
v 75 0 32 
v 75 0 33 
v 75 0 34 
v 75 0 35 
v 75 0 36 
v 75 0 37 
v 75 0 38 
v 75 0 39 
v 75 0 40 
v 75 0 41 
v 75 0 42 
v 75 0 43 
v 75 0 44 
v 75 0 45 
v 75 0 46 
v 75 0 47 
v 75 0 48 
v 75 0 49 
v 75 0 50 
v 75 0 51 
v 75 0 52 
v 75 0 53 
v 75 0 54 
v 75 0 55 
v 75 0 56 
v 75 0 57 
v 75 0 58 
v 75 0 59 
v 75 0 60 
v 75 0 61 
v 75 0 62 
v 75 0 63 
v 75 0 64 
v 75 0 65 
v 75 0 66 
v 75 0 67 
v 75 0 68 
v 75 0 69 
v 75 0 70 
v 75 0 71 
v 75 0 72 
v 75 0 73 
v 75 0 74 
v 75 0 75 
v 75 0 76 
v 75 0 77 
v 75 0 78 
v 75 0 79 
v 75 0 80 
v 75 0 81 
v 75 0 82 
v 75 0 83 
v 75 0 84 
v 75 0 85 
v 75 0 86 
v 75 0 87 
v 75 0 88 
v 75 0 89 
v 75 0 90 
v 75 0 91 
v 75 0 92 
v 75 0 93 
v 75 0 94 
v 75 0 95 
v 75 0 96 
v 75 0 97 
v 75 0 98 
v 75 0 99 
v 75 0 100 
v 75 0 101 
v 75 0 102 
v 75 0 103 
v 75 0 104 
v 75 0 105 
v 75 0 106 
v 75 0 107 
v 75 0 108 
v 75 0 109 
v 75 0 110 
v 75 0 111 
v 75 0 112 
v 75 0 113 
v 75 0 114 
v 75 0 115 
v 75 0 116 
v 75 0 117 
v 75 0 118 
v 75 0 119 
v 75 0 120 
v 75 0 121 
v 75 0 122 
v 75 0 123 
v 75 0 124 
v 75 0 125 
v 75 0 126 
v 75 0 127 
v 75 0 128 
v 76 0 0 
v 76 0 1 
v 76 0 2 
v 76 0 3 
v 76 0 4 
v 76 0 5 
v 76 0 6 
v 76 0 7 
v 76 0 8 
v 76 0 9 
v 76 0 10 
v 76 0 11 
v 76 0 12 
v 76 0 13 
v 76 0 14 
v 76 0 15 
v 76 0 16 
v 76 0 17 
v 76 0 18 
v 76 0 19 
v 76 0 20 
v 76 0 21 
v 76 0 22 
v 76 0 23 
v 76 0 24 
v 76 0 25 
v 76 0 26 
v 76 0 27 
v 76 0 28 
v 76 0 29 
v 76 0 30 
v 76 0 31 
v 76 0 32 
v 76 0 33 
v 76 0 34 
v 76 0 35 
v 76 0 36 
v 76 0 37 
v 76 0 38 
v 76 0 39 
v 76 0 40 
v 76 0 41 
v 76 0 42 
v 76 0 43 
v 76 0 44 
v 76 0 45 
v 76 0 46 
v 76 0 47 
v 76 0 48 
v 76 0 49 
v 76 0 50 
v 76 0 51 
v 76 0 52 
v 76 0 53 
v 76 0 54 
v 76 0 55 
v 76 0 56 
v 76 0 57 
v 76 0 58 
v 76 0 59 
v 76 0 60 
v 76 0 61 
v 76 0 62 
v 76 0 63 
v 76 0 64 
v 76 0 65 
v 76 0 66 
v 76 0 67 
v 76 0 68 
v 76 0 69 
v 76 0 70 
v 76 0 71 
v 76 0 72 
v 76 0 73 
v 76 0 74 
v 76 0 75 
v 76 0 76 
v 76 0 77 
v 76 0 78 
v 76 0 79 
v 76 0 80 
v 76 0 81 
v 76 0 82 
v 76 0 83 
v 76 0 84 
v 76 0 85 
v 76 0 86 
v 76 0 87 
v 76 0 88 
v 76 0 89 
v 76 0 90 
v 76 0 91 
v 76 0 92 
v 76 0 93 
v 76 0 94 
v 76 0 95 
v 76 0 96 
v 76 0 97 
v 76 0 98 
v 76 0 99 
v 76 0 100 
v 76 0 101 
v 76 0 102 
v 76 0 103 
v 76 0 104 
v 76 0 105 
v 76 0 106 
v 76 0 107 
v 76 0 108 
v 76 0 109 
v 76 0 110 
v 76 0 111 
v 76 0 112 
v 76 0 113 
v 76 0 114 
v 76 0 115 
v 76 0 116 
v 76 0 117 
v 76 0 118 
v 76 0 119 
v 76 0 120 
v 76 0 121 
v 76 0 122 
v 76 0 123 
v 76 0 124 
v 76 0 125 
v 76 0 126 
v 76 0 127 
v 76 0 128 
v 77 0 0 
v 77 0 1 
v 77 0 2 
v 77 0 3 
v 77 0 4 
v 77 0 5 
v 77 0 6 
v 77 0 7 
v 77 0 8 
v 77 0 9 
v 77 0 10 
v 77 0 11 
v 77 0 12 
v 77 0 13 
v 77 0 14 
v 77 0 15 
v 77 0 16 
v 77 0 17 
v 77 0 18 
v 77 0 19 
v 77 0 20 
v 77 0 21 
v 77 0 22 
v 77 0 23 
v 77 0 24 
v 77 0 25 
v 77 0 26 
v 77 0 27 
v 77 0 28 
v 77 0 29 
v 77 0 30 
v 77 0 31 
v 77 0 32 
v 77 0 33 
v 77 0 34 
v 77 0 35 
v 77 0 36 
v 77 0 37 
v 77 0 38 
v 77 0 39 
v 77 0 40 
v 77 0 41 
v 77 0 42 
v 77 0 43 
v 77 0 44 
v 77 0 45 
v 77 0 46 
v 77 0 47 
v 77 0 48 
v 77 0 49 
v 77 0 50 
v 77 0 51 
v 77 0 52 
v 77 0 53 
v 77 0 54 
v 77 0 55 
v 77 0 56 
v 77 0 57 
v 77 0 58 
v 77 0 59 
v 77 0 60 
v 77 0 61 
v 77 0 62 
v 77 0 63 
v 77 0 64 
v 77 0 65 
v 77 0 66 
v 77 0 67 
v 77 0 68 
v 77 0 69 
v 77 0 70 
v 77 0 71 
v 77 0 72 
v 77 0 73 
v 77 0 74 
v 77 0 75 
v 77 0 76 
v 77 0 77 
v 77 0 78 
v 77 0 79 
v 77 0 80 
v 77 0 81 
v 77 0 82 
v 77 0 83 
v 77 0 84 
v 77 0 85 
v 77 0 86 
v 77 0 87 
v 77 0 88 
v 77 0 89 
v 77 0 90 
v 77 0 91 
v 77 0 92 
v 77 0 93 
v 77 0 94 
v 77 0 95 
v 77 0 96 
v 77 0 97 
v 77 0 98 
v 77 0 99 
v 77 0 100 
v 77 0 101 
v 77 0 102 
v 77 0 103 
v 77 0 104 
v 77 0 105 
v 77 0 106 
v 77 0 107 
v 77 0 108 
v 77 0 109 
v 77 0 110 
v 77 0 111 
v 77 0 112 
v 77 0 113 
v 77 0 114 
v 77 0 115 
v 77 0 116 
v 77 0 117 
v 77 0 118 
v 77 0 119 
v 77 0 120 
v 77 0 121 
v 77 0 122 
v 77 0 123 
v 77 0 124 
v 77 0 125 
v 77 0 126 
v 77 0 127 
v 77 0 128 
v 78 0 0 
v 78 0 1 
v 78 0 2 
v 78 0 3 
v 78 0 4 
v 78 0 5 
v 78 0 6 
v 78 0 7 
v 78 0 8 
v 78 0 9 
v 78 0 10 
v 78 0 11 
v 78 0 12 
v 78 0 13 
v 78 0 14 
v 78 0 15 
v 78 0 16 
v 78 0 17 
v 78 0 18 
v 78 0 19 
v 78 0 20 
v 78 0 21 
v 78 0 22 
v 78 0 23 
v 78 0 24 
v 78 0 25 
v 78 0 26 
v 78 0 27 
v 78 0 28 
v 78 0 29 
v 78 0 30 
v 78 0 31 
v 78 0 32 
v 78 0 33 
v 78 0 34 
v 78 0 35 
v 78 0 36 
v 78 0 37 
v 78 0 38 
v 78 0 39 
v 78 0 40 
v 78 0 41 
v 78 0 42 
v 78 0 43 
v 78 0 44 
v 78 0 45 
v 78 0 46 
v 78 0 47 
v 78 0 48 
v 78 0 49 
v 78 0 50 
v 78 0 51 
v 78 0 52 
v 78 0 53 
v 78 0 54 
v 78 0 55 
v 78 0 56 
v 78 0 57 
v 78 0 58 
v 78 0 59 
v 78 0 60 
v 78 0 61 
v 78 0 62 
v 78 0 63 
v 78 0 64 
v 78 0 65 
v 78 0 66 
v 78 0 67 
v 78 0 68 
v 78 0 69 
v 78 0 70 
v 78 0 71 
v 78 0 72 
v 78 0 73 
v 78 0 74 
v 78 0 75 
v 78 0 76 
v 78 0 77 
v 78 0 78 
v 78 0 79 
v 78 0 80 
v 78 0 81 
v 78 0 82 
v 78 0 83 
v 78 0 84 
v 78 0 85 
v 78 0 86 
v 78 0 87 
v 78 0 88 
v 78 0 89 
v 78 0 90 
v 78 0 91 
v 78 0 92 
v 78 0 93 
v 78 0 94 
v 78 0 95 
v 78 0 96 
v 78 0 97 
v 78 0 98 
v 78 0 99 
v 78 0 100 
v 78 0 101 
v 78 0 102 
v 78 0 103 
v 78 0 104 
v 78 0 105 
v 78 0 106 
v 78 0 107 
v 78 0 108 
v 78 0 109 
v 78 0 110 
v 78 0 111 
v 78 0 112 
v 78 0 113 
v 78 0 114 
v 78 0 115 
v 78 0 116 
v 78 0 117 
v 78 0 118 
v 78 0 119 
v 78 0 120 
v 78 0 121 
v 78 0 122 
v 78 0 123 
v 78 0 124 
v 78 0 125 
v 78 0 126 
v 78 0 127 
v 78 0 128 
v 79 0 0 
v 79 0 1 
v 79 0 2 
v 79 0 3 
v 79 0 4 
v 79 0 5 
v 79 0 6 
v 79 0 7 
v 79 0 8 
v 79 0 9 
v 79 0 10 
v 79 0 11 
v 79 0 12 
v 79 0 13 
v 79 0 14 
v 79 0 15 
v 79 0 16 
v 79 0 17 
v 79 0 18 
v 79 0 19 
v 79 0 20 
v 79 0 21 
v 79 0 22 
v 79 0 23 
v 79 0 24 
v 79 0 25 
v 79 0 26 
v 79 0 27 
v 79 0 28 
v 79 0 29 
v 79 0 30 
v 79 0 31 
v 79 0 32 
v 79 0 33 
v 79 0 34 
v 79 0 35 
v 79 0 36 
v 79 0 37 
v 79 0 38 
v 79 0 39 
v 79 0 40 
v 79 0 41 
v 79 0 42 
v 79 0 43 
v 79 0 44 
v 79 0 45 
v 79 0 46 
v 79 0 47 
v 79 0 48 
v 79 0 49 
v 79 0 50 
v 79 0 51 
v 79 0 52 
v 79 0 53 
v 79 0 54 
v 79 0 55 
v 79 0 56 
v 79 0 57 
v 79 0 58 
v 79 0 59 
v 79 0 60 
v 79 0 61 
v 79 0 62 
v 79 0 63 
v 79 0 64 
v 79 0 65 
v 79 0 66 
v 79 0 67 
v 79 0 68 
v 79 0 69 
v 79 0 70 
v 79 0 71 
v 79 0 72 
v 79 0 73 
v 79 0 74 
v 79 0 75 
v 79 0 76 
v 79 0 77 
v 79 0 78 
v 79 0 79 
v 79 0 80 
v 79 0 81 
v 79 0 82 
v 79 0 83 
v 79 0 84 
v 79 0 85 
v 79 0 86 
v 79 0 87 
v 79 0 88 
v 79 0 89 
v 79 0 90 
v 79 0 91 
v 79 0 92 
v 79 0 93 
v 79 0 94 
v 79 0 95 
v 79 0 96 
v 79 0 97 
v 79 0 98 
v 79 0 99 
v 79 0 100 
v 79 0 101 
v 79 0 102 
v 79 0 103 
v 79 0 104 
v 79 0 105 
v 79 0 106 
v 79 0 107 
v 79 0 108 
v 79 0 109 
v 79 0 110 
v 79 0 111 
v 79 0 112 
v 79 0 113 
v 79 0 114 
v 79 0 115 
v 79 0 116 
v 79 0 117 
v 79 0 118 
v 79 0 119 
v 79 0 120 
v 79 0 121 
v 79 0 122 
v 79 0 123 
v 79 0 124 
v 79 0 125 
v 79 0 126 
v 79 0 127 
v 79 0 128 
v 80 0 0 
v 80 0 1 
v 80 0 2 
v 80 0 3 
v 80 0 4 
v 80 0 5 
v 80 0 6 
v 80 0 7 
v 80 0 8 
v 80 0 9 
v 80 0 10 
v 80 0 11 
v 80 0 12 
v 80 0 13 
v 80 0 14 
v 80 0 15 
v 80 0 16 
v 80 0 17 
v 80 0 18 
v 80 0 19 
v 80 0 20 
v 80 0 21 
v 80 0 22 
v 80 0 23 
v 80 0 24 
v 80 0 25 
v 80 0 26 
v 80 0 27 
v 80 0 28 
v 80 0 29 
v 80 0 30 
v 80 0 31 
v 80 0 32 
v 80 0 33 
v 80 0 34 
v 80 0 35 
v 80 0 36 
v 80 0 37 
v 80 0 38 
v 80 0 39 
v 80 0 40 
v 80 0 41 
v 80 0 42 
v 80 0 43 
v 80 0 44 
v 80 0 45 
v 80 0 46 
v 80 0 47 
v 80 0 48 
v 80 0 49 
v 80 0 50 
v 80 0 51 
v 80 0 52 
v 80 0 53 
v 80 0 54 
v 80 0 55 
v 80 0 56 
v 80 0 57 
v 80 0 58 
v 80 0 59 
v 80 0 60 
v 80 0 61 
v 80 0 62 
v 80 0 63 
v 80 0 64 
v 80 0 65 
v 80 0 66 
v 80 0 67 
v 80 0 68 
v 80 0 69 
v 80 0 70 
v 80 0 71 
v 80 0 72 
v 80 0 73 
v 80 0 74 
v 80 0 75 
v 80 0 76 
v 80 0 77 
v 80 0 78 
v 80 0 79 
v 80 0 80 
v 80 0 81 
v 80 0 82 
v 80 0 83 
v 80 0 84 
v 80 0 85 
v 80 0 86 
v 80 0 87 
v 80 0 88 
v 80 0 89 
v 80 0 90 
v 80 0 91 
v 80 0 92 
v 80 0 93 
v 80 0 94 
v 80 0 95 
v 80 0 96 
v 80 0 97 
v 80 0 98 
v 80 0 99 
v 80 0 100 
v 80 0 101 
v 80 0 102 
v 80 0 103 
v 80 0 104 
v 80 0 105 
v 80 0 106 
v 80 0 107 
v 80 0 108 
v 80 0 109 
v 80 0 110 
v 80 0 111 
v 80 0 112 
v 80 0 113 
v 80 0 114 
v 80 0 115 
v 80 0 116 
v 80 0 117 
v 80 0 118 
v 80 0 119 
v 80 0 120 
v 80 0 121 
v 80 0 122 
v 80 0 123 
v 80 0 124 
v 80 0 125 
v 80 0 126 
v 80 0 127 
v 80 0 128 
v 81 0 0 
v 81 0 1 
v 81 0 2 
v 81 0 3 
v 81 0 4 
v 81 0 5 
v 81 0 6 
v 81 0 7 
v 81 0 8 
v 81 0 9 
v 81 0 10 
v 81 0 11 
v 81 0 12 
v 81 0 13 
v 81 0 14 
v 81 0 15 
v 81 0 16 
v 81 0 17 
v 81 0 18 
v 81 0 19 
v 81 0 20 
v 81 0 21 
v 81 0 22 
v 81 0 23 
v 81 0 24 
v 81 0 25 
v 81 0 26 
v 81 0 27 
v 81 0 28 
v 81 0 29 
v 81 0 30 
v 81 0 31 
v 81 0 32 
v 81 0 33 
v 81 0 34 
v 81 0 35 
v 81 0 36 
v 81 0 37 
v 81 0 38 
v 81 0 39 
v 81 0 40 
v 81 0 41 
v 81 0 42 
v 81 0 43 
v 81 0 44 
v 81 0 45 
v 81 0 46 
v 81 0 47 
v 81 0 48 
v 81 0 49 
v 81 0 50 
v 81 0 51 
v 81 0 52 
v 81 0 53 
v 81 0 54 
v 81 0 55 
v 81 0 56 
v 81 0 57 
v 81 0 58 
v 81 0 59 
v 81 0 60 
v 81 0 61 
v 81 0 62 
v 81 0 63 
v 81 0 64 
v 81 0 65 
v 81 0 66 
v 81 0 67 
v 81 0 68 
v 81 0 69 
v 81 0 70 
v 81 0 71 
v 81 0 72 
v 81 0 73 
v 81 0 74 
v 81 0 75 
v 81 0 76 
v 81 0 77 
v 81 0 78 
v 81 0 79 
v 81 0 80 
v 81 0 81 
v 81 0 82 
v 81 0 83 
v 81 0 84 
v 81 0 85 
v 81 0 86 
v 81 0 87 
v 81 0 88 
v 81 0 89 
v 81 0 90 
v 81 0 91 
v 81 0 92 
v 81 0 93 
v 81 0 94 
v 81 0 95 
v 81 0 96 
v 81 0 97 
v 81 0 98 
v 81 0 99 
v 81 0 100 
v 81 0 101 
v 81 0 102 
v 81 0 103 
v 81 0 104 
v 81 0 105 
v 81 0 106 
v 81 0 107 
v 81 0 108 
v 81 0 109 
v 81 0 110 
v 81 0 111 
v 81 0 112 
v 81 0 113 
v 81 0 114 
v 81 0 115 
v 81 0 116 
v 81 0 117 
v 81 0 118 
v 81 0 119 
v 81 0 120 
v 81 0 121 
v 81 0 122 
v 81 0 123 
v 81 0 124 
v 81 0 125 
v 81 0 126 
v 81 0 127 
v 81 0 128 
v 82 0 0 
v 82 0 1 
v 82 0 2 
v 82 0 3 
v 82 0 4 
v 82 0 5 
v 82 0 6 
v 82 0 7 
v 82 0 8 
v 82 0 9 
v 82 0 10 
v 82 0 11 
v 82 0 12 
v 82 0 13 
v 82 0 14 
v 82 0 15 
v 82 0 16 
v 82 0 17 
v 82 0 18 
v 82 0 19 
v 82 0 20 
v 82 0 21 
v 82 0 22 
v 82 0 23 
v 82 0 24 
v 82 0 25 
v 82 0 26 
v 82 0 27 
v 82 0 28 
v 82 0 29 
v 82 0 30 
v 82 0 31 
v 82 0 32 
v 82 0 33 
v 82 0 34 
v 82 0 35 
v 82 0 36 
v 82 0 37 
v 82 0 38 
v 82 0 39 
v 82 0 40 
v 82 0 41 
v 82 0 42 
v 82 0 43 
v 82 0 44 
v 82 0 45 
v 82 0 46 
v 82 0 47 
v 82 0 48 
v 82 0 49 
v 82 0 50 
v 82 0 51 
v 82 0 52 
v 82 0 53 
v 82 0 54 
v 82 0 55 
v 82 0 56 
v 82 0 57 
v 82 0 58 
v 82 0 59 
v 82 0 60 
v 82 0 61 
v 82 0 62 
v 82 0 63 
v 82 0 64 
v 82 0 65 
v 82 0 66 
v 82 0 67 
v 82 0 68 
v 82 0 69 
v 82 0 70 
v 82 0 71 
v 82 0 72 
v 82 0 73 
v 82 0 74 
v 82 0 75 
v 82 0 76 
v 82 0 77 
v 82 0 78 
v 82 0 79 
v 82 0 80 
v 82 0 81 
v 82 0 82 
v 82 0 83 
v 82 0 84 
v 82 0 85 
v 82 0 86 
v 82 0 87 
v 82 0 88 
v 82 0 89 
v 82 0 90 
v 82 0 91 
v 82 0 92 
v 82 0 93 
v 82 0 94 
v 82 0 95 
v 82 0 96 
v 82 0 97 
v 82 0 98 
v 82 0 99 
v 82 0 100 
v 82 0 101 
v 82 0 102 
v 82 0 103 
v 82 0 104 
v 82 0 105 
v 82 0 106 
v 82 0 107 
v 82 0 108 
v 82 0 109 
v 82 0 110 
v 82 0 111 
v 82 0 112 
v 82 0 113 
v 82 0 114 
v 82 0 115 
v 82 0 116 
v 82 0 117 
v 82 0 118 
v 82 0 119 
v 82 0 120 
v 82 0 121 
v 82 0 122 
v 82 0 123 
v 82 0 124 
v 82 0 125 
v 82 0 126 
v 82 0 127 
v 82 0 128 
v 83 0 0 
v 83 0 1 
v 83 0 2 
v 83 0 3 
v 83 0 4 
v 83 0 5 
v 83 0 6 
v 83 0 7 
v 83 0 8 
v 83 0 9 
v 83 0 10 
v 83 0 11 
v 83 0 12 
v 83 0 13 
v 83 0 14 
v 83 0 15 
v 83 0 16 
v 83 0 17 
v 83 0 18 
v 83 0 19 
v 83 0 20 
v 83 0 21 
v 83 0 22 
v 83 0 23 
v 83 0 24 
v 83 0 25 
v 83 0 26 
v 83 0 27 
v 83 0 28 
v 83 0 29 
v 83 0 30 
v 83 0 31 
v 83 0 32 
v 83 0 33 
v 83 0 34 
v 83 0 35 
v 83 0 36 
v 83 0 37 
v 83 0 38 
v 83 0 39 
v 83 0 40 
v 83 0 41 
v 83 0 42 
v 83 0 43 
v 83 0 44 
v 83 0 45 
v 83 0 46 
v 83 0 47 
v 83 0 48 
v 83 0 49 
v 83 0 50 
v 83 0 51 
v 83 0 52 
v 83 0 53 
v 83 0 54 
v 83 0 55 
v 83 0 56 
v 83 0 57 
v 83 0 58 
v 83 0 59 
v 83 0 60 
v 83 0 61 
v 83 0 62 
v 83 0 63 
v 83 0 64 
v 83 0 65 
v 83 0 66 
v 83 0 67 
v 83 0 68 
v 83 0 69 
v 83 0 70 
v 83 0 71 
v 83 0 72 
v 83 0 73 
v 83 0 74 
v 83 0 75 
v 83 0 76 
v 83 0 77 
v 83 0 78 
v 83 0 79 
v 83 0 80 
v 83 0 81 
v 83 0 82 
v 83 0 83 
v 83 0 84 
v 83 0 85 
v 83 0 86 
v 83 0 87 
v 83 0 88 
v 83 0 89 
v 83 0 90 
v 83 0 91 
v 83 0 92 
v 83 0 93 
v 83 0 94 
v 83 0 95 
v 83 0 96 
v 83 0 97 
v 83 0 98 
v 83 0 99 
v 83 0 100 
v 83 0 101 
v 83 0 102 
v 83 0 103 
v 83 0 104 
v 83 0 105 
v 83 0 106 
v 83 0 107 
v 83 0 108 
v 83 0 109 
v 83 0 110 
v 83 0 111 
v 83 0 112 
v 83 0 113 
v 83 0 114 
v 83 0 115 
v 83 0 116 
v 83 0 117 
v 83 0 118 
v 83 0 119 
v 83 0 120 
v 83 0 121 
v 83 0 122 
v 83 0 123 
v 83 0 124 
v 83 0 125 
v 83 0 126 
v 83 0 127 
v 83 0 128 
v 84 0 0 
v 84 0 1 
v 84 0 2 
v 84 0 3 
v 84 0 4 
v 84 0 5 
v 84 0 6 
v 84 0 7 
v 84 0 8 
v 84 0 9 
v 84 0 10 
v 84 0 11 
v 84 0 12 
v 84 0 13 
v 84 0 14 
v 84 0 15 
v 84 0 16 
v 84 0 17 
v 84 0 18 
v 84 0 19 
v 84 0 20 
v 84 0 21 
v 84 0 22 
v 84 0 23 
v 84 0 24 
v 84 0 25 
v 84 0 26 
v 84 0 27 
v 84 0 28 
v 84 0 29 
v 84 0 30 
v 84 0 31 
v 84 0 32 
v 84 0 33 
v 84 0 34 
v 84 0 35 
v 84 0 36 
v 84 0 37 
v 84 0 38 
v 84 0 39 
v 84 0 40 
v 84 0 41 
v 84 0 42 
v 84 0 43 
v 84 0 44 
v 84 0 45 
v 84 0 46 
v 84 0 47 
v 84 0 48 
v 84 0 49 
v 84 0 50 
v 84 0 51 
v 84 0 52 
v 84 0 53 
v 84 0 54 
v 84 0 55 
v 84 0 56 
v 84 0 57 
v 84 0 58 
v 84 0 59 
v 84 0 60 
v 84 0 61 
v 84 0 62 
v 84 0 63 
v 84 0 64 
v 84 0 65 
v 84 0 66 
v 84 0 67 
v 84 0 68 
v 84 0 69 
v 84 0 70 
v 84 0 71 
v 84 0 72 
v 84 0 73 
v 84 0 74 
v 84 0 75 
v 84 0 76 
v 84 0 77 
v 84 0 78 
v 84 0 79 
v 84 0 80 
v 84 0 81 
v 84 0 82 
v 84 0 83 
v 84 0 84 
v 84 0 85 
v 84 0 86 
v 84 0 87 
v 84 0 88 
v 84 0 89 
v 84 0 90 
v 84 0 91 
v 84 0 92 
v 84 0 93 
v 84 0 94 
v 84 0 95 
v 84 0 96 
v 84 0 97 
v 84 0 98 
v 84 0 99 
v 84 0 100 
v 84 0 101 
v 84 0 102 
v 84 0 103 
v 84 0 104 
v 84 0 105 
v 84 0 106 
v 84 0 107 
v 84 0 108 
v 84 0 109 
v 84 0 110 
v 84 0 111 
v 84 0 112 
v 84 0 113 
v 84 0 114 
v 84 0 115 
v 84 0 116 
v 84 0 117 
v 84 0 118 
v 84 0 119 
v 84 0 120 
v 84 0 121 
v 84 0 122 
v 84 0 123 
v 84 0 124 
v 84 0 125 
v 84 0 126 
v 84 0 127 
v 84 0 128 
v 85 0 0 
v 85 0 1 
v 85 0 2 
v 85 0 3 
v 85 0 4 
v 85 0 5 
v 85 0 6 
v 85 0 7 
v 85 0 8 
v 85 0 9 
v 85 0 10 
v 85 0 11 
v 85 0 12 
v 85 0 13 
v 85 0 14 
v 85 0 15 
v 85 0 16 
v 85 0 17 
v 85 0 18 
v 85 0 19 
v 85 0 20 
v 85 0 21 
v 85 0 22 
v 85 0 23 
v 85 0 24 
v 85 0 25 
v 85 0 26 
v 85 0 27 
v 85 0 28 
v 85 0 29 
v 85 0 30 
v 85 0 31 
v 85 0 32 
v 85 0 33 
v 85 0 34 
v 85 0 35 
v 85 0 36 
v 85 0 37 
v 85 0 38 
v 85 0 39 
v 85 0 40 
v 85 0 41 
v 85 0 42 
v 85 0 43 
v 85 0 44 
v 85 0 45 
v 85 0 46 
v 85 0 47 
v 85 0 48 
v 85 0 49 
v 85 0 50 
v 85 0 51 
v 85 0 52 
v 85 0 53 
v 85 0 54 
v 85 0 55 
v 85 0 56 
v 85 0 57 
v 85 0 58 
v 85 0 59 
v 85 0 60 
v 85 0 61 
v 85 0 62 
v 85 0 63 
v 85 0 64 
v 85 0 65 
v 85 0 66 
v 85 0 67 
v 85 0 68 
v 85 0 69 
v 85 0 70 
v 85 0 71 
v 85 0 72 
v 85 0 73 
v 85 0 74 
v 85 0 75 
v 85 0 76 
v 85 0 77 
v 85 0 78 
v 85 0 79 
v 85 0 80 
v 85 0 81 
v 85 0 82 
v 85 0 83 
v 85 0 84 
v 85 0 85 
v 85 0 86 
v 85 0 87 
v 85 0 88 
v 85 0 89 
v 85 0 90 
v 85 0 91 
v 85 0 92 
v 85 0 93 
v 85 0 94 
v 85 0 95 
v 85 0 96 
v 85 0 97 
v 85 0 98 
v 85 0 99 
v 85 0 100 
v 85 0 101 
v 85 0 102 
v 85 0 103 
v 85 0 104 
v 85 0 105 
v 85 0 106 
v 85 0 107 
v 85 0 108 
v 85 0 109 
v 85 0 110 
v 85 0 111 
v 85 0 112 
v 85 0 113 
v 85 0 114 
v 85 0 115 
v 85 0 116 
v 85 0 117 
v 85 0 118 
v 85 0 119 
v 85 0 120 
v 85 0 121 
v 85 0 122 
v 85 0 123 
v 85 0 124 
v 85 0 125 
v 85 0 126 
v 85 0 127 
v 85 0 128 
v 86 0 0 
v 86 0 1 
v 86 0 2 
v 86 0 3 
v 86 0 4 
v 86 0 5 
v 86 0 6 
v 86 0 7 
v 86 0 8 
v 86 0 9 
v 86 0 10 
v 86 0 11 
v 86 0 12 
v 86 0 13 
v 86 0 14 
v 86 0 15 
v 86 0 16 
v 86 0 17 
v 86 0 18 
v 86 0 19 
v 86 0 20 
v 86 0 21 
v 86 0 22 
v 86 0 23 
v 86 0 24 
v 86 0 25 
v 86 0 26 
v 86 0 27 
v 86 0 28 
v 86 0 29 
v 86 0 30 
v 86 0 31 
v 86 0 32 
v 86 0 33 
v 86 0 34 
v 86 0 35 
v 86 0 36 
v 86 0 37 
v 86 0 38 
v 86 0 39 
v 86 0 40 
v 86 0 41 
v 86 0 42 
v 86 0 43 
v 86 0 44 
v 86 0 45 
v 86 0 46 
v 86 0 47 
v 86 0 48 
v 86 0 49 
v 86 0 50 
v 86 0 51 
v 86 0 52 
v 86 0 53 
v 86 0 54 
v 86 0 55 
v 86 0 56 
v 86 0 57 
v 86 0 58 
v 86 0 59 
v 86 0 60 
v 86 0 61 
v 86 0 62 
v 86 0 63 
v 86 0 64 
v 86 0 65 
v 86 0 66 
v 86 0 67 
v 86 0 68 
v 86 0 69 
v 86 0 70 
v 86 0 71 
v 86 0 72 
v 86 0 73 
v 86 0 74 
v 86 0 75 
v 86 0 76 
v 86 0 77 
v 86 0 78 
v 86 0 79 
v 86 0 80 
v 86 0 81 
v 86 0 82 
v 86 0 83 
v 86 0 84 
v 86 0 85 
v 86 0 86 
v 86 0 87 
v 86 0 88 
v 86 0 89 
v 86 0 90 
v 86 0 91 
v 86 0 92 
v 86 0 93 
v 86 0 94 
v 86 0 95 
v 86 0 96 
v 86 0 97 
v 86 0 98 
v 86 0 99 
v 86 0 100 
v 86 0 101 
v 86 0 102 
v 86 0 103 
v 86 0 104 
v 86 0 105 
v 86 0 106 
v 86 0 107 
v 86 0 108 
v 86 0 109 
v 86 0 110 
v 86 0 111 
v 86 0 112 
v 86 0 113 
v 86 0 114 
v 86 0 115 
v 86 0 116 
v 86 0 117 
v 86 0 118 
v 86 0 119 
v 86 0 120 
v 86 0 121 
v 86 0 122 
v 86 0 123 
v 86 0 124 
v 86 0 125 
v 86 0 126 
v 86 0 127 
v 86 0 128 
v 87 0 0 
v 87 0 1 
v 87 0 2 
v 87 0 3 
v 87 0 4 
v 87 0 5 
v 87 0 6 
v 87 0 7 
v 87 0 8 
v 87 0 9 
v 87 0 10 
v 87 0 11 
v 87 0 12 
v 87 0 13 
v 87 0 14 
v 87 0 15 
v 87 0 16 
v 87 0 17 
v 87 0 18 
v 87 0 19 
v 87 0 20 
v 87 0 21 
v 87 0 22 
v 87 0 23 
v 87 0 24 
v 87 0 25 
v 87 0 26 
v 87 0 27 
v 87 0 28 
v 87 0 29 
v 87 0 30 
v 87 0 31 
v 87 0 32 
v 87 0 33 
v 87 0 34 
v 87 0 35 
v 87 0 36 
v 87 0 37 
v 87 0 38 
v 87 0 39 
v 87 0 40 
v 87 0 41 
v 87 0 42 
v 87 0 43 
v 87 0 44 
v 87 0 45 
v 87 0 46 
v 87 0 47 
v 87 0 48 
v 87 0 49 
v 87 0 50 
v 87 0 51 
v 87 0 52 
v 87 0 53 
v 87 0 54 
v 87 0 55 
v 87 0 56 
v 87 0 57 
v 87 0 58 
v 87 0 59 
v 87 0 60 
v 87 0 61 
v 87 0 62 
v 87 0 63 
v 87 0 64 
v 87 0 65 
v 87 0 66 
v 87 0 67 
v 87 0 68 
v 87 0 69 
v 87 0 70 
v 87 0 71 
v 87 0 72 
v 87 0 73 
v 87 0 74 
v 87 0 75 
v 87 0 76 
v 87 0 77 
v 87 0 78 
v 87 0 79 
v 87 0 80 
v 87 0 81 
v 87 0 82 
v 87 0 83 
v 87 0 84 
v 87 0 85 
v 87 0 86 
v 87 0 87 
v 87 0 88 
v 87 0 89 
v 87 0 90 
v 87 0 91 
v 87 0 92 
v 87 0 93 
v 87 0 94 
v 87 0 95 
v 87 0 96 
v 87 0 97 
v 87 0 98 
v 87 0 99 
v 87 0 100 
v 87 0 101 
v 87 0 102 
v 87 0 103 
v 87 0 104 
v 87 0 105 
v 87 0 106 
v 87 0 107 
v 87 0 108 
v 87 0 109 
v 87 0 110 
v 87 0 111 
v 87 0 112 
v 87 0 113 
v 87 0 114 
v 87 0 115 
v 87 0 116 
v 87 0 117 
v 87 0 118 
v 87 0 119 
v 87 0 120 
v 87 0 121 
v 87 0 122 
v 87 0 123 
v 87 0 124 
v 87 0 125 
v 87 0 126 
v 87 0 127 
v 87 0 128 
v 88 0 0 
v 88 0 1 
v 88 0 2 
v 88 0 3 
v 88 0 4 
v 88 0 5 
v 88 0 6 
v 88 0 7 
v 88 0 8 
v 88 0 9 
v 88 0 10 
v 88 0 11 
v 88 0 12 
v 88 0 13 
v 88 0 14 
v 88 0 15 
v 88 0 16 
v 88 0 17 
v 88 0 18 
v 88 0 19 
v 88 0 20 
v 88 0 21 
v 88 0 22 
v 88 0 23 
v 88 0 24 
v 88 0 25 
v 88 0 26 
v 88 0 27 
v 88 0 28 
v 88 0 29 
v 88 0 30 
v 88 0 31 
v 88 0 32 
v 88 0 33 
v 88 0 34 
v 88 0 35 
v 88 0 36 
v 88 0 37 
v 88 0 38 
v 88 0 39 
v 88 0 40 
v 88 0 41 
v 88 0 42 
v 88 0 43 
v 88 0 44 
v 88 0 45 
v 88 0 46 
v 88 0 47 
v 88 0 48 
v 88 0 49 
v 88 0 50 
v 88 0 51 
v 88 0 52 
v 88 0 53 
v 88 0 54 
v 88 0 55 
v 88 0 56 
v 88 0 57 
v 88 0 58 
v 88 0 59 
v 88 0 60 
v 88 0 61 
v 88 0 62 
v 88 0 63 
v 88 0 64 
v 88 0 65 
v 88 0 66 
v 88 0 67 
v 88 0 68 
v 88 0 69 
v 88 0 70 
v 88 0 71 
v 88 0 72 
v 88 0 73 
v 88 0 74 
v 88 0 75 
v 88 0 76 
v 88 0 77 
v 88 0 78 
v 88 0 79 
v 88 0 80 
v 88 0 81 
v 88 0 82 
v 88 0 83 
v 88 0 84 
v 88 0 85 
v 88 0 86 
v 88 0 87 
v 88 0 88 
v 88 0 89 
v 88 0 90 
v 88 0 91 
v 88 0 92 
v 88 0 93 
v 88 0 94 
v 88 0 95 
v 88 0 96 
v 88 0 97 
v 88 0 98 
v 88 0 99 
v 88 0 100 
v 88 0 101 
v 88 0 102 
v 88 0 103 
v 88 0 104 
v 88 0 105 
v 88 0 106 
v 88 0 107 
v 88 0 108 
v 88 0 109 
v 88 0 110 
v 88 0 111 
v 88 0 112 
v 88 0 113 
v 88 0 114 
v 88 0 115 
v 88 0 116 
v 88 0 117 
v 88 0 118 
v 88 0 119 
v 88 0 120 
v 88 0 121 
v 88 0 122 
v 88 0 123 
v 88 0 124 
v 88 0 125 
v 88 0 126 
v 88 0 127 
v 88 0 128 
v 89 0 0 
v 89 0 1 
v 89 0 2 
v 89 0 3 
v 89 0 4 
v 89 0 5 
v 89 0 6 
v 89 0 7 
v 89 0 8 
v 89 0 9 
v 89 0 10 
v 89 0 11 
v 89 0 12 
v 89 0 13 
v 89 0 14 
v 89 0 15 
v 89 0 16 
v 89 0 17 
v 89 0 18 
v 89 0 19 
v 89 0 20 
v 89 0 21 
v 89 0 22 
v 89 0 23 
v 89 0 24 
v 89 0 25 
v 89 0 26 
v 89 0 27 
v 89 0 28 
v 89 0 29 
v 89 0 30 
v 89 0 31 
v 89 0 32 
v 89 0 33 
v 89 0 34 
v 89 0 35 
v 89 0 36 
v 89 0 37 
v 89 0 38 
v 89 0 39 
v 89 0 40 
v 89 0 41 
v 89 0 42 
v 89 0 43 
v 89 0 44 
v 89 0 45 
v 89 0 46 
v 89 0 47 
v 89 0 48 
v 89 0 49 
v 89 0 50 
v 89 0 51 
v 89 0 52 
v 89 0 53 
v 89 0 54 
v 89 0 55 
v 89 0 56 
v 89 0 57 
v 89 0 58 
v 89 0 59 
v 89 0 60 
v 89 0 61 
v 89 0 62 
v 89 0 63 
v 89 0 64 
v 89 0 65 
v 89 0 66 
v 89 0 67 
v 89 0 68 
v 89 0 69 
v 89 0 70 
v 89 0 71 
v 89 0 72 
v 89 0 73 
v 89 0 74 
v 89 0 75 
v 89 0 76 
v 89 0 77 
v 89 0 78 
v 89 0 79 
v 89 0 80 
v 89 0 81 
v 89 0 82 
v 89 0 83 
v 89 0 84 
v 89 0 85 
v 89 0 86 
v 89 0 87 
v 89 0 88 
v 89 0 89 
v 89 0 90 
v 89 0 91 
v 89 0 92 
v 89 0 93 
v 89 0 94 
v 89 0 95 
v 89 0 96 
v 89 0 97 
v 89 0 98 
v 89 0 99 
v 89 0 100 
v 89 0 101 
v 89 0 102 
v 89 0 103 
v 89 0 104 
v 89 0 105 
v 89 0 106 
v 89 0 107 
v 89 0 108 
v 89 0 109 
v 89 0 110 
v 89 0 111 
v 89 0 112 
v 89 0 113 
v 89 0 114 
v 89 0 115 
v 89 0 116 
v 89 0 117 
v 89 0 118 
v 89 0 119 
v 89 0 120 
v 89 0 121 
v 89 0 122 
v 89 0 123 
v 89 0 124 
v 89 0 125 
v 89 0 126 
v 89 0 127 
v 89 0 128 
v 90 0 0 
v 90 0 1 
v 90 0 2 
v 90 0 3 
v 90 0 4 
v 90 0 5 
v 90 0 6 
v 90 0 7 
v 90 0 8 
v 90 0 9 
v 90 0 10 
v 90 0 11 
v 90 0 12 
v 90 0 13 
v 90 0 14 
v 90 0 15 
v 90 0 16 
v 90 0 17 
v 90 0 18 
v 90 0 19 
v 90 0 20 
v 90 0 21 
v 90 0 22 
v 90 0 23 
v 90 0 24 
v 90 0 25 
v 90 0 26 
v 90 0 27 
v 90 0 28 
v 90 0 29 
v 90 0 30 
v 90 0 31 
v 90 0 32 
v 90 0 33 
v 90 0 34 
v 90 0 35 
v 90 0 36 
v 90 0 37 
v 90 0 38 
v 90 0 39 
v 90 0 40 
v 90 0 41 
v 90 0 42 
v 90 0 43 
v 90 0 44 
v 90 0 45 
v 90 0 46 
v 90 0 47 
v 90 0 48 
v 90 0 49 
v 90 0 50 
v 90 0 51 
v 90 0 52 
v 90 0 53 
v 90 0 54 
v 90 0 55 
v 90 0 56 
v 90 0 57 
v 90 0 58 
v 90 0 59 
v 90 0 60 
v 90 0 61 
v 90 0 62 
v 90 0 63 
v 90 0 64 
v 90 0 65 
v 90 0 66 
v 90 0 67 
v 90 0 68 
v 90 0 69 
v 90 0 70 
v 90 0 71 
v 90 0 72 
v 90 0 73 
v 90 0 74 
v 90 0 75 
v 90 0 76 
v 90 0 77 
v 90 0 78 
v 90 0 79 
v 90 0 80 
v 90 0 81 
v 90 0 82 
v 90 0 83 
v 90 0 84 
v 90 0 85 
v 90 0 86 
v 90 0 87 
v 90 0 88 
v 90 0 89 
v 90 0 90 
v 90 0 91 
v 90 0 92 
v 90 0 93 
v 90 0 94 
v 90 0 95 
v 90 0 96 
v 90 0 97 
v 90 0 98 
v 90 0 99 
v 90 0 100 
v 90 0 101 
v 90 0 102 
v 90 0 103 
v 90 0 104 
v 90 0 105 
v 90 0 106 
v 90 0 107 
v 90 0 108 
v 90 0 109 
v 90 0 110 
v 90 0 111 
v 90 0 112 
v 90 0 113 
v 90 0 114 
v 90 0 115 
v 90 0 116 
v 90 0 117 
v 90 0 118 
v 90 0 119 
v 90 0 120 
v 90 0 121 
v 90 0 122 
v 90 0 123 
v 90 0 124 
v 90 0 125 
v 90 0 126 
v 90 0 127 
v 90 0 128 
v 91 0 0 
v 91 0 1 
v 91 0 2 
v 91 0 3 
v 91 0 4 
v 91 0 5 
v 91 0 6 
v 91 0 7 
v 91 0 8 
v 91 0 9 
v 91 0 10 
v 91 0 11 
v 91 0 12 
v 91 0 13 
v 91 0 14 
v 91 0 15 
v 91 0 16 
v 91 0 17 
v 91 0 18 
v 91 0 19 
v 91 0 20 
v 91 0 21 
v 91 0 22 
v 91 0 23 
v 91 0 24 
v 91 0 25 
v 91 0 26 
v 91 0 27 
v 91 0 28 
v 91 0 29 
v 91 0 30 
v 91 0 31 
v 91 0 32 
v 91 0 33 
v 91 0 34 
v 91 0 35 
v 91 0 36 
v 91 0 37 
v 91 0 38 
v 91 0 39 
v 91 0 40 
v 91 0 41 
v 91 0 42 
v 91 0 43 
v 91 0 44 
v 91 0 45 
v 91 0 46 
v 91 0 47 
v 91 0 48 
v 91 0 49 
v 91 0 50 
v 91 0 51 
v 91 0 52 
v 91 0 53 
v 91 0 54 
v 91 0 55 
v 91 0 56 
v 91 0 57 
v 91 0 58 
v 91 0 59 
v 91 0 60 
v 91 0 61 
v 91 0 62 
v 91 0 63 
v 91 0 64 
v 91 0 65 
v 91 0 66 
v 91 0 67 
v 91 0 68 
v 91 0 69 
v 91 0 70 
v 91 0 71 
v 91 0 72 
v 91 0 73 
v 91 0 74 
v 91 0 75 
v 91 0 76 
v 91 0 77 
v 91 0 78 
v 91 0 79 
v 91 0 80 
v 91 0 81 
v 91 0 82 
v 91 0 83 
v 91 0 84 
v 91 0 85 
v 91 0 86 
v 91 0 87 
v 91 0 88 
v 91 0 89 
v 91 0 90 
v 91 0 91 
v 91 0 92 
v 91 0 93 
v 91 0 94 
v 91 0 95 
v 91 0 96 
v 91 0 97 
v 91 0 98 
v 91 0 99 
v 91 0 100 
v 91 0 101 
v 91 0 102 
v 91 0 103 
v 91 0 104 
v 91 0 105 
v 91 0 106 
v 91 0 107 
v 91 0 108 
v 91 0 109 
v 91 0 110 
v 91 0 111 
v 91 0 112 
v 91 0 113 
v 91 0 114 
v 91 0 115 
v 91 0 116 
v 91 0 117 
v 91 0 118 
v 91 0 119 
v 91 0 120 
v 91 0 121 
v 91 0 122 
v 91 0 123 
v 91 0 124 
v 91 0 125 
v 91 0 126 
v 91 0 127 
v 91 0 128 
v 92 0 0 
v 92 0 1 
v 92 0 2 
v 92 0 3 
v 92 0 4 
v 92 0 5 
v 92 0 6 
v 92 0 7 
v 92 0 8 
v 92 0 9 
v 92 0 10 
v 92 0 11 
v 92 0 12 
v 92 0 13 
v 92 0 14 
v 92 0 15 
v 92 0 16 
v 92 0 17 
v 92 0 18 
v 92 0 19 
v 92 0 20 
v 92 0 21 
v 92 0 22 
v 92 0 23 
v 92 0 24 
v 92 0 25 
v 92 0 26 
v 92 0 27 
v 92 0 28 
v 92 0 29 
v 92 0 30 
v 92 0 31 
v 92 0 32 
v 92 0 33 
v 92 0 34 
v 92 0 35 
v 92 0 36 
v 92 0 37 
v 92 0 38 
v 92 0 39 
v 92 0 40 
v 92 0 41 
v 92 0 42 
v 92 0 43 
v 92 0 44 
v 92 0 45 
v 92 0 46 
v 92 0 47 
v 92 0 48 
v 92 0 49 
v 92 0 50 
v 92 0 51 
v 92 0 52 
v 92 0 53 
v 92 0 54 
v 92 0 55 
v 92 0 56 
v 92 0 57 
v 92 0 58 
v 92 0 59 
v 92 0 60 
v 92 0 61 
v 92 0 62 
v 92 0 63 
v 92 0 64 
v 92 0 65 
v 92 0 66 
v 92 0 67 
v 92 0 68 
v 92 0 69 
v 92 0 70 
v 92 0 71 
v 92 0 72 
v 92 0 73 
v 92 0 74 
v 92 0 75 
v 92 0 76 
v 92 0 77 
v 92 0 78 
v 92 0 79 
v 92 0 80 
v 92 0 81 
v 92 0 82 
v 92 0 83 
v 92 0 84 
v 92 0 85 
v 92 0 86 
v 92 0 87 
v 92 0 88 
v 92 0 89 
v 92 0 90 
v 92 0 91 
v 92 0 92 
v 92 0 93 
v 92 0 94 
v 92 0 95 
v 92 0 96 
v 92 0 97 
v 92 0 98 
v 92 0 99 
v 92 0 100 
v 92 0 101 
v 92 0 102 
v 92 0 103 
v 92 0 104 
v 92 0 105 
v 92 0 106 
v 92 0 107 
v 92 0 108 
v 92 0 109 
v 92 0 110 
v 92 0 111 
v 92 0 112 
v 92 0 113 
v 92 0 114 
v 92 0 115 
v 92 0 116 
v 92 0 117 
v 92 0 118 
v 92 0 119 
v 92 0 120 
v 92 0 121 
v 92 0 122 
v 92 0 123 
v 92 0 124 
v 92 0 125 
v 92 0 126 
v 92 0 127 
v 92 0 128 
v 93 0 0 
v 93 0 1 
v 93 0 2 
v 93 0 3 
v 93 0 4 
v 93 0 5 
v 93 0 6 
v 93 0 7 
v 93 0 8 
v 93 0 9 
v 93 0 10 
v 93 0 11 
v 93 0 12 
v 93 0 13 
v 93 0 14 
v 93 0 15 
v 93 0 16 
v 93 0 17 
v 93 0 18 
v 93 0 19 
v 93 0 20 
v 93 0 21 
v 93 0 22 
v 93 0 23 
v 93 0 24 
v 93 0 25 
v 93 0 26 
v 93 0 27 
v 93 0 28 
v 93 0 29 
v 93 0 30 
v 93 0 31 
v 93 0 32 
v 93 0 33 
v 93 0 34 
v 93 0 35 
v 93 0 36 
v 93 0 37 
v 93 0 38 
v 93 0 39 
v 93 0 40 
v 93 0 41 
v 93 0 42 
v 93 0 43 
v 93 0 44 
v 93 0 45 
v 93 0 46 
v 93 0 47 
v 93 0 48 
v 93 0 49 
v 93 0 50 
v 93 0 51 
v 93 0 52 
v 93 0 53 
v 93 0 54 
v 93 0 55 
v 93 0 56 
v 93 0 57 
v 93 0 58 
v 93 0 59 
v 93 0 60 
v 93 0 61 
v 93 0 62 
v 93 0 63 
v 93 0 64 
v 93 0 65 
v 93 0 66 
v 93 0 67 
v 93 0 68 
v 93 0 69 
v 93 0 70 
v 93 0 71 
v 93 0 72 
v 93 0 73 
v 93 0 74 
v 93 0 75 
v 93 0 76 
v 93 0 77 
v 93 0 78 
v 93 0 79 
v 93 0 80 
v 93 0 81 
v 93 0 82 
v 93 0 83 
v 93 0 84 
v 93 0 85 
v 93 0 86 
v 93 0 87 
v 93 0 88 
v 93 0 89 
v 93 0 90 
v 93 0 91 
v 93 0 92 
v 93 0 93 
v 93 0 94 
v 93 0 95 
v 93 0 96 
v 93 0 97 
v 93 0 98 
v 93 0 99 
v 93 0 100 
v 93 0 101 
v 93 0 102 
v 93 0 103 
v 93 0 104 
v 93 0 105 
v 93 0 106 
v 93 0 107 
v 93 0 108 
v 93 0 109 
v 93 0 110 
v 93 0 111 
v 93 0 112 
v 93 0 113 
v 93 0 114 
v 93 0 115 
v 93 0 116 
v 93 0 117 
v 93 0 118 
v 93 0 119 
v 93 0 120 
v 93 0 121 
v 93 0 122 
v 93 0 123 
v 93 0 124 
v 93 0 125 
v 93 0 126 
v 93 0 127 
v 93 0 128 
v 94 0 0 
v 94 0 1 
v 94 0 2 
v 94 0 3 
v 94 0 4 
v 94 0 5 
v 94 0 6 
v 94 0 7 
v 94 0 8 
v 94 0 9 
v 94 0 10 
v 94 0 11 
v 94 0 12 
v 94 0 13 
v 94 0 14 
v 94 0 15 
v 94 0 16 
v 94 0 17 
v 94 0 18 
v 94 0 19 
v 94 0 20 
v 94 0 21 
v 94 0 22 
v 94 0 23 
v 94 0 24 
v 94 0 25 
v 94 0 26 
v 94 0 27 
v 94 0 28 
v 94 0 29 
v 94 0 30 
v 94 0 31 
v 94 0 32 
v 94 0 33 
v 94 0 34 
v 94 0 35 
v 94 0 36 
v 94 0 37 
v 94 0 38 
v 94 0 39 
v 94 0 40 
v 94 0 41 
v 94 0 42 
v 94 0 43 
v 94 0 44 
v 94 0 45 
v 94 0 46 
v 94 0 47 
v 94 0 48 
v 94 0 49 
v 94 0 50 
v 94 0 51 
v 94 0 52 
v 94 0 53 
v 94 0 54 
v 94 0 55 
v 94 0 56 
v 94 0 57 
v 94 0 58 
v 94 0 59 
v 94 0 60 
v 94 0 61 
v 94 0 62 
v 94 0 63 
v 94 0 64 
v 94 0 65 
v 94 0 66 
v 94 0 67 
v 94 0 68 
v 94 0 69 
v 94 0 70 
v 94 0 71 
v 94 0 72 
v 94 0 73 
v 94 0 74 
v 94 0 75 
v 94 0 76 
v 94 0 77 
v 94 0 78 
v 94 0 79 
v 94 0 80 
v 94 0 81 
v 94 0 82 
v 94 0 83 
v 94 0 84 
v 94 0 85 
v 94 0 86 
v 94 0 87 
v 94 0 88 
v 94 0 89 
v 94 0 90 
v 94 0 91 
v 94 0 92 
v 94 0 93 
v 94 0 94 
v 94 0 95 
v 94 0 96 
v 94 0 97 
v 94 0 98 
v 94 0 99 
v 94 0 100 
v 94 0 101 
v 94 0 102 
v 94 0 103 
v 94 0 104 
v 94 0 105 
v 94 0 106 
v 94 0 107 
v 94 0 108 
v 94 0 109 
v 94 0 110 
v 94 0 111 
v 94 0 112 
v 94 0 113 
v 94 0 114 
v 94 0 115 
v 94 0 116 
v 94 0 117 
v 94 0 118 
v 94 0 119 
v 94 0 120 
v 94 0 121 
v 94 0 122 
v 94 0 123 
v 94 0 124 
v 94 0 125 
v 94 0 126 
v 94 0 127 
v 94 0 128 
v 95 0 0 
v 95 0 1 
v 95 0 2 
v 95 0 3 
v 95 0 4 
v 95 0 5 
v 95 0 6 
v 95 0 7 
v 95 0 8 
v 95 0 9 
v 95 0 10 
v 95 0 11 
v 95 0 12 
v 95 0 13 
v 95 0 14 
v 95 0 15 
v 95 0 16 
v 95 0 17 
v 95 0 18 
v 95 0 19 
v 95 0 20 
v 95 0 21 
v 95 0 22 
v 95 0 23 
v 95 0 24 
v 95 0 25 
v 95 0 26 
v 95 0 27 
v 95 0 28 
v 95 0 29 
v 95 0 30 
v 95 0 31 
v 95 0 32 
v 95 0 33 
v 95 0 34 
v 95 0 35 
v 95 0 36 
v 95 0 37 
v 95 0 38 
v 95 0 39 
v 95 0 40 
v 95 0 41 
v 95 0 42 
v 95 0 43 
v 95 0 44 
v 95 0 45 
v 95 0 46 
v 95 0 47 
v 95 0 48 
v 95 0 49 
v 95 0 50 
v 95 0 51 
v 95 0 52 
v 95 0 53 
v 95 0 54 
v 95 0 55 
v 95 0 56 
v 95 0 57 
v 95 0 58 
v 95 0 59 
v 95 0 60 
v 95 0 61 
v 95 0 62 
v 95 0 63 
v 95 0 64 
v 95 0 65 
v 95 0 66 
v 95 0 67 
v 95 0 68 
v 95 0 69 
v 95 0 70 
v 95 0 71 
v 95 0 72 
v 95 0 73 
v 95 0 74 
v 95 0 75 
v 95 0 76 
v 95 0 77 
v 95 0 78 
v 95 0 79 
v 95 0 80 
v 95 0 81 
v 95 0 82 
v 95 0 83 
v 95 0 84 
v 95 0 85 
v 95 0 86 
v 95 0 87 
v 95 0 88 
v 95 0 89 
v 95 0 90 
v 95 0 91 
v 95 0 92 
v 95 0 93 
v 95 0 94 
v 95 0 95 
v 95 0 96 
v 95 0 97 
v 95 0 98 
v 95 0 99 
v 95 0 100 
v 95 0 101 
v 95 0 102 
v 95 0 103 
v 95 0 104 
v 95 0 105 
v 95 0 106 
v 95 0 107 
v 95 0 108 
v 95 0 109 
v 95 0 110 
v 95 0 111 
v 95 0 112 
v 95 0 113 
v 95 0 114 
v 95 0 115 
v 95 0 116 
v 95 0 117 
v 95 0 118 
v 95 0 119 
v 95 0 120 
v 95 0 121 
v 95 0 122 
v 95 0 123 
v 95 0 124 
v 95 0 125 
v 95 0 126 
v 95 0 127 
v 95 0 128 
v 96 0 0 
v 96 0 1 
v 96 0 2 
v 96 0 3 
v 96 0 4 
v 96 0 5 
v 96 0 6 
v 96 0 7 
v 96 0 8 
v 96 0 9 
v 96 0 10 
v 96 0 11 
v 96 0 12 
v 96 0 13 
v 96 0 14 
v 96 0 15 
v 96 0 16 
v 96 0 17 
v 96 0 18 
v 96 0 19 
v 96 0 20 
v 96 0 21 
v 96 0 22 
v 96 0 23 
v 96 0 24 
v 96 0 25 
v 96 0 26 
v 96 0 27 
v 96 0 28 
v 96 0 29 
v 96 0 30 
v 96 0 31 
v 96 0 32 
v 96 0 33 
v 96 0 34 
v 96 0 35 
v 96 0 36 
v 96 0 37 
v 96 0 38 
v 96 0 39 
v 96 0 40 
v 96 0 41 
v 96 0 42 
v 96 0 43 
v 96 0 44 
v 96 0 45 
v 96 0 46 
v 96 0 47 
v 96 0 48 
v 96 0 49 
v 96 0 50 
v 96 0 51 
v 96 0 52 
v 96 0 53 
v 96 0 54 
v 96 0 55 
v 96 0 56 
v 96 0 57 
v 96 0 58 
v 96 0 59 
v 96 0 60 
v 96 0 61 
v 96 0 62 
v 96 0 63 
v 96 0 64 
v 96 0 65 
v 96 0 66 
v 96 0 67 
v 96 0 68 
v 96 0 69 
v 96 0 70 
v 96 0 71 
v 96 0 72 
v 96 0 73 
v 96 0 74 
v 96 0 75 
v 96 0 76 
v 96 0 77 
v 96 0 78 
v 96 0 79 
v 96 0 80 
v 96 0 81 
v 96 0 82 
v 96 0 83 
v 96 0 84 
v 96 0 85 
v 96 0 86 
v 96 0 87 
v 96 0 88 
v 96 0 89 
v 96 0 90 
v 96 0 91 
v 96 0 92 
v 96 0 93 
v 96 0 94 
v 96 0 95 
v 96 0 96 
v 96 0 97 
v 96 0 98 
v 96 0 99 
v 96 0 100 
v 96 0 101 
v 96 0 102 
v 96 0 103 
v 96 0 104 
v 96 0 105 
v 96 0 106 
v 96 0 107 
v 96 0 108 
v 96 0 109 
v 96 0 110 
v 96 0 111 
v 96 0 112 
v 96 0 113 
v 96 0 114 
v 96 0 115 
v 96 0 116 
v 96 0 117 
v 96 0 118 
v 96 0 119 
v 96 0 120 
v 96 0 121 
v 96 0 122 
v 96 0 123 
v 96 0 124 
v 96 0 125 
v 96 0 126 
v 96 0 127 
v 96 0 128 
v 97 0 0 
v 97 0 1 
v 97 0 2 
v 97 0 3 
v 97 0 4 
v 97 0 5 
v 97 0 6 
v 97 0 7 
v 97 0 8 
v 97 0 9 
v 97 0 10 
v 97 0 11 
v 97 0 12 
v 97 0 13 
v 97 0 14 
v 97 0 15 
v 97 0 16 
v 97 0 17 
v 97 0 18 
v 97 0 19 
v 97 0 20 
v 97 0 21 
v 97 0 22 
v 97 0 23 
v 97 0 24 
v 97 0 25 
v 97 0 26 
v 97 0 27 
v 97 0 28 
v 97 0 29 
v 97 0 30 
v 97 0 31 
v 97 0 32 
v 97 0 33 
v 97 0 34 
v 97 0 35 
v 97 0 36 
v 97 0 37 
v 97 0 38 
v 97 0 39 
v 97 0 40 
v 97 0 41 
v 97 0 42 
v 97 0 43 
v 97 0 44 
v 97 0 45 
v 97 0 46 
v 97 0 47 
v 97 0 48 
v 97 0 49 
v 97 0 50 
v 97 0 51 
v 97 0 52 
v 97 0 53 
v 97 0 54 
v 97 0 55 
v 97 0 56 
v 97 0 57 
v 97 0 58 
v 97 0 59 
v 97 0 60 
v 97 0 61 
v 97 0 62 
v 97 0 63 
v 97 0 64 
v 97 0 65 
v 97 0 66 
v 97 0 67 
v 97 0 68 
v 97 0 69 
v 97 0 70 
v 97 0 71 
v 97 0 72 
v 97 0 73 
v 97 0 74 
v 97 0 75 
v 97 0 76 
v 97 0 77 
v 97 0 78 
v 97 0 79 
v 97 0 80 
v 97 0 81 
v 97 0 82 
v 97 0 83 
v 97 0 84 
v 97 0 85 
v 97 0 86 
v 97 0 87 
v 97 0 88 
v 97 0 89 
v 97 0 90 
v 97 0 91 
v 97 0 92 
v 97 0 93 
v 97 0 94 
v 97 0 95 
v 97 0 96 
v 97 0 97 
v 97 0 98 
v 97 0 99 
v 97 0 100 
v 97 0 101 
v 97 0 102 
v 97 0 103 
v 97 0 104 
v 97 0 105 
v 97 0 106 
v 97 0 107 
v 97 0 108 
v 97 0 109 
v 97 0 110 
v 97 0 111 
v 97 0 112 
v 97 0 113 
v 97 0 114 
v 97 0 115 
v 97 0 116 
v 97 0 117 
v 97 0 118 
v 97 0 119 
v 97 0 120 
v 97 0 121 
v 97 0 122 
v 97 0 123 
v 97 0 124 
v 97 0 125 
v 97 0 126 
v 97 0 127 
v 97 0 128 
v 98 0 0 
v 98 0 1 
v 98 0 2 
v 98 0 3 
v 98 0 4 
v 98 0 5 
v 98 0 6 
v 98 0 7 
v 98 0 8 
v 98 0 9 
v 98 0 10 
v 98 0 11 
v 98 0 12 
v 98 0 13 
v 98 0 14 
v 98 0 15 
v 98 0 16 
v 98 0 17 
v 98 0 18 
v 98 0 19 
v 98 0 20 
v 98 0 21 
v 98 0 22 
v 98 0 23 
v 98 0 24 
v 98 0 25 
v 98 0 26 
v 98 0 27 
v 98 0 28 
v 98 0 29 
v 98 0 30 
v 98 0 31 
v 98 0 32 
v 98 0 33 
v 98 0 34 
v 98 0 35 
v 98 0 36 
v 98 0 37 
v 98 0 38 
v 98 0 39 
v 98 0 40 
v 98 0 41 
v 98 0 42 
v 98 0 43 
v 98 0 44 
v 98 0 45 
v 98 0 46 
v 98 0 47 
v 98 0 48 
v 98 0 49 
v 98 0 50 
v 98 0 51 
v 98 0 52 
v 98 0 53 
v 98 0 54 
v 98 0 55 
v 98 0 56 
v 98 0 57 
v 98 0 58 
v 98 0 59 
v 98 0 60 
v 98 0 61 
v 98 0 62 
v 98 0 63 
v 98 0 64 
v 98 0 65 
v 98 0 66 
v 98 0 67 
v 98 0 68 
v 98 0 69 
v 98 0 70 
v 98 0 71 
v 98 0 72 
v 98 0 73 
v 98 0 74 
v 98 0 75 
v 98 0 76 
v 98 0 77 
v 98 0 78 
v 98 0 79 
v 98 0 80 
v 98 0 81 
v 98 0 82 
v 98 0 83 
v 98 0 84 
v 98 0 85 
v 98 0 86 
v 98 0 87 
v 98 0 88 
v 98 0 89 
v 98 0 90 
v 98 0 91 
v 98 0 92 
v 98 0 93 
v 98 0 94 
v 98 0 95 
v 98 0 96 
v 98 0 97 
v 98 0 98 
v 98 0 99 
v 98 0 100 
v 98 0 101 
v 98 0 102 
v 98 0 103 
v 98 0 104 
v 98 0 105 
v 98 0 106 
v 98 0 107 
v 98 0 108 
v 98 0 109 
v 98 0 110 
v 98 0 111 
v 98 0 112 
v 98 0 113 
v 98 0 114 
v 98 0 115 
v 98 0 116 
v 98 0 117 
v 98 0 118 
v 98 0 119 
v 98 0 120 
v 98 0 121 
v 98 0 122 
v 98 0 123 
v 98 0 124 
v 98 0 125 
v 98 0 126 
v 98 0 127 
v 98 0 128 
v 99 0 0 
v 99 0 1 
v 99 0 2 
v 99 0 3 
v 99 0 4 
v 99 0 5 
v 99 0 6 
v 99 0 7 
v 99 0 8 
v 99 0 9 
v 99 0 10 
v 99 0 11 
v 99 0 12 
v 99 0 13 
v 99 0 14 
v 99 0 15 
v 99 0 16 
v 99 0 17 
v 99 0 18 
v 99 0 19 
v 99 0 20 
v 99 0 21 
v 99 0 22 
v 99 0 23 
v 99 0 24 
v 99 0 25 
v 99 0 26 
v 99 0 27 
v 99 0 28 
v 99 0 29 
v 99 0 30 
v 99 0 31 
v 99 0 32 
v 99 0 33 
v 99 0 34 
v 99 0 35 
v 99 0 36 
v 99 0 37 
v 99 0 38 
v 99 0 39 
v 99 0 40 
v 99 0 41 
v 99 0 42 
v 99 0 43 
v 99 0 44 
v 99 0 45 
v 99 0 46 
v 99 0 47 
v 99 0 48 
v 99 0 49 
v 99 0 50 
v 99 0 51 
v 99 0 52 
v 99 0 53 
v 99 0 54 
v 99 0 55 
v 99 0 56 
v 99 0 57 
v 99 0 58 
v 99 0 59 
v 99 0 60 
v 99 0 61 
v 99 0 62 
v 99 0 63 
v 99 0 64 
v 99 0 65 
v 99 0 66 
v 99 0 67 
v 99 0 68 
v 99 0 69 
v 99 0 70 
v 99 0 71 
v 99 0 72 
v 99 0 73 
v 99 0 74 
v 99 0 75 
v 99 0 76 
v 99 0 77 
v 99 0 78 
v 99 0 79 
v 99 0 80 
v 99 0 81 
v 99 0 82 
v 99 0 83 
v 99 0 84 
v 99 0 85 
v 99 0 86 
v 99 0 87 
v 99 0 88 
v 99 0 89 
v 99 0 90 
v 99 0 91 
v 99 0 92 
v 99 0 93 
v 99 0 94 
v 99 0 95 
v 99 0 96 
v 99 0 97 
v 99 0 98 
v 99 0 99 
v 99 0 100 
v 99 0 101 
v 99 0 102 
v 99 0 103 
v 99 0 104 
v 99 0 105 
v 99 0 106 
v 99 0 107 
v 99 0 108 
v 99 0 109 
v 99 0 110 
v 99 0 111 
v 99 0 112 
v 99 0 113 
v 99 0 114 
v 99 0 115 
v 99 0 116 
v 99 0 117 
v 99 0 118 
v 99 0 119 
v 99 0 120 
v 99 0 121 
v 99 0 122 
v 99 0 123 
v 99 0 124 
v 99 0 125 
v 99 0 126 
v 99 0 127 
v 99 0 128 
v 100 0 0 
v 100 0 1 
v 100 0 2 
v 100 0 3 
v 100 0 4 
v 100 0 5 
v 100 0 6 
v 100 0 7 
v 100 0 8 
v 100 0 9 
v 100 0 10 
v 100 0 11 
v 100 0 12 
v 100 0 13 
v 100 0 14 
v 100 0 15 
v 100 0 16 
v 100 0 17 
v 100 0 18 
v 100 0 19 
v 100 0 20 
v 100 0 21 
v 100 0 22 
v 100 0 23 
v 100 0 24 
v 100 0 25 
v 100 0 26 
v 100 0 27 
v 100 0 28 
v 100 0 29 
v 100 0 30 
v 100 0 31 
v 100 0 32 
v 100 0 33 
v 100 0 34 
v 100 0 35 
v 100 0 36 
v 100 0 37 
v 100 0 38 
v 100 0 39 
v 100 0 40 
v 100 0 41 
v 100 0 42 
v 100 0 43 
v 100 0 44 
v 100 0 45 
v 100 0 46 
v 100 0 47 
v 100 0 48 
v 100 0 49 
v 100 0 50 
v 100 0 51 
v 100 0 52 
v 100 0 53 
v 100 0 54 
v 100 0 55 
v 100 0 56 
v 100 0 57 
v 100 0 58 
v 100 0 59 
v 100 0 60 
v 100 0 61 
v 100 0 62 
v 100 0 63 
v 100 0 64 
v 100 0 65 
v 100 0 66 
v 100 0 67 
v 100 0 68 
v 100 0 69 
v 100 0 70 
v 100 0 71 
v 100 0 72 
v 100 0 73 
v 100 0 74 
v 100 0 75 
v 100 0 76 
v 100 0 77 
v 100 0 78 
v 100 0 79 
v 100 0 80 
v 100 0 81 
v 100 0 82 
v 100 0 83 
v 100 0 84 
v 100 0 85 
v 100 0 86 
v 100 0 87 
v 100 0 88 
v 100 0 89 
v 100 0 90 
v 100 0 91 
v 100 0 92 
v 100 0 93 
v 100 0 94 
v 100 0 95 
v 100 0 96 
v 100 0 97 
v 100 0 98 
v 100 0 99 
v 100 0 100 
v 100 0 101 
v 100 0 102 
v 100 0 103 
v 100 0 104 
v 100 0 105 
v 100 0 106 
v 100 0 107 
v 100 0 108 
v 100 0 109 
v 100 0 110 
v 100 0 111 
v 100 0 112 
v 100 0 113 
v 100 0 114 
v 100 0 115 
v 100 0 116 
v 100 0 117 
v 100 0 118 
v 100 0 119 
v 100 0 120 
v 100 0 121 
v 100 0 122 
v 100 0 123 
v 100 0 124 
v 100 0 125 
v 100 0 126 
v 100 0 127 
v 100 0 128 
v 101 0 0 
v 101 0 1 
v 101 0 2 
v 101 0 3 
v 101 0 4 
v 101 0 5 
v 101 0 6 
v 101 0 7 
v 101 0 8 
v 101 0 9 
v 101 0 10 
v 101 0 11 
v 101 0 12 
v 101 0 13 
v 101 0 14 
v 101 0 15 
v 101 0 16 
v 101 0 17 
v 101 0 18 
v 101 0 19 
v 101 0 20 
v 101 0 21 
v 101 0 22 
v 101 0 23 
v 101 0 24 
v 101 0 25 
v 101 0 26 
v 101 0 27 
v 101 0 28 
v 101 0 29 
v 101 0 30 
v 101 0 31 
v 101 0 32 
v 101 0 33 
v 101 0 34 
v 101 0 35 
v 101 0 36 
v 101 0 37 
v 101 0 38 
v 101 0 39 
v 101 0 40 
v 101 0 41 
v 101 0 42 
v 101 0 43 
v 101 0 44 
v 101 0 45 
v 101 0 46 
v 101 0 47 
v 101 0 48 
v 101 0 49 
v 101 0 50 
v 101 0 51 
v 101 0 52 
v 101 0 53 
v 101 0 54 
v 101 0 55 
v 101 0 56 
v 101 0 57 
v 101 0 58 
v 101 0 59 
v 101 0 60 
v 101 0 61 
v 101 0 62 
v 101 0 63 
v 101 0 64 
v 101 0 65 
v 101 0 66 
v 101 0 67 
v 101 0 68 
v 101 0 69 
v 101 0 70 
v 101 0 71 
v 101 0 72 
v 101 0 73 
v 101 0 74 
v 101 0 75 
v 101 0 76 
v 101 0 77 
v 101 0 78 
v 101 0 79 
v 101 0 80 
v 101 0 81 
v 101 0 82 
v 101 0 83 
v 101 0 84 
v 101 0 85 
v 101 0 86 
v 101 0 87 
v 101 0 88 
v 101 0 89 
v 101 0 90 
v 101 0 91 
v 101 0 92 
v 101 0 93 
v 101 0 94 
v 101 0 95 
v 101 0 96 
v 101 0 97 
v 101 0 98 
v 101 0 99 
v 101 0 100 
v 101 0 101 
v 101 0 102 
v 101 0 103 
v 101 0 104 
v 101 0 105 
v 101 0 106 
v 101 0 107 
v 101 0 108 
v 101 0 109 
v 101 0 110 
v 101 0 111 
v 101 0 112 
v 101 0 113 
v 101 0 114 
v 101 0 115 
v 101 0 116 
v 101 0 117 
v 101 0 118 
v 101 0 119 
v 101 0 120 
v 101 0 121 
v 101 0 122 
v 101 0 123 
v 101 0 124 
v 101 0 125 
v 101 0 126 
v 101 0 127 
v 101 0 128 
v 102 0 0 
v 102 0 1 
v 102 0 2 
v 102 0 3 
v 102 0 4 
v 102 0 5 
v 102 0 6 
v 102 0 7 
v 102 0 8 
v 102 0 9 
v 102 0 10 
v 102 0 11 
v 102 0 12 
v 102 0 13 
v 102 0 14 
v 102 0 15 
v 102 0 16 
v 102 0 17 
v 102 0 18 
v 102 0 19 
v 102 0 20 
v 102 0 21 
v 102 0 22 
v 102 0 23 
v 102 0 24 
v 102 0 25 
v 102 0 26 
v 102 0 27 
v 102 0 28 
v 102 0 29 
v 102 0 30 
v 102 0 31 
v 102 0 32 
v 102 0 33 
v 102 0 34 
v 102 0 35 
v 102 0 36 
v 102 0 37 
v 102 0 38 
v 102 0 39 
v 102 0 40 
v 102 0 41 
v 102 0 42 
v 102 0 43 
v 102 0 44 
v 102 0 45 
v 102 0 46 
v 102 0 47 
v 102 0 48 
v 102 0 49 
v 102 0 50 
v 102 0 51 
v 102 0 52 
v 102 0 53 
v 102 0 54 
v 102 0 55 
v 102 0 56 
v 102 0 57 
v 102 0 58 
v 102 0 59 
v 102 0 60 
v 102 0 61 
v 102 0 62 
v 102 0 63 
v 102 0 64 
v 102 0 65 
v 102 0 66 
v 102 0 67 
v 102 0 68 
v 102 0 69 
v 102 0 70 
v 102 0 71 
v 102 0 72 
v 102 0 73 
v 102 0 74 
v 102 0 75 
v 102 0 76 
v 102 0 77 
v 102 0 78 
v 102 0 79 
v 102 0 80 
v 102 0 81 
v 102 0 82 
v 102 0 83 
v 102 0 84 
v 102 0 85 
v 102 0 86 
v 102 0 87 
v 102 0 88 
v 102 0 89 
v 102 0 90 
v 102 0 91 
v 102 0 92 
v 102 0 93 
v 102 0 94 
v 102 0 95 
v 102 0 96 
v 102 0 97 
v 102 0 98 
v 102 0 99 
v 102 0 100 
v 102 0 101 
v 102 0 102 
v 102 0 103 
v 102 0 104 
v 102 0 105 
v 102 0 106 
v 102 0 107 
v 102 0 108 
v 102 0 109 
v 102 0 110 
v 102 0 111 
v 102 0 112 
v 102 0 113 
v 102 0 114 
v 102 0 115 
v 102 0 116 
v 102 0 117 
v 102 0 118 
v 102 0 119 
v 102 0 120 
v 102 0 121 
v 102 0 122 
v 102 0 123 
v 102 0 124 
v 102 0 125 
v 102 0 126 
v 102 0 127 
v 102 0 128 
v 103 0 0 
v 103 0 1 
v 103 0 2 
v 103 0 3 
v 103 0 4 
v 103 0 5 
v 103 0 6 
v 103 0 7 
v 103 0 8 
v 103 0 9 
v 103 0 10 
v 103 0 11 
v 103 0 12 
v 103 0 13 
v 103 0 14 
v 103 0 15 
v 103 0 16 
v 103 0 17 
v 103 0 18 
v 103 0 19 
v 103 0 20 
v 103 0 21 
v 103 0 22 
v 103 0 23 
v 103 0 24 
v 103 0 25 
v 103 0 26 
v 103 0 27 
v 103 0 28 
v 103 0 29 
v 103 0 30 
v 103 0 31 
v 103 0 32 
v 103 0 33 
v 103 0 34 
v 103 0 35 
v 103 0 36 
v 103 0 37 
v 103 0 38 
v 103 0 39 
v 103 0 40 
v 103 0 41 
v 103 0 42 
v 103 0 43 
v 103 0 44 
v 103 0 45 
v 103 0 46 
v 103 0 47 
v 103 0 48 
v 103 0 49 
v 103 0 50 
v 103 0 51 
v 103 0 52 
v 103 0 53 
v 103 0 54 
v 103 0 55 
v 103 0 56 
v 103 0 57 
v 103 0 58 
v 103 0 59 
v 103 0 60 
v 103 0 61 
v 103 0 62 
v 103 0 63 
v 103 0 64 
v 103 0 65 
v 103 0 66 
v 103 0 67 
v 103 0 68 
v 103 0 69 
v 103 0 70 
v 103 0 71 
v 103 0 72 
v 103 0 73 
v 103 0 74 
v 103 0 75 
v 103 0 76 
v 103 0 77 
v 103 0 78 
v 103 0 79 
v 103 0 80 
v 103 0 81 
v 103 0 82 
v 103 0 83 
v 103 0 84 
v 103 0 85 
v 103 0 86 
v 103 0 87 
v 103 0 88 
v 103 0 89 
v 103 0 90 
v 103 0 91 
v 103 0 92 
v 103 0 93 
v 103 0 94 
v 103 0 95 
v 103 0 96 
v 103 0 97 
v 103 0 98 
v 103 0 99 
v 103 0 100 
v 103 0 101 
v 103 0 102 
v 103 0 103 
v 103 0 104 
v 103 0 105 
v 103 0 106 
v 103 0 107 
v 103 0 108 
v 103 0 109 
v 103 0 110 
v 103 0 111 
v 103 0 112 
v 103 0 113 
v 103 0 114 
v 103 0 115 
v 103 0 116 
v 103 0 117 
v 103 0 118 
v 103 0 119 
v 103 0 120 
v 103 0 121 
v 103 0 122 
v 103 0 123 
v 103 0 124 
v 103 0 125 
v 103 0 126 
v 103 0 127 
v 103 0 128 
v 104 0 0 
v 104 0 1 
v 104 0 2 
v 104 0 3 
v 104 0 4 
v 104 0 5 
v 104 0 6 
v 104 0 7 
v 104 0 8 
v 104 0 9 
v 104 0 10 
v 104 0 11 
v 104 0 12 
v 104 0 13 
v 104 0 14 
v 104 0 15 
v 104 0 16 
v 104 0 17 
v 104 0 18 
v 104 0 19 
v 104 0 20 
v 104 0 21 
v 104 0 22 
v 104 0 23 
v 104 0 24 
v 104 0 25 
v 104 0 26 
v 104 0 27 
v 104 0 28 
v 104 0 29 
v 104 0 30 
v 104 0 31 
v 104 0 32 
v 104 0 33 
v 104 0 34 
v 104 0 35 
v 104 0 36 
v 104 0 37 
v 104 0 38 
v 104 0 39 
v 104 0 40 
v 104 0 41 
v 104 0 42 
v 104 0 43 
v 104 0 44 
v 104 0 45 
v 104 0 46 
v 104 0 47 
v 104 0 48 
v 104 0 49 
v 104 0 50 
v 104 0 51 
v 104 0 52 
v 104 0 53 
v 104 0 54 
v 104 0 55 
v 104 0 56 
v 104 0 57 
v 104 0 58 
v 104 0 59 
v 104 0 60 
v 104 0 61 
v 104 0 62 
v 104 0 63 
v 104 0 64 
v 104 0 65 
v 104 0 66 
v 104 0 67 
v 104 0 68 
v 104 0 69 
v 104 0 70 
v 104 0 71 
v 104 0 72 
v 104 0 73 
v 104 0 74 
v 104 0 75 
v 104 0 76 
v 104 0 77 
v 104 0 78 
v 104 0 79 
v 104 0 80 
v 104 0 81 
v 104 0 82 
v 104 0 83 
v 104 0 84 
v 104 0 85 
v 104 0 86 
v 104 0 87 
v 104 0 88 
v 104 0 89 
v 104 0 90 
v 104 0 91 
v 104 0 92 
v 104 0 93 
v 104 0 94 
v 104 0 95 
v 104 0 96 
v 104 0 97 
v 104 0 98 
v 104 0 99 
v 104 0 100 
v 104 0 101 
v 104 0 102 
v 104 0 103 
v 104 0 104 
v 104 0 105 
v 104 0 106 
v 104 0 107 
v 104 0 108 
v 104 0 109 
v 104 0 110 
v 104 0 111 
v 104 0 112 
v 104 0 113 
v 104 0 114 
v 104 0 115 
v 104 0 116 
v 104 0 117 
v 104 0 118 
v 104 0 119 
v 104 0 120 
v 104 0 121 
v 104 0 122 
v 104 0 123 
v 104 0 124 
v 104 0 125 
v 104 0 126 
v 104 0 127 
v 104 0 128 
v 105 0 0 
v 105 0 1 
v 105 0 2 
v 105 0 3 
v 105 0 4 
v 105 0 5 
v 105 0 6 
v 105 0 7 
v 105 0 8 
v 105 0 9 
v 105 0 10 
v 105 0 11 
v 105 0 12 
v 105 0 13 
v 105 0 14 
v 105 0 15 
v 105 0 16 
v 105 0 17 
v 105 0 18 
v 105 0 19 
v 105 0 20 
v 105 0 21 
v 105 0 22 
v 105 0 23 
v 105 0 24 
v 105 0 25 
v 105 0 26 
v 105 0 27 
v 105 0 28 
v 105 0 29 
v 105 0 30 
v 105 0 31 
v 105 0 32 
v 105 0 33 
v 105 0 34 
v 105 0 35 
v 105 0 36 
v 105 0 37 
v 105 0 38 
v 105 0 39 
v 105 0 40 
v 105 0 41 
v 105 0 42 
v 105 0 43 
v 105 0 44 
v 105 0 45 
v 105 0 46 
v 105 0 47 
v 105 0 48 
v 105 0 49 
v 105 0 50 
v 105 0 51 
v 105 0 52 
v 105 0 53 
v 105 0 54 
v 105 0 55 
v 105 0 56 
v 105 0 57 
v 105 0 58 
v 105 0 59 
v 105 0 60 
v 105 0 61 
v 105 0 62 
v 105 0 63 
v 105 0 64 
v 105 0 65 
v 105 0 66 
v 105 0 67 
v 105 0 68 
v 105 0 69 
v 105 0 70 
v 105 0 71 
v 105 0 72 
v 105 0 73 
v 105 0 74 
v 105 0 75 
v 105 0 76 
v 105 0 77 
v 105 0 78 
v 105 0 79 
v 105 0 80 
v 105 0 81 
v 105 0 82 
v 105 0 83 
v 105 0 84 
v 105 0 85 
v 105 0 86 
v 105 0 87 
v 105 0 88 
v 105 0 89 
v 105 0 90 
v 105 0 91 
v 105 0 92 
v 105 0 93 
v 105 0 94 
v 105 0 95 
v 105 0 96 
v 105 0 97 
v 105 0 98 
v 105 0 99 
v 105 0 100 
v 105 0 101 
v 105 0 102 
v 105 0 103 
v 105 0 104 
v 105 0 105 
v 105 0 106 
v 105 0 107 
v 105 0 108 
v 105 0 109 
v 105 0 110 
v 105 0 111 
v 105 0 112 
v 105 0 113 
v 105 0 114 
v 105 0 115 
v 105 0 116 
v 105 0 117 
v 105 0 118 
v 105 0 119 
v 105 0 120 
v 105 0 121 
v 105 0 122 
v 105 0 123 
v 105 0 124 
v 105 0 125 
v 105 0 126 
v 105 0 127 
v 105 0 128 
v 106 0 0 
v 106 0 1 
v 106 0 2 
v 106 0 3 
v 106 0 4 
v 106 0 5 
v 106 0 6 
v 106 0 7 
v 106 0 8 
v 106 0 9 
v 106 0 10 
v 106 0 11 
v 106 0 12 
v 106 0 13 
v 106 0 14 
v 106 0 15 
v 106 0 16 
v 106 0 17 
v 106 0 18 
v 106 0 19 
v 106 0 20 
v 106 0 21 
v 106 0 22 
v 106 0 23 
v 106 0 24 
v 106 0 25 
v 106 0 26 
v 106 0 27 
v 106 0 28 
v 106 0 29 
v 106 0 30 
v 106 0 31 
v 106 0 32 
v 106 0 33 
v 106 0 34 
v 106 0 35 
v 106 0 36 
v 106 0 37 
v 106 0 38 
v 106 0 39 
v 106 0 40 
v 106 0 41 
v 106 0 42 
v 106 0 43 
v 106 0 44 
v 106 0 45 
v 106 0 46 
v 106 0 47 
v 106 0 48 
v 106 0 49 
v 106 0 50 
v 106 0 51 
v 106 0 52 
v 106 0 53 
v 106 0 54 
v 106 0 55 
v 106 0 56 
v 106 0 57 
v 106 0 58 
v 106 0 59 
v 106 0 60 
v 106 0 61 
v 106 0 62 
v 106 0 63 
v 106 0 64 
v 106 0 65 
v 106 0 66 
v 106 0 67 
v 106 0 68 
v 106 0 69 
v 106 0 70 
v 106 0 71 
v 106 0 72 
v 106 0 73 
v 106 0 74 
v 106 0 75 
v 106 0 76 
v 106 0 77 
v 106 0 78 
v 106 0 79 
v 106 0 80 
v 106 0 81 
v 106 0 82 
v 106 0 83 
v 106 0 84 
v 106 0 85 
v 106 0 86 
v 106 0 87 
v 106 0 88 
v 106 0 89 
v 106 0 90 
v 106 0 91 
v 106 0 92 
v 106 0 93 
v 106 0 94 
v 106 0 95 
v 106 0 96 
v 106 0 97 
v 106 0 98 
v 106 0 99 
v 106 0 100 
v 106 0 101 
v 106 0 102 
v 106 0 103 
v 106 0 104 
v 106 0 105 
v 106 0 106 
v 106 0 107 
v 106 0 108 
v 106 0 109 
v 106 0 110 
v 106 0 111 
v 106 0 112 
v 106 0 113 
v 106 0 114 
v 106 0 115 
v 106 0 116 
v 106 0 117 
v 106 0 118 
v 106 0 119 
v 106 0 120 
v 106 0 121 
v 106 0 122 
v 106 0 123 
v 106 0 124 
v 106 0 125 
v 106 0 126 
v 106 0 127 
v 106 0 128 
v 107 0 0 
v 107 0 1 
v 107 0 2 
v 107 0 3 
v 107 0 4 
v 107 0 5 
v 107 0 6 
v 107 0 7 
v 107 0 8 
v 107 0 9 
v 107 0 10 
v 107 0 11 
v 107 0 12 
v 107 0 13 
v 107 0 14 
v 107 0 15 
v 107 0 16 
v 107 0 17 
v 107 0 18 
v 107 0 19 
v 107 0 20 
v 107 0 21 
v 107 0 22 
v 107 0 23 
v 107 0 24 
v 107 0 25 
v 107 0 26 
v 107 0 27 
v 107 0 28 
v 107 0 29 
v 107 0 30 
v 107 0 31 
v 107 0 32 
v 107 0 33 
v 107 0 34 
v 107 0 35 
v 107 0 36 
v 107 0 37 
v 107 0 38 
v 107 0 39 
v 107 0 40 
v 107 0 41 
v 107 0 42 
v 107 0 43 
v 107 0 44 
v 107 0 45 
v 107 0 46 
v 107 0 47 
v 107 0 48 
v 107 0 49 
v 107 0 50 
v 107 0 51 
v 107 0 52 
v 107 0 53 
v 107 0 54 
v 107 0 55 
v 107 0 56 
v 107 0 57 
v 107 0 58 
v 107 0 59 
v 107 0 60 
v 107 0 61 
v 107 0 62 
v 107 0 63 
v 107 0 64 
v 107 0 65 
v 107 0 66 
v 107 0 67 
v 107 0 68 
v 107 0 69 
v 107 0 70 
v 107 0 71 
v 107 0 72 
v 107 0 73 
v 107 0 74 
v 107 0 75 
v 107 0 76 
v 107 0 77 
v 107 0 78 
v 107 0 79 
v 107 0 80 
v 107 0 81 
v 107 0 82 
v 107 0 83 
v 107 0 84 
v 107 0 85 
v 107 0 86 
v 107 0 87 
v 107 0 88 
v 107 0 89 
v 107 0 90 
v 107 0 91 
v 107 0 92 
v 107 0 93 
v 107 0 94 
v 107 0 95 
v 107 0 96 
v 107 0 97 
v 107 0 98 
v 107 0 99 
v 107 0 100 
v 107 0 101 
v 107 0 102 
v 107 0 103 
v 107 0 104 
v 107 0 105 
v 107 0 106 
v 107 0 107 
v 107 0 108 
v 107 0 109 
v 107 0 110 
v 107 0 111 
v 107 0 112 
v 107 0 113 
v 107 0 114 
v 107 0 115 
v 107 0 116 
v 107 0 117 
v 107 0 118 
v 107 0 119 
v 107 0 120 
v 107 0 121 
v 107 0 122 
v 107 0 123 
v 107 0 124 
v 107 0 125 
v 107 0 126 
v 107 0 127 
v 107 0 128 
v 108 0 0 
v 108 0 1 
v 108 0 2 
v 108 0 3 
v 108 0 4 
v 108 0 5 
v 108 0 6 
v 108 0 7 
v 108 0 8 
v 108 0 9 
v 108 0 10 
v 108 0 11 
v 108 0 12 
v 108 0 13 
v 108 0 14 
v 108 0 15 
v 108 0 16 
v 108 0 17 
v 108 0 18 
v 108 0 19 
v 108 0 20 
v 108 0 21 
v 108 0 22 
v 108 0 23 
v 108 0 24 
v 108 0 25 
v 108 0 26 
v 108 0 27 
v 108 0 28 
v 108 0 29 
v 108 0 30 
v 108 0 31 
v 108 0 32 
v 108 0 33 
v 108 0 34 
v 108 0 35 
v 108 0 36 
v 108 0 37 
v 108 0 38 
v 108 0 39 
v 108 0 40 
v 108 0 41 
v 108 0 42 
v 108 0 43 
v 108 0 44 
v 108 0 45 
v 108 0 46 
v 108 0 47 
v 108 0 48 
v 108 0 49 
v 108 0 50 
v 108 0 51 
v 108 0 52 
v 108 0 53 
v 108 0 54 
v 108 0 55 
v 108 0 56 
v 108 0 57 
v 108 0 58 
v 108 0 59 
v 108 0 60 
v 108 0 61 
v 108 0 62 
v 108 0 63 
v 108 0 64 
v 108 0 65 
v 108 0 66 
v 108 0 67 
v 108 0 68 
v 108 0 69 
v 108 0 70 
v 108 0 71 
v 108 0 72 
v 108 0 73 
v 108 0 74 
v 108 0 75 
v 108 0 76 
v 108 0 77 
v 108 0 78 
v 108 0 79 
v 108 0 80 
v 108 0 81 
v 108 0 82 
v 108 0 83 
v 108 0 84 
v 108 0 85 
v 108 0 86 
v 108 0 87 
v 108 0 88 
v 108 0 89 
v 108 0 90 
v 108 0 91 
v 108 0 92 
v 108 0 93 
v 108 0 94 
v 108 0 95 
v 108 0 96 
v 108 0 97 
v 108 0 98 
v 108 0 99 
v 108 0 100 
v 108 0 101 
v 108 0 102 
v 108 0 103 
v 108 0 104 
v 108 0 105 
v 108 0 106 
v 108 0 107 
v 108 0 108 
v 108 0 109 
v 108 0 110 
v 108 0 111 
v 108 0 112 
v 108 0 113 
v 108 0 114 
v 108 0 115 
v 108 0 116 
v 108 0 117 
v 108 0 118 
v 108 0 119 
v 108 0 120 
v 108 0 121 
v 108 0 122 
v 108 0 123 
v 108 0 124 
v 108 0 125 
v 108 0 126 
v 108 0 127 
v 108 0 128 
v 109 0 0 
v 109 0 1 
v 109 0 2 
v 109 0 3 
v 109 0 4 
v 109 0 5 
v 109 0 6 
v 109 0 7 
v 109 0 8 
v 109 0 9 
v 109 0 10 
v 109 0 11 
v 109 0 12 
v 109 0 13 
v 109 0 14 
v 109 0 15 
v 109 0 16 
v 109 0 17 
v 109 0 18 
v 109 0 19 
v 109 0 20 
v 109 0 21 
v 109 0 22 
v 109 0 23 
v 109 0 24 
v 109 0 25 
v 109 0 26 
v 109 0 27 
v 109 0 28 
v 109 0 29 
v 109 0 30 
v 109 0 31 
v 109 0 32 
v 109 0 33 
v 109 0 34 
v 109 0 35 
v 109 0 36 
v 109 0 37 
v 109 0 38 
v 109 0 39 
v 109 0 40 
v 109 0 41 
v 109 0 42 
v 109 0 43 
v 109 0 44 
v 109 0 45 
v 109 0 46 
v 109 0 47 
v 109 0 48 
v 109 0 49 
v 109 0 50 
v 109 0 51 
v 109 0 52 
v 109 0 53 
v 109 0 54 
v 109 0 55 
v 109 0 56 
v 109 0 57 
v 109 0 58 
v 109 0 59 
v 109 0 60 
v 109 0 61 
v 109 0 62 
v 109 0 63 
v 109 0 64 
v 109 0 65 
v 109 0 66 
v 109 0 67 
v 109 0 68 
v 109 0 69 
v 109 0 70 
v 109 0 71 
v 109 0 72 
v 109 0 73 
v 109 0 74 
v 109 0 75 
v 109 0 76 
v 109 0 77 
v 109 0 78 
v 109 0 79 
v 109 0 80 
v 109 0 81 
v 109 0 82 
v 109 0 83 
v 109 0 84 
v 109 0 85 
v 109 0 86 
v 109 0 87 
v 109 0 88 
v 109 0 89 
v 109 0 90 
v 109 0 91 
v 109 0 92 
v 109 0 93 
v 109 0 94 
v 109 0 95 
v 109 0 96 
v 109 0 97 
v 109 0 98 
v 109 0 99 
v 109 0 100 
v 109 0 101 
v 109 0 102 
v 109 0 103 
v 109 0 104 
v 109 0 105 
v 109 0 106 
v 109 0 107 
v 109 0 108 
v 109 0 109 
v 109 0 110 
v 109 0 111 
v 109 0 112 
v 109 0 113 
v 109 0 114 
v 109 0 115 
v 109 0 116 
v 109 0 117 
v 109 0 118 
v 109 0 119 
v 109 0 120 
v 109 0 121 
v 109 0 122 
v 109 0 123 
v 109 0 124 
v 109 0 125 
v 109 0 126 
v 109 0 127 
v 109 0 128 
v 110 0 0 
v 110 0 1 
v 110 0 2 
v 110 0 3 
v 110 0 4 
v 110 0 5 
v 110 0 6 
v 110 0 7 
v 110 0 8 
v 110 0 9 
v 110 0 10 
v 110 0 11 
v 110 0 12 
v 110 0 13 
v 110 0 14 
v 110 0 15 
v 110 0 16 
v 110 0 17 
v 110 0 18 
v 110 0 19 
v 110 0 20 
v 110 0 21 
v 110 0 22 
v 110 0 23 
v 110 0 24 
v 110 0 25 
v 110 0 26 
v 110 0 27 
v 110 0 28 
v 110 0 29 
v 110 0 30 
v 110 0 31 
v 110 0 32 
v 110 0 33 
v 110 0 34 
v 110 0 35 
v 110 0 36 
v 110 0 37 
v 110 0 38 
v 110 0 39 
v 110 0 40 
v 110 0 41 
v 110 0 42 
v 110 0 43 
v 110 0 44 
v 110 0 45 
v 110 0 46 
v 110 0 47 
v 110 0 48 
v 110 0 49 
v 110 0 50 
v 110 0 51 
v 110 0 52 
v 110 0 53 
v 110 0 54 
v 110 0 55 
v 110 0 56 
v 110 0 57 
v 110 0 58 
v 110 0 59 
v 110 0 60 
v 110 0 61 
v 110 0 62 
v 110 0 63 
v 110 0 64 
v 110 0 65 
v 110 0 66 
v 110 0 67 
v 110 0 68 
v 110 0 69 
v 110 0 70 
v 110 0 71 
v 110 0 72 
v 110 0 73 
v 110 0 74 
v 110 0 75 
v 110 0 76 
v 110 0 77 
v 110 0 78 
v 110 0 79 
v 110 0 80 
v 110 0 81 
v 110 0 82 
v 110 0 83 
v 110 0 84 
v 110 0 85 
v 110 0 86 
v 110 0 87 
v 110 0 88 
v 110 0 89 
v 110 0 90 
v 110 0 91 
v 110 0 92 
v 110 0 93 
v 110 0 94 
v 110 0 95 
v 110 0 96 
v 110 0 97 
v 110 0 98 
v 110 0 99 
v 110 0 100 
v 110 0 101 
v 110 0 102 
v 110 0 103 
v 110 0 104 
v 110 0 105 
v 110 0 106 
v 110 0 107 
v 110 0 108 
v 110 0 109 
v 110 0 110 
v 110 0 111 
v 110 0 112 
v 110 0 113 
v 110 0 114 
v 110 0 115 
v 110 0 116 
v 110 0 117 
v 110 0 118 
v 110 0 119 
v 110 0 120 
v 110 0 121 
v 110 0 122 
v 110 0 123 
v 110 0 124 
v 110 0 125 
v 110 0 126 
v 110 0 127 
v 110 0 128 
v 111 0 0 
v 111 0 1 
v 111 0 2 
v 111 0 3 
v 111 0 4 
v 111 0 5 
v 111 0 6 
v 111 0 7 
v 111 0 8 
v 111 0 9 
v 111 0 10 
v 111 0 11 
v 111 0 12 
v 111 0 13 
v 111 0 14 
v 111 0 15 
v 111 0 16 
v 111 0 17 
v 111 0 18 
v 111 0 19 
v 111 0 20 
v 111 0 21 
v 111 0 22 
v 111 0 23 
v 111 0 24 
v 111 0 25 
v 111 0 26 
v 111 0 27 
v 111 0 28 
v 111 0 29 
v 111 0 30 
v 111 0 31 
v 111 0 32 
v 111 0 33 
v 111 0 34 
v 111 0 35 
v 111 0 36 
v 111 0 37 
v 111 0 38 
v 111 0 39 
v 111 0 40 
v 111 0 41 
v 111 0 42 
v 111 0 43 
v 111 0 44 
v 111 0 45 
v 111 0 46 
v 111 0 47 
v 111 0 48 
v 111 0 49 
v 111 0 50 
v 111 0 51 
v 111 0 52 
v 111 0 53 
v 111 0 54 
v 111 0 55 
v 111 0 56 
v 111 0 57 
v 111 0 58 
v 111 0 59 
v 111 0 60 
v 111 0 61 
v 111 0 62 
v 111 0 63 
v 111 0 64 
v 111 0 65 
v 111 0 66 
v 111 0 67 
v 111 0 68 
v 111 0 69 
v 111 0 70 
v 111 0 71 
v 111 0 72 
v 111 0 73 
v 111 0 74 
v 111 0 75 
v 111 0 76 
v 111 0 77 
v 111 0 78 
v 111 0 79 
v 111 0 80 
v 111 0 81 
v 111 0 82 
v 111 0 83 
v 111 0 84 
v 111 0 85 
v 111 0 86 
v 111 0 87 
v 111 0 88 
v 111 0 89 
v 111 0 90 
v 111 0 91 
v 111 0 92 
v 111 0 93 
v 111 0 94 
v 111 0 95 
v 111 0 96 
v 111 0 97 
v 111 0 98 
v 111 0 99 
v 111 0 100 
v 111 0 101 
v 111 0 102 
v 111 0 103 
v 111 0 104 
v 111 0 105 
v 111 0 106 
v 111 0 107 
v 111 0 108 
v 111 0 109 
v 111 0 110 
v 111 0 111 
v 111 0 112 
v 111 0 113 
v 111 0 114 
v 111 0 115 
v 111 0 116 
v 111 0 117 
v 111 0 118 
v 111 0 119 
v 111 0 120 
v 111 0 121 
v 111 0 122 
v 111 0 123 
v 111 0 124 
v 111 0 125 
v 111 0 126 
v 111 0 127 
v 111 0 128 
v 112 0 0 
v 112 0 1 
v 112 0 2 
v 112 0 3 
v 112 0 4 
v 112 0 5 
v 112 0 6 
v 112 0 7 
v 112 0 8 
v 112 0 9 
v 112 0 10 
v 112 0 11 
v 112 0 12 
v 112 0 13 
v 112 0 14 
v 112 0 15 
v 112 0 16 
v 112 0 17 
v 112 0 18 
v 112 0 19 
v 112 0 20 
v 112 0 21 
v 112 0 22 
v 112 0 23 
v 112 0 24 
v 112 0 25 
v 112 0 26 
v 112 0 27 
v 112 0 28 
v 112 0 29 
v 112 0 30 
v 112 0 31 
v 112 0 32 
v 112 0 33 
v 112 0 34 
v 112 0 35 
v 112 0 36 
v 112 0 37 
v 112 0 38 
v 112 0 39 
v 112 0 40 
v 112 0 41 
v 112 0 42 
v 112 0 43 
v 112 0 44 
v 112 0 45 
v 112 0 46 
v 112 0 47 
v 112 0 48 
v 112 0 49 
v 112 0 50 
v 112 0 51 
v 112 0 52 
v 112 0 53 
v 112 0 54 
v 112 0 55 
v 112 0 56 
v 112 0 57 
v 112 0 58 
v 112 0 59 
v 112 0 60 
v 112 0 61 
v 112 0 62 
v 112 0 63 
v 112 0 64 
v 112 0 65 
v 112 0 66 
v 112 0 67 
v 112 0 68 
v 112 0 69 
v 112 0 70 
v 112 0 71 
v 112 0 72 
v 112 0 73 
v 112 0 74 
v 112 0 75 
v 112 0 76 
v 112 0 77 
v 112 0 78 
v 112 0 79 
v 112 0 80 
v 112 0 81 
v 112 0 82 
v 112 0 83 
v 112 0 84 
v 112 0 85 
v 112 0 86 
v 112 0 87 
v 112 0 88 
v 112 0 89 
v 112 0 90 
v 112 0 91 
v 112 0 92 
v 112 0 93 
v 112 0 94 
v 112 0 95 
v 112 0 96 
v 112 0 97 
v 112 0 98 
v 112 0 99 
v 112 0 100 
v 112 0 101 
v 112 0 102 
v 112 0 103 
v 112 0 104 
v 112 0 105 
v 112 0 106 
v 112 0 107 
v 112 0 108 
v 112 0 109 
v 112 0 110 
v 112 0 111 
v 112 0 112 
v 112 0 113 
v 112 0 114 
v 112 0 115 
v 112 0 116 
v 112 0 117 
v 112 0 118 
v 112 0 119 
v 112 0 120 
v 112 0 121 
v 112 0 122 
v 112 0 123 
v 112 0 124 
v 112 0 125 
v 112 0 126 
v 112 0 127 
v 112 0 128 
v 113 0 0 
v 113 0 1 
v 113 0 2 
v 113 0 3 
v 113 0 4 
v 113 0 5 
v 113 0 6 
v 113 0 7 
v 113 0 8 
v 113 0 9 
v 113 0 10 
v 113 0 11 
v 113 0 12 
v 113 0 13 
v 113 0 14 
v 113 0 15 
v 113 0 16 
v 113 0 17 
v 113 0 18 
v 113 0 19 
v 113 0 20 
v 113 0 21 
v 113 0 22 
v 113 0 23 
v 113 0 24 
v 113 0 25 
v 113 0 26 
v 113 0 27 
v 113 0 28 
v 113 0 29 
v 113 0 30 
v 113 0 31 
v 113 0 32 
v 113 0 33 
v 113 0 34 
v 113 0 35 
v 113 0 36 
v 113 0 37 
v 113 0 38 
v 113 0 39 
v 113 0 40 
v 113 0 41 
v 113 0 42 
v 113 0 43 
v 113 0 44 
v 113 0 45 
v 113 0 46 
v 113 0 47 
v 113 0 48 
v 113 0 49 
v 113 0 50 
v 113 0 51 
v 113 0 52 
v 113 0 53 
v 113 0 54 
v 113 0 55 
v 113 0 56 
v 113 0 57 
v 113 0 58 
v 113 0 59 
v 113 0 60 
v 113 0 61 
v 113 0 62 
v 113 0 63 
v 113 0 64 
v 113 0 65 
v 113 0 66 
v 113 0 67 
v 113 0 68 
v 113 0 69 
v 113 0 70 
v 113 0 71 
v 113 0 72 
v 113 0 73 
v 113 0 74 
v 113 0 75 
v 113 0 76 
v 113 0 77 
v 113 0 78 
v 113 0 79 
v 113 0 80 
v 113 0 81 
v 113 0 82 
v 113 0 83 
v 113 0 84 
v 113 0 85 
v 113 0 86 
v 113 0 87 
v 113 0 88 
v 113 0 89 
v 113 0 90 
v 113 0 91 
v 113 0 92 
v 113 0 93 
v 113 0 94 
v 113 0 95 
v 113 0 96 
v 113 0 97 
v 113 0 98 
v 113 0 99 
v 113 0 100 
v 113 0 101 
v 113 0 102 
v 113 0 103 
v 113 0 104 
v 113 0 105 
v 113 0 106 
v 113 0 107 
v 113 0 108 
v 113 0 109 
v 113 0 110 
v 113 0 111 
v 113 0 112 
v 113 0 113 
v 113 0 114 
v 113 0 115 
v 113 0 116 
v 113 0 117 
v 113 0 118 
v 113 0 119 
v 113 0 120 
v 113 0 121 
v 113 0 122 
v 113 0 123 
v 113 0 124 
v 113 0 125 
v 113 0 126 
v 113 0 127 
v 113 0 128 
v 114 0 0 
v 114 0 1 
v 114 0 2 
v 114 0 3 
v 114 0 4 
v 114 0 5 
v 114 0 6 
v 114 0 7 
v 114 0 8 
v 114 0 9 
v 114 0 10 
v 114 0 11 
v 114 0 12 
v 114 0 13 
v 114 0 14 
v 114 0 15 
v 114 0 16 
v 114 0 17 
v 114 0 18 
v 114 0 19 
v 114 0 20 
v 114 0 21 
v 114 0 22 
v 114 0 23 
v 114 0 24 
v 114 0 25 
v 114 0 26 
v 114 0 27 
v 114 0 28 
v 114 0 29 
v 114 0 30 
v 114 0 31 
v 114 0 32 
v 114 0 33 
v 114 0 34 
v 114 0 35 
v 114 0 36 
v 114 0 37 
v 114 0 38 
v 114 0 39 
v 114 0 40 
v 114 0 41 
v 114 0 42 
v 114 0 43 
v 114 0 44 
v 114 0 45 
v 114 0 46 
v 114 0 47 
v 114 0 48 
v 114 0 49 
v 114 0 50 
v 114 0 51 
v 114 0 52 
v 114 0 53 
v 114 0 54 
v 114 0 55 
v 114 0 56 
v 114 0 57 
v 114 0 58 
v 114 0 59 
v 114 0 60 
v 114 0 61 
v 114 0 62 
v 114 0 63 
v 114 0 64 
v 114 0 65 
v 114 0 66 
v 114 0 67 
v 114 0 68 
v 114 0 69 
v 114 0 70 
v 114 0 71 
v 114 0 72 
v 114 0 73 
v 114 0 74 
v 114 0 75 
v 114 0 76 
v 114 0 77 
v 114 0 78 
v 114 0 79 
v 114 0 80 
v 114 0 81 
v 114 0 82 
v 114 0 83 
v 114 0 84 
v 114 0 85 
v 114 0 86 
v 114 0 87 
v 114 0 88 
v 114 0 89 
v 114 0 90 
v 114 0 91 
v 114 0 92 
v 114 0 93 
v 114 0 94 
v 114 0 95 
v 114 0 96 
v 114 0 97 
v 114 0 98 
v 114 0 99 
v 114 0 100 
v 114 0 101 
v 114 0 102 
v 114 0 103 
v 114 0 104 
v 114 0 105 
v 114 0 106 
v 114 0 107 
v 114 0 108 
v 114 0 109 
v 114 0 110 
v 114 0 111 
v 114 0 112 
v 114 0 113 
v 114 0 114 
v 114 0 115 
v 114 0 116 
v 114 0 117 
v 114 0 118 
v 114 0 119 
v 114 0 120 
v 114 0 121 
v 114 0 122 
v 114 0 123 
v 114 0 124 
v 114 0 125 
v 114 0 126 
v 114 0 127 
v 114 0 128 
v 115 0 0 
v 115 0 1 
v 115 0 2 
v 115 0 3 
v 115 0 4 
v 115 0 5 
v 115 0 6 
v 115 0 7 
v 115 0 8 
v 115 0 9 
v 115 0 10 
v 115 0 11 
v 115 0 12 
v 115 0 13 
v 115 0 14 
v 115 0 15 
v 115 0 16 
v 115 0 17 
v 115 0 18 
v 115 0 19 
v 115 0 20 
v 115 0 21 
v 115 0 22 
v 115 0 23 
v 115 0 24 
v 115 0 25 
v 115 0 26 
v 115 0 27 
v 115 0 28 
v 115 0 29 
v 115 0 30 
v 115 0 31 
v 115 0 32 
v 115 0 33 
v 115 0 34 
v 115 0 35 
v 115 0 36 
v 115 0 37 
v 115 0 38 
v 115 0 39 
v 115 0 40 
v 115 0 41 
v 115 0 42 
v 115 0 43 
v 115 0 44 
v 115 0 45 
v 115 0 46 
v 115 0 47 
v 115 0 48 
v 115 0 49 
v 115 0 50 
v 115 0 51 
v 115 0 52 
v 115 0 53 
v 115 0 54 
v 115 0 55 
v 115 0 56 
v 115 0 57 
v 115 0 58 
v 115 0 59 
v 115 0 60 
v 115 0 61 
v 115 0 62 
v 115 0 63 
v 115 0 64 
v 115 0 65 
v 115 0 66 
v 115 0 67 
v 115 0 68 
v 115 0 69 
v 115 0 70 
v 115 0 71 
v 115 0 72 
v 115 0 73 
v 115 0 74 
v 115 0 75 
v 115 0 76 
v 115 0 77 
v 115 0 78 
v 115 0 79 
v 115 0 80 
v 115 0 81 
v 115 0 82 
v 115 0 83 
v 115 0 84 
v 115 0 85 
v 115 0 86 
v 115 0 87 
v 115 0 88 
v 115 0 89 
v 115 0 90 
v 115 0 91 
v 115 0 92 
v 115 0 93 
v 115 0 94 
v 115 0 95 
v 115 0 96 
v 115 0 97 
v 115 0 98 
v 115 0 99 
v 115 0 100 
v 115 0 101 
v 115 0 102 
v 115 0 103 
v 115 0 104 
v 115 0 105 
v 115 0 106 
v 115 0 107 
v 115 0 108 
v 115 0 109 
v 115 0 110 
v 115 0 111 
v 115 0 112 
v 115 0 113 
v 115 0 114 
v 115 0 115 
v 115 0 116 
v 115 0 117 
v 115 0 118 
v 115 0 119 
v 115 0 120 
v 115 0 121 
v 115 0 122 
v 115 0 123 
v 115 0 124 
v 115 0 125 
v 115 0 126 
v 115 0 127 
v 115 0 128 
v 116 0 0 
v 116 0 1 
v 116 0 2 
v 116 0 3 
v 116 0 4 
v 116 0 5 
v 116 0 6 
v 116 0 7 
v 116 0 8 
v 116 0 9 
v 116 0 10 
v 116 0 11 
v 116 0 12 
v 116 0 13 
v 116 0 14 
v 116 0 15 
v 116 0 16 
v 116 0 17 
v 116 0 18 
v 116 0 19 
v 116 0 20 
v 116 0 21 
v 116 0 22 
v 116 0 23 
v 116 0 24 
v 116 0 25 
v 116 0 26 
v 116 0 27 
v 116 0 28 
v 116 0 29 
v 116 0 30 
v 116 0 31 
v 116 0 32 
v 116 0 33 
v 116 0 34 
v 116 0 35 
v 116 0 36 
v 116 0 37 
v 116 0 38 
v 116 0 39 
v 116 0 40 
v 116 0 41 
v 116 0 42 
v 116 0 43 
v 116 0 44 
v 116 0 45 
v 116 0 46 
v 116 0 47 
v 116 0 48 
v 116 0 49 
v 116 0 50 
v 116 0 51 
v 116 0 52 
v 116 0 53 
v 116 0 54 
v 116 0 55 
v 116 0 56 
v 116 0 57 
v 116 0 58 
v 116 0 59 
v 116 0 60 
v 116 0 61 
v 116 0 62 
v 116 0 63 
v 116 0 64 
v 116 0 65 
v 116 0 66 
v 116 0 67 
v 116 0 68 
v 116 0 69 
v 116 0 70 
v 116 0 71 
v 116 0 72 
v 116 0 73 
v 116 0 74 
v 116 0 75 
v 116 0 76 
v 116 0 77 
v 116 0 78 
v 116 0 79 
v 116 0 80 
v 116 0 81 
v 116 0 82 
v 116 0 83 
v 116 0 84 
v 116 0 85 
v 116 0 86 
v 116 0 87 
v 116 0 88 
v 116 0 89 
v 116 0 90 
v 116 0 91 
v 116 0 92 
v 116 0 93 
v 116 0 94 
v 116 0 95 
v 116 0 96 
v 116 0 97 
v 116 0 98 
v 116 0 99 
v 116 0 100 
v 116 0 101 
v 116 0 102 
v 116 0 103 
v 116 0 104 
v 116 0 105 
v 116 0 106 
v 116 0 107 
v 116 0 108 
v 116 0 109 
v 116 0 110 
v 116 0 111 
v 116 0 112 
v 116 0 113 
v 116 0 114 
v 116 0 115 
v 116 0 116 
v 116 0 117 
v 116 0 118 
v 116 0 119 
v 116 0 120 
v 116 0 121 
v 116 0 122 
v 116 0 123 
v 116 0 124 
v 116 0 125 
v 116 0 126 
v 116 0 127 
v 116 0 128 
v 117 0 0 
v 117 0 1 
v 117 0 2 
v 117 0 3 
v 117 0 4 
v 117 0 5 
v 117 0 6 
v 117 0 7 
v 117 0 8 
v 117 0 9 
v 117 0 10 
v 117 0 11 
v 117 0 12 
v 117 0 13 
v 117 0 14 
v 117 0 15 
v 117 0 16 
v 117 0 17 
v 117 0 18 
v 117 0 19 
v 117 0 20 
v 117 0 21 
v 117 0 22 
v 117 0 23 
v 117 0 24 
v 117 0 25 
v 117 0 26 
v 117 0 27 
v 117 0 28 
v 117 0 29 
v 117 0 30 
v 117 0 31 
v 117 0 32 
v 117 0 33 
v 117 0 34 
v 117 0 35 
v 117 0 36 
v 117 0 37 
v 117 0 38 
v 117 0 39 
v 117 0 40 
v 117 0 41 
v 117 0 42 
v 117 0 43 
v 117 0 44 
v 117 0 45 
v 117 0 46 
v 117 0 47 
v 117 0 48 
v 117 0 49 
v 117 0 50 
v 117 0 51 
v 117 0 52 
v 117 0 53 
v 117 0 54 
v 117 0 55 
v 117 0 56 
v 117 0 57 
v 117 0 58 
v 117 0 59 
v 117 0 60 
v 117 0 61 
v 117 0 62 
v 117 0 63 
v 117 0 64 
v 117 0 65 
v 117 0 66 
v 117 0 67 
v 117 0 68 
v 117 0 69 
v 117 0 70 
v 117 0 71 
v 117 0 72 
v 117 0 73 
v 117 0 74 
v 117 0 75 
v 117 0 76 
v 117 0 77 
v 117 0 78 
v 117 0 79 
v 117 0 80 
v 117 0 81 
v 117 0 82 
v 117 0 83 
v 117 0 84 
v 117 0 85 
v 117 0 86 
v 117 0 87 
v 117 0 88 
v 117 0 89 
v 117 0 90 
v 117 0 91 
v 117 0 92 
v 117 0 93 
v 117 0 94 
v 117 0 95 
v 117 0 96 
v 117 0 97 
v 117 0 98 
v 117 0 99 
v 117 0 100 
v 117 0 101 
v 117 0 102 
v 117 0 103 
v 117 0 104 
v 117 0 105 
v 117 0 106 
v 117 0 107 
v 117 0 108 
v 117 0 109 
v 117 0 110 
v 117 0 111 
v 117 0 112 
v 117 0 113 
v 117 0 114 
v 117 0 115 
v 117 0 116 
v 117 0 117 
v 117 0 118 
v 117 0 119 
v 117 0 120 
v 117 0 121 
v 117 0 122 
v 117 0 123 
v 117 0 124 
v 117 0 125 
v 117 0 126 
v 117 0 127 
v 117 0 128 
v 118 0 0 
v 118 0 1 
v 118 0 2 
v 118 0 3 
v 118 0 4 
v 118 0 5 
v 118 0 6 
v 118 0 7 
v 118 0 8 
v 118 0 9 
v 118 0 10 
v 118 0 11 
v 118 0 12 
v 118 0 13 
v 118 0 14 
v 118 0 15 
v 118 0 16 
v 118 0 17 
v 118 0 18 
v 118 0 19 
v 118 0 20 
v 118 0 21 
v 118 0 22 
v 118 0 23 
v 118 0 24 
v 118 0 25 
v 118 0 26 
v 118 0 27 
v 118 0 28 
v 118 0 29 
v 118 0 30 
v 118 0 31 
v 118 0 32 
v 118 0 33 
v 118 0 34 
v 118 0 35 
v 118 0 36 
v 118 0 37 
v 118 0 38 
v 118 0 39 
v 118 0 40 
v 118 0 41 
v 118 0 42 
v 118 0 43 
v 118 0 44 
v 118 0 45 
v 118 0 46 
v 118 0 47 
v 118 0 48 
v 118 0 49 
v 118 0 50 
v 118 0 51 
v 118 0 52 
v 118 0 53 
v 118 0 54 
v 118 0 55 
v 118 0 56 
v 118 0 57 
v 118 0 58 
v 118 0 59 
v 118 0 60 
v 118 0 61 
v 118 0 62 
v 118 0 63 
v 118 0 64 
v 118 0 65 
v 118 0 66 
v 118 0 67 
v 118 0 68 
v 118 0 69 
v 118 0 70 
v 118 0 71 
v 118 0 72 
v 118 0 73 
v 118 0 74 
v 118 0 75 
v 118 0 76 
v 118 0 77 
v 118 0 78 
v 118 0 79 
v 118 0 80 
v 118 0 81 
v 118 0 82 
v 118 0 83 
v 118 0 84 
v 118 0 85 
v 118 0 86 
v 118 0 87 
v 118 0 88 
v 118 0 89 
v 118 0 90 
v 118 0 91 
v 118 0 92 
v 118 0 93 
v 118 0 94 
v 118 0 95 
v 118 0 96 
v 118 0 97 
v 118 0 98 
v 118 0 99 
v 118 0 100 
v 118 0 101 
v 118 0 102 
v 118 0 103 
v 118 0 104 
v 118 0 105 
v 118 0 106 
v 118 0 107 
v 118 0 108 
v 118 0 109 
v 118 0 110 
v 118 0 111 
v 118 0 112 
v 118 0 113 
v 118 0 114 
v 118 0 115 
v 118 0 116 
v 118 0 117 
v 118 0 118 
v 118 0 119 
v 118 0 120 
v 118 0 121 
v 118 0 122 
v 118 0 123 
v 118 0 124 
v 118 0 125 
v 118 0 126 
v 118 0 127 
v 118 0 128 
v 119 0 0 
v 119 0 1 
v 119 0 2 
v 119 0 3 
v 119 0 4 
v 119 0 5 
v 119 0 6 
v 119 0 7 
v 119 0 8 
v 119 0 9 
v 119 0 10 
v 119 0 11 
v 119 0 12 
v 119 0 13 
v 119 0 14 
v 119 0 15 
v 119 0 16 
v 119 0 17 
v 119 0 18 
v 119 0 19 
v 119 0 20 
v 119 0 21 
v 119 0 22 
v 119 0 23 
v 119 0 24 
v 119 0 25 
v 119 0 26 
v 119 0 27 
v 119 0 28 
v 119 0 29 
v 119 0 30 
v 119 0 31 
v 119 0 32 
v 119 0 33 
v 119 0 34 
v 119 0 35 
v 119 0 36 
v 119 0 37 
v 119 0 38 
v 119 0 39 
v 119 0 40 
v 119 0 41 
v 119 0 42 
v 119 0 43 
v 119 0 44 
v 119 0 45 
v 119 0 46 
v 119 0 47 
v 119 0 48 
v 119 0 49 
v 119 0 50 
v 119 0 51 
v 119 0 52 
v 119 0 53 
v 119 0 54 
v 119 0 55 
v 119 0 56 
v 119 0 57 
v 119 0 58 
v 119 0 59 
v 119 0 60 
v 119 0 61 
v 119 0 62 
v 119 0 63 
v 119 0 64 
v 119 0 65 
v 119 0 66 
v 119 0 67 
v 119 0 68 
v 119 0 69 
v 119 0 70 
v 119 0 71 
v 119 0 72 
v 119 0 73 
v 119 0 74 
v 119 0 75 
v 119 0 76 
v 119 0 77 
v 119 0 78 
v 119 0 79 
v 119 0 80 
v 119 0 81 
v 119 0 82 
v 119 0 83 
v 119 0 84 
v 119 0 85 
v 119 0 86 
v 119 0 87 
v 119 0 88 
v 119 0 89 
v 119 0 90 
v 119 0 91 
v 119 0 92 
v 119 0 93 
v 119 0 94 
v 119 0 95 
v 119 0 96 
v 119 0 97 
v 119 0 98 
v 119 0 99 
v 119 0 100 
v 119 0 101 
v 119 0 102 
v 119 0 103 
v 119 0 104 
v 119 0 105 
v 119 0 106 
v 119 0 107 
v 119 0 108 
v 119 0 109 
v 119 0 110 
v 119 0 111 
v 119 0 112 
v 119 0 113 
v 119 0 114 
v 119 0 115 
v 119 0 116 
v 119 0 117 
v 119 0 118 
v 119 0 119 
v 119 0 120 
v 119 0 121 
v 119 0 122 
v 119 0 123 
v 119 0 124 
v 119 0 125 
v 119 0 126 
v 119 0 127 
v 119 0 128 
v 120 0 0 
v 120 0 1 
v 120 0 2 
v 120 0 3 
v 120 0 4 
v 120 0 5 
v 120 0 6 
v 120 0 7 
v 120 0 8 
v 120 0 9 
v 120 0 10 
v 120 0 11 
v 120 0 12 
v 120 0 13 
v 120 0 14 
v 120 0 15 
v 120 0 16 
v 120 0 17 
v 120 0 18 
v 120 0 19 
v 120 0 20 
v 120 0 21 
v 120 0 22 
v 120 0 23 
v 120 0 24 
v 120 0 25 
v 120 0 26 
v 120 0 27 
v 120 0 28 
v 120 0 29 
v 120 0 30 
v 120 0 31 
v 120 0 32 
v 120 0 33 
v 120 0 34 
v 120 0 35 
v 120 0 36 
v 120 0 37 
v 120 0 38 
v 120 0 39 
v 120 0 40 
v 120 0 41 
v 120 0 42 
v 120 0 43 
v 120 0 44 
v 120 0 45 
v 120 0 46 
v 120 0 47 
v 120 0 48 
v 120 0 49 
v 120 0 50 
v 120 0 51 
v 120 0 52 
v 120 0 53 
v 120 0 54 
v 120 0 55 
v 120 0 56 
v 120 0 57 
v 120 0 58 
v 120 0 59 
v 120 0 60 
v 120 0 61 
v 120 0 62 
v 120 0 63 
v 120 0 64 
v 120 0 65 
v 120 0 66 
v 120 0 67 
v 120 0 68 
v 120 0 69 
v 120 0 70 
v 120 0 71 
v 120 0 72 
v 120 0 73 
v 120 0 74 
v 120 0 75 
v 120 0 76 
v 120 0 77 
v 120 0 78 
v 120 0 79 
v 120 0 80 
v 120 0 81 
v 120 0 82 
v 120 0 83 
v 120 0 84 
v 120 0 85 
v 120 0 86 
v 120 0 87 
v 120 0 88 
v 120 0 89 
v 120 0 90 
v 120 0 91 
v 120 0 92 
v 120 0 93 
v 120 0 94 
v 120 0 95 
v 120 0 96 
v 120 0 97 
v 120 0 98 
v 120 0 99 
v 120 0 100 
v 120 0 101 
v 120 0 102 
v 120 0 103 
v 120 0 104 
v 120 0 105 
v 120 0 106 
v 120 0 107 
v 120 0 108 
v 120 0 109 
v 120 0 110 
v 120 0 111 
v 120 0 112 
v 120 0 113 
v 120 0 114 
v 120 0 115 
v 120 0 116 
v 120 0 117 
v 120 0 118 
v 120 0 119 
v 120 0 120 
v 120 0 121 
v 120 0 122 
v 120 0 123 
v 120 0 124 
v 120 0 125 
v 120 0 126 
v 120 0 127 
v 120 0 128 
v 121 0 0 
v 121 0 1 
v 121 0 2 
v 121 0 3 
v 121 0 4 
v 121 0 5 
v 121 0 6 
v 121 0 7 
v 121 0 8 
v 121 0 9 
v 121 0 10 
v 121 0 11 
v 121 0 12 
v 121 0 13 
v 121 0 14 
v 121 0 15 
v 121 0 16 
v 121 0 17 
v 121 0 18 
v 121 0 19 
v 121 0 20 
v 121 0 21 
v 121 0 22 
v 121 0 23 
v 121 0 24 
v 121 0 25 
v 121 0 26 
v 121 0 27 
v 121 0 28 
v 121 0 29 
v 121 0 30 
v 121 0 31 
v 121 0 32 
v 121 0 33 
v 121 0 34 
v 121 0 35 
v 121 0 36 
v 121 0 37 
v 121 0 38 
v 121 0 39 
v 121 0 40 
v 121 0 41 
v 121 0 42 
v 121 0 43 
v 121 0 44 
v 121 0 45 
v 121 0 46 
v 121 0 47 
v 121 0 48 
v 121 0 49 
v 121 0 50 
v 121 0 51 
v 121 0 52 
v 121 0 53 
v 121 0 54 
v 121 0 55 
v 121 0 56 
v 121 0 57 
v 121 0 58 
v 121 0 59 
v 121 0 60 
v 121 0 61 
v 121 0 62 
v 121 0 63 
v 121 0 64 
v 121 0 65 
v 121 0 66 
v 121 0 67 
v 121 0 68 
v 121 0 69 
v 121 0 70 
v 121 0 71 
v 121 0 72 
v 121 0 73 
v 121 0 74 
v 121 0 75 
v 121 0 76 
v 121 0 77 
v 121 0 78 
v 121 0 79 
v 121 0 80 
v 121 0 81 
v 121 0 82 
v 121 0 83 
v 121 0 84 
v 121 0 85 
v 121 0 86 
v 121 0 87 
v 121 0 88 
v 121 0 89 
v 121 0 90 
v 121 0 91 
v 121 0 92 
v 121 0 93 
v 121 0 94 
v 121 0 95 
v 121 0 96 
v 121 0 97 
v 121 0 98 
v 121 0 99 
v 121 0 100 
v 121 0 101 
v 121 0 102 
v 121 0 103 
v 121 0 104 
v 121 0 105 
v 121 0 106 
v 121 0 107 
v 121 0 108 
v 121 0 109 
v 121 0 110 
v 121 0 111 
v 121 0 112 
v 121 0 113 
v 121 0 114 
v 121 0 115 
v 121 0 116 
v 121 0 117 
v 121 0 118 
v 121 0 119 
v 121 0 120 
v 121 0 121 
v 121 0 122 
v 121 0 123 
v 121 0 124 
v 121 0 125 
v 121 0 126 
v 121 0 127 
v 121 0 128 
v 122 0 0 
v 122 0 1 
v 122 0 2 
v 122 0 3 
v 122 0 4 
v 122 0 5 
v 122 0 6 
v 122 0 7 
v 122 0 8 
v 122 0 9 
v 122 0 10 
v 122 0 11 
v 122 0 12 
v 122 0 13 
v 122 0 14 
v 122 0 15 
v 122 0 16 
v 122 0 17 
v 122 0 18 
v 122 0 19 
v 122 0 20 
v 122 0 21 
v 122 0 22 
v 122 0 23 
v 122 0 24 
v 122 0 25 
v 122 0 26 
v 122 0 27 
v 122 0 28 
v 122 0 29 
v 122 0 30 
v 122 0 31 
v 122 0 32 
v 122 0 33 
v 122 0 34 
v 122 0 35 
v 122 0 36 
v 122 0 37 
v 122 0 38 
v 122 0 39 
v 122 0 40 
v 122 0 41 
v 122 0 42 
v 122 0 43 
v 122 0 44 
v 122 0 45 
v 122 0 46 
v 122 0 47 
v 122 0 48 
v 122 0 49 
v 122 0 50 
v 122 0 51 
v 122 0 52 
v 122 0 53 
v 122 0 54 
v 122 0 55 
v 122 0 56 
v 122 0 57 
v 122 0 58 
v 122 0 59 
v 122 0 60 
v 122 0 61 
v 122 0 62 
v 122 0 63 
v 122 0 64 
v 122 0 65 
v 122 0 66 
v 122 0 67 
v 122 0 68 
v 122 0 69 
v 122 0 70 
v 122 0 71 
v 122 0 72 
v 122 0 73 
v 122 0 74 
v 122 0 75 
v 122 0 76 
v 122 0 77 
v 122 0 78 
v 122 0 79 
v 122 0 80 
v 122 0 81 
v 122 0 82 
v 122 0 83 
v 122 0 84 
v 122 0 85 
v 122 0 86 
v 122 0 87 
v 122 0 88 
v 122 0 89 
v 122 0 90 
v 122 0 91 
v 122 0 92 
v 122 0 93 
v 122 0 94 
v 122 0 95 
v 122 0 96 
v 122 0 97 
v 122 0 98 
v 122 0 99 
v 122 0 100 
v 122 0 101 
v 122 0 102 
v 122 0 103 
v 122 0 104 
v 122 0 105 
v 122 0 106 
v 122 0 107 
v 122 0 108 
v 122 0 109 
v 122 0 110 
v 122 0 111 
v 122 0 112 
v 122 0 113 
v 122 0 114 
v 122 0 115 
v 122 0 116 
v 122 0 117 
v 122 0 118 
v 122 0 119 
v 122 0 120 
v 122 0 121 
v 122 0 122 
v 122 0 123 
v 122 0 124 
v 122 0 125 
v 122 0 126 
v 122 0 127 
v 122 0 128 
v 123 0 0 
v 123 0 1 
v 123 0 2 
v 123 0 3 
v 123 0 4 
v 123 0 5 
v 123 0 6 
v 123 0 7 
v 123 0 8 
v 123 0 9 
v 123 0 10 
v 123 0 11 
v 123 0 12 
v 123 0 13 
v 123 0 14 
v 123 0 15 
v 123 0 16 
v 123 0 17 
v 123 0 18 
v 123 0 19 
v 123 0 20 
v 123 0 21 
v 123 0 22 
v 123 0 23 
v 123 0 24 
v 123 0 25 
v 123 0 26 
v 123 0 27 
v 123 0 28 
v 123 0 29 
v 123 0 30 
v 123 0 31 
v 123 0 32 
v 123 0 33 
v 123 0 34 
v 123 0 35 
v 123 0 36 
v 123 0 37 
v 123 0 38 
v 123 0 39 
v 123 0 40 
v 123 0 41 
v 123 0 42 
v 123 0 43 
v 123 0 44 
v 123 0 45 
v 123 0 46 
v 123 0 47 
v 123 0 48 
v 123 0 49 
v 123 0 50 
v 123 0 51 
v 123 0 52 
v 123 0 53 
v 123 0 54 
v 123 0 55 
v 123 0 56 
v 123 0 57 
v 123 0 58 
v 123 0 59 
v 123 0 60 
v 123 0 61 
v 123 0 62 
v 123 0 63 
v 123 0 64 
v 123 0 65 
v 123 0 66 
v 123 0 67 
v 123 0 68 
v 123 0 69 
v 123 0 70 
v 123 0 71 
v 123 0 72 
v 123 0 73 
v 123 0 74 
v 123 0 75 
v 123 0 76 
v 123 0 77 
v 123 0 78 
v 123 0 79 
v 123 0 80 
v 123 0 81 
v 123 0 82 
v 123 0 83 
v 123 0 84 
v 123 0 85 
v 123 0 86 
v 123 0 87 
v 123 0 88 
v 123 0 89 
v 123 0 90 
v 123 0 91 
v 123 0 92 
v 123 0 93 
v 123 0 94 
v 123 0 95 
v 123 0 96 
v 123 0 97 
v 123 0 98 
v 123 0 99 
v 123 0 100 
v 123 0 101 
v 123 0 102 
v 123 0 103 
v 123 0 104 
v 123 0 105 
v 123 0 106 
v 123 0 107 
v 123 0 108 
v 123 0 109 
v 123 0 110 
v 123 0 111 
v 123 0 112 
v 123 0 113 
v 123 0 114 
v 123 0 115 
v 123 0 116 
v 123 0 117 
v 123 0 118 
v 123 0 119 
v 123 0 120 
v 123 0 121 
v 123 0 122 
v 123 0 123 
v 123 0 124 
v 123 0 125 
v 123 0 126 
v 123 0 127 
v 123 0 128 
v 124 0 0 
v 124 0 1 
v 124 0 2 
v 124 0 3 
v 124 0 4 
v 124 0 5 
v 124 0 6 
v 124 0 7 
v 124 0 8 
v 124 0 9 
v 124 0 10 
v 124 0 11 
v 124 0 12 
v 124 0 13 
v 124 0 14 
v 124 0 15 
v 124 0 16 
v 124 0 17 
v 124 0 18 
v 124 0 19 
v 124 0 20 
v 124 0 21 
v 124 0 22 
v 124 0 23 
v 124 0 24 
v 124 0 25 
v 124 0 26 
v 124 0 27 
v 124 0 28 
v 124 0 29 
v 124 0 30 
v 124 0 31 
v 124 0 32 
v 124 0 33 
v 124 0 34 
v 124 0 35 
v 124 0 36 
v 124 0 37 
v 124 0 38 
v 124 0 39 
v 124 0 40 
v 124 0 41 
v 124 0 42 
v 124 0 43 
v 124 0 44 
v 124 0 45 
v 124 0 46 
v 124 0 47 
v 124 0 48 
v 124 0 49 
v 124 0 50 
v 124 0 51 
v 124 0 52 
v 124 0 53 
v 124 0 54 
v 124 0 55 
v 124 0 56 
v 124 0 57 
v 124 0 58 
v 124 0 59 
v 124 0 60 
v 124 0 61 
v 124 0 62 
v 124 0 63 
v 124 0 64 
v 124 0 65 
v 124 0 66 
v 124 0 67 
v 124 0 68 
v 124 0 69 
v 124 0 70 
v 124 0 71 
v 124 0 72 
v 124 0 73 
v 124 0 74 
v 124 0 75 
v 124 0 76 
v 124 0 77 
v 124 0 78 
v 124 0 79 
v 124 0 80 
v 124 0 81 
v 124 0 82 
v 124 0 83 
v 124 0 84 
v 124 0 85 
v 124 0 86 
v 124 0 87 
v 124 0 88 
v 124 0 89 
v 124 0 90 
v 124 0 91 
v 124 0 92 
v 124 0 93 
v 124 0 94 
v 124 0 95 
v 124 0 96 
v 124 0 97 
v 124 0 98 
v 124 0 99 
v 124 0 100 
v 124 0 101 
v 124 0 102 
v 124 0 103 
v 124 0 104 
v 124 0 105 
v 124 0 106 
v 124 0 107 
v 124 0 108 
v 124 0 109 
v 124 0 110 
v 124 0 111 
v 124 0 112 
v 124 0 113 
v 124 0 114 
v 124 0 115 
v 124 0 116 
v 124 0 117 
v 124 0 118 
v 124 0 119 
v 124 0 120 
v 124 0 121 
v 124 0 122 
v 124 0 123 
v 124 0 124 
v 124 0 125 
v 124 0 126 
v 124 0 127 
v 124 0 128 
v 125 0 0 
v 125 0 1 
v 125 0 2 
v 125 0 3 
v 125 0 4 
v 125 0 5 
v 125 0 6 
v 125 0 7 
v 125 0 8 
v 125 0 9 
v 125 0 10 
v 125 0 11 
v 125 0 12 
v 125 0 13 
v 125 0 14 
v 125 0 15 
v 125 0 16 
v 125 0 17 
v 125 0 18 
v 125 0 19 
v 125 0 20 
v 125 0 21 
v 125 0 22 
v 125 0 23 
v 125 0 24 
v 125 0 25 
v 125 0 26 
v 125 0 27 
v 125 0 28 
v 125 0 29 
v 125 0 30 
v 125 0 31 
v 125 0 32 
v 125 0 33 
v 125 0 34 
v 125 0 35 
v 125 0 36 
v 125 0 37 
v 125 0 38 
v 125 0 39 
v 125 0 40 
v 125 0 41 
v 125 0 42 
v 125 0 43 
v 125 0 44 
v 125 0 45 
v 125 0 46 
v 125 0 47 
v 125 0 48 
v 125 0 49 
v 125 0 50 
v 125 0 51 
v 125 0 52 
v 125 0 53 
v 125 0 54 
v 125 0 55 
v 125 0 56 
v 125 0 57 
v 125 0 58 
v 125 0 59 
v 125 0 60 
v 125 0 61 
v 125 0 62 
v 125 0 63 
v 125 0 64 
v 125 0 65 
v 125 0 66 
v 125 0 67 
v 125 0 68 
v 125 0 69 
v 125 0 70 
v 125 0 71 
v 125 0 72 
v 125 0 73 
v 125 0 74 
v 125 0 75 
v 125 0 76 
v 125 0 77 
v 125 0 78 
v 125 0 79 
v 125 0 80 
v 125 0 81 
v 125 0 82 
v 125 0 83 
v 125 0 84 
v 125 0 85 
v 125 0 86 
v 125 0 87 
v 125 0 88 
v 125 0 89 
v 125 0 90 
v 125 0 91 
v 125 0 92 
v 125 0 93 
v 125 0 94 
v 125 0 95 
v 125 0 96 
v 125 0 97 
v 125 0 98 
v 125 0 99 
v 125 0 100 
v 125 0 101 
v 125 0 102 
v 125 0 103 
v 125 0 104 
v 125 0 105 
v 125 0 106 
v 125 0 107 
v 125 0 108 
v 125 0 109 
v 125 0 110 
v 125 0 111 
v 125 0 112 
v 125 0 113 
v 125 0 114 
v 125 0 115 
v 125 0 116 
v 125 0 117 
v 125 0 118 
v 125 0 119 
v 125 0 120 
v 125 0 121 
v 125 0 122 
v 125 0 123 
v 125 0 124 
v 125 0 125 
v 125 0 126 
v 125 0 127 
v 125 0 128 
v 126 0 0 
v 126 0 1 
v 126 0 2 
v 126 0 3 
v 126 0 4 
v 126 0 5 
v 126 0 6 
v 126 0 7 
v 126 0 8 
v 126 0 9 
v 126 0 10 
v 126 0 11 
v 126 0 12 
v 126 0 13 
v 126 0 14 
v 126 0 15 
v 126 0 16 
v 126 0 17 
v 126 0 18 
v 126 0 19 
v 126 0 20 
v 126 0 21 
v 126 0 22 
v 126 0 23 
v 126 0 24 
v 126 0 25 
v 126 0 26 
v 126 0 27 
v 126 0 28 
v 126 0 29 
v 126 0 30 
v 126 0 31 
v 126 0 32 
v 126 0 33 
v 126 0 34 
v 126 0 35 
v 126 0 36 
v 126 0 37 
v 126 0 38 
v 126 0 39 
v 126 0 40 
v 126 0 41 
v 126 0 42 
v 126 0 43 
v 126 0 44 
v 126 0 45 
v 126 0 46 
v 126 0 47 
v 126 0 48 
v 126 0 49 
v 126 0 50 
v 126 0 51 
v 126 0 52 
v 126 0 53 
v 126 0 54 
v 126 0 55 
v 126 0 56 
v 126 0 57 
v 126 0 58 
v 126 0 59 
v 126 0 60 
v 126 0 61 
v 126 0 62 
v 126 0 63 
v 126 0 64 
v 126 0 65 
v 126 0 66 
v 126 0 67 
v 126 0 68 
v 126 0 69 
v 126 0 70 
v 126 0 71 
v 126 0 72 
v 126 0 73 
v 126 0 74 
v 126 0 75 
v 126 0 76 
v 126 0 77 
v 126 0 78 
v 126 0 79 
v 126 0 80 
v 126 0 81 
v 126 0 82 
v 126 0 83 
v 126 0 84 
v 126 0 85 
v 126 0 86 
v 126 0 87 
v 126 0 88 
v 126 0 89 
v 126 0 90 
v 126 0 91 
v 126 0 92 
v 126 0 93 
v 126 0 94 
v 126 0 95 
v 126 0 96 
v 126 0 97 
v 126 0 98 
v 126 0 99 
v 126 0 100 
v 126 0 101 
v 126 0 102 
v 126 0 103 
v 126 0 104 
v 126 0 105 
v 126 0 106 
v 126 0 107 
v 126 0 108 
v 126 0 109 
v 126 0 110 
v 126 0 111 
v 126 0 112 
v 126 0 113 
v 126 0 114 
v 126 0 115 
v 126 0 116 
v 126 0 117 
v 126 0 118 
v 126 0 119 
v 126 0 120 
v 126 0 121 
v 126 0 122 
v 126 0 123 
v 126 0 124 
v 126 0 125 
v 126 0 126 
v 126 0 127 
v 126 0 128 
v 127 0 0 
v 127 0 1 
v 127 0 2 
v 127 0 3 
v 127 0 4 
v 127 0 5 
v 127 0 6 
v 127 0 7 
v 127 0 8 
v 127 0 9 
v 127 0 10 
v 127 0 11 
v 127 0 12 
v 127 0 13 
v 127 0 14 
v 127 0 15 
v 127 0 16 
v 127 0 17 
v 127 0 18 
v 127 0 19 
v 127 0 20 
v 127 0 21 
v 127 0 22 
v 127 0 23 
v 127 0 24 
v 127 0 25 
v 127 0 26 
v 127 0 27 
v 127 0 28 
v 127 0 29 
v 127 0 30 
v 127 0 31 
v 127 0 32 
v 127 0 33 
v 127 0 34 
v 127 0 35 
v 127 0 36 
v 127 0 37 
v 127 0 38 
v 127 0 39 
v 127 0 40 
v 127 0 41 
v 127 0 42 
v 127 0 43 
v 127 0 44 
v 127 0 45 
v 127 0 46 
v 127 0 47 
v 127 0 48 
v 127 0 49 
v 127 0 50 
v 127 0 51 
v 127 0 52 
v 127 0 53 
v 127 0 54 
v 127 0 55 
v 127 0 56 
v 127 0 57 
v 127 0 58 
v 127 0 59 
v 127 0 60 
v 127 0 61 
v 127 0 62 
v 127 0 63 
v 127 0 64 
v 127 0 65 
v 127 0 66 
v 127 0 67 
v 127 0 68 
v 127 0 69 
v 127 0 70 
v 127 0 71 
v 127 0 72 
v 127 0 73 
v 127 0 74 
v 127 0 75 
v 127 0 76 
v 127 0 77 
v 127 0 78 
v 127 0 79 
v 127 0 80 
v 127 0 81 
v 127 0 82 
v 127 0 83 
v 127 0 84 
v 127 0 85 
v 127 0 86 
v 127 0 87 
v 127 0 88 
v 127 0 89 
v 127 0 90 
v 127 0 91 
v 127 0 92 
v 127 0 93 
v 127 0 94 
v 127 0 95 
v 127 0 96 
v 127 0 97 
v 127 0 98 
v 127 0 99 
v 127 0 100 
v 127 0 101 
v 127 0 102 
v 127 0 103 
v 127 0 104 
v 127 0 105 
v 127 0 106 
v 127 0 107 
v 127 0 108 
v 127 0 109 
v 127 0 110 
v 127 0 111 
v 127 0 112 
v 127 0 113 
v 127 0 114 
v 127 0 115 
v 127 0 116 
v 127 0 117 
v 127 0 118 
v 127 0 119 
v 127 0 120 
v 127 0 121 
v 127 0 122 
v 127 0 123 
v 127 0 124 
v 127 0 125 
v 127 0 126 
v 127 0 127 
v 127 0 128 
v 128 0 0 
v 128 0 1 
v 128 0 2 
v 128 0 3 
v 128 0 4 
v 128 0 5 
v 128 0 6 
v 128 0 7 
v 128 0 8 
v 128 0 9 
v 128 0 10 
v 128 0 11 
v 128 0 12 
v 128 0 13 
v 128 0 14 
v 128 0 15 
v 128 0 16 
v 128 0 17 
v 128 0 18 
v 128 0 19 
v 128 0 20 
v 128 0 21 
v 128 0 22 
v 128 0 23 
v 128 0 24 
v 128 0 25 
v 128 0 26 
v 128 0 27 
v 128 0 28 
v 128 0 29 
v 128 0 30 
v 128 0 31 
v 128 0 32 
v 128 0 33 
v 128 0 34 
v 128 0 35 
v 128 0 36 
v 128 0 37 
v 128 0 38 
v 128 0 39 
v 128 0 40 
v 128 0 41 
v 128 0 42 
v 128 0 43 
v 128 0 44 
v 128 0 45 
v 128 0 46 
v 128 0 47 
v 128 0 48 
v 128 0 49 
v 128 0 50 
v 128 0 51 
v 128 0 52 
v 128 0 53 
v 128 0 54 
v 128 0 55 
v 128 0 56 
v 128 0 57 
v 128 0 58 
v 128 0 59 
v 128 0 60 
v 128 0 61 
v 128 0 62 
v 128 0 63 
v 128 0 64 
v 128 0 65 
v 128 0 66 
v 128 0 67 
v 128 0 68 
v 128 0 69 
v 128 0 70 
v 128 0 71 
v 128 0 72 
v 128 0 73 
v 128 0 74 
v 128 0 75 
v 128 0 76 
v 128 0 77 
v 128 0 78 
v 128 0 79 
v 128 0 80 
v 128 0 81 
v 128 0 82 
v 128 0 83 
v 128 0 84 
v 128 0 85 
v 128 0 86 
v 128 0 87 
v 128 0 88 
v 128 0 89 
v 128 0 90 
v 128 0 91 
v 128 0 92 
v 128 0 93 
v 128 0 94 
v 128 0 95 
v 128 0 96 
v 128 0 97 
v 128 0 98 
v 128 0 99 
v 128 0 100 
v 128 0 101 
v 128 0 102 
v 128 0 103 
v 128 0 104 
v 128 0 105 
v 128 0 106 
v 128 0 107 
v 128 0 108 
v 128 0 109 
v 128 0 110 
v 128 0 111 
v 128 0 112 
v 128 0 113 
v 128 0 114 
v 128 0 115 
v 128 0 116 
v 128 0 117 
v 128 0 118 
v 128 0 119 
v 128 0 120 
v 128 0 121 
v 128 0 122 
v 128 0 123 
v 128 0 124 
v 128 0 125 
v 128 0 126 
v 128 0 127 
v 128 0 128 
f 1 2 131 
f 1 130 131 
f 130 131 260 
f 130 259 260 
f 259 260 389 
f 259 388 389 
f 388 389 518 
f 388 517 518 
f 517 518 647 
f 517 646 647 
f 646 647 776 
f 646 775 776 
f 775 776 905 
f 775 904 905 
f 904 905 1034 
f 904 1033 1034 
f 1033 1034 1163 
f 1033 1162 1163 
f 1162 1163 1292 
f 1162 1291 1292 
f 1291 1292 1421 
f 1291 1420 1421 
f 1420 1421 1550 
f 1420 1549 1550 
f 1549 1550 1679 
f 1549 1678 1679 
f 1678 1679 1808 
f 1678 1807 1808 
f 1807 1808 1937 
f 1807 1936 1937 
f 1936 1937 2066 
f 1936 2065 2066 
f 2065 2066 2195 
f 2065 2194 2195 
f 2194 2195 2324 
f 2194 2323 2324 
f 2323 2324 2453 
f 2323 2452 2453 
f 2452 2453 2582 
f 2452 2581 2582 
f 2581 2582 2711 
f 2581 2710 2711 
f 2710 2711 2840 
f 2710 2839 2840 
f 2839 2840 2969 
f 2839 2968 2969 
f 2968 2969 3098 
f 2968 3097 3098 
f 3097 3098 3227 
f 3097 3226 3227 
f 3226 3227 3356 
f 3226 3355 3356 
f 3355 3356 3485 
f 3355 3484 3485 
f 3484 3485 3614 
f 3484 3613 3614 
f 3613 3614 3743 
f 3613 3742 3743 
f 3742 3743 3872 
f 3742 3871 3872 
f 3871 3872 4001 
f 3871 4000 4001 
f 4000 4001 4130 
f 4000 4129 4130 
f 4129 4130 4259 
f 4129 4258 4259 
f 4258 4259 4388 
f 4258 4387 4388 
f 4387 4388 4517 
f 4387 4516 4517 
f 4516 4517 4646 
f 4516 4645 4646 
f 4645 4646 4775 
f 4645 4774 4775 
f 4774 4775 4904 
f 4774 4903 4904 
f 4903 4904 5033 
f 4903 5032 5033 
f 5032 5033 5162 
f 5032 5161 5162 
f 5161 5162 5291 
f 5161 5290 5291 
f 5290 5291 5420 
f 5290 5419 5420 
f 5419 5420 5549 
f 5419 5548 5549 
f 5548 5549 5678 
f 5548 5677 5678 
f 5677 5678 5807 
f 5677 5806 5807 
f 5806 5807 5936 
f 5806 5935 5936 
f 5935 5936 6065 
f 5935 6064 6065 
f 6064 6065 6194 
f 6064 6193 6194 
f 6193 6194 6323 
f 6193 6322 6323 
f 6322 6323 6452 
f 6322 6451 6452 
f 6451 6452 6581 
f 6451 6580 6581 
f 6580 6581 6710 
f 6580 6709 6710 
f 6709 6710 6839 
f 6709 6838 6839 
f 6838 6839 6968 
f 6838 6967 6968 
f 6967 6968 7097 
f 6967 7096 7097 
f 7096 7097 7226 
f 7096 7225 7226 
f 7225 7226 7355 
f 7225 7354 7355 
f 7354 7355 7484 
f 7354 7483 7484 
f 7483 7484 7613 
f 7483 7612 7613 
f 7612 7613 7742 
f 7612 7741 7742 
f 7741 7742 7871 
f 7741 7870 7871 
f 7870 7871 8000 
f 7870 7999 8000 
f 7999 8000 8129 
f 7999 8128 8129 
f 8128 8129 8258 
f 8128 8257 8258 
f 8257 8258 8387 
f 8257 8386 8387 
f 8386 8387 8516 
f 8386 8515 8516 
f 8515 8516 8645 
f 8515 8644 8645 
f 8644 8645 8774 
f 8644 8773 8774 
f 8773 8774 8903 
f 8773 8902 8903 
f 8902 8903 9032 
f 8902 9031 9032 
f 9031 9032 9161 
f 9031 9160 9161 
f 9160 9161 9290 
f 9160 9289 9290 
f 9289 9290 9419 
f 9289 9418 9419 
f 9418 9419 9548 
f 9418 9547 9548 
f 9547 9548 9677 
f 9547 9676 9677 
f 9676 9677 9806 
f 9676 9805 9806 
f 9805 9806 9935 
f 9805 9934 9935 
f 9934 9935 10064 
f 9934 10063 10064 
f 10063 10064 10193 
f 10063 10192 10193 
f 10192 10193 10322 
f 10192 10321 10322 
f 10321 10322 10451 
f 10321 10450 10451 
f 10450 10451 10580 
f 10450 10579 10580 
f 10579 10580 10709 
f 10579 10708 10709 
f 10708 10709 10838 
f 10708 10837 10838 
f 10837 10838 10967 
f 10837 10966 10967 
f 10966 10967 11096 
f 10966 11095 11096 
f 11095 11096 11225 
f 11095 11224 11225 
f 11224 11225 11354 
f 11224 11353 11354 
f 11353 11354 11483 
f 11353 11482 11483 
f 11482 11483 11612 
f 11482 11611 11612 
f 11611 11612 11741 
f 11611 11740 11741 
f 11740 11741 11870 
f 11740 11869 11870 
f 11869 11870 11999 
f 11869 11998 11999 
f 11998 11999 12128 
f 11998 12127 12128 
f 12127 12128 12257 
f 12127 12256 12257 
f 12256 12257 12386 
f 12256 12385 12386 
f 12385 12386 12515 
f 12385 12514 12515 
f 12514 12515 12644 
f 12514 12643 12644 
f 12643 12644 12773 
f 12643 12772 12773 
f 12772 12773 12902 
f 12772 12901 12902 
f 12901 12902 13031 
f 12901 13030 13031 
f 13030 13031 13160 
f 13030 13159 13160 
f 13159 13160 13289 
f 13159 13288 13289 
f 13288 13289 13418 
f 13288 13417 13418 
f 13417 13418 13547 
f 13417 13546 13547 
f 13546 13547 13676 
f 13546 13675 13676 
f 13675 13676 13805 
f 13675 13804 13805 
f 13804 13805 13934 
f 13804 13933 13934 
f 13933 13934 14063 
f 13933 14062 14063 
f 14062 14063 14192 
f 14062 14191 14192 
f 14191 14192 14321 
f 14191 14320 14321 
f 14320 14321 14450 
f 14320 14449 14450 
f 14449 14450 14579 
f 14449 14578 14579 
f 14578 14579 14708 
f 14578 14707 14708 
f 14707 14708 14837 
f 14707 14836 14837 
f 14836 14837 14966 
f 14836 14965 14966 
f 14965 14966 15095 
f 14965 15094 15095 
f 15094 15095 15224 
f 15094 15223 15224 
f 15223 15224 15353 
f 15223 15352 15353 
f 15352 15353 15482 
f 15352 15481 15482 
f 15481 15482 15611 
f 15481 15610 15611 
f 15610 15611 15740 
f 15610 15739 15740 
f 15739 15740 15869 
f 15739 15868 15869 
f 15868 15869 15998 
f 15868 15997 15998 
f 15997 15998 16127 
f 15997 16126 16127 
f 16126 16127 16256 
f 16126 16255 16256 
f 16255 16256 16385 
f 16255 16384 16385 
f 16384 16385 16514 
f 16384 16513 16514 
f 2 3 132 
f 2 131 132 
f 131 132 261 
f 131 260 261 
f 260 261 390 
f 260 389 390 
f 389 390 519 
f 389 518 519 
f 518 519 648 
f 518 647 648 
f 647 648 777 
f 647 776 777 
f 776 777 906 
f 776 905 906 
f 905 906 1035 
f 905 1034 1035 
f 1034 1035 1164 
f 1034 1163 1164 
f 1163 1164 1293 
f 1163 1292 1293 
f 1292 1293 1422 
f 1292 1421 1422 
f 1421 1422 1551 
f 1421 1550 1551 
f 1550 1551 1680 
f 1550 1679 1680 
f 1679 1680 1809 
f 1679 1808 1809 
f 1808 1809 1938 
f 1808 1937 1938 
f 1937 1938 2067 
f 1937 2066 2067 
f 2066 2067 2196 
f 2066 2195 2196 
f 2195 2196 2325 
f 2195 2324 2325 
f 2324 2325 2454 
f 2324 2453 2454 
f 2453 2454 2583 
f 2453 2582 2583 
f 2582 2583 2712 
f 2582 2711 2712 
f 2711 2712 2841 
f 2711 2840 2841 
f 2840 2841 2970 
f 2840 2969 2970 
f 2969 2970 3099 
f 2969 3098 3099 
f 3098 3099 3228 
f 3098 3227 3228 
f 3227 3228 3357 
f 3227 3356 3357 
f 3356 3357 3486 
f 3356 3485 3486 
f 3485 3486 3615 
f 3485 3614 3615 
f 3614 3615 3744 
f 3614 3743 3744 
f 3743 3744 3873 
f 3743 3872 3873 
f 3872 3873 4002 
f 3872 4001 4002 
f 4001 4002 4131 
f 4001 4130 4131 
f 4130 4131 4260 
f 4130 4259 4260 
f 4259 4260 4389 
f 4259 4388 4389 
f 4388 4389 4518 
f 4388 4517 4518 
f 4517 4518 4647 
f 4517 4646 4647 
f 4646 4647 4776 
f 4646 4775 4776 
f 4775 4776 4905 
f 4775 4904 4905 
f 4904 4905 5034 
f 4904 5033 5034 
f 5033 5034 5163 
f 5033 5162 5163 
f 5162 5163 5292 
f 5162 5291 5292 
f 5291 5292 5421 
f 5291 5420 5421 
f 5420 5421 5550 
f 5420 5549 5550 
f 5549 5550 5679 
f 5549 5678 5679 
f 5678 5679 5808 
f 5678 5807 5808 
f 5807 5808 5937 
f 5807 5936 5937 
f 5936 5937 6066 
f 5936 6065 6066 
f 6065 6066 6195 
f 6065 6194 6195 
f 6194 6195 6324 
f 6194 6323 6324 
f 6323 6324 6453 
f 6323 6452 6453 
f 6452 6453 6582 
f 6452 6581 6582 
f 6581 6582 6711 
f 6581 6710 6711 
f 6710 6711 6840 
f 6710 6839 6840 
f 6839 6840 6969 
f 6839 6968 6969 
f 6968 6969 7098 
f 6968 7097 7098 
f 7097 7098 7227 
f 7097 7226 7227 
f 7226 7227 7356 
f 7226 7355 7356 
f 7355 7356 7485 
f 7355 7484 7485 
f 7484 7485 7614 
f 7484 7613 7614 
f 7613 7614 7743 
f 7613 7742 7743 
f 7742 7743 7872 
f 7742 7871 7872 
f 7871 7872 8001 
f 7871 8000 8001 
f 8000 8001 8130 
f 8000 8129 8130 
f 8129 8130 8259 
f 8129 8258 8259 
f 8258 8259 8388 
f 8258 8387 8388 
f 8387 8388 8517 
f 8387 8516 8517 
f 8516 8517 8646 
f 8516 8645 8646 
f 8645 8646 8775 
f 8645 8774 8775 
f 8774 8775 8904 
f 8774 8903 8904 
f 8903 8904 9033 
f 8903 9032 9033 
f 9032 9033 9162 
f 9032 9161 9162 
f 9161 9162 9291 
f 9161 9290 9291 
f 9290 9291 9420 
f 9290 9419 9420 
f 9419 9420 9549 
f 9419 9548 9549 
f 9548 9549 9678 
f 9548 9677 9678 
f 9677 9678 9807 
f 9677 9806 9807 
f 9806 9807 9936 
f 9806 9935 9936 
f 9935 9936 10065 
f 9935 10064 10065 
f 10064 10065 10194 
f 10064 10193 10194 
f 10193 10194 10323 
f 10193 10322 10323 
f 10322 10323 10452 
f 10322 10451 10452 
f 10451 10452 10581 
f 10451 10580 10581 
f 10580 10581 10710 
f 10580 10709 10710 
f 10709 10710 10839 
f 10709 10838 10839 
f 10838 10839 10968 
f 10838 10967 10968 
f 10967 10968 11097 
f 10967 11096 11097 
f 11096 11097 11226 
f 11096 11225 11226 
f 11225 11226 11355 
f 11225 11354 11355 
f 11354 11355 11484 
f 11354 11483 11484 
f 11483 11484 11613 
f 11483 11612 11613 
f 11612 11613 11742 
f 11612 11741 11742 
f 11741 11742 11871 
f 11741 11870 11871 
f 11870 11871 12000 
f 11870 11999 12000 
f 11999 12000 12129 
f 11999 12128 12129 
f 12128 12129 12258 
f 12128 12257 12258 
f 12257 12258 12387 
f 12257 12386 12387 
f 12386 12387 12516 
f 12386 12515 12516 
f 12515 12516 12645 
f 12515 12644 12645 
f 12644 12645 12774 
f 12644 12773 12774 
f 12773 12774 12903 
f 12773 12902 12903 
f 12902 12903 13032 
f 12902 13031 13032 
f 13031 13032 13161 
f 13031 13160 13161 
f 13160 13161 13290 
f 13160 13289 13290 
f 13289 13290 13419 
f 13289 13418 13419 
f 13418 13419 13548 
f 13418 13547 13548 
f 13547 13548 13677 
f 13547 13676 13677 
f 13676 13677 13806 
f 13676 13805 13806 
f 13805 13806 13935 
f 13805 13934 13935 
f 13934 13935 14064 
f 13934 14063 14064 
f 14063 14064 14193 
f 14063 14192 14193 
f 14192 14193 14322 
f 14192 14321 14322 
f 14321 14322 14451 
f 14321 14450 14451 
f 14450 14451 14580 
f 14450 14579 14580 
f 14579 14580 14709 
f 14579 14708 14709 
f 14708 14709 14838 
f 14708 14837 14838 
f 14837 14838 14967 
f 14837 14966 14967 
f 14966 14967 15096 
f 14966 15095 15096 
f 15095 15096 15225 
f 15095 15224 15225 
f 15224 15225 15354 
f 15224 15353 15354 
f 15353 15354 15483 
f 15353 15482 15483 
f 15482 15483 15612 
f 15482 15611 15612 
f 15611 15612 15741 
f 15611 15740 15741 
f 15740 15741 15870 
f 15740 15869 15870 
f 15869 15870 15999 
f 15869 15998 15999 
f 15998 15999 16128 
f 15998 16127 16128 
f 16127 16128 16257 
f 16127 16256 16257 
f 16256 16257 16386 
f 16256 16385 16386 
f 16385 16386 16515 
f 16385 16514 16515 
f 3 4 133 
f 3 132 133 
f 132 133 262 
f 132 261 262 
f 261 262 391 
f 261 390 391 
f 390 391 520 
f 390 519 520 
f 519 520 649 
f 519 648 649 
f 648 649 778 
f 648 777 778 
f 777 778 907 
f 777 906 907 
f 906 907 1036 
f 906 1035 1036 
f 1035 1036 1165 
f 1035 1164 1165 
f 1164 1165 1294 
f 1164 1293 1294 
f 1293 1294 1423 
f 1293 1422 1423 
f 1422 1423 1552 
f 1422 1551 1552 
f 1551 1552 1681 
f 1551 1680 1681 
f 1680 1681 1810 
f 1680 1809 1810 
f 1809 1810 1939 
f 1809 1938 1939 
f 1938 1939 2068 
f 1938 2067 2068 
f 2067 2068 2197 
f 2067 2196 2197 
f 2196 2197 2326 
f 2196 2325 2326 
f 2325 2326 2455 
f 2325 2454 2455 
f 2454 2455 2584 
f 2454 2583 2584 
f 2583 2584 2713 
f 2583 2712 2713 
f 2712 2713 2842 
f 2712 2841 2842 
f 2841 2842 2971 
f 2841 2970 2971 
f 2970 2971 3100 
f 2970 3099 3100 
f 3099 3100 3229 
f 3099 3228 3229 
f 3228 3229 3358 
f 3228 3357 3358 
f 3357 3358 3487 
f 3357 3486 3487 
f 3486 3487 3616 
f 3486 3615 3616 
f 3615 3616 3745 
f 3615 3744 3745 
f 3744 3745 3874 
f 3744 3873 3874 
f 3873 3874 4003 
f 3873 4002 4003 
f 4002 4003 4132 
f 4002 4131 4132 
f 4131 4132 4261 
f 4131 4260 4261 
f 4260 4261 4390 
f 4260 4389 4390 
f 4389 4390 4519 
f 4389 4518 4519 
f 4518 4519 4648 
f 4518 4647 4648 
f 4647 4648 4777 
f 4647 4776 4777 
f 4776 4777 4906 
f 4776 4905 4906 
f 4905 4906 5035 
f 4905 5034 5035 
f 5034 5035 5164 
f 5034 5163 5164 
f 5163 5164 5293 
f 5163 5292 5293 
f 5292 5293 5422 
f 5292 5421 5422 
f 5421 5422 5551 
f 5421 5550 5551 
f 5550 5551 5680 
f 5550 5679 5680 
f 5679 5680 5809 
f 5679 5808 5809 
f 5808 5809 5938 
f 5808 5937 5938 
f 5937 5938 6067 
f 5937 6066 6067 
f 6066 6067 6196 
f 6066 6195 6196 
f 6195 6196 6325 
f 6195 6324 6325 
f 6324 6325 6454 
f 6324 6453 6454 
f 6453 6454 6583 
f 6453 6582 6583 
f 6582 6583 6712 
f 6582 6711 6712 
f 6711 6712 6841 
f 6711 6840 6841 
f 6840 6841 6970 
f 6840 6969 6970 
f 6969 6970 7099 
f 6969 7098 7099 
f 7098 7099 7228 
f 7098 7227 7228 
f 7227 7228 7357 
f 7227 7356 7357 
f 7356 7357 7486 
f 7356 7485 7486 
f 7485 7486 7615 
f 7485 7614 7615 
f 7614 7615 7744 
f 7614 7743 7744 
f 7743 7744 7873 
f 7743 7872 7873 
f 7872 7873 8002 
f 7872 8001 8002 
f 8001 8002 8131 
f 8001 8130 8131 
f 8130 8131 8260 
f 8130 8259 8260 
f 8259 8260 8389 
f 8259 8388 8389 
f 8388 8389 8518 
f 8388 8517 8518 
f 8517 8518 8647 
f 8517 8646 8647 
f 8646 8647 8776 
f 8646 8775 8776 
f 8775 8776 8905 
f 8775 8904 8905 
f 8904 8905 9034 
f 8904 9033 9034 
f 9033 9034 9163 
f 9033 9162 9163 
f 9162 9163 9292 
f 9162 9291 9292 
f 9291 9292 9421 
f 9291 9420 9421 
f 9420 9421 9550 
f 9420 9549 9550 
f 9549 9550 9679 
f 9549 9678 9679 
f 9678 9679 9808 
f 9678 9807 9808 
f 9807 9808 9937 
f 9807 9936 9937 
f 9936 9937 10066 
f 9936 10065 10066 
f 10065 10066 10195 
f 10065 10194 10195 
f 10194 10195 10324 
f 10194 10323 10324 
f 10323 10324 10453 
f 10323 10452 10453 
f 10452 10453 10582 
f 10452 10581 10582 
f 10581 10582 10711 
f 10581 10710 10711 
f 10710 10711 10840 
f 10710 10839 10840 
f 10839 10840 10969 
f 10839 10968 10969 
f 10968 10969 11098 
f 10968 11097 11098 
f 11097 11098 11227 
f 11097 11226 11227 
f 11226 11227 11356 
f 11226 11355 11356 
f 11355 11356 11485 
f 11355 11484 11485 
f 11484 11485 11614 
f 11484 11613 11614 
f 11613 11614 11743 
f 11613 11742 11743 
f 11742 11743 11872 
f 11742 11871 11872 
f 11871 11872 12001 
f 11871 12000 12001 
f 12000 12001 12130 
f 12000 12129 12130 
f 12129 12130 12259 
f 12129 12258 12259 
f 12258 12259 12388 
f 12258 12387 12388 
f 12387 12388 12517 
f 12387 12516 12517 
f 12516 12517 12646 
f 12516 12645 12646 
f 12645 12646 12775 
f 12645 12774 12775 
f 12774 12775 12904 
f 12774 12903 12904 
f 12903 12904 13033 
f 12903 13032 13033 
f 13032 13033 13162 
f 13032 13161 13162 
f 13161 13162 13291 
f 13161 13290 13291 
f 13290 13291 13420 
f 13290 13419 13420 
f 13419 13420 13549 
f 13419 13548 13549 
f 13548 13549 13678 
f 13548 13677 13678 
f 13677 13678 13807 
f 13677 13806 13807 
f 13806 13807 13936 
f 13806 13935 13936 
f 13935 13936 14065 
f 13935 14064 14065 
f 14064 14065 14194 
f 14064 14193 14194 
f 14193 14194 14323 
f 14193 14322 14323 
f 14322 14323 14452 
f 14322 14451 14452 
f 14451 14452 14581 
f 14451 14580 14581 
f 14580 14581 14710 
f 14580 14709 14710 
f 14709 14710 14839 
f 14709 14838 14839 
f 14838 14839 14968 
f 14838 14967 14968 
f 14967 14968 15097 
f 14967 15096 15097 
f 15096 15097 15226 
f 15096 15225 15226 
f 15225 15226 15355 
f 15225 15354 15355 
f 15354 15355 15484 
f 15354 15483 15484 
f 15483 15484 15613 
f 15483 15612 15613 
f 15612 15613 15742 
f 15612 15741 15742 
f 15741 15742 15871 
f 15741 15870 15871 
f 15870 15871 16000 
f 15870 15999 16000 
f 15999 16000 16129 
f 15999 16128 16129 
f 16128 16129 16258 
f 16128 16257 16258 
f 16257 16258 16387 
f 16257 16386 16387 
f 16386 16387 16516 
f 16386 16515 16516 
f 4 5 134 
f 4 133 134 
f 133 134 263 
f 133 262 263 
f 262 263 392 
f 262 391 392 
f 391 392 521 
f 391 520 521 
f 520 521 650 
f 520 649 650 
f 649 650 779 
f 649 778 779 
f 778 779 908 
f 778 907 908 
f 907 908 1037 
f 907 1036 1037 
f 1036 1037 1166 
f 1036 1165 1166 
f 1165 1166 1295 
f 1165 1294 1295 
f 1294 1295 1424 
f 1294 1423 1424 
f 1423 1424 1553 
f 1423 1552 1553 
f 1552 1553 1682 
f 1552 1681 1682 
f 1681 1682 1811 
f 1681 1810 1811 
f 1810 1811 1940 
f 1810 1939 1940 
f 1939 1940 2069 
f 1939 2068 2069 
f 2068 2069 2198 
f 2068 2197 2198 
f 2197 2198 2327 
f 2197 2326 2327 
f 2326 2327 2456 
f 2326 2455 2456 
f 2455 2456 2585 
f 2455 2584 2585 
f 2584 2585 2714 
f 2584 2713 2714 
f 2713 2714 2843 
f 2713 2842 2843 
f 2842 2843 2972 
f 2842 2971 2972 
f 2971 2972 3101 
f 2971 3100 3101 
f 3100 3101 3230 
f 3100 3229 3230 
f 3229 3230 3359 
f 3229 3358 3359 
f 3358 3359 3488 
f 3358 3487 3488 
f 3487 3488 3617 
f 3487 3616 3617 
f 3616 3617 3746 
f 3616 3745 3746 
f 3745 3746 3875 
f 3745 3874 3875 
f 3874 3875 4004 
f 3874 4003 4004 
f 4003 4004 4133 
f 4003 4132 4133 
f 4132 4133 4262 
f 4132 4261 4262 
f 4261 4262 4391 
f 4261 4390 4391 
f 4390 4391 4520 
f 4390 4519 4520 
f 4519 4520 4649 
f 4519 4648 4649 
f 4648 4649 4778 
f 4648 4777 4778 
f 4777 4778 4907 
f 4777 4906 4907 
f 4906 4907 5036 
f 4906 5035 5036 
f 5035 5036 5165 
f 5035 5164 5165 
f 5164 5165 5294 
f 5164 5293 5294 
f 5293 5294 5423 
f 5293 5422 5423 
f 5422 5423 5552 
f 5422 5551 5552 
f 5551 5552 5681 
f 5551 5680 5681 
f 5680 5681 5810 
f 5680 5809 5810 
f 5809 5810 5939 
f 5809 5938 5939 
f 5938 5939 6068 
f 5938 6067 6068 
f 6067 6068 6197 
f 6067 6196 6197 
f 6196 6197 6326 
f 6196 6325 6326 
f 6325 6326 6455 
f 6325 6454 6455 
f 6454 6455 6584 
f 6454 6583 6584 
f 6583 6584 6713 
f 6583 6712 6713 
f 6712 6713 6842 
f 6712 6841 6842 
f 6841 6842 6971 
f 6841 6970 6971 
f 6970 6971 7100 
f 6970 7099 7100 
f 7099 7100 7229 
f 7099 7228 7229 
f 7228 7229 7358 
f 7228 7357 7358 
f 7357 7358 7487 
f 7357 7486 7487 
f 7486 7487 7616 
f 7486 7615 7616 
f 7615 7616 7745 
f 7615 7744 7745 
f 7744 7745 7874 
f 7744 7873 7874 
f 7873 7874 8003 
f 7873 8002 8003 
f 8002 8003 8132 
f 8002 8131 8132 
f 8131 8132 8261 
f 8131 8260 8261 
f 8260 8261 8390 
f 8260 8389 8390 
f 8389 8390 8519 
f 8389 8518 8519 
f 8518 8519 8648 
f 8518 8647 8648 
f 8647 8648 8777 
f 8647 8776 8777 
f 8776 8777 8906 
f 8776 8905 8906 
f 8905 8906 9035 
f 8905 9034 9035 
f 9034 9035 9164 
f 9034 9163 9164 
f 9163 9164 9293 
f 9163 9292 9293 
f 9292 9293 9422 
f 9292 9421 9422 
f 9421 9422 9551 
f 9421 9550 9551 
f 9550 9551 9680 
f 9550 9679 9680 
f 9679 9680 9809 
f 9679 9808 9809 
f 9808 9809 9938 
f 9808 9937 9938 
f 9937 9938 10067 
f 9937 10066 10067 
f 10066 10067 10196 
f 10066 10195 10196 
f 10195 10196 10325 
f 10195 10324 10325 
f 10324 10325 10454 
f 10324 10453 10454 
f 10453 10454 10583 
f 10453 10582 10583 
f 10582 10583 10712 
f 10582 10711 10712 
f 10711 10712 10841 
f 10711 10840 10841 
f 10840 10841 10970 
f 10840 10969 10970 
f 10969 10970 11099 
f 10969 11098 11099 
f 11098 11099 11228 
f 11098 11227 11228 
f 11227 11228 11357 
f 11227 11356 11357 
f 11356 11357 11486 
f 11356 11485 11486 
f 11485 11486 11615 
f 11485 11614 11615 
f 11614 11615 11744 
f 11614 11743 11744 
f 11743 11744 11873 
f 11743 11872 11873 
f 11872 11873 12002 
f 11872 12001 12002 
f 12001 12002 12131 
f 12001 12130 12131 
f 12130 12131 12260 
f 12130 12259 12260 
f 12259 12260 12389 
f 12259 12388 12389 
f 12388 12389 12518 
f 12388 12517 12518 
f 12517 12518 12647 
f 12517 12646 12647 
f 12646 12647 12776 
f 12646 12775 12776 
f 12775 12776 12905 
f 12775 12904 12905 
f 12904 12905 13034 
f 12904 13033 13034 
f 13033 13034 13163 
f 13033 13162 13163 
f 13162 13163 13292 
f 13162 13291 13292 
f 13291 13292 13421 
f 13291 13420 13421 
f 13420 13421 13550 
f 13420 13549 13550 
f 13549 13550 13679 
f 13549 13678 13679 
f 13678 13679 13808 
f 13678 13807 13808 
f 13807 13808 13937 
f 13807 13936 13937 
f 13936 13937 14066 
f 13936 14065 14066 
f 14065 14066 14195 
f 14065 14194 14195 
f 14194 14195 14324 
f 14194 14323 14324 
f 14323 14324 14453 
f 14323 14452 14453 
f 14452 14453 14582 
f 14452 14581 14582 
f 14581 14582 14711 
f 14581 14710 14711 
f 14710 14711 14840 
f 14710 14839 14840 
f 14839 14840 14969 
f 14839 14968 14969 
f 14968 14969 15098 
f 14968 15097 15098 
f 15097 15098 15227 
f 15097 15226 15227 
f 15226 15227 15356 
f 15226 15355 15356 
f 15355 15356 15485 
f 15355 15484 15485 
f 15484 15485 15614 
f 15484 15613 15614 
f 15613 15614 15743 
f 15613 15742 15743 
f 15742 15743 15872 
f 15742 15871 15872 
f 15871 15872 16001 
f 15871 16000 16001 
f 16000 16001 16130 
f 16000 16129 16130 
f 16129 16130 16259 
f 16129 16258 16259 
f 16258 16259 16388 
f 16258 16387 16388 
f 16387 16388 16517 
f 16387 16516 16517 
f 5 6 135 
f 5 134 135 
f 134 135 264 
f 134 263 264 
f 263 264 393 
f 263 392 393 
f 392 393 522 
f 392 521 522 
f 521 522 651 
f 521 650 651 
f 650 651 780 
f 650 779 780 
f 779 780 909 
f 779 908 909 
f 908 909 1038 
f 908 1037 1038 
f 1037 1038 1167 
f 1037 1166 1167 
f 1166 1167 1296 
f 1166 1295 1296 
f 1295 1296 1425 
f 1295 1424 1425 
f 1424 1425 1554 
f 1424 1553 1554 
f 1553 1554 1683 
f 1553 1682 1683 
f 1682 1683 1812 
f 1682 1811 1812 
f 1811 1812 1941 
f 1811 1940 1941 
f 1940 1941 2070 
f 1940 2069 2070 
f 2069 2070 2199 
f 2069 2198 2199 
f 2198 2199 2328 
f 2198 2327 2328 
f 2327 2328 2457 
f 2327 2456 2457 
f 2456 2457 2586 
f 2456 2585 2586 
f 2585 2586 2715 
f 2585 2714 2715 
f 2714 2715 2844 
f 2714 2843 2844 
f 2843 2844 2973 
f 2843 2972 2973 
f 2972 2973 3102 
f 2972 3101 3102 
f 3101 3102 3231 
f 3101 3230 3231 
f 3230 3231 3360 
f 3230 3359 3360 
f 3359 3360 3489 
f 3359 3488 3489 
f 3488 3489 3618 
f 3488 3617 3618 
f 3617 3618 3747 
f 3617 3746 3747 
f 3746 3747 3876 
f 3746 3875 3876 
f 3875 3876 4005 
f 3875 4004 4005 
f 4004 4005 4134 
f 4004 4133 4134 
f 4133 4134 4263 
f 4133 4262 4263 
f 4262 4263 4392 
f 4262 4391 4392 
f 4391 4392 4521 
f 4391 4520 4521 
f 4520 4521 4650 
f 4520 4649 4650 
f 4649 4650 4779 
f 4649 4778 4779 
f 4778 4779 4908 
f 4778 4907 4908 
f 4907 4908 5037 
f 4907 5036 5037 
f 5036 5037 5166 
f 5036 5165 5166 
f 5165 5166 5295 
f 5165 5294 5295 
f 5294 5295 5424 
f 5294 5423 5424 
f 5423 5424 5553 
f 5423 5552 5553 
f 5552 5553 5682 
f 5552 5681 5682 
f 5681 5682 5811 
f 5681 5810 5811 
f 5810 5811 5940 
f 5810 5939 5940 
f 5939 5940 6069 
f 5939 6068 6069 
f 6068 6069 6198 
f 6068 6197 6198 
f 6197 6198 6327 
f 6197 6326 6327 
f 6326 6327 6456 
f 6326 6455 6456 
f 6455 6456 6585 
f 6455 6584 6585 
f 6584 6585 6714 
f 6584 6713 6714 
f 6713 6714 6843 
f 6713 6842 6843 
f 6842 6843 6972 
f 6842 6971 6972 
f 6971 6972 7101 
f 6971 7100 7101 
f 7100 7101 7230 
f 7100 7229 7230 
f 7229 7230 7359 
f 7229 7358 7359 
f 7358 7359 7488 
f 7358 7487 7488 
f 7487 7488 7617 
f 7487 7616 7617 
f 7616 7617 7746 
f 7616 7745 7746 
f 7745 7746 7875 
f 7745 7874 7875 
f 7874 7875 8004 
f 7874 8003 8004 
f 8003 8004 8133 
f 8003 8132 8133 
f 8132 8133 8262 
f 8132 8261 8262 
f 8261 8262 8391 
f 8261 8390 8391 
f 8390 8391 8520 
f 8390 8519 8520 
f 8519 8520 8649 
f 8519 8648 8649 
f 8648 8649 8778 
f 8648 8777 8778 
f 8777 8778 8907 
f 8777 8906 8907 
f 8906 8907 9036 
f 8906 9035 9036 
f 9035 9036 9165 
f 9035 9164 9165 
f 9164 9165 9294 
f 9164 9293 9294 
f 9293 9294 9423 
f 9293 9422 9423 
f 9422 9423 9552 
f 9422 9551 9552 
f 9551 9552 9681 
f 9551 9680 9681 
f 9680 9681 9810 
f 9680 9809 9810 
f 9809 9810 9939 
f 9809 9938 9939 
f 9938 9939 10068 
f 9938 10067 10068 
f 10067 10068 10197 
f 10067 10196 10197 
f 10196 10197 10326 
f 10196 10325 10326 
f 10325 10326 10455 
f 10325 10454 10455 
f 10454 10455 10584 
f 10454 10583 10584 
f 10583 10584 10713 
f 10583 10712 10713 
f 10712 10713 10842 
f 10712 10841 10842 
f 10841 10842 10971 
f 10841 10970 10971 
f 10970 10971 11100 
f 10970 11099 11100 
f 11099 11100 11229 
f 11099 11228 11229 
f 11228 11229 11358 
f 11228 11357 11358 
f 11357 11358 11487 
f 11357 11486 11487 
f 11486 11487 11616 
f 11486 11615 11616 
f 11615 11616 11745 
f 11615 11744 11745 
f 11744 11745 11874 
f 11744 11873 11874 
f 11873 11874 12003 
f 11873 12002 12003 
f 12002 12003 12132 
f 12002 12131 12132 
f 12131 12132 12261 
f 12131 12260 12261 
f 12260 12261 12390 
f 12260 12389 12390 
f 12389 12390 12519 
f 12389 12518 12519 
f 12518 12519 12648 
f 12518 12647 12648 
f 12647 12648 12777 
f 12647 12776 12777 
f 12776 12777 12906 
f 12776 12905 12906 
f 12905 12906 13035 
f 12905 13034 13035 
f 13034 13035 13164 
f 13034 13163 13164 
f 13163 13164 13293 
f 13163 13292 13293 
f 13292 13293 13422 
f 13292 13421 13422 
f 13421 13422 13551 
f 13421 13550 13551 
f 13550 13551 13680 
f 13550 13679 13680 
f 13679 13680 13809 
f 13679 13808 13809 
f 13808 13809 13938 
f 13808 13937 13938 
f 13937 13938 14067 
f 13937 14066 14067 
f 14066 14067 14196 
f 14066 14195 14196 
f 14195 14196 14325 
f 14195 14324 14325 
f 14324 14325 14454 
f 14324 14453 14454 
f 14453 14454 14583 
f 14453 14582 14583 
f 14582 14583 14712 
f 14582 14711 14712 
f 14711 14712 14841 
f 14711 14840 14841 
f 14840 14841 14970 
f 14840 14969 14970 
f 14969 14970 15099 
f 14969 15098 15099 
f 15098 15099 15228 
f 15098 15227 15228 
f 15227 15228 15357 
f 15227 15356 15357 
f 15356 15357 15486 
f 15356 15485 15486 
f 15485 15486 15615 
f 15485 15614 15615 
f 15614 15615 15744 
f 15614 15743 15744 
f 15743 15744 15873 
f 15743 15872 15873 
f 15872 15873 16002 
f 15872 16001 16002 
f 16001 16002 16131 
f 16001 16130 16131 
f 16130 16131 16260 
f 16130 16259 16260 
f 16259 16260 16389 
f 16259 16388 16389 
f 16388 16389 16518 
f 16388 16517 16518 
f 6 7 136 
f 6 135 136 
f 135 136 265 
f 135 264 265 
f 264 265 394 
f 264 393 394 
f 393 394 523 
f 393 522 523 
f 522 523 652 
f 522 651 652 
f 651 652 781 
f 651 780 781 
f 780 781 910 
f 780 909 910 
f 909 910 1039 
f 909 1038 1039 
f 1038 1039 1168 
f 1038 1167 1168 
f 1167 1168 1297 
f 1167 1296 1297 
f 1296 1297 1426 
f 1296 1425 1426 
f 1425 1426 1555 
f 1425 1554 1555 
f 1554 1555 1684 
f 1554 1683 1684 
f 1683 1684 1813 
f 1683 1812 1813 
f 1812 1813 1942 
f 1812 1941 1942 
f 1941 1942 2071 
f 1941 2070 2071 
f 2070 2071 2200 
f 2070 2199 2200 
f 2199 2200 2329 
f 2199 2328 2329 
f 2328 2329 2458 
f 2328 2457 2458 
f 2457 2458 2587 
f 2457 2586 2587 
f 2586 2587 2716 
f 2586 2715 2716 
f 2715 2716 2845 
f 2715 2844 2845 
f 2844 2845 2974 
f 2844 2973 2974 
f 2973 2974 3103 
f 2973 3102 3103 
f 3102 3103 3232 
f 3102 3231 3232 
f 3231 3232 3361 
f 3231 3360 3361 
f 3360 3361 3490 
f 3360 3489 3490 
f 3489 3490 3619 
f 3489 3618 3619 
f 3618 3619 3748 
f 3618 3747 3748 
f 3747 3748 3877 
f 3747 3876 3877 
f 3876 3877 4006 
f 3876 4005 4006 
f 4005 4006 4135 
f 4005 4134 4135 
f 4134 4135 4264 
f 4134 4263 4264 
f 4263 4264 4393 
f 4263 4392 4393 
f 4392 4393 4522 
f 4392 4521 4522 
f 4521 4522 4651 
f 4521 4650 4651 
f 4650 4651 4780 
f 4650 4779 4780 
f 4779 4780 4909 
f 4779 4908 4909 
f 4908 4909 5038 
f 4908 5037 5038 
f 5037 5038 5167 
f 5037 5166 5167 
f 5166 5167 5296 
f 5166 5295 5296 
f 5295 5296 5425 
f 5295 5424 5425 
f 5424 5425 5554 
f 5424 5553 5554 
f 5553 5554 5683 
f 5553 5682 5683 
f 5682 5683 5812 
f 5682 5811 5812 
f 5811 5812 5941 
f 5811 5940 5941 
f 5940 5941 6070 
f 5940 6069 6070 
f 6069 6070 6199 
f 6069 6198 6199 
f 6198 6199 6328 
f 6198 6327 6328 
f 6327 6328 6457 
f 6327 6456 6457 
f 6456 6457 6586 
f 6456 6585 6586 
f 6585 6586 6715 
f 6585 6714 6715 
f 6714 6715 6844 
f 6714 6843 6844 
f 6843 6844 6973 
f 6843 6972 6973 
f 6972 6973 7102 
f 6972 7101 7102 
f 7101 7102 7231 
f 7101 7230 7231 
f 7230 7231 7360 
f 7230 7359 7360 
f 7359 7360 7489 
f 7359 7488 7489 
f 7488 7489 7618 
f 7488 7617 7618 
f 7617 7618 7747 
f 7617 7746 7747 
f 7746 7747 7876 
f 7746 7875 7876 
f 7875 7876 8005 
f 7875 8004 8005 
f 8004 8005 8134 
f 8004 8133 8134 
f 8133 8134 8263 
f 8133 8262 8263 
f 8262 8263 8392 
f 8262 8391 8392 
f 8391 8392 8521 
f 8391 8520 8521 
f 8520 8521 8650 
f 8520 8649 8650 
f 8649 8650 8779 
f 8649 8778 8779 
f 8778 8779 8908 
f 8778 8907 8908 
f 8907 8908 9037 
f 8907 9036 9037 
f 9036 9037 9166 
f 9036 9165 9166 
f 9165 9166 9295 
f 9165 9294 9295 
f 9294 9295 9424 
f 9294 9423 9424 
f 9423 9424 9553 
f 9423 9552 9553 
f 9552 9553 9682 
f 9552 9681 9682 
f 9681 9682 9811 
f 9681 9810 9811 
f 9810 9811 9940 
f 9810 9939 9940 
f 9939 9940 10069 
f 9939 10068 10069 
f 10068 10069 10198 
f 10068 10197 10198 
f 10197 10198 10327 
f 10197 10326 10327 
f 10326 10327 10456 
f 10326 10455 10456 
f 10455 10456 10585 
f 10455 10584 10585 
f 10584 10585 10714 
f 10584 10713 10714 
f 10713 10714 10843 
f 10713 10842 10843 
f 10842 10843 10972 
f 10842 10971 10972 
f 10971 10972 11101 
f 10971 11100 11101 
f 11100 11101 11230 
f 11100 11229 11230 
f 11229 11230 11359 
f 11229 11358 11359 
f 11358 11359 11488 
f 11358 11487 11488 
f 11487 11488 11617 
f 11487 11616 11617 
f 11616 11617 11746 
f 11616 11745 11746 
f 11745 11746 11875 
f 11745 11874 11875 
f 11874 11875 12004 
f 11874 12003 12004 
f 12003 12004 12133 
f 12003 12132 12133 
f 12132 12133 12262 
f 12132 12261 12262 
f 12261 12262 12391 
f 12261 12390 12391 
f 12390 12391 12520 
f 12390 12519 12520 
f 12519 12520 12649 
f 12519 12648 12649 
f 12648 12649 12778 
f 12648 12777 12778 
f 12777 12778 12907 
f 12777 12906 12907 
f 12906 12907 13036 
f 12906 13035 13036 
f 13035 13036 13165 
f 13035 13164 13165 
f 13164 13165 13294 
f 13164 13293 13294 
f 13293 13294 13423 
f 13293 13422 13423 
f 13422 13423 13552 
f 13422 13551 13552 
f 13551 13552 13681 
f 13551 13680 13681 
f 13680 13681 13810 
f 13680 13809 13810 
f 13809 13810 13939 
f 13809 13938 13939 
f 13938 13939 14068 
f 13938 14067 14068 
f 14067 14068 14197 
f 14067 14196 14197 
f 14196 14197 14326 
f 14196 14325 14326 
f 14325 14326 14455 
f 14325 14454 14455 
f 14454 14455 14584 
f 14454 14583 14584 
f 14583 14584 14713 
f 14583 14712 14713 
f 14712 14713 14842 
f 14712 14841 14842 
f 14841 14842 14971 
f 14841 14970 14971 
f 14970 14971 15100 
f 14970 15099 15100 
f 15099 15100 15229 
f 15099 15228 15229 
f 15228 15229 15358 
f 15228 15357 15358 
f 15357 15358 15487 
f 15357 15486 15487 
f 15486 15487 15616 
f 15486 15615 15616 
f 15615 15616 15745 
f 15615 15744 15745 
f 15744 15745 15874 
f 15744 15873 15874 
f 15873 15874 16003 
f 15873 16002 16003 
f 16002 16003 16132 
f 16002 16131 16132 
f 16131 16132 16261 
f 16131 16260 16261 
f 16260 16261 16390 
f 16260 16389 16390 
f 16389 16390 16519 
f 16389 16518 16519 
f 7 8 137 
f 7 136 137 
f 136 137 266 
f 136 265 266 
f 265 266 395 
f 265 394 395 
f 394 395 524 
f 394 523 524 
f 523 524 653 
f 523 652 653 
f 652 653 782 
f 652 781 782 
f 781 782 911 
f 781 910 911 
f 910 911 1040 
f 910 1039 1040 
f 1039 1040 1169 
f 1039 1168 1169 
f 1168 1169 1298 
f 1168 1297 1298 
f 1297 1298 1427 
f 1297 1426 1427 
f 1426 1427 1556 
f 1426 1555 1556 
f 1555 1556 1685 
f 1555 1684 1685 
f 1684 1685 1814 
f 1684 1813 1814 
f 1813 1814 1943 
f 1813 1942 1943 
f 1942 1943 2072 
f 1942 2071 2072 
f 2071 2072 2201 
f 2071 2200 2201 
f 2200 2201 2330 
f 2200 2329 2330 
f 2329 2330 2459 
f 2329 2458 2459 
f 2458 2459 2588 
f 2458 2587 2588 
f 2587 2588 2717 
f 2587 2716 2717 
f 2716 2717 2846 
f 2716 2845 2846 
f 2845 2846 2975 
f 2845 2974 2975 
f 2974 2975 3104 
f 2974 3103 3104 
f 3103 3104 3233 
f 3103 3232 3233 
f 3232 3233 3362 
f 3232 3361 3362 
f 3361 3362 3491 
f 3361 3490 3491 
f 3490 3491 3620 
f 3490 3619 3620 
f 3619 3620 3749 
f 3619 3748 3749 
f 3748 3749 3878 
f 3748 3877 3878 
f 3877 3878 4007 
f 3877 4006 4007 
f 4006 4007 4136 
f 4006 4135 4136 
f 4135 4136 4265 
f 4135 4264 4265 
f 4264 4265 4394 
f 4264 4393 4394 
f 4393 4394 4523 
f 4393 4522 4523 
f 4522 4523 4652 
f 4522 4651 4652 
f 4651 4652 4781 
f 4651 4780 4781 
f 4780 4781 4910 
f 4780 4909 4910 
f 4909 4910 5039 
f 4909 5038 5039 
f 5038 5039 5168 
f 5038 5167 5168 
f 5167 5168 5297 
f 5167 5296 5297 
f 5296 5297 5426 
f 5296 5425 5426 
f 5425 5426 5555 
f 5425 5554 5555 
f 5554 5555 5684 
f 5554 5683 5684 
f 5683 5684 5813 
f 5683 5812 5813 
f 5812 5813 5942 
f 5812 5941 5942 
f 5941 5942 6071 
f 5941 6070 6071 
f 6070 6071 6200 
f 6070 6199 6200 
f 6199 6200 6329 
f 6199 6328 6329 
f 6328 6329 6458 
f 6328 6457 6458 
f 6457 6458 6587 
f 6457 6586 6587 
f 6586 6587 6716 
f 6586 6715 6716 
f 6715 6716 6845 
f 6715 6844 6845 
f 6844 6845 6974 
f 6844 6973 6974 
f 6973 6974 7103 
f 6973 7102 7103 
f 7102 7103 7232 
f 7102 7231 7232 
f 7231 7232 7361 
f 7231 7360 7361 
f 7360 7361 7490 
f 7360 7489 7490 
f 7489 7490 7619 
f 7489 7618 7619 
f 7618 7619 7748 
f 7618 7747 7748 
f 7747 7748 7877 
f 7747 7876 7877 
f 7876 7877 8006 
f 7876 8005 8006 
f 8005 8006 8135 
f 8005 8134 8135 
f 8134 8135 8264 
f 8134 8263 8264 
f 8263 8264 8393 
f 8263 8392 8393 
f 8392 8393 8522 
f 8392 8521 8522 
f 8521 8522 8651 
f 8521 8650 8651 
f 8650 8651 8780 
f 8650 8779 8780 
f 8779 8780 8909 
f 8779 8908 8909 
f 8908 8909 9038 
f 8908 9037 9038 
f 9037 9038 9167 
f 9037 9166 9167 
f 9166 9167 9296 
f 9166 9295 9296 
f 9295 9296 9425 
f 9295 9424 9425 
f 9424 9425 9554 
f 9424 9553 9554 
f 9553 9554 9683 
f 9553 9682 9683 
f 9682 9683 9812 
f 9682 9811 9812 
f 9811 9812 9941 
f 9811 9940 9941 
f 9940 9941 10070 
f 9940 10069 10070 
f 10069 10070 10199 
f 10069 10198 10199 
f 10198 10199 10328 
f 10198 10327 10328 
f 10327 10328 10457 
f 10327 10456 10457 
f 10456 10457 10586 
f 10456 10585 10586 
f 10585 10586 10715 
f 10585 10714 10715 
f 10714 10715 10844 
f 10714 10843 10844 
f 10843 10844 10973 
f 10843 10972 10973 
f 10972 10973 11102 
f 10972 11101 11102 
f 11101 11102 11231 
f 11101 11230 11231 
f 11230 11231 11360 
f 11230 11359 11360 
f 11359 11360 11489 
f 11359 11488 11489 
f 11488 11489 11618 
f 11488 11617 11618 
f 11617 11618 11747 
f 11617 11746 11747 
f 11746 11747 11876 
f 11746 11875 11876 
f 11875 11876 12005 
f 11875 12004 12005 
f 12004 12005 12134 
f 12004 12133 12134 
f 12133 12134 12263 
f 12133 12262 12263 
f 12262 12263 12392 
f 12262 12391 12392 
f 12391 12392 12521 
f 12391 12520 12521 
f 12520 12521 12650 
f 12520 12649 12650 
f 12649 12650 12779 
f 12649 12778 12779 
f 12778 12779 12908 
f 12778 12907 12908 
f 12907 12908 13037 
f 12907 13036 13037 
f 13036 13037 13166 
f 13036 13165 13166 
f 13165 13166 13295 
f 13165 13294 13295 
f 13294 13295 13424 
f 13294 13423 13424 
f 13423 13424 13553 
f 13423 13552 13553 
f 13552 13553 13682 
f 13552 13681 13682 
f 13681 13682 13811 
f 13681 13810 13811 
f 13810 13811 13940 
f 13810 13939 13940 
f 13939 13940 14069 
f 13939 14068 14069 
f 14068 14069 14198 
f 14068 14197 14198 
f 14197 14198 14327 
f 14197 14326 14327 
f 14326 14327 14456 
f 14326 14455 14456 
f 14455 14456 14585 
f 14455 14584 14585 
f 14584 14585 14714 
f 14584 14713 14714 
f 14713 14714 14843 
f 14713 14842 14843 
f 14842 14843 14972 
f 14842 14971 14972 
f 14971 14972 15101 
f 14971 15100 15101 
f 15100 15101 15230 
f 15100 15229 15230 
f 15229 15230 15359 
f 15229 15358 15359 
f 15358 15359 15488 
f 15358 15487 15488 
f 15487 15488 15617 
f 15487 15616 15617 
f 15616 15617 15746 
f 15616 15745 15746 
f 15745 15746 15875 
f 15745 15874 15875 
f 15874 15875 16004 
f 15874 16003 16004 
f 16003 16004 16133 
f 16003 16132 16133 
f 16132 16133 16262 
f 16132 16261 16262 
f 16261 16262 16391 
f 16261 16390 16391 
f 16390 16391 16520 
f 16390 16519 16520 
f 8 9 138 
f 8 137 138 
f 137 138 267 
f 137 266 267 
f 266 267 396 
f 266 395 396 
f 395 396 525 
f 395 524 525 
f 524 525 654 
f 524 653 654 
f 653 654 783 
f 653 782 783 
f 782 783 912 
f 782 911 912 
f 911 912 1041 
f 911 1040 1041 
f 1040 1041 1170 
f 1040 1169 1170 
f 1169 1170 1299 
f 1169 1298 1299 
f 1298 1299 1428 
f 1298 1427 1428 
f 1427 1428 1557 
f 1427 1556 1557 
f 1556 1557 1686 
f 1556 1685 1686 
f 1685 1686 1815 
f 1685 1814 1815 
f 1814 1815 1944 
f 1814 1943 1944 
f 1943 1944 2073 
f 1943 2072 2073 
f 2072 2073 2202 
f 2072 2201 2202 
f 2201 2202 2331 
f 2201 2330 2331 
f 2330 2331 2460 
f 2330 2459 2460 
f 2459 2460 2589 
f 2459 2588 2589 
f 2588 2589 2718 
f 2588 2717 2718 
f 2717 2718 2847 
f 2717 2846 2847 
f 2846 2847 2976 
f 2846 2975 2976 
f 2975 2976 3105 
f 2975 3104 3105 
f 3104 3105 3234 
f 3104 3233 3234 
f 3233 3234 3363 
f 3233 3362 3363 
f 3362 3363 3492 
f 3362 3491 3492 
f 3491 3492 3621 
f 3491 3620 3621 
f 3620 3621 3750 
f 3620 3749 3750 
f 3749 3750 3879 
f 3749 3878 3879 
f 3878 3879 4008 
f 3878 4007 4008 
f 4007 4008 4137 
f 4007 4136 4137 
f 4136 4137 4266 
f 4136 4265 4266 
f 4265 4266 4395 
f 4265 4394 4395 
f 4394 4395 4524 
f 4394 4523 4524 
f 4523 4524 4653 
f 4523 4652 4653 
f 4652 4653 4782 
f 4652 4781 4782 
f 4781 4782 4911 
f 4781 4910 4911 
f 4910 4911 5040 
f 4910 5039 5040 
f 5039 5040 5169 
f 5039 5168 5169 
f 5168 5169 5298 
f 5168 5297 5298 
f 5297 5298 5427 
f 5297 5426 5427 
f 5426 5427 5556 
f 5426 5555 5556 
f 5555 5556 5685 
f 5555 5684 5685 
f 5684 5685 5814 
f 5684 5813 5814 
f 5813 5814 5943 
f 5813 5942 5943 
f 5942 5943 6072 
f 5942 6071 6072 
f 6071 6072 6201 
f 6071 6200 6201 
f 6200 6201 6330 
f 6200 6329 6330 
f 6329 6330 6459 
f 6329 6458 6459 
f 6458 6459 6588 
f 6458 6587 6588 
f 6587 6588 6717 
f 6587 6716 6717 
f 6716 6717 6846 
f 6716 6845 6846 
f 6845 6846 6975 
f 6845 6974 6975 
f 6974 6975 7104 
f 6974 7103 7104 
f 7103 7104 7233 
f 7103 7232 7233 
f 7232 7233 7362 
f 7232 7361 7362 
f 7361 7362 7491 
f 7361 7490 7491 
f 7490 7491 7620 
f 7490 7619 7620 
f 7619 7620 7749 
f 7619 7748 7749 
f 7748 7749 7878 
f 7748 7877 7878 
f 7877 7878 8007 
f 7877 8006 8007 
f 8006 8007 8136 
f 8006 8135 8136 
f 8135 8136 8265 
f 8135 8264 8265 
f 8264 8265 8394 
f 8264 8393 8394 
f 8393 8394 8523 
f 8393 8522 8523 
f 8522 8523 8652 
f 8522 8651 8652 
f 8651 8652 8781 
f 8651 8780 8781 
f 8780 8781 8910 
f 8780 8909 8910 
f 8909 8910 9039 
f 8909 9038 9039 
f 9038 9039 9168 
f 9038 9167 9168 
f 9167 9168 9297 
f 9167 9296 9297 
f 9296 9297 9426 
f 9296 9425 9426 
f 9425 9426 9555 
f 9425 9554 9555 
f 9554 9555 9684 
f 9554 9683 9684 
f 9683 9684 9813 
f 9683 9812 9813 
f 9812 9813 9942 
f 9812 9941 9942 
f 9941 9942 10071 
f 9941 10070 10071 
f 10070 10071 10200 
f 10070 10199 10200 
f 10199 10200 10329 
f 10199 10328 10329 
f 10328 10329 10458 
f 10328 10457 10458 
f 10457 10458 10587 
f 10457 10586 10587 
f 10586 10587 10716 
f 10586 10715 10716 
f 10715 10716 10845 
f 10715 10844 10845 
f 10844 10845 10974 
f 10844 10973 10974 
f 10973 10974 11103 
f 10973 11102 11103 
f 11102 11103 11232 
f 11102 11231 11232 
f 11231 11232 11361 
f 11231 11360 11361 
f 11360 11361 11490 
f 11360 11489 11490 
f 11489 11490 11619 
f 11489 11618 11619 
f 11618 11619 11748 
f 11618 11747 11748 
f 11747 11748 11877 
f 11747 11876 11877 
f 11876 11877 12006 
f 11876 12005 12006 
f 12005 12006 12135 
f 12005 12134 12135 
f 12134 12135 12264 
f 12134 12263 12264 
f 12263 12264 12393 
f 12263 12392 12393 
f 12392 12393 12522 
f 12392 12521 12522 
f 12521 12522 12651 
f 12521 12650 12651 
f 12650 12651 12780 
f 12650 12779 12780 
f 12779 12780 12909 
f 12779 12908 12909 
f 12908 12909 13038 
f 12908 13037 13038 
f 13037 13038 13167 
f 13037 13166 13167 
f 13166 13167 13296 
f 13166 13295 13296 
f 13295 13296 13425 
f 13295 13424 13425 
f 13424 13425 13554 
f 13424 13553 13554 
f 13553 13554 13683 
f 13553 13682 13683 
f 13682 13683 13812 
f 13682 13811 13812 
f 13811 13812 13941 
f 13811 13940 13941 
f 13940 13941 14070 
f 13940 14069 14070 
f 14069 14070 14199 
f 14069 14198 14199 
f 14198 14199 14328 
f 14198 14327 14328 
f 14327 14328 14457 
f 14327 14456 14457 
f 14456 14457 14586 
f 14456 14585 14586 
f 14585 14586 14715 
f 14585 14714 14715 
f 14714 14715 14844 
f 14714 14843 14844 
f 14843 14844 14973 
f 14843 14972 14973 
f 14972 14973 15102 
f 14972 15101 15102 
f 15101 15102 15231 
f 15101 15230 15231 
f 15230 15231 15360 
f 15230 15359 15360 
f 15359 15360 15489 
f 15359 15488 15489 
f 15488 15489 15618 
f 15488 15617 15618 
f 15617 15618 15747 
f 15617 15746 15747 
f 15746 15747 15876 
f 15746 15875 15876 
f 15875 15876 16005 
f 15875 16004 16005 
f 16004 16005 16134 
f 16004 16133 16134 
f 16133 16134 16263 
f 16133 16262 16263 
f 16262 16263 16392 
f 16262 16391 16392 
f 16391 16392 16521 
f 16391 16520 16521 
f 9 10 139 
f 9 138 139 
f 138 139 268 
f 138 267 268 
f 267 268 397 
f 267 396 397 
f 396 397 526 
f 396 525 526 
f 525 526 655 
f 525 654 655 
f 654 655 784 
f 654 783 784 
f 783 784 913 
f 783 912 913 
f 912 913 1042 
f 912 1041 1042 
f 1041 1042 1171 
f 1041 1170 1171 
f 1170 1171 1300 
f 1170 1299 1300 
f 1299 1300 1429 
f 1299 1428 1429 
f 1428 1429 1558 
f 1428 1557 1558 
f 1557 1558 1687 
f 1557 1686 1687 
f 1686 1687 1816 
f 1686 1815 1816 
f 1815 1816 1945 
f 1815 1944 1945 
f 1944 1945 2074 
f 1944 2073 2074 
f 2073 2074 2203 
f 2073 2202 2203 
f 2202 2203 2332 
f 2202 2331 2332 
f 2331 2332 2461 
f 2331 2460 2461 
f 2460 2461 2590 
f 2460 2589 2590 
f 2589 2590 2719 
f 2589 2718 2719 
f 2718 2719 2848 
f 2718 2847 2848 
f 2847 2848 2977 
f 2847 2976 2977 
f 2976 2977 3106 
f 2976 3105 3106 
f 3105 3106 3235 
f 3105 3234 3235 
f 3234 3235 3364 
f 3234 3363 3364 
f 3363 3364 3493 
f 3363 3492 3493 
f 3492 3493 3622 
f 3492 3621 3622 
f 3621 3622 3751 
f 3621 3750 3751 
f 3750 3751 3880 
f 3750 3879 3880 
f 3879 3880 4009 
f 3879 4008 4009 
f 4008 4009 4138 
f 4008 4137 4138 
f 4137 4138 4267 
f 4137 4266 4267 
f 4266 4267 4396 
f 4266 4395 4396 
f 4395 4396 4525 
f 4395 4524 4525 
f 4524 4525 4654 
f 4524 4653 4654 
f 4653 4654 4783 
f 4653 4782 4783 
f 4782 4783 4912 
f 4782 4911 4912 
f 4911 4912 5041 
f 4911 5040 5041 
f 5040 5041 5170 
f 5040 5169 5170 
f 5169 5170 5299 
f 5169 5298 5299 
f 5298 5299 5428 
f 5298 5427 5428 
f 5427 5428 5557 
f 5427 5556 5557 
f 5556 5557 5686 
f 5556 5685 5686 
f 5685 5686 5815 
f 5685 5814 5815 
f 5814 5815 5944 
f 5814 5943 5944 
f 5943 5944 6073 
f 5943 6072 6073 
f 6072 6073 6202 
f 6072 6201 6202 
f 6201 6202 6331 
f 6201 6330 6331 
f 6330 6331 6460 
f 6330 6459 6460 
f 6459 6460 6589 
f 6459 6588 6589 
f 6588 6589 6718 
f 6588 6717 6718 
f 6717 6718 6847 
f 6717 6846 6847 
f 6846 6847 6976 
f 6846 6975 6976 
f 6975 6976 7105 
f 6975 7104 7105 
f 7104 7105 7234 
f 7104 7233 7234 
f 7233 7234 7363 
f 7233 7362 7363 
f 7362 7363 7492 
f 7362 7491 7492 
f 7491 7492 7621 
f 7491 7620 7621 
f 7620 7621 7750 
f 7620 7749 7750 
f 7749 7750 7879 
f 7749 7878 7879 
f 7878 7879 8008 
f 7878 8007 8008 
f 8007 8008 8137 
f 8007 8136 8137 
f 8136 8137 8266 
f 8136 8265 8266 
f 8265 8266 8395 
f 8265 8394 8395 
f 8394 8395 8524 
f 8394 8523 8524 
f 8523 8524 8653 
f 8523 8652 8653 
f 8652 8653 8782 
f 8652 8781 8782 
f 8781 8782 8911 
f 8781 8910 8911 
f 8910 8911 9040 
f 8910 9039 9040 
f 9039 9040 9169 
f 9039 9168 9169 
f 9168 9169 9298 
f 9168 9297 9298 
f 9297 9298 9427 
f 9297 9426 9427 
f 9426 9427 9556 
f 9426 9555 9556 
f 9555 9556 9685 
f 9555 9684 9685 
f 9684 9685 9814 
f 9684 9813 9814 
f 9813 9814 9943 
f 9813 9942 9943 
f 9942 9943 10072 
f 9942 10071 10072 
f 10071 10072 10201 
f 10071 10200 10201 
f 10200 10201 10330 
f 10200 10329 10330 
f 10329 10330 10459 
f 10329 10458 10459 
f 10458 10459 10588 
f 10458 10587 10588 
f 10587 10588 10717 
f 10587 10716 10717 
f 10716 10717 10846 
f 10716 10845 10846 
f 10845 10846 10975 
f 10845 10974 10975 
f 10974 10975 11104 
f 10974 11103 11104 
f 11103 11104 11233 
f 11103 11232 11233 
f 11232 11233 11362 
f 11232 11361 11362 
f 11361 11362 11491 
f 11361 11490 11491 
f 11490 11491 11620 
f 11490 11619 11620 
f 11619 11620 11749 
f 11619 11748 11749 
f 11748 11749 11878 
f 11748 11877 11878 
f 11877 11878 12007 
f 11877 12006 12007 
f 12006 12007 12136 
f 12006 12135 12136 
f 12135 12136 12265 
f 12135 12264 12265 
f 12264 12265 12394 
f 12264 12393 12394 
f 12393 12394 12523 
f 12393 12522 12523 
f 12522 12523 12652 
f 12522 12651 12652 
f 12651 12652 12781 
f 12651 12780 12781 
f 12780 12781 12910 
f 12780 12909 12910 
f 12909 12910 13039 
f 12909 13038 13039 
f 13038 13039 13168 
f 13038 13167 13168 
f 13167 13168 13297 
f 13167 13296 13297 
f 13296 13297 13426 
f 13296 13425 13426 
f 13425 13426 13555 
f 13425 13554 13555 
f 13554 13555 13684 
f 13554 13683 13684 
f 13683 13684 13813 
f 13683 13812 13813 
f 13812 13813 13942 
f 13812 13941 13942 
f 13941 13942 14071 
f 13941 14070 14071 
f 14070 14071 14200 
f 14070 14199 14200 
f 14199 14200 14329 
f 14199 14328 14329 
f 14328 14329 14458 
f 14328 14457 14458 
f 14457 14458 14587 
f 14457 14586 14587 
f 14586 14587 14716 
f 14586 14715 14716 
f 14715 14716 14845 
f 14715 14844 14845 
f 14844 14845 14974 
f 14844 14973 14974 
f 14973 14974 15103 
f 14973 15102 15103 
f 15102 15103 15232 
f 15102 15231 15232 
f 15231 15232 15361 
f 15231 15360 15361 
f 15360 15361 15490 
f 15360 15489 15490 
f 15489 15490 15619 
f 15489 15618 15619 
f 15618 15619 15748 
f 15618 15747 15748 
f 15747 15748 15877 
f 15747 15876 15877 
f 15876 15877 16006 
f 15876 16005 16006 
f 16005 16006 16135 
f 16005 16134 16135 
f 16134 16135 16264 
f 16134 16263 16264 
f 16263 16264 16393 
f 16263 16392 16393 
f 16392 16393 16522 
f 16392 16521 16522 
f 10 11 140 
f 10 139 140 
f 139 140 269 
f 139 268 269 
f 268 269 398 
f 268 397 398 
f 397 398 527 
f 397 526 527 
f 526 527 656 
f 526 655 656 
f 655 656 785 
f 655 784 785 
f 784 785 914 
f 784 913 914 
f 913 914 1043 
f 913 1042 1043 
f 1042 1043 1172 
f 1042 1171 1172 
f 1171 1172 1301 
f 1171 1300 1301 
f 1300 1301 1430 
f 1300 1429 1430 
f 1429 1430 1559 
f 1429 1558 1559 
f 1558 1559 1688 
f 1558 1687 1688 
f 1687 1688 1817 
f 1687 1816 1817 
f 1816 1817 1946 
f 1816 1945 1946 
f 1945 1946 2075 
f 1945 2074 2075 
f 2074 2075 2204 
f 2074 2203 2204 
f 2203 2204 2333 
f 2203 2332 2333 
f 2332 2333 2462 
f 2332 2461 2462 
f 2461 2462 2591 
f 2461 2590 2591 
f 2590 2591 2720 
f 2590 2719 2720 
f 2719 2720 2849 
f 2719 2848 2849 
f 2848 2849 2978 
f 2848 2977 2978 
f 2977 2978 3107 
f 2977 3106 3107 
f 3106 3107 3236 
f 3106 3235 3236 
f 3235 3236 3365 
f 3235 3364 3365 
f 3364 3365 3494 
f 3364 3493 3494 
f 3493 3494 3623 
f 3493 3622 3623 
f 3622 3623 3752 
f 3622 3751 3752 
f 3751 3752 3881 
f 3751 3880 3881 
f 3880 3881 4010 
f 3880 4009 4010 
f 4009 4010 4139 
f 4009 4138 4139 
f 4138 4139 4268 
f 4138 4267 4268 
f 4267 4268 4397 
f 4267 4396 4397 
f 4396 4397 4526 
f 4396 4525 4526 
f 4525 4526 4655 
f 4525 4654 4655 
f 4654 4655 4784 
f 4654 4783 4784 
f 4783 4784 4913 
f 4783 4912 4913 
f 4912 4913 5042 
f 4912 5041 5042 
f 5041 5042 5171 
f 5041 5170 5171 
f 5170 5171 5300 
f 5170 5299 5300 
f 5299 5300 5429 
f 5299 5428 5429 
f 5428 5429 5558 
f 5428 5557 5558 
f 5557 5558 5687 
f 5557 5686 5687 
f 5686 5687 5816 
f 5686 5815 5816 
f 5815 5816 5945 
f 5815 5944 5945 
f 5944 5945 6074 
f 5944 6073 6074 
f 6073 6074 6203 
f 6073 6202 6203 
f 6202 6203 6332 
f 6202 6331 6332 
f 6331 6332 6461 
f 6331 6460 6461 
f 6460 6461 6590 
f 6460 6589 6590 
f 6589 6590 6719 
f 6589 6718 6719 
f 6718 6719 6848 
f 6718 6847 6848 
f 6847 6848 6977 
f 6847 6976 6977 
f 6976 6977 7106 
f 6976 7105 7106 
f 7105 7106 7235 
f 7105 7234 7235 
f 7234 7235 7364 
f 7234 7363 7364 
f 7363 7364 7493 
f 7363 7492 7493 
f 7492 7493 7622 
f 7492 7621 7622 
f 7621 7622 7751 
f 7621 7750 7751 
f 7750 7751 7880 
f 7750 7879 7880 
f 7879 7880 8009 
f 7879 8008 8009 
f 8008 8009 8138 
f 8008 8137 8138 
f 8137 8138 8267 
f 8137 8266 8267 
f 8266 8267 8396 
f 8266 8395 8396 
f 8395 8396 8525 
f 8395 8524 8525 
f 8524 8525 8654 
f 8524 8653 8654 
f 8653 8654 8783 
f 8653 8782 8783 
f 8782 8783 8912 
f 8782 8911 8912 
f 8911 8912 9041 
f 8911 9040 9041 
f 9040 9041 9170 
f 9040 9169 9170 
f 9169 9170 9299 
f 9169 9298 9299 
f 9298 9299 9428 
f 9298 9427 9428 
f 9427 9428 9557 
f 9427 9556 9557 
f 9556 9557 9686 
f 9556 9685 9686 
f 9685 9686 9815 
f 9685 9814 9815 
f 9814 9815 9944 
f 9814 9943 9944 
f 9943 9944 10073 
f 9943 10072 10073 
f 10072 10073 10202 
f 10072 10201 10202 
f 10201 10202 10331 
f 10201 10330 10331 
f 10330 10331 10460 
f 10330 10459 10460 
f 10459 10460 10589 
f 10459 10588 10589 
f 10588 10589 10718 
f 10588 10717 10718 
f 10717 10718 10847 
f 10717 10846 10847 
f 10846 10847 10976 
f 10846 10975 10976 
f 10975 10976 11105 
f 10975 11104 11105 
f 11104 11105 11234 
f 11104 11233 11234 
f 11233 11234 11363 
f 11233 11362 11363 
f 11362 11363 11492 
f 11362 11491 11492 
f 11491 11492 11621 
f 11491 11620 11621 
f 11620 11621 11750 
f 11620 11749 11750 
f 11749 11750 11879 
f 11749 11878 11879 
f 11878 11879 12008 
f 11878 12007 12008 
f 12007 12008 12137 
f 12007 12136 12137 
f 12136 12137 12266 
f 12136 12265 12266 
f 12265 12266 12395 
f 12265 12394 12395 
f 12394 12395 12524 
f 12394 12523 12524 
f 12523 12524 12653 
f 12523 12652 12653 
f 12652 12653 12782 
f 12652 12781 12782 
f 12781 12782 12911 
f 12781 12910 12911 
f 12910 12911 13040 
f 12910 13039 13040 
f 13039 13040 13169 
f 13039 13168 13169 
f 13168 13169 13298 
f 13168 13297 13298 
f 13297 13298 13427 
f 13297 13426 13427 
f 13426 13427 13556 
f 13426 13555 13556 
f 13555 13556 13685 
f 13555 13684 13685 
f 13684 13685 13814 
f 13684 13813 13814 
f 13813 13814 13943 
f 13813 13942 13943 
f 13942 13943 14072 
f 13942 14071 14072 
f 14071 14072 14201 
f 14071 14200 14201 
f 14200 14201 14330 
f 14200 14329 14330 
f 14329 14330 14459 
f 14329 14458 14459 
f 14458 14459 14588 
f 14458 14587 14588 
f 14587 14588 14717 
f 14587 14716 14717 
f 14716 14717 14846 
f 14716 14845 14846 
f 14845 14846 14975 
f 14845 14974 14975 
f 14974 14975 15104 
f 14974 15103 15104 
f 15103 15104 15233 
f 15103 15232 15233 
f 15232 15233 15362 
f 15232 15361 15362 
f 15361 15362 15491 
f 15361 15490 15491 
f 15490 15491 15620 
f 15490 15619 15620 
f 15619 15620 15749 
f 15619 15748 15749 
f 15748 15749 15878 
f 15748 15877 15878 
f 15877 15878 16007 
f 15877 16006 16007 
f 16006 16007 16136 
f 16006 16135 16136 
f 16135 16136 16265 
f 16135 16264 16265 
f 16264 16265 16394 
f 16264 16393 16394 
f 16393 16394 16523 
f 16393 16522 16523 
f 11 12 141 
f 11 140 141 
f 140 141 270 
f 140 269 270 
f 269 270 399 
f 269 398 399 
f 398 399 528 
f 398 527 528 
f 527 528 657 
f 527 656 657 
f 656 657 786 
f 656 785 786 
f 785 786 915 
f 785 914 915 
f 914 915 1044 
f 914 1043 1044 
f 1043 1044 1173 
f 1043 1172 1173 
f 1172 1173 1302 
f 1172 1301 1302 
f 1301 1302 1431 
f 1301 1430 1431 
f 1430 1431 1560 
f 1430 1559 1560 
f 1559 1560 1689 
f 1559 1688 1689 
f 1688 1689 1818 
f 1688 1817 1818 
f 1817 1818 1947 
f 1817 1946 1947 
f 1946 1947 2076 
f 1946 2075 2076 
f 2075 2076 2205 
f 2075 2204 2205 
f 2204 2205 2334 
f 2204 2333 2334 
f 2333 2334 2463 
f 2333 2462 2463 
f 2462 2463 2592 
f 2462 2591 2592 
f 2591 2592 2721 
f 2591 2720 2721 
f 2720 2721 2850 
f 2720 2849 2850 
f 2849 2850 2979 
f 2849 2978 2979 
f 2978 2979 3108 
f 2978 3107 3108 
f 3107 3108 3237 
f 3107 3236 3237 
f 3236 3237 3366 
f 3236 3365 3366 
f 3365 3366 3495 
f 3365 3494 3495 
f 3494 3495 3624 
f 3494 3623 3624 
f 3623 3624 3753 
f 3623 3752 3753 
f 3752 3753 3882 
f 3752 3881 3882 
f 3881 3882 4011 
f 3881 4010 4011 
f 4010 4011 4140 
f 4010 4139 4140 
f 4139 4140 4269 
f 4139 4268 4269 
f 4268 4269 4398 
f 4268 4397 4398 
f 4397 4398 4527 
f 4397 4526 4527 
f 4526 4527 4656 
f 4526 4655 4656 
f 4655 4656 4785 
f 4655 4784 4785 
f 4784 4785 4914 
f 4784 4913 4914 
f 4913 4914 5043 
f 4913 5042 5043 
f 5042 5043 5172 
f 5042 5171 5172 
f 5171 5172 5301 
f 5171 5300 5301 
f 5300 5301 5430 
f 5300 5429 5430 
f 5429 5430 5559 
f 5429 5558 5559 
f 5558 5559 5688 
f 5558 5687 5688 
f 5687 5688 5817 
f 5687 5816 5817 
f 5816 5817 5946 
f 5816 5945 5946 
f 5945 5946 6075 
f 5945 6074 6075 
f 6074 6075 6204 
f 6074 6203 6204 
f 6203 6204 6333 
f 6203 6332 6333 
f 6332 6333 6462 
f 6332 6461 6462 
f 6461 6462 6591 
f 6461 6590 6591 
f 6590 6591 6720 
f 6590 6719 6720 
f 6719 6720 6849 
f 6719 6848 6849 
f 6848 6849 6978 
f 6848 6977 6978 
f 6977 6978 7107 
f 6977 7106 7107 
f 7106 7107 7236 
f 7106 7235 7236 
f 7235 7236 7365 
f 7235 7364 7365 
f 7364 7365 7494 
f 7364 7493 7494 
f 7493 7494 7623 
f 7493 7622 7623 
f 7622 7623 7752 
f 7622 7751 7752 
f 7751 7752 7881 
f 7751 7880 7881 
f 7880 7881 8010 
f 7880 8009 8010 
f 8009 8010 8139 
f 8009 8138 8139 
f 8138 8139 8268 
f 8138 8267 8268 
f 8267 8268 8397 
f 8267 8396 8397 
f 8396 8397 8526 
f 8396 8525 8526 
f 8525 8526 8655 
f 8525 8654 8655 
f 8654 8655 8784 
f 8654 8783 8784 
f 8783 8784 8913 
f 8783 8912 8913 
f 8912 8913 9042 
f 8912 9041 9042 
f 9041 9042 9171 
f 9041 9170 9171 
f 9170 9171 9300 
f 9170 9299 9300 
f 9299 9300 9429 
f 9299 9428 9429 
f 9428 9429 9558 
f 9428 9557 9558 
f 9557 9558 9687 
f 9557 9686 9687 
f 9686 9687 9816 
f 9686 9815 9816 
f 9815 9816 9945 
f 9815 9944 9945 
f 9944 9945 10074 
f 9944 10073 10074 
f 10073 10074 10203 
f 10073 10202 10203 
f 10202 10203 10332 
f 10202 10331 10332 
f 10331 10332 10461 
f 10331 10460 10461 
f 10460 10461 10590 
f 10460 10589 10590 
f 10589 10590 10719 
f 10589 10718 10719 
f 10718 10719 10848 
f 10718 10847 10848 
f 10847 10848 10977 
f 10847 10976 10977 
f 10976 10977 11106 
f 10976 11105 11106 
f 11105 11106 11235 
f 11105 11234 11235 
f 11234 11235 11364 
f 11234 11363 11364 
f 11363 11364 11493 
f 11363 11492 11493 
f 11492 11493 11622 
f 11492 11621 11622 
f 11621 11622 11751 
f 11621 11750 11751 
f 11750 11751 11880 
f 11750 11879 11880 
f 11879 11880 12009 
f 11879 12008 12009 
f 12008 12009 12138 
f 12008 12137 12138 
f 12137 12138 12267 
f 12137 12266 12267 
f 12266 12267 12396 
f 12266 12395 12396 
f 12395 12396 12525 
f 12395 12524 12525 
f 12524 12525 12654 
f 12524 12653 12654 
f 12653 12654 12783 
f 12653 12782 12783 
f 12782 12783 12912 
f 12782 12911 12912 
f 12911 12912 13041 
f 12911 13040 13041 
f 13040 13041 13170 
f 13040 13169 13170 
f 13169 13170 13299 
f 13169 13298 13299 
f 13298 13299 13428 
f 13298 13427 13428 
f 13427 13428 13557 
f 13427 13556 13557 
f 13556 13557 13686 
f 13556 13685 13686 
f 13685 13686 13815 
f 13685 13814 13815 
f 13814 13815 13944 
f 13814 13943 13944 
f 13943 13944 14073 
f 13943 14072 14073 
f 14072 14073 14202 
f 14072 14201 14202 
f 14201 14202 14331 
f 14201 14330 14331 
f 14330 14331 14460 
f 14330 14459 14460 
f 14459 14460 14589 
f 14459 14588 14589 
f 14588 14589 14718 
f 14588 14717 14718 
f 14717 14718 14847 
f 14717 14846 14847 
f 14846 14847 14976 
f 14846 14975 14976 
f 14975 14976 15105 
f 14975 15104 15105 
f 15104 15105 15234 
f 15104 15233 15234 
f 15233 15234 15363 
f 15233 15362 15363 
f 15362 15363 15492 
f 15362 15491 15492 
f 15491 15492 15621 
f 15491 15620 15621 
f 15620 15621 15750 
f 15620 15749 15750 
f 15749 15750 15879 
f 15749 15878 15879 
f 15878 15879 16008 
f 15878 16007 16008 
f 16007 16008 16137 
f 16007 16136 16137 
f 16136 16137 16266 
f 16136 16265 16266 
f 16265 16266 16395 
f 16265 16394 16395 
f 16394 16395 16524 
f 16394 16523 16524 
f 12 13 142 
f 12 141 142 
f 141 142 271 
f 141 270 271 
f 270 271 400 
f 270 399 400 
f 399 400 529 
f 399 528 529 
f 528 529 658 
f 528 657 658 
f 657 658 787 
f 657 786 787 
f 786 787 916 
f 786 915 916 
f 915 916 1045 
f 915 1044 1045 
f 1044 1045 1174 
f 1044 1173 1174 
f 1173 1174 1303 
f 1173 1302 1303 
f 1302 1303 1432 
f 1302 1431 1432 
f 1431 1432 1561 
f 1431 1560 1561 
f 1560 1561 1690 
f 1560 1689 1690 
f 1689 1690 1819 
f 1689 1818 1819 
f 1818 1819 1948 
f 1818 1947 1948 
f 1947 1948 2077 
f 1947 2076 2077 
f 2076 2077 2206 
f 2076 2205 2206 
f 2205 2206 2335 
f 2205 2334 2335 
f 2334 2335 2464 
f 2334 2463 2464 
f 2463 2464 2593 
f 2463 2592 2593 
f 2592 2593 2722 
f 2592 2721 2722 
f 2721 2722 2851 
f 2721 2850 2851 
f 2850 2851 2980 
f 2850 2979 2980 
f 2979 2980 3109 
f 2979 3108 3109 
f 3108 3109 3238 
f 3108 3237 3238 
f 3237 3238 3367 
f 3237 3366 3367 
f 3366 3367 3496 
f 3366 3495 3496 
f 3495 3496 3625 
f 3495 3624 3625 
f 3624 3625 3754 
f 3624 3753 3754 
f 3753 3754 3883 
f 3753 3882 3883 
f 3882 3883 4012 
f 3882 4011 4012 
f 4011 4012 4141 
f 4011 4140 4141 
f 4140 4141 4270 
f 4140 4269 4270 
f 4269 4270 4399 
f 4269 4398 4399 
f 4398 4399 4528 
f 4398 4527 4528 
f 4527 4528 4657 
f 4527 4656 4657 
f 4656 4657 4786 
f 4656 4785 4786 
f 4785 4786 4915 
f 4785 4914 4915 
f 4914 4915 5044 
f 4914 5043 5044 
f 5043 5044 5173 
f 5043 5172 5173 
f 5172 5173 5302 
f 5172 5301 5302 
f 5301 5302 5431 
f 5301 5430 5431 
f 5430 5431 5560 
f 5430 5559 5560 
f 5559 5560 5689 
f 5559 5688 5689 
f 5688 5689 5818 
f 5688 5817 5818 
f 5817 5818 5947 
f 5817 5946 5947 
f 5946 5947 6076 
f 5946 6075 6076 
f 6075 6076 6205 
f 6075 6204 6205 
f 6204 6205 6334 
f 6204 6333 6334 
f 6333 6334 6463 
f 6333 6462 6463 
f 6462 6463 6592 
f 6462 6591 6592 
f 6591 6592 6721 
f 6591 6720 6721 
f 6720 6721 6850 
f 6720 6849 6850 
f 6849 6850 6979 
f 6849 6978 6979 
f 6978 6979 7108 
f 6978 7107 7108 
f 7107 7108 7237 
f 7107 7236 7237 
f 7236 7237 7366 
f 7236 7365 7366 
f 7365 7366 7495 
f 7365 7494 7495 
f 7494 7495 7624 
f 7494 7623 7624 
f 7623 7624 7753 
f 7623 7752 7753 
f 7752 7753 7882 
f 7752 7881 7882 
f 7881 7882 8011 
f 7881 8010 8011 
f 8010 8011 8140 
f 8010 8139 8140 
f 8139 8140 8269 
f 8139 8268 8269 
f 8268 8269 8398 
f 8268 8397 8398 
f 8397 8398 8527 
f 8397 8526 8527 
f 8526 8527 8656 
f 8526 8655 8656 
f 8655 8656 8785 
f 8655 8784 8785 
f 8784 8785 8914 
f 8784 8913 8914 
f 8913 8914 9043 
f 8913 9042 9043 
f 9042 9043 9172 
f 9042 9171 9172 
f 9171 9172 9301 
f 9171 9300 9301 
f 9300 9301 9430 
f 9300 9429 9430 
f 9429 9430 9559 
f 9429 9558 9559 
f 9558 9559 9688 
f 9558 9687 9688 
f 9687 9688 9817 
f 9687 9816 9817 
f 9816 9817 9946 
f 9816 9945 9946 
f 9945 9946 10075 
f 9945 10074 10075 
f 10074 10075 10204 
f 10074 10203 10204 
f 10203 10204 10333 
f 10203 10332 10333 
f 10332 10333 10462 
f 10332 10461 10462 
f 10461 10462 10591 
f 10461 10590 10591 
f 10590 10591 10720 
f 10590 10719 10720 
f 10719 10720 10849 
f 10719 10848 10849 
f 10848 10849 10978 
f 10848 10977 10978 
f 10977 10978 11107 
f 10977 11106 11107 
f 11106 11107 11236 
f 11106 11235 11236 
f 11235 11236 11365 
f 11235 11364 11365 
f 11364 11365 11494 
f 11364 11493 11494 
f 11493 11494 11623 
f 11493 11622 11623 
f 11622 11623 11752 
f 11622 11751 11752 
f 11751 11752 11881 
f 11751 11880 11881 
f 11880 11881 12010 
f 11880 12009 12010 
f 12009 12010 12139 
f 12009 12138 12139 
f 12138 12139 12268 
f 12138 12267 12268 
f 12267 12268 12397 
f 12267 12396 12397 
f 12396 12397 12526 
f 12396 12525 12526 
f 12525 12526 12655 
f 12525 12654 12655 
f 12654 12655 12784 
f 12654 12783 12784 
f 12783 12784 12913 
f 12783 12912 12913 
f 12912 12913 13042 
f 12912 13041 13042 
f 13041 13042 13171 
f 13041 13170 13171 
f 13170 13171 13300 
f 13170 13299 13300 
f 13299 13300 13429 
f 13299 13428 13429 
f 13428 13429 13558 
f 13428 13557 13558 
f 13557 13558 13687 
f 13557 13686 13687 
f 13686 13687 13816 
f 13686 13815 13816 
f 13815 13816 13945 
f 13815 13944 13945 
f 13944 13945 14074 
f 13944 14073 14074 
f 14073 14074 14203 
f 14073 14202 14203 
f 14202 14203 14332 
f 14202 14331 14332 
f 14331 14332 14461 
f 14331 14460 14461 
f 14460 14461 14590 
f 14460 14589 14590 
f 14589 14590 14719 
f 14589 14718 14719 
f 14718 14719 14848 
f 14718 14847 14848 
f 14847 14848 14977 
f 14847 14976 14977 
f 14976 14977 15106 
f 14976 15105 15106 
f 15105 15106 15235 
f 15105 15234 15235 
f 15234 15235 15364 
f 15234 15363 15364 
f 15363 15364 15493 
f 15363 15492 15493 
f 15492 15493 15622 
f 15492 15621 15622 
f 15621 15622 15751 
f 15621 15750 15751 
f 15750 15751 15880 
f 15750 15879 15880 
f 15879 15880 16009 
f 15879 16008 16009 
f 16008 16009 16138 
f 16008 16137 16138 
f 16137 16138 16267 
f 16137 16266 16267 
f 16266 16267 16396 
f 16266 16395 16396 
f 16395 16396 16525 
f 16395 16524 16525 
f 13 14 143 
f 13 142 143 
f 142 143 272 
f 142 271 272 
f 271 272 401 
f 271 400 401 
f 400 401 530 
f 400 529 530 
f 529 530 659 
f 529 658 659 
f 658 659 788 
f 658 787 788 
f 787 788 917 
f 787 916 917 
f 916 917 1046 
f 916 1045 1046 
f 1045 1046 1175 
f 1045 1174 1175 
f 1174 1175 1304 
f 1174 1303 1304 
f 1303 1304 1433 
f 1303 1432 1433 
f 1432 1433 1562 
f 1432 1561 1562 
f 1561 1562 1691 
f 1561 1690 1691 
f 1690 1691 1820 
f 1690 1819 1820 
f 1819 1820 1949 
f 1819 1948 1949 
f 1948 1949 2078 
f 1948 2077 2078 
f 2077 2078 2207 
f 2077 2206 2207 
f 2206 2207 2336 
f 2206 2335 2336 
f 2335 2336 2465 
f 2335 2464 2465 
f 2464 2465 2594 
f 2464 2593 2594 
f 2593 2594 2723 
f 2593 2722 2723 
f 2722 2723 2852 
f 2722 2851 2852 
f 2851 2852 2981 
f 2851 2980 2981 
f 2980 2981 3110 
f 2980 3109 3110 
f 3109 3110 3239 
f 3109 3238 3239 
f 3238 3239 3368 
f 3238 3367 3368 
f 3367 3368 3497 
f 3367 3496 3497 
f 3496 3497 3626 
f 3496 3625 3626 
f 3625 3626 3755 
f 3625 3754 3755 
f 3754 3755 3884 
f 3754 3883 3884 
f 3883 3884 4013 
f 3883 4012 4013 
f 4012 4013 4142 
f 4012 4141 4142 
f 4141 4142 4271 
f 4141 4270 4271 
f 4270 4271 4400 
f 4270 4399 4400 
f 4399 4400 4529 
f 4399 4528 4529 
f 4528 4529 4658 
f 4528 4657 4658 
f 4657 4658 4787 
f 4657 4786 4787 
f 4786 4787 4916 
f 4786 4915 4916 
f 4915 4916 5045 
f 4915 5044 5045 
f 5044 5045 5174 
f 5044 5173 5174 
f 5173 5174 5303 
f 5173 5302 5303 
f 5302 5303 5432 
f 5302 5431 5432 
f 5431 5432 5561 
f 5431 5560 5561 
f 5560 5561 5690 
f 5560 5689 5690 
f 5689 5690 5819 
f 5689 5818 5819 
f 5818 5819 5948 
f 5818 5947 5948 
f 5947 5948 6077 
f 5947 6076 6077 
f 6076 6077 6206 
f 6076 6205 6206 
f 6205 6206 6335 
f 6205 6334 6335 
f 6334 6335 6464 
f 6334 6463 6464 
f 6463 6464 6593 
f 6463 6592 6593 
f 6592 6593 6722 
f 6592 6721 6722 
f 6721 6722 6851 
f 6721 6850 6851 
f 6850 6851 6980 
f 6850 6979 6980 
f 6979 6980 7109 
f 6979 7108 7109 
f 7108 7109 7238 
f 7108 7237 7238 
f 7237 7238 7367 
f 7237 7366 7367 
f 7366 7367 7496 
f 7366 7495 7496 
f 7495 7496 7625 
f 7495 7624 7625 
f 7624 7625 7754 
f 7624 7753 7754 
f 7753 7754 7883 
f 7753 7882 7883 
f 7882 7883 8012 
f 7882 8011 8012 
f 8011 8012 8141 
f 8011 8140 8141 
f 8140 8141 8270 
f 8140 8269 8270 
f 8269 8270 8399 
f 8269 8398 8399 
f 8398 8399 8528 
f 8398 8527 8528 
f 8527 8528 8657 
f 8527 8656 8657 
f 8656 8657 8786 
f 8656 8785 8786 
f 8785 8786 8915 
f 8785 8914 8915 
f 8914 8915 9044 
f 8914 9043 9044 
f 9043 9044 9173 
f 9043 9172 9173 
f 9172 9173 9302 
f 9172 9301 9302 
f 9301 9302 9431 
f 9301 9430 9431 
f 9430 9431 9560 
f 9430 9559 9560 
f 9559 9560 9689 
f 9559 9688 9689 
f 9688 9689 9818 
f 9688 9817 9818 
f 9817 9818 9947 
f 9817 9946 9947 
f 9946 9947 10076 
f 9946 10075 10076 
f 10075 10076 10205 
f 10075 10204 10205 
f 10204 10205 10334 
f 10204 10333 10334 
f 10333 10334 10463 
f 10333 10462 10463 
f 10462 10463 10592 
f 10462 10591 10592 
f 10591 10592 10721 
f 10591 10720 10721 
f 10720 10721 10850 
f 10720 10849 10850 
f 10849 10850 10979 
f 10849 10978 10979 
f 10978 10979 11108 
f 10978 11107 11108 
f 11107 11108 11237 
f 11107 11236 11237 
f 11236 11237 11366 
f 11236 11365 11366 
f 11365 11366 11495 
f 11365 11494 11495 
f 11494 11495 11624 
f 11494 11623 11624 
f 11623 11624 11753 
f 11623 11752 11753 
f 11752 11753 11882 
f 11752 11881 11882 
f 11881 11882 12011 
f 11881 12010 12011 
f 12010 12011 12140 
f 12010 12139 12140 
f 12139 12140 12269 
f 12139 12268 12269 
f 12268 12269 12398 
f 12268 12397 12398 
f 12397 12398 12527 
f 12397 12526 12527 
f 12526 12527 12656 
f 12526 12655 12656 
f 12655 12656 12785 
f 12655 12784 12785 
f 12784 12785 12914 
f 12784 12913 12914 
f 12913 12914 13043 
f 12913 13042 13043 
f 13042 13043 13172 
f 13042 13171 13172 
f 13171 13172 13301 
f 13171 13300 13301 
f 13300 13301 13430 
f 13300 13429 13430 
f 13429 13430 13559 
f 13429 13558 13559 
f 13558 13559 13688 
f 13558 13687 13688 
f 13687 13688 13817 
f 13687 13816 13817 
f 13816 13817 13946 
f 13816 13945 13946 
f 13945 13946 14075 
f 13945 14074 14075 
f 14074 14075 14204 
f 14074 14203 14204 
f 14203 14204 14333 
f 14203 14332 14333 
f 14332 14333 14462 
f 14332 14461 14462 
f 14461 14462 14591 
f 14461 14590 14591 
f 14590 14591 14720 
f 14590 14719 14720 
f 14719 14720 14849 
f 14719 14848 14849 
f 14848 14849 14978 
f 14848 14977 14978 
f 14977 14978 15107 
f 14977 15106 15107 
f 15106 15107 15236 
f 15106 15235 15236 
f 15235 15236 15365 
f 15235 15364 15365 
f 15364 15365 15494 
f 15364 15493 15494 
f 15493 15494 15623 
f 15493 15622 15623 
f 15622 15623 15752 
f 15622 15751 15752 
f 15751 15752 15881 
f 15751 15880 15881 
f 15880 15881 16010 
f 15880 16009 16010 
f 16009 16010 16139 
f 16009 16138 16139 
f 16138 16139 16268 
f 16138 16267 16268 
f 16267 16268 16397 
f 16267 16396 16397 
f 16396 16397 16526 
f 16396 16525 16526 
f 14 15 144 
f 14 143 144 
f 143 144 273 
f 143 272 273 
f 272 273 402 
f 272 401 402 
f 401 402 531 
f 401 530 531 
f 530 531 660 
f 530 659 660 
f 659 660 789 
f 659 788 789 
f 788 789 918 
f 788 917 918 
f 917 918 1047 
f 917 1046 1047 
f 1046 1047 1176 
f 1046 1175 1176 
f 1175 1176 1305 
f 1175 1304 1305 
f 1304 1305 1434 
f 1304 1433 1434 
f 1433 1434 1563 
f 1433 1562 1563 
f 1562 1563 1692 
f 1562 1691 1692 
f 1691 1692 1821 
f 1691 1820 1821 
f 1820 1821 1950 
f 1820 1949 1950 
f 1949 1950 2079 
f 1949 2078 2079 
f 2078 2079 2208 
f 2078 2207 2208 
f 2207 2208 2337 
f 2207 2336 2337 
f 2336 2337 2466 
f 2336 2465 2466 
f 2465 2466 2595 
f 2465 2594 2595 
f 2594 2595 2724 
f 2594 2723 2724 
f 2723 2724 2853 
f 2723 2852 2853 
f 2852 2853 2982 
f 2852 2981 2982 
f 2981 2982 3111 
f 2981 3110 3111 
f 3110 3111 3240 
f 3110 3239 3240 
f 3239 3240 3369 
f 3239 3368 3369 
f 3368 3369 3498 
f 3368 3497 3498 
f 3497 3498 3627 
f 3497 3626 3627 
f 3626 3627 3756 
f 3626 3755 3756 
f 3755 3756 3885 
f 3755 3884 3885 
f 3884 3885 4014 
f 3884 4013 4014 
f 4013 4014 4143 
f 4013 4142 4143 
f 4142 4143 4272 
f 4142 4271 4272 
f 4271 4272 4401 
f 4271 4400 4401 
f 4400 4401 4530 
f 4400 4529 4530 
f 4529 4530 4659 
f 4529 4658 4659 
f 4658 4659 4788 
f 4658 4787 4788 
f 4787 4788 4917 
f 4787 4916 4917 
f 4916 4917 5046 
f 4916 5045 5046 
f 5045 5046 5175 
f 5045 5174 5175 
f 5174 5175 5304 
f 5174 5303 5304 
f 5303 5304 5433 
f 5303 5432 5433 
f 5432 5433 5562 
f 5432 5561 5562 
f 5561 5562 5691 
f 5561 5690 5691 
f 5690 5691 5820 
f 5690 5819 5820 
f 5819 5820 5949 
f 5819 5948 5949 
f 5948 5949 6078 
f 5948 6077 6078 
f 6077 6078 6207 
f 6077 6206 6207 
f 6206 6207 6336 
f 6206 6335 6336 
f 6335 6336 6465 
f 6335 6464 6465 
f 6464 6465 6594 
f 6464 6593 6594 
f 6593 6594 6723 
f 6593 6722 6723 
f 6722 6723 6852 
f 6722 6851 6852 
f 6851 6852 6981 
f 6851 6980 6981 
f 6980 6981 7110 
f 6980 7109 7110 
f 7109 7110 7239 
f 7109 7238 7239 
f 7238 7239 7368 
f 7238 7367 7368 
f 7367 7368 7497 
f 7367 7496 7497 
f 7496 7497 7626 
f 7496 7625 7626 
f 7625 7626 7755 
f 7625 7754 7755 
f 7754 7755 7884 
f 7754 7883 7884 
f 7883 7884 8013 
f 7883 8012 8013 
f 8012 8013 8142 
f 8012 8141 8142 
f 8141 8142 8271 
f 8141 8270 8271 
f 8270 8271 8400 
f 8270 8399 8400 
f 8399 8400 8529 
f 8399 8528 8529 
f 8528 8529 8658 
f 8528 8657 8658 
f 8657 8658 8787 
f 8657 8786 8787 
f 8786 8787 8916 
f 8786 8915 8916 
f 8915 8916 9045 
f 8915 9044 9045 
f 9044 9045 9174 
f 9044 9173 9174 
f 9173 9174 9303 
f 9173 9302 9303 
f 9302 9303 9432 
f 9302 9431 9432 
f 9431 9432 9561 
f 9431 9560 9561 
f 9560 9561 9690 
f 9560 9689 9690 
f 9689 9690 9819 
f 9689 9818 9819 
f 9818 9819 9948 
f 9818 9947 9948 
f 9947 9948 10077 
f 9947 10076 10077 
f 10076 10077 10206 
f 10076 10205 10206 
f 10205 10206 10335 
f 10205 10334 10335 
f 10334 10335 10464 
f 10334 10463 10464 
f 10463 10464 10593 
f 10463 10592 10593 
f 10592 10593 10722 
f 10592 10721 10722 
f 10721 10722 10851 
f 10721 10850 10851 
f 10850 10851 10980 
f 10850 10979 10980 
f 10979 10980 11109 
f 10979 11108 11109 
f 11108 11109 11238 
f 11108 11237 11238 
f 11237 11238 11367 
f 11237 11366 11367 
f 11366 11367 11496 
f 11366 11495 11496 
f 11495 11496 11625 
f 11495 11624 11625 
f 11624 11625 11754 
f 11624 11753 11754 
f 11753 11754 11883 
f 11753 11882 11883 
f 11882 11883 12012 
f 11882 12011 12012 
f 12011 12012 12141 
f 12011 12140 12141 
f 12140 12141 12270 
f 12140 12269 12270 
f 12269 12270 12399 
f 12269 12398 12399 
f 12398 12399 12528 
f 12398 12527 12528 
f 12527 12528 12657 
f 12527 12656 12657 
f 12656 12657 12786 
f 12656 12785 12786 
f 12785 12786 12915 
f 12785 12914 12915 
f 12914 12915 13044 
f 12914 13043 13044 
f 13043 13044 13173 
f 13043 13172 13173 
f 13172 13173 13302 
f 13172 13301 13302 
f 13301 13302 13431 
f 13301 13430 13431 
f 13430 13431 13560 
f 13430 13559 13560 
f 13559 13560 13689 
f 13559 13688 13689 
f 13688 13689 13818 
f 13688 13817 13818 
f 13817 13818 13947 
f 13817 13946 13947 
f 13946 13947 14076 
f 13946 14075 14076 
f 14075 14076 14205 
f 14075 14204 14205 
f 14204 14205 14334 
f 14204 14333 14334 
f 14333 14334 14463 
f 14333 14462 14463 
f 14462 14463 14592 
f 14462 14591 14592 
f 14591 14592 14721 
f 14591 14720 14721 
f 14720 14721 14850 
f 14720 14849 14850 
f 14849 14850 14979 
f 14849 14978 14979 
f 14978 14979 15108 
f 14978 15107 15108 
f 15107 15108 15237 
f 15107 15236 15237 
f 15236 15237 15366 
f 15236 15365 15366 
f 15365 15366 15495 
f 15365 15494 15495 
f 15494 15495 15624 
f 15494 15623 15624 
f 15623 15624 15753 
f 15623 15752 15753 
f 15752 15753 15882 
f 15752 15881 15882 
f 15881 15882 16011 
f 15881 16010 16011 
f 16010 16011 16140 
f 16010 16139 16140 
f 16139 16140 16269 
f 16139 16268 16269 
f 16268 16269 16398 
f 16268 16397 16398 
f 16397 16398 16527 
f 16397 16526 16527 
f 15 16 145 
f 15 144 145 
f 144 145 274 
f 144 273 274 
f 273 274 403 
f 273 402 403 
f 402 403 532 
f 402 531 532 
f 531 532 661 
f 531 660 661 
f 660 661 790 
f 660 789 790 
f 789 790 919 
f 789 918 919 
f 918 919 1048 
f 918 1047 1048 
f 1047 1048 1177 
f 1047 1176 1177 
f 1176 1177 1306 
f 1176 1305 1306 
f 1305 1306 1435 
f 1305 1434 1435 
f 1434 1435 1564 
f 1434 1563 1564 
f 1563 1564 1693 
f 1563 1692 1693 
f 1692 1693 1822 
f 1692 1821 1822 
f 1821 1822 1951 
f 1821 1950 1951 
f 1950 1951 2080 
f 1950 2079 2080 
f 2079 2080 2209 
f 2079 2208 2209 
f 2208 2209 2338 
f 2208 2337 2338 
f 2337 2338 2467 
f 2337 2466 2467 
f 2466 2467 2596 
f 2466 2595 2596 
f 2595 2596 2725 
f 2595 2724 2725 
f 2724 2725 2854 
f 2724 2853 2854 
f 2853 2854 2983 
f 2853 2982 2983 
f 2982 2983 3112 
f 2982 3111 3112 
f 3111 3112 3241 
f 3111 3240 3241 
f 3240 3241 3370 
f 3240 3369 3370 
f 3369 3370 3499 
f 3369 3498 3499 
f 3498 3499 3628 
f 3498 3627 3628 
f 3627 3628 3757 
f 3627 3756 3757 
f 3756 3757 3886 
f 3756 3885 3886 
f 3885 3886 4015 
f 3885 4014 4015 
f 4014 4015 4144 
f 4014 4143 4144 
f 4143 4144 4273 
f 4143 4272 4273 
f 4272 4273 4402 
f 4272 4401 4402 
f 4401 4402 4531 
f 4401 4530 4531 
f 4530 4531 4660 
f 4530 4659 4660 
f 4659 4660 4789 
f 4659 4788 4789 
f 4788 4789 4918 
f 4788 4917 4918 
f 4917 4918 5047 
f 4917 5046 5047 
f 5046 5047 5176 
f 5046 5175 5176 
f 5175 5176 5305 
f 5175 5304 5305 
f 5304 5305 5434 
f 5304 5433 5434 
f 5433 5434 5563 
f 5433 5562 5563 
f 5562 5563 5692 
f 5562 5691 5692 
f 5691 5692 5821 
f 5691 5820 5821 
f 5820 5821 5950 
f 5820 5949 5950 
f 5949 5950 6079 
f 5949 6078 6079 
f 6078 6079 6208 
f 6078 6207 6208 
f 6207 6208 6337 
f 6207 6336 6337 
f 6336 6337 6466 
f 6336 6465 6466 
f 6465 6466 6595 
f 6465 6594 6595 
f 6594 6595 6724 
f 6594 6723 6724 
f 6723 6724 6853 
f 6723 6852 6853 
f 6852 6853 6982 
f 6852 6981 6982 
f 6981 6982 7111 
f 6981 7110 7111 
f 7110 7111 7240 
f 7110 7239 7240 
f 7239 7240 7369 
f 7239 7368 7369 
f 7368 7369 7498 
f 7368 7497 7498 
f 7497 7498 7627 
f 7497 7626 7627 
f 7626 7627 7756 
f 7626 7755 7756 
f 7755 7756 7885 
f 7755 7884 7885 
f 7884 7885 8014 
f 7884 8013 8014 
f 8013 8014 8143 
f 8013 8142 8143 
f 8142 8143 8272 
f 8142 8271 8272 
f 8271 8272 8401 
f 8271 8400 8401 
f 8400 8401 8530 
f 8400 8529 8530 
f 8529 8530 8659 
f 8529 8658 8659 
f 8658 8659 8788 
f 8658 8787 8788 
f 8787 8788 8917 
f 8787 8916 8917 
f 8916 8917 9046 
f 8916 9045 9046 
f 9045 9046 9175 
f 9045 9174 9175 
f 9174 9175 9304 
f 9174 9303 9304 
f 9303 9304 9433 
f 9303 9432 9433 
f 9432 9433 9562 
f 9432 9561 9562 
f 9561 9562 9691 
f 9561 9690 9691 
f 9690 9691 9820 
f 9690 9819 9820 
f 9819 9820 9949 
f 9819 9948 9949 
f 9948 9949 10078 
f 9948 10077 10078 
f 10077 10078 10207 
f 10077 10206 10207 
f 10206 10207 10336 
f 10206 10335 10336 
f 10335 10336 10465 
f 10335 10464 10465 
f 10464 10465 10594 
f 10464 10593 10594 
f 10593 10594 10723 
f 10593 10722 10723 
f 10722 10723 10852 
f 10722 10851 10852 
f 10851 10852 10981 
f 10851 10980 10981 
f 10980 10981 11110 
f 10980 11109 11110 
f 11109 11110 11239 
f 11109 11238 11239 
f 11238 11239 11368 
f 11238 11367 11368 
f 11367 11368 11497 
f 11367 11496 11497 
f 11496 11497 11626 
f 11496 11625 11626 
f 11625 11626 11755 
f 11625 11754 11755 
f 11754 11755 11884 
f 11754 11883 11884 
f 11883 11884 12013 
f 11883 12012 12013 
f 12012 12013 12142 
f 12012 12141 12142 
f 12141 12142 12271 
f 12141 12270 12271 
f 12270 12271 12400 
f 12270 12399 12400 
f 12399 12400 12529 
f 12399 12528 12529 
f 12528 12529 12658 
f 12528 12657 12658 
f 12657 12658 12787 
f 12657 12786 12787 
f 12786 12787 12916 
f 12786 12915 12916 
f 12915 12916 13045 
f 12915 13044 13045 
f 13044 13045 13174 
f 13044 13173 13174 
f 13173 13174 13303 
f 13173 13302 13303 
f 13302 13303 13432 
f 13302 13431 13432 
f 13431 13432 13561 
f 13431 13560 13561 
f 13560 13561 13690 
f 13560 13689 13690 
f 13689 13690 13819 
f 13689 13818 13819 
f 13818 13819 13948 
f 13818 13947 13948 
f 13947 13948 14077 
f 13947 14076 14077 
f 14076 14077 14206 
f 14076 14205 14206 
f 14205 14206 14335 
f 14205 14334 14335 
f 14334 14335 14464 
f 14334 14463 14464 
f 14463 14464 14593 
f 14463 14592 14593 
f 14592 14593 14722 
f 14592 14721 14722 
f 14721 14722 14851 
f 14721 14850 14851 
f 14850 14851 14980 
f 14850 14979 14980 
f 14979 14980 15109 
f 14979 15108 15109 
f 15108 15109 15238 
f 15108 15237 15238 
f 15237 15238 15367 
f 15237 15366 15367 
f 15366 15367 15496 
f 15366 15495 15496 
f 15495 15496 15625 
f 15495 15624 15625 
f 15624 15625 15754 
f 15624 15753 15754 
f 15753 15754 15883 
f 15753 15882 15883 
f 15882 15883 16012 
f 15882 16011 16012 
f 16011 16012 16141 
f 16011 16140 16141 
f 16140 16141 16270 
f 16140 16269 16270 
f 16269 16270 16399 
f 16269 16398 16399 
f 16398 16399 16528 
f 16398 16527 16528 
f 16 17 146 
f 16 145 146 
f 145 146 275 
f 145 274 275 
f 274 275 404 
f 274 403 404 
f 403 404 533 
f 403 532 533 
f 532 533 662 
f 532 661 662 
f 661 662 791 
f 661 790 791 
f 790 791 920 
f 790 919 920 
f 919 920 1049 
f 919 1048 1049 
f 1048 1049 1178 
f 1048 1177 1178 
f 1177 1178 1307 
f 1177 1306 1307 
f 1306 1307 1436 
f 1306 1435 1436 
f 1435 1436 1565 
f 1435 1564 1565 
f 1564 1565 1694 
f 1564 1693 1694 
f 1693 1694 1823 
f 1693 1822 1823 
f 1822 1823 1952 
f 1822 1951 1952 
f 1951 1952 2081 
f 1951 2080 2081 
f 2080 2081 2210 
f 2080 2209 2210 
f 2209 2210 2339 
f 2209 2338 2339 
f 2338 2339 2468 
f 2338 2467 2468 
f 2467 2468 2597 
f 2467 2596 2597 
f 2596 2597 2726 
f 2596 2725 2726 
f 2725 2726 2855 
f 2725 2854 2855 
f 2854 2855 2984 
f 2854 2983 2984 
f 2983 2984 3113 
f 2983 3112 3113 
f 3112 3113 3242 
f 3112 3241 3242 
f 3241 3242 3371 
f 3241 3370 3371 
f 3370 3371 3500 
f 3370 3499 3500 
f 3499 3500 3629 
f 3499 3628 3629 
f 3628 3629 3758 
f 3628 3757 3758 
f 3757 3758 3887 
f 3757 3886 3887 
f 3886 3887 4016 
f 3886 4015 4016 
f 4015 4016 4145 
f 4015 4144 4145 
f 4144 4145 4274 
f 4144 4273 4274 
f 4273 4274 4403 
f 4273 4402 4403 
f 4402 4403 4532 
f 4402 4531 4532 
f 4531 4532 4661 
f 4531 4660 4661 
f 4660 4661 4790 
f 4660 4789 4790 
f 4789 4790 4919 
f 4789 4918 4919 
f 4918 4919 5048 
f 4918 5047 5048 
f 5047 5048 5177 
f 5047 5176 5177 
f 5176 5177 5306 
f 5176 5305 5306 
f 5305 5306 5435 
f 5305 5434 5435 
f 5434 5435 5564 
f 5434 5563 5564 
f 5563 5564 5693 
f 5563 5692 5693 
f 5692 5693 5822 
f 5692 5821 5822 
f 5821 5822 5951 
f 5821 5950 5951 
f 5950 5951 6080 
f 5950 6079 6080 
f 6079 6080 6209 
f 6079 6208 6209 
f 6208 6209 6338 
f 6208 6337 6338 
f 6337 6338 6467 
f 6337 6466 6467 
f 6466 6467 6596 
f 6466 6595 6596 
f 6595 6596 6725 
f 6595 6724 6725 
f 6724 6725 6854 
f 6724 6853 6854 
f 6853 6854 6983 
f 6853 6982 6983 
f 6982 6983 7112 
f 6982 7111 7112 
f 7111 7112 7241 
f 7111 7240 7241 
f 7240 7241 7370 
f 7240 7369 7370 
f 7369 7370 7499 
f 7369 7498 7499 
f 7498 7499 7628 
f 7498 7627 7628 
f 7627 7628 7757 
f 7627 7756 7757 
f 7756 7757 7886 
f 7756 7885 7886 
f 7885 7886 8015 
f 7885 8014 8015 
f 8014 8015 8144 
f 8014 8143 8144 
f 8143 8144 8273 
f 8143 8272 8273 
f 8272 8273 8402 
f 8272 8401 8402 
f 8401 8402 8531 
f 8401 8530 8531 
f 8530 8531 8660 
f 8530 8659 8660 
f 8659 8660 8789 
f 8659 8788 8789 
f 8788 8789 8918 
f 8788 8917 8918 
f 8917 8918 9047 
f 8917 9046 9047 
f 9046 9047 9176 
f 9046 9175 9176 
f 9175 9176 9305 
f 9175 9304 9305 
f 9304 9305 9434 
f 9304 9433 9434 
f 9433 9434 9563 
f 9433 9562 9563 
f 9562 9563 9692 
f 9562 9691 9692 
f 9691 9692 9821 
f 9691 9820 9821 
f 9820 9821 9950 
f 9820 9949 9950 
f 9949 9950 10079 
f 9949 10078 10079 
f 10078 10079 10208 
f 10078 10207 10208 
f 10207 10208 10337 
f 10207 10336 10337 
f 10336 10337 10466 
f 10336 10465 10466 
f 10465 10466 10595 
f 10465 10594 10595 
f 10594 10595 10724 
f 10594 10723 10724 
f 10723 10724 10853 
f 10723 10852 10853 
f 10852 10853 10982 
f 10852 10981 10982 
f 10981 10982 11111 
f 10981 11110 11111 
f 11110 11111 11240 
f 11110 11239 11240 
f 11239 11240 11369 
f 11239 11368 11369 
f 11368 11369 11498 
f 11368 11497 11498 
f 11497 11498 11627 
f 11497 11626 11627 
f 11626 11627 11756 
f 11626 11755 11756 
f 11755 11756 11885 
f 11755 11884 11885 
f 11884 11885 12014 
f 11884 12013 12014 
f 12013 12014 12143 
f 12013 12142 12143 
f 12142 12143 12272 
f 12142 12271 12272 
f 12271 12272 12401 
f 12271 12400 12401 
f 12400 12401 12530 
f 12400 12529 12530 
f 12529 12530 12659 
f 12529 12658 12659 
f 12658 12659 12788 
f 12658 12787 12788 
f 12787 12788 12917 
f 12787 12916 12917 
f 12916 12917 13046 
f 12916 13045 13046 
f 13045 13046 13175 
f 13045 13174 13175 
f 13174 13175 13304 
f 13174 13303 13304 
f 13303 13304 13433 
f 13303 13432 13433 
f 13432 13433 13562 
f 13432 13561 13562 
f 13561 13562 13691 
f 13561 13690 13691 
f 13690 13691 13820 
f 13690 13819 13820 
f 13819 13820 13949 
f 13819 13948 13949 
f 13948 13949 14078 
f 13948 14077 14078 
f 14077 14078 14207 
f 14077 14206 14207 
f 14206 14207 14336 
f 14206 14335 14336 
f 14335 14336 14465 
f 14335 14464 14465 
f 14464 14465 14594 
f 14464 14593 14594 
f 14593 14594 14723 
f 14593 14722 14723 
f 14722 14723 14852 
f 14722 14851 14852 
f 14851 14852 14981 
f 14851 14980 14981 
f 14980 14981 15110 
f 14980 15109 15110 
f 15109 15110 15239 
f 15109 15238 15239 
f 15238 15239 15368 
f 15238 15367 15368 
f 15367 15368 15497 
f 15367 15496 15497 
f 15496 15497 15626 
f 15496 15625 15626 
f 15625 15626 15755 
f 15625 15754 15755 
f 15754 15755 15884 
f 15754 15883 15884 
f 15883 15884 16013 
f 15883 16012 16013 
f 16012 16013 16142 
f 16012 16141 16142 
f 16141 16142 16271 
f 16141 16270 16271 
f 16270 16271 16400 
f 16270 16399 16400 
f 16399 16400 16529 
f 16399 16528 16529 
f 17 18 147 
f 17 146 147 
f 146 147 276 
f 146 275 276 
f 275 276 405 
f 275 404 405 
f 404 405 534 
f 404 533 534 
f 533 534 663 
f 533 662 663 
f 662 663 792 
f 662 791 792 
f 791 792 921 
f 791 920 921 
f 920 921 1050 
f 920 1049 1050 
f 1049 1050 1179 
f 1049 1178 1179 
f 1178 1179 1308 
f 1178 1307 1308 
f 1307 1308 1437 
f 1307 1436 1437 
f 1436 1437 1566 
f 1436 1565 1566 
f 1565 1566 1695 
f 1565 1694 1695 
f 1694 1695 1824 
f 1694 1823 1824 
f 1823 1824 1953 
f 1823 1952 1953 
f 1952 1953 2082 
f 1952 2081 2082 
f 2081 2082 2211 
f 2081 2210 2211 
f 2210 2211 2340 
f 2210 2339 2340 
f 2339 2340 2469 
f 2339 2468 2469 
f 2468 2469 2598 
f 2468 2597 2598 
f 2597 2598 2727 
f 2597 2726 2727 
f 2726 2727 2856 
f 2726 2855 2856 
f 2855 2856 2985 
f 2855 2984 2985 
f 2984 2985 3114 
f 2984 3113 3114 
f 3113 3114 3243 
f 3113 3242 3243 
f 3242 3243 3372 
f 3242 3371 3372 
f 3371 3372 3501 
f 3371 3500 3501 
f 3500 3501 3630 
f 3500 3629 3630 
f 3629 3630 3759 
f 3629 3758 3759 
f 3758 3759 3888 
f 3758 3887 3888 
f 3887 3888 4017 
f 3887 4016 4017 
f 4016 4017 4146 
f 4016 4145 4146 
f 4145 4146 4275 
f 4145 4274 4275 
f 4274 4275 4404 
f 4274 4403 4404 
f 4403 4404 4533 
f 4403 4532 4533 
f 4532 4533 4662 
f 4532 4661 4662 
f 4661 4662 4791 
f 4661 4790 4791 
f 4790 4791 4920 
f 4790 4919 4920 
f 4919 4920 5049 
f 4919 5048 5049 
f 5048 5049 5178 
f 5048 5177 5178 
f 5177 5178 5307 
f 5177 5306 5307 
f 5306 5307 5436 
f 5306 5435 5436 
f 5435 5436 5565 
f 5435 5564 5565 
f 5564 5565 5694 
f 5564 5693 5694 
f 5693 5694 5823 
f 5693 5822 5823 
f 5822 5823 5952 
f 5822 5951 5952 
f 5951 5952 6081 
f 5951 6080 6081 
f 6080 6081 6210 
f 6080 6209 6210 
f 6209 6210 6339 
f 6209 6338 6339 
f 6338 6339 6468 
f 6338 6467 6468 
f 6467 6468 6597 
f 6467 6596 6597 
f 6596 6597 6726 
f 6596 6725 6726 
f 6725 6726 6855 
f 6725 6854 6855 
f 6854 6855 6984 
f 6854 6983 6984 
f 6983 6984 7113 
f 6983 7112 7113 
f 7112 7113 7242 
f 7112 7241 7242 
f 7241 7242 7371 
f 7241 7370 7371 
f 7370 7371 7500 
f 7370 7499 7500 
f 7499 7500 7629 
f 7499 7628 7629 
f 7628 7629 7758 
f 7628 7757 7758 
f 7757 7758 7887 
f 7757 7886 7887 
f 7886 7887 8016 
f 7886 8015 8016 
f 8015 8016 8145 
f 8015 8144 8145 
f 8144 8145 8274 
f 8144 8273 8274 
f 8273 8274 8403 
f 8273 8402 8403 
f 8402 8403 8532 
f 8402 8531 8532 
f 8531 8532 8661 
f 8531 8660 8661 
f 8660 8661 8790 
f 8660 8789 8790 
f 8789 8790 8919 
f 8789 8918 8919 
f 8918 8919 9048 
f 8918 9047 9048 
f 9047 9048 9177 
f 9047 9176 9177 
f 9176 9177 9306 
f 9176 9305 9306 
f 9305 9306 9435 
f 9305 9434 9435 
f 9434 9435 9564 
f 9434 9563 9564 
f 9563 9564 9693 
f 9563 9692 9693 
f 9692 9693 9822 
f 9692 9821 9822 
f 9821 9822 9951 
f 9821 9950 9951 
f 9950 9951 10080 
f 9950 10079 10080 
f 10079 10080 10209 
f 10079 10208 10209 
f 10208 10209 10338 
f 10208 10337 10338 
f 10337 10338 10467 
f 10337 10466 10467 
f 10466 10467 10596 
f 10466 10595 10596 
f 10595 10596 10725 
f 10595 10724 10725 
f 10724 10725 10854 
f 10724 10853 10854 
f 10853 10854 10983 
f 10853 10982 10983 
f 10982 10983 11112 
f 10982 11111 11112 
f 11111 11112 11241 
f 11111 11240 11241 
f 11240 11241 11370 
f 11240 11369 11370 
f 11369 11370 11499 
f 11369 11498 11499 
f 11498 11499 11628 
f 11498 11627 11628 
f 11627 11628 11757 
f 11627 11756 11757 
f 11756 11757 11886 
f 11756 11885 11886 
f 11885 11886 12015 
f 11885 12014 12015 
f 12014 12015 12144 
f 12014 12143 12144 
f 12143 12144 12273 
f 12143 12272 12273 
f 12272 12273 12402 
f 12272 12401 12402 
f 12401 12402 12531 
f 12401 12530 12531 
f 12530 12531 12660 
f 12530 12659 12660 
f 12659 12660 12789 
f 12659 12788 12789 
f 12788 12789 12918 
f 12788 12917 12918 
f 12917 12918 13047 
f 12917 13046 13047 
f 13046 13047 13176 
f 13046 13175 13176 
f 13175 13176 13305 
f 13175 13304 13305 
f 13304 13305 13434 
f 13304 13433 13434 
f 13433 13434 13563 
f 13433 13562 13563 
f 13562 13563 13692 
f 13562 13691 13692 
f 13691 13692 13821 
f 13691 13820 13821 
f 13820 13821 13950 
f 13820 13949 13950 
f 13949 13950 14079 
f 13949 14078 14079 
f 14078 14079 14208 
f 14078 14207 14208 
f 14207 14208 14337 
f 14207 14336 14337 
f 14336 14337 14466 
f 14336 14465 14466 
f 14465 14466 14595 
f 14465 14594 14595 
f 14594 14595 14724 
f 14594 14723 14724 
f 14723 14724 14853 
f 14723 14852 14853 
f 14852 14853 14982 
f 14852 14981 14982 
f 14981 14982 15111 
f 14981 15110 15111 
f 15110 15111 15240 
f 15110 15239 15240 
f 15239 15240 15369 
f 15239 15368 15369 
f 15368 15369 15498 
f 15368 15497 15498 
f 15497 15498 15627 
f 15497 15626 15627 
f 15626 15627 15756 
f 15626 15755 15756 
f 15755 15756 15885 
f 15755 15884 15885 
f 15884 15885 16014 
f 15884 16013 16014 
f 16013 16014 16143 
f 16013 16142 16143 
f 16142 16143 16272 
f 16142 16271 16272 
f 16271 16272 16401 
f 16271 16400 16401 
f 16400 16401 16530 
f 16400 16529 16530 
f 18 19 148 
f 18 147 148 
f 147 148 277 
f 147 276 277 
f 276 277 406 
f 276 405 406 
f 405 406 535 
f 405 534 535 
f 534 535 664 
f 534 663 664 
f 663 664 793 
f 663 792 793 
f 792 793 922 
f 792 921 922 
f 921 922 1051 
f 921 1050 1051 
f 1050 1051 1180 
f 1050 1179 1180 
f 1179 1180 1309 
f 1179 1308 1309 
f 1308 1309 1438 
f 1308 1437 1438 
f 1437 1438 1567 
f 1437 1566 1567 
f 1566 1567 1696 
f 1566 1695 1696 
f 1695 1696 1825 
f 1695 1824 1825 
f 1824 1825 1954 
f 1824 1953 1954 
f 1953 1954 2083 
f 1953 2082 2083 
f 2082 2083 2212 
f 2082 2211 2212 
f 2211 2212 2341 
f 2211 2340 2341 
f 2340 2341 2470 
f 2340 2469 2470 
f 2469 2470 2599 
f 2469 2598 2599 
f 2598 2599 2728 
f 2598 2727 2728 
f 2727 2728 2857 
f 2727 2856 2857 
f 2856 2857 2986 
f 2856 2985 2986 
f 2985 2986 3115 
f 2985 3114 3115 
f 3114 3115 3244 
f 3114 3243 3244 
f 3243 3244 3373 
f 3243 3372 3373 
f 3372 3373 3502 
f 3372 3501 3502 
f 3501 3502 3631 
f 3501 3630 3631 
f 3630 3631 3760 
f 3630 3759 3760 
f 3759 3760 3889 
f 3759 3888 3889 
f 3888 3889 4018 
f 3888 4017 4018 
f 4017 4018 4147 
f 4017 4146 4147 
f 4146 4147 4276 
f 4146 4275 4276 
f 4275 4276 4405 
f 4275 4404 4405 
f 4404 4405 4534 
f 4404 4533 4534 
f 4533 4534 4663 
f 4533 4662 4663 
f 4662 4663 4792 
f 4662 4791 4792 
f 4791 4792 4921 
f 4791 4920 4921 
f 4920 4921 5050 
f 4920 5049 5050 
f 5049 5050 5179 
f 5049 5178 5179 
f 5178 5179 5308 
f 5178 5307 5308 
f 5307 5308 5437 
f 5307 5436 5437 
f 5436 5437 5566 
f 5436 5565 5566 
f 5565 5566 5695 
f 5565 5694 5695 
f 5694 5695 5824 
f 5694 5823 5824 
f 5823 5824 5953 
f 5823 5952 5953 
f 5952 5953 6082 
f 5952 6081 6082 
f 6081 6082 6211 
f 6081 6210 6211 
f 6210 6211 6340 
f 6210 6339 6340 
f 6339 6340 6469 
f 6339 6468 6469 
f 6468 6469 6598 
f 6468 6597 6598 
f 6597 6598 6727 
f 6597 6726 6727 
f 6726 6727 6856 
f 6726 6855 6856 
f 6855 6856 6985 
f 6855 6984 6985 
f 6984 6985 7114 
f 6984 7113 7114 
f 7113 7114 7243 
f 7113 7242 7243 
f 7242 7243 7372 
f 7242 7371 7372 
f 7371 7372 7501 
f 7371 7500 7501 
f 7500 7501 7630 
f 7500 7629 7630 
f 7629 7630 7759 
f 7629 7758 7759 
f 7758 7759 7888 
f 7758 7887 7888 
f 7887 7888 8017 
f 7887 8016 8017 
f 8016 8017 8146 
f 8016 8145 8146 
f 8145 8146 8275 
f 8145 8274 8275 
f 8274 8275 8404 
f 8274 8403 8404 
f 8403 8404 8533 
f 8403 8532 8533 
f 8532 8533 8662 
f 8532 8661 8662 
f 8661 8662 8791 
f 8661 8790 8791 
f 8790 8791 8920 
f 8790 8919 8920 
f 8919 8920 9049 
f 8919 9048 9049 
f 9048 9049 9178 
f 9048 9177 9178 
f 9177 9178 9307 
f 9177 9306 9307 
f 9306 9307 9436 
f 9306 9435 9436 
f 9435 9436 9565 
f 9435 9564 9565 
f 9564 9565 9694 
f 9564 9693 9694 
f 9693 9694 9823 
f 9693 9822 9823 
f 9822 9823 9952 
f 9822 9951 9952 
f 9951 9952 10081 
f 9951 10080 10081 
f 10080 10081 10210 
f 10080 10209 10210 
f 10209 10210 10339 
f 10209 10338 10339 
f 10338 10339 10468 
f 10338 10467 10468 
f 10467 10468 10597 
f 10467 10596 10597 
f 10596 10597 10726 
f 10596 10725 10726 
f 10725 10726 10855 
f 10725 10854 10855 
f 10854 10855 10984 
f 10854 10983 10984 
f 10983 10984 11113 
f 10983 11112 11113 
f 11112 11113 11242 
f 11112 11241 11242 
f 11241 11242 11371 
f 11241 11370 11371 
f 11370 11371 11500 
f 11370 11499 11500 
f 11499 11500 11629 
f 11499 11628 11629 
f 11628 11629 11758 
f 11628 11757 11758 
f 11757 11758 11887 
f 11757 11886 11887 
f 11886 11887 12016 
f 11886 12015 12016 
f 12015 12016 12145 
f 12015 12144 12145 
f 12144 12145 12274 
f 12144 12273 12274 
f 12273 12274 12403 
f 12273 12402 12403 
f 12402 12403 12532 
f 12402 12531 12532 
f 12531 12532 12661 
f 12531 12660 12661 
f 12660 12661 12790 
f 12660 12789 12790 
f 12789 12790 12919 
f 12789 12918 12919 
f 12918 12919 13048 
f 12918 13047 13048 
f 13047 13048 13177 
f 13047 13176 13177 
f 13176 13177 13306 
f 13176 13305 13306 
f 13305 13306 13435 
f 13305 13434 13435 
f 13434 13435 13564 
f 13434 13563 13564 
f 13563 13564 13693 
f 13563 13692 13693 
f 13692 13693 13822 
f 13692 13821 13822 
f 13821 13822 13951 
f 13821 13950 13951 
f 13950 13951 14080 
f 13950 14079 14080 
f 14079 14080 14209 
f 14079 14208 14209 
f 14208 14209 14338 
f 14208 14337 14338 
f 14337 14338 14467 
f 14337 14466 14467 
f 14466 14467 14596 
f 14466 14595 14596 
f 14595 14596 14725 
f 14595 14724 14725 
f 14724 14725 14854 
f 14724 14853 14854 
f 14853 14854 14983 
f 14853 14982 14983 
f 14982 14983 15112 
f 14982 15111 15112 
f 15111 15112 15241 
f 15111 15240 15241 
f 15240 15241 15370 
f 15240 15369 15370 
f 15369 15370 15499 
f 15369 15498 15499 
f 15498 15499 15628 
f 15498 15627 15628 
f 15627 15628 15757 
f 15627 15756 15757 
f 15756 15757 15886 
f 15756 15885 15886 
f 15885 15886 16015 
f 15885 16014 16015 
f 16014 16015 16144 
f 16014 16143 16144 
f 16143 16144 16273 
f 16143 16272 16273 
f 16272 16273 16402 
f 16272 16401 16402 
f 16401 16402 16531 
f 16401 16530 16531 
f 19 20 149 
f 19 148 149 
f 148 149 278 
f 148 277 278 
f 277 278 407 
f 277 406 407 
f 406 407 536 
f 406 535 536 
f 535 536 665 
f 535 664 665 
f 664 665 794 
f 664 793 794 
f 793 794 923 
f 793 922 923 
f 922 923 1052 
f 922 1051 1052 
f 1051 1052 1181 
f 1051 1180 1181 
f 1180 1181 1310 
f 1180 1309 1310 
f 1309 1310 1439 
f 1309 1438 1439 
f 1438 1439 1568 
f 1438 1567 1568 
f 1567 1568 1697 
f 1567 1696 1697 
f 1696 1697 1826 
f 1696 1825 1826 
f 1825 1826 1955 
f 1825 1954 1955 
f 1954 1955 2084 
f 1954 2083 2084 
f 2083 2084 2213 
f 2083 2212 2213 
f 2212 2213 2342 
f 2212 2341 2342 
f 2341 2342 2471 
f 2341 2470 2471 
f 2470 2471 2600 
f 2470 2599 2600 
f 2599 2600 2729 
f 2599 2728 2729 
f 2728 2729 2858 
f 2728 2857 2858 
f 2857 2858 2987 
f 2857 2986 2987 
f 2986 2987 3116 
f 2986 3115 3116 
f 3115 3116 3245 
f 3115 3244 3245 
f 3244 3245 3374 
f 3244 3373 3374 
f 3373 3374 3503 
f 3373 3502 3503 
f 3502 3503 3632 
f 3502 3631 3632 
f 3631 3632 3761 
f 3631 3760 3761 
f 3760 3761 3890 
f 3760 3889 3890 
f 3889 3890 4019 
f 3889 4018 4019 
f 4018 4019 4148 
f 4018 4147 4148 
f 4147 4148 4277 
f 4147 4276 4277 
f 4276 4277 4406 
f 4276 4405 4406 
f 4405 4406 4535 
f 4405 4534 4535 
f 4534 4535 4664 
f 4534 4663 4664 
f 4663 4664 4793 
f 4663 4792 4793 
f 4792 4793 4922 
f 4792 4921 4922 
f 4921 4922 5051 
f 4921 5050 5051 
f 5050 5051 5180 
f 5050 5179 5180 
f 5179 5180 5309 
f 5179 5308 5309 
f 5308 5309 5438 
f 5308 5437 5438 
f 5437 5438 5567 
f 5437 5566 5567 
f 5566 5567 5696 
f 5566 5695 5696 
f 5695 5696 5825 
f 5695 5824 5825 
f 5824 5825 5954 
f 5824 5953 5954 
f 5953 5954 6083 
f 5953 6082 6083 
f 6082 6083 6212 
f 6082 6211 6212 
f 6211 6212 6341 
f 6211 6340 6341 
f 6340 6341 6470 
f 6340 6469 6470 
f 6469 6470 6599 
f 6469 6598 6599 
f 6598 6599 6728 
f 6598 6727 6728 
f 6727 6728 6857 
f 6727 6856 6857 
f 6856 6857 6986 
f 6856 6985 6986 
f 6985 6986 7115 
f 6985 7114 7115 
f 7114 7115 7244 
f 7114 7243 7244 
f 7243 7244 7373 
f 7243 7372 7373 
f 7372 7373 7502 
f 7372 7501 7502 
f 7501 7502 7631 
f 7501 7630 7631 
f 7630 7631 7760 
f 7630 7759 7760 
f 7759 7760 7889 
f 7759 7888 7889 
f 7888 7889 8018 
f 7888 8017 8018 
f 8017 8018 8147 
f 8017 8146 8147 
f 8146 8147 8276 
f 8146 8275 8276 
f 8275 8276 8405 
f 8275 8404 8405 
f 8404 8405 8534 
f 8404 8533 8534 
f 8533 8534 8663 
f 8533 8662 8663 
f 8662 8663 8792 
f 8662 8791 8792 
f 8791 8792 8921 
f 8791 8920 8921 
f 8920 8921 9050 
f 8920 9049 9050 
f 9049 9050 9179 
f 9049 9178 9179 
f 9178 9179 9308 
f 9178 9307 9308 
f 9307 9308 9437 
f 9307 9436 9437 
f 9436 9437 9566 
f 9436 9565 9566 
f 9565 9566 9695 
f 9565 9694 9695 
f 9694 9695 9824 
f 9694 9823 9824 
f 9823 9824 9953 
f 9823 9952 9953 
f 9952 9953 10082 
f 9952 10081 10082 
f 10081 10082 10211 
f 10081 10210 10211 
f 10210 10211 10340 
f 10210 10339 10340 
f 10339 10340 10469 
f 10339 10468 10469 
f 10468 10469 10598 
f 10468 10597 10598 
f 10597 10598 10727 
f 10597 10726 10727 
f 10726 10727 10856 
f 10726 10855 10856 
f 10855 10856 10985 
f 10855 10984 10985 
f 10984 10985 11114 
f 10984 11113 11114 
f 11113 11114 11243 
f 11113 11242 11243 
f 11242 11243 11372 
f 11242 11371 11372 
f 11371 11372 11501 
f 11371 11500 11501 
f 11500 11501 11630 
f 11500 11629 11630 
f 11629 11630 11759 
f 11629 11758 11759 
f 11758 11759 11888 
f 11758 11887 11888 
f 11887 11888 12017 
f 11887 12016 12017 
f 12016 12017 12146 
f 12016 12145 12146 
f 12145 12146 12275 
f 12145 12274 12275 
f 12274 12275 12404 
f 12274 12403 12404 
f 12403 12404 12533 
f 12403 12532 12533 
f 12532 12533 12662 
f 12532 12661 12662 
f 12661 12662 12791 
f 12661 12790 12791 
f 12790 12791 12920 
f 12790 12919 12920 
f 12919 12920 13049 
f 12919 13048 13049 
f 13048 13049 13178 
f 13048 13177 13178 
f 13177 13178 13307 
f 13177 13306 13307 
f 13306 13307 13436 
f 13306 13435 13436 
f 13435 13436 13565 
f 13435 13564 13565 
f 13564 13565 13694 
f 13564 13693 13694 
f 13693 13694 13823 
f 13693 13822 13823 
f 13822 13823 13952 
f 13822 13951 13952 
f 13951 13952 14081 
f 13951 14080 14081 
f 14080 14081 14210 
f 14080 14209 14210 
f 14209 14210 14339 
f 14209 14338 14339 
f 14338 14339 14468 
f 14338 14467 14468 
f 14467 14468 14597 
f 14467 14596 14597 
f 14596 14597 14726 
f 14596 14725 14726 
f 14725 14726 14855 
f 14725 14854 14855 
f 14854 14855 14984 
f 14854 14983 14984 
f 14983 14984 15113 
f 14983 15112 15113 
f 15112 15113 15242 
f 15112 15241 15242 
f 15241 15242 15371 
f 15241 15370 15371 
f 15370 15371 15500 
f 15370 15499 15500 
f 15499 15500 15629 
f 15499 15628 15629 
f 15628 15629 15758 
f 15628 15757 15758 
f 15757 15758 15887 
f 15757 15886 15887 
f 15886 15887 16016 
f 15886 16015 16016 
f 16015 16016 16145 
f 16015 16144 16145 
f 16144 16145 16274 
f 16144 16273 16274 
f 16273 16274 16403 
f 16273 16402 16403 
f 16402 16403 16532 
f 16402 16531 16532 
f 20 21 150 
f 20 149 150 
f 149 150 279 
f 149 278 279 
f 278 279 408 
f 278 407 408 
f 407 408 537 
f 407 536 537 
f 536 537 666 
f 536 665 666 
f 665 666 795 
f 665 794 795 
f 794 795 924 
f 794 923 924 
f 923 924 1053 
f 923 1052 1053 
f 1052 1053 1182 
f 1052 1181 1182 
f 1181 1182 1311 
f 1181 1310 1311 
f 1310 1311 1440 
f 1310 1439 1440 
f 1439 1440 1569 
f 1439 1568 1569 
f 1568 1569 1698 
f 1568 1697 1698 
f 1697 1698 1827 
f 1697 1826 1827 
f 1826 1827 1956 
f 1826 1955 1956 
f 1955 1956 2085 
f 1955 2084 2085 
f 2084 2085 2214 
f 2084 2213 2214 
f 2213 2214 2343 
f 2213 2342 2343 
f 2342 2343 2472 
f 2342 2471 2472 
f 2471 2472 2601 
f 2471 2600 2601 
f 2600 2601 2730 
f 2600 2729 2730 
f 2729 2730 2859 
f 2729 2858 2859 
f 2858 2859 2988 
f 2858 2987 2988 
f 2987 2988 3117 
f 2987 3116 3117 
f 3116 3117 3246 
f 3116 3245 3246 
f 3245 3246 3375 
f 3245 3374 3375 
f 3374 3375 3504 
f 3374 3503 3504 
f 3503 3504 3633 
f 3503 3632 3633 
f 3632 3633 3762 
f 3632 3761 3762 
f 3761 3762 3891 
f 3761 3890 3891 
f 3890 3891 4020 
f 3890 4019 4020 
f 4019 4020 4149 
f 4019 4148 4149 
f 4148 4149 4278 
f 4148 4277 4278 
f 4277 4278 4407 
f 4277 4406 4407 
f 4406 4407 4536 
f 4406 4535 4536 
f 4535 4536 4665 
f 4535 4664 4665 
f 4664 4665 4794 
f 4664 4793 4794 
f 4793 4794 4923 
f 4793 4922 4923 
f 4922 4923 5052 
f 4922 5051 5052 
f 5051 5052 5181 
f 5051 5180 5181 
f 5180 5181 5310 
f 5180 5309 5310 
f 5309 5310 5439 
f 5309 5438 5439 
f 5438 5439 5568 
f 5438 5567 5568 
f 5567 5568 5697 
f 5567 5696 5697 
f 5696 5697 5826 
f 5696 5825 5826 
f 5825 5826 5955 
f 5825 5954 5955 
f 5954 5955 6084 
f 5954 6083 6084 
f 6083 6084 6213 
f 6083 6212 6213 
f 6212 6213 6342 
f 6212 6341 6342 
f 6341 6342 6471 
f 6341 6470 6471 
f 6470 6471 6600 
f 6470 6599 6600 
f 6599 6600 6729 
f 6599 6728 6729 
f 6728 6729 6858 
f 6728 6857 6858 
f 6857 6858 6987 
f 6857 6986 6987 
f 6986 6987 7116 
f 6986 7115 7116 
f 7115 7116 7245 
f 7115 7244 7245 
f 7244 7245 7374 
f 7244 7373 7374 
f 7373 7374 7503 
f 7373 7502 7503 
f 7502 7503 7632 
f 7502 7631 7632 
f 7631 7632 7761 
f 7631 7760 7761 
f 7760 7761 7890 
f 7760 7889 7890 
f 7889 7890 8019 
f 7889 8018 8019 
f 8018 8019 8148 
f 8018 8147 8148 
f 8147 8148 8277 
f 8147 8276 8277 
f 8276 8277 8406 
f 8276 8405 8406 
f 8405 8406 8535 
f 8405 8534 8535 
f 8534 8535 8664 
f 8534 8663 8664 
f 8663 8664 8793 
f 8663 8792 8793 
f 8792 8793 8922 
f 8792 8921 8922 
f 8921 8922 9051 
f 8921 9050 9051 
f 9050 9051 9180 
f 9050 9179 9180 
f 9179 9180 9309 
f 9179 9308 9309 
f 9308 9309 9438 
f 9308 9437 9438 
f 9437 9438 9567 
f 9437 9566 9567 
f 9566 9567 9696 
f 9566 9695 9696 
f 9695 9696 9825 
f 9695 9824 9825 
f 9824 9825 9954 
f 9824 9953 9954 
f 9953 9954 10083 
f 9953 10082 10083 
f 10082 10083 10212 
f 10082 10211 10212 
f 10211 10212 10341 
f 10211 10340 10341 
f 10340 10341 10470 
f 10340 10469 10470 
f 10469 10470 10599 
f 10469 10598 10599 
f 10598 10599 10728 
f 10598 10727 10728 
f 10727 10728 10857 
f 10727 10856 10857 
f 10856 10857 10986 
f 10856 10985 10986 
f 10985 10986 11115 
f 10985 11114 11115 
f 11114 11115 11244 
f 11114 11243 11244 
f 11243 11244 11373 
f 11243 11372 11373 
f 11372 11373 11502 
f 11372 11501 11502 
f 11501 11502 11631 
f 11501 11630 11631 
f 11630 11631 11760 
f 11630 11759 11760 
f 11759 11760 11889 
f 11759 11888 11889 
f 11888 11889 12018 
f 11888 12017 12018 
f 12017 12018 12147 
f 12017 12146 12147 
f 12146 12147 12276 
f 12146 12275 12276 
f 12275 12276 12405 
f 12275 12404 12405 
f 12404 12405 12534 
f 12404 12533 12534 
f 12533 12534 12663 
f 12533 12662 12663 
f 12662 12663 12792 
f 12662 12791 12792 
f 12791 12792 12921 
f 12791 12920 12921 
f 12920 12921 13050 
f 12920 13049 13050 
f 13049 13050 13179 
f 13049 13178 13179 
f 13178 13179 13308 
f 13178 13307 13308 
f 13307 13308 13437 
f 13307 13436 13437 
f 13436 13437 13566 
f 13436 13565 13566 
f 13565 13566 13695 
f 13565 13694 13695 
f 13694 13695 13824 
f 13694 13823 13824 
f 13823 13824 13953 
f 13823 13952 13953 
f 13952 13953 14082 
f 13952 14081 14082 
f 14081 14082 14211 
f 14081 14210 14211 
f 14210 14211 14340 
f 14210 14339 14340 
f 14339 14340 14469 
f 14339 14468 14469 
f 14468 14469 14598 
f 14468 14597 14598 
f 14597 14598 14727 
f 14597 14726 14727 
f 14726 14727 14856 
f 14726 14855 14856 
f 14855 14856 14985 
f 14855 14984 14985 
f 14984 14985 15114 
f 14984 15113 15114 
f 15113 15114 15243 
f 15113 15242 15243 
f 15242 15243 15372 
f 15242 15371 15372 
f 15371 15372 15501 
f 15371 15500 15501 
f 15500 15501 15630 
f 15500 15629 15630 
f 15629 15630 15759 
f 15629 15758 15759 
f 15758 15759 15888 
f 15758 15887 15888 
f 15887 15888 16017 
f 15887 16016 16017 
f 16016 16017 16146 
f 16016 16145 16146 
f 16145 16146 16275 
f 16145 16274 16275 
f 16274 16275 16404 
f 16274 16403 16404 
f 16403 16404 16533 
f 16403 16532 16533 
f 21 22 151 
f 21 150 151 
f 150 151 280 
f 150 279 280 
f 279 280 409 
f 279 408 409 
f 408 409 538 
f 408 537 538 
f 537 538 667 
f 537 666 667 
f 666 667 796 
f 666 795 796 
f 795 796 925 
f 795 924 925 
f 924 925 1054 
f 924 1053 1054 
f 1053 1054 1183 
f 1053 1182 1183 
f 1182 1183 1312 
f 1182 1311 1312 
f 1311 1312 1441 
f 1311 1440 1441 
f 1440 1441 1570 
f 1440 1569 1570 
f 1569 1570 1699 
f 1569 1698 1699 
f 1698 1699 1828 
f 1698 1827 1828 
f 1827 1828 1957 
f 1827 1956 1957 
f 1956 1957 2086 
f 1956 2085 2086 
f 2085 2086 2215 
f 2085 2214 2215 
f 2214 2215 2344 
f 2214 2343 2344 
f 2343 2344 2473 
f 2343 2472 2473 
f 2472 2473 2602 
f 2472 2601 2602 
f 2601 2602 2731 
f 2601 2730 2731 
f 2730 2731 2860 
f 2730 2859 2860 
f 2859 2860 2989 
f 2859 2988 2989 
f 2988 2989 3118 
f 2988 3117 3118 
f 3117 3118 3247 
f 3117 3246 3247 
f 3246 3247 3376 
f 3246 3375 3376 
f 3375 3376 3505 
f 3375 3504 3505 
f 3504 3505 3634 
f 3504 3633 3634 
f 3633 3634 3763 
f 3633 3762 3763 
f 3762 3763 3892 
f 3762 3891 3892 
f 3891 3892 4021 
f 3891 4020 4021 
f 4020 4021 4150 
f 4020 4149 4150 
f 4149 4150 4279 
f 4149 4278 4279 
f 4278 4279 4408 
f 4278 4407 4408 
f 4407 4408 4537 
f 4407 4536 4537 
f 4536 4537 4666 
f 4536 4665 4666 
f 4665 4666 4795 
f 4665 4794 4795 
f 4794 4795 4924 
f 4794 4923 4924 
f 4923 4924 5053 
f 4923 5052 5053 
f 5052 5053 5182 
f 5052 5181 5182 
f 5181 5182 5311 
f 5181 5310 5311 
f 5310 5311 5440 
f 5310 5439 5440 
f 5439 5440 5569 
f 5439 5568 5569 
f 5568 5569 5698 
f 5568 5697 5698 
f 5697 5698 5827 
f 5697 5826 5827 
f 5826 5827 5956 
f 5826 5955 5956 
f 5955 5956 6085 
f 5955 6084 6085 
f 6084 6085 6214 
f 6084 6213 6214 
f 6213 6214 6343 
f 6213 6342 6343 
f 6342 6343 6472 
f 6342 6471 6472 
f 6471 6472 6601 
f 6471 6600 6601 
f 6600 6601 6730 
f 6600 6729 6730 
f 6729 6730 6859 
f 6729 6858 6859 
f 6858 6859 6988 
f 6858 6987 6988 
f 6987 6988 7117 
f 6987 7116 7117 
f 7116 7117 7246 
f 7116 7245 7246 
f 7245 7246 7375 
f 7245 7374 7375 
f 7374 7375 7504 
f 7374 7503 7504 
f 7503 7504 7633 
f 7503 7632 7633 
f 7632 7633 7762 
f 7632 7761 7762 
f 7761 7762 7891 
f 7761 7890 7891 
f 7890 7891 8020 
f 7890 8019 8020 
f 8019 8020 8149 
f 8019 8148 8149 
f 8148 8149 8278 
f 8148 8277 8278 
f 8277 8278 8407 
f 8277 8406 8407 
f 8406 8407 8536 
f 8406 8535 8536 
f 8535 8536 8665 
f 8535 8664 8665 
f 8664 8665 8794 
f 8664 8793 8794 
f 8793 8794 8923 
f 8793 8922 8923 
f 8922 8923 9052 
f 8922 9051 9052 
f 9051 9052 9181 
f 9051 9180 9181 
f 9180 9181 9310 
f 9180 9309 9310 
f 9309 9310 9439 
f 9309 9438 9439 
f 9438 9439 9568 
f 9438 9567 9568 
f 9567 9568 9697 
f 9567 9696 9697 
f 9696 9697 9826 
f 9696 9825 9826 
f 9825 9826 9955 
f 9825 9954 9955 
f 9954 9955 10084 
f 9954 10083 10084 
f 10083 10084 10213 
f 10083 10212 10213 
f 10212 10213 10342 
f 10212 10341 10342 
f 10341 10342 10471 
f 10341 10470 10471 
f 10470 10471 10600 
f 10470 10599 10600 
f 10599 10600 10729 
f 10599 10728 10729 
f 10728 10729 10858 
f 10728 10857 10858 
f 10857 10858 10987 
f 10857 10986 10987 
f 10986 10987 11116 
f 10986 11115 11116 
f 11115 11116 11245 
f 11115 11244 11245 
f 11244 11245 11374 
f 11244 11373 11374 
f 11373 11374 11503 
f 11373 11502 11503 
f 11502 11503 11632 
f 11502 11631 11632 
f 11631 11632 11761 
f 11631 11760 11761 
f 11760 11761 11890 
f 11760 11889 11890 
f 11889 11890 12019 
f 11889 12018 12019 
f 12018 12019 12148 
f 12018 12147 12148 
f 12147 12148 12277 
f 12147 12276 12277 
f 12276 12277 12406 
f 12276 12405 12406 
f 12405 12406 12535 
f 12405 12534 12535 
f 12534 12535 12664 
f 12534 12663 12664 
f 12663 12664 12793 
f 12663 12792 12793 
f 12792 12793 12922 
f 12792 12921 12922 
f 12921 12922 13051 
f 12921 13050 13051 
f 13050 13051 13180 
f 13050 13179 13180 
f 13179 13180 13309 
f 13179 13308 13309 
f 13308 13309 13438 
f 13308 13437 13438 
f 13437 13438 13567 
f 13437 13566 13567 
f 13566 13567 13696 
f 13566 13695 13696 
f 13695 13696 13825 
f 13695 13824 13825 
f 13824 13825 13954 
f 13824 13953 13954 
f 13953 13954 14083 
f 13953 14082 14083 
f 14082 14083 14212 
f 14082 14211 14212 
f 14211 14212 14341 
f 14211 14340 14341 
f 14340 14341 14470 
f 14340 14469 14470 
f 14469 14470 14599 
f 14469 14598 14599 
f 14598 14599 14728 
f 14598 14727 14728 
f 14727 14728 14857 
f 14727 14856 14857 
f 14856 14857 14986 
f 14856 14985 14986 
f 14985 14986 15115 
f 14985 15114 15115 
f 15114 15115 15244 
f 15114 15243 15244 
f 15243 15244 15373 
f 15243 15372 15373 
f 15372 15373 15502 
f 15372 15501 15502 
f 15501 15502 15631 
f 15501 15630 15631 
f 15630 15631 15760 
f 15630 15759 15760 
f 15759 15760 15889 
f 15759 15888 15889 
f 15888 15889 16018 
f 15888 16017 16018 
f 16017 16018 16147 
f 16017 16146 16147 
f 16146 16147 16276 
f 16146 16275 16276 
f 16275 16276 16405 
f 16275 16404 16405 
f 16404 16405 16534 
f 16404 16533 16534 
f 22 23 152 
f 22 151 152 
f 151 152 281 
f 151 280 281 
f 280 281 410 
f 280 409 410 
f 409 410 539 
f 409 538 539 
f 538 539 668 
f 538 667 668 
f 667 668 797 
f 667 796 797 
f 796 797 926 
f 796 925 926 
f 925 926 1055 
f 925 1054 1055 
f 1054 1055 1184 
f 1054 1183 1184 
f 1183 1184 1313 
f 1183 1312 1313 
f 1312 1313 1442 
f 1312 1441 1442 
f 1441 1442 1571 
f 1441 1570 1571 
f 1570 1571 1700 
f 1570 1699 1700 
f 1699 1700 1829 
f 1699 1828 1829 
f 1828 1829 1958 
f 1828 1957 1958 
f 1957 1958 2087 
f 1957 2086 2087 
f 2086 2087 2216 
f 2086 2215 2216 
f 2215 2216 2345 
f 2215 2344 2345 
f 2344 2345 2474 
f 2344 2473 2474 
f 2473 2474 2603 
f 2473 2602 2603 
f 2602 2603 2732 
f 2602 2731 2732 
f 2731 2732 2861 
f 2731 2860 2861 
f 2860 2861 2990 
f 2860 2989 2990 
f 2989 2990 3119 
f 2989 3118 3119 
f 3118 3119 3248 
f 3118 3247 3248 
f 3247 3248 3377 
f 3247 3376 3377 
f 3376 3377 3506 
f 3376 3505 3506 
f 3505 3506 3635 
f 3505 3634 3635 
f 3634 3635 3764 
f 3634 3763 3764 
f 3763 3764 3893 
f 3763 3892 3893 
f 3892 3893 4022 
f 3892 4021 4022 
f 4021 4022 4151 
f 4021 4150 4151 
f 4150 4151 4280 
f 4150 4279 4280 
f 4279 4280 4409 
f 4279 4408 4409 
f 4408 4409 4538 
f 4408 4537 4538 
f 4537 4538 4667 
f 4537 4666 4667 
f 4666 4667 4796 
f 4666 4795 4796 
f 4795 4796 4925 
f 4795 4924 4925 
f 4924 4925 5054 
f 4924 5053 5054 
f 5053 5054 5183 
f 5053 5182 5183 
f 5182 5183 5312 
f 5182 5311 5312 
f 5311 5312 5441 
f 5311 5440 5441 
f 5440 5441 5570 
f 5440 5569 5570 
f 5569 5570 5699 
f 5569 5698 5699 
f 5698 5699 5828 
f 5698 5827 5828 
f 5827 5828 5957 
f 5827 5956 5957 
f 5956 5957 6086 
f 5956 6085 6086 
f 6085 6086 6215 
f 6085 6214 6215 
f 6214 6215 6344 
f 6214 6343 6344 
f 6343 6344 6473 
f 6343 6472 6473 
f 6472 6473 6602 
f 6472 6601 6602 
f 6601 6602 6731 
f 6601 6730 6731 
f 6730 6731 6860 
f 6730 6859 6860 
f 6859 6860 6989 
f 6859 6988 6989 
f 6988 6989 7118 
f 6988 7117 7118 
f 7117 7118 7247 
f 7117 7246 7247 
f 7246 7247 7376 
f 7246 7375 7376 
f 7375 7376 7505 
f 7375 7504 7505 
f 7504 7505 7634 
f 7504 7633 7634 
f 7633 7634 7763 
f 7633 7762 7763 
f 7762 7763 7892 
f 7762 7891 7892 
f 7891 7892 8021 
f 7891 8020 8021 
f 8020 8021 8150 
f 8020 8149 8150 
f 8149 8150 8279 
f 8149 8278 8279 
f 8278 8279 8408 
f 8278 8407 8408 
f 8407 8408 8537 
f 8407 8536 8537 
f 8536 8537 8666 
f 8536 8665 8666 
f 8665 8666 8795 
f 8665 8794 8795 
f 8794 8795 8924 
f 8794 8923 8924 
f 8923 8924 9053 
f 8923 9052 9053 
f 9052 9053 9182 
f 9052 9181 9182 
f 9181 9182 9311 
f 9181 9310 9311 
f 9310 9311 9440 
f 9310 9439 9440 
f 9439 9440 9569 
f 9439 9568 9569 
f 9568 9569 9698 
f 9568 9697 9698 
f 9697 9698 9827 
f 9697 9826 9827 
f 9826 9827 9956 
f 9826 9955 9956 
f 9955 9956 10085 
f 9955 10084 10085 
f 10084 10085 10214 
f 10084 10213 10214 
f 10213 10214 10343 
f 10213 10342 10343 
f 10342 10343 10472 
f 10342 10471 10472 
f 10471 10472 10601 
f 10471 10600 10601 
f 10600 10601 10730 
f 10600 10729 10730 
f 10729 10730 10859 
f 10729 10858 10859 
f 10858 10859 10988 
f 10858 10987 10988 
f 10987 10988 11117 
f 10987 11116 11117 
f 11116 11117 11246 
f 11116 11245 11246 
f 11245 11246 11375 
f 11245 11374 11375 
f 11374 11375 11504 
f 11374 11503 11504 
f 11503 11504 11633 
f 11503 11632 11633 
f 11632 11633 11762 
f 11632 11761 11762 
f 11761 11762 11891 
f 11761 11890 11891 
f 11890 11891 12020 
f 11890 12019 12020 
f 12019 12020 12149 
f 12019 12148 12149 
f 12148 12149 12278 
f 12148 12277 12278 
f 12277 12278 12407 
f 12277 12406 12407 
f 12406 12407 12536 
f 12406 12535 12536 
f 12535 12536 12665 
f 12535 12664 12665 
f 12664 12665 12794 
f 12664 12793 12794 
f 12793 12794 12923 
f 12793 12922 12923 
f 12922 12923 13052 
f 12922 13051 13052 
f 13051 13052 13181 
f 13051 13180 13181 
f 13180 13181 13310 
f 13180 13309 13310 
f 13309 13310 13439 
f 13309 13438 13439 
f 13438 13439 13568 
f 13438 13567 13568 
f 13567 13568 13697 
f 13567 13696 13697 
f 13696 13697 13826 
f 13696 13825 13826 
f 13825 13826 13955 
f 13825 13954 13955 
f 13954 13955 14084 
f 13954 14083 14084 
f 14083 14084 14213 
f 14083 14212 14213 
f 14212 14213 14342 
f 14212 14341 14342 
f 14341 14342 14471 
f 14341 14470 14471 
f 14470 14471 14600 
f 14470 14599 14600 
f 14599 14600 14729 
f 14599 14728 14729 
f 14728 14729 14858 
f 14728 14857 14858 
f 14857 14858 14987 
f 14857 14986 14987 
f 14986 14987 15116 
f 14986 15115 15116 
f 15115 15116 15245 
f 15115 15244 15245 
f 15244 15245 15374 
f 15244 15373 15374 
f 15373 15374 15503 
f 15373 15502 15503 
f 15502 15503 15632 
f 15502 15631 15632 
f 15631 15632 15761 
f 15631 15760 15761 
f 15760 15761 15890 
f 15760 15889 15890 
f 15889 15890 16019 
f 15889 16018 16019 
f 16018 16019 16148 
f 16018 16147 16148 
f 16147 16148 16277 
f 16147 16276 16277 
f 16276 16277 16406 
f 16276 16405 16406 
f 16405 16406 16535 
f 16405 16534 16535 
f 23 24 153 
f 23 152 153 
f 152 153 282 
f 152 281 282 
f 281 282 411 
f 281 410 411 
f 410 411 540 
f 410 539 540 
f 539 540 669 
f 539 668 669 
f 668 669 798 
f 668 797 798 
f 797 798 927 
f 797 926 927 
f 926 927 1056 
f 926 1055 1056 
f 1055 1056 1185 
f 1055 1184 1185 
f 1184 1185 1314 
f 1184 1313 1314 
f 1313 1314 1443 
f 1313 1442 1443 
f 1442 1443 1572 
f 1442 1571 1572 
f 1571 1572 1701 
f 1571 1700 1701 
f 1700 1701 1830 
f 1700 1829 1830 
f 1829 1830 1959 
f 1829 1958 1959 
f 1958 1959 2088 
f 1958 2087 2088 
f 2087 2088 2217 
f 2087 2216 2217 
f 2216 2217 2346 
f 2216 2345 2346 
f 2345 2346 2475 
f 2345 2474 2475 
f 2474 2475 2604 
f 2474 2603 2604 
f 2603 2604 2733 
f 2603 2732 2733 
f 2732 2733 2862 
f 2732 2861 2862 
f 2861 2862 2991 
f 2861 2990 2991 
f 2990 2991 3120 
f 2990 3119 3120 
f 3119 3120 3249 
f 3119 3248 3249 
f 3248 3249 3378 
f 3248 3377 3378 
f 3377 3378 3507 
f 3377 3506 3507 
f 3506 3507 3636 
f 3506 3635 3636 
f 3635 3636 3765 
f 3635 3764 3765 
f 3764 3765 3894 
f 3764 3893 3894 
f 3893 3894 4023 
f 3893 4022 4023 
f 4022 4023 4152 
f 4022 4151 4152 
f 4151 4152 4281 
f 4151 4280 4281 
f 4280 4281 4410 
f 4280 4409 4410 
f 4409 4410 4539 
f 4409 4538 4539 
f 4538 4539 4668 
f 4538 4667 4668 
f 4667 4668 4797 
f 4667 4796 4797 
f 4796 4797 4926 
f 4796 4925 4926 
f 4925 4926 5055 
f 4925 5054 5055 
f 5054 5055 5184 
f 5054 5183 5184 
f 5183 5184 5313 
f 5183 5312 5313 
f 5312 5313 5442 
f 5312 5441 5442 
f 5441 5442 5571 
f 5441 5570 5571 
f 5570 5571 5700 
f 5570 5699 5700 
f 5699 5700 5829 
f 5699 5828 5829 
f 5828 5829 5958 
f 5828 5957 5958 
f 5957 5958 6087 
f 5957 6086 6087 
f 6086 6087 6216 
f 6086 6215 6216 
f 6215 6216 6345 
f 6215 6344 6345 
f 6344 6345 6474 
f 6344 6473 6474 
f 6473 6474 6603 
f 6473 6602 6603 
f 6602 6603 6732 
f 6602 6731 6732 
f 6731 6732 6861 
f 6731 6860 6861 
f 6860 6861 6990 
f 6860 6989 6990 
f 6989 6990 7119 
f 6989 7118 7119 
f 7118 7119 7248 
f 7118 7247 7248 
f 7247 7248 7377 
f 7247 7376 7377 
f 7376 7377 7506 
f 7376 7505 7506 
f 7505 7506 7635 
f 7505 7634 7635 
f 7634 7635 7764 
f 7634 7763 7764 
f 7763 7764 7893 
f 7763 7892 7893 
f 7892 7893 8022 
f 7892 8021 8022 
f 8021 8022 8151 
f 8021 8150 8151 
f 8150 8151 8280 
f 8150 8279 8280 
f 8279 8280 8409 
f 8279 8408 8409 
f 8408 8409 8538 
f 8408 8537 8538 
f 8537 8538 8667 
f 8537 8666 8667 
f 8666 8667 8796 
f 8666 8795 8796 
f 8795 8796 8925 
f 8795 8924 8925 
f 8924 8925 9054 
f 8924 9053 9054 
f 9053 9054 9183 
f 9053 9182 9183 
f 9182 9183 9312 
f 9182 9311 9312 
f 9311 9312 9441 
f 9311 9440 9441 
f 9440 9441 9570 
f 9440 9569 9570 
f 9569 9570 9699 
f 9569 9698 9699 
f 9698 9699 9828 
f 9698 9827 9828 
f 9827 9828 9957 
f 9827 9956 9957 
f 9956 9957 10086 
f 9956 10085 10086 
f 10085 10086 10215 
f 10085 10214 10215 
f 10214 10215 10344 
f 10214 10343 10344 
f 10343 10344 10473 
f 10343 10472 10473 
f 10472 10473 10602 
f 10472 10601 10602 
f 10601 10602 10731 
f 10601 10730 10731 
f 10730 10731 10860 
f 10730 10859 10860 
f 10859 10860 10989 
f 10859 10988 10989 
f 10988 10989 11118 
f 10988 11117 11118 
f 11117 11118 11247 
f 11117 11246 11247 
f 11246 11247 11376 
f 11246 11375 11376 
f 11375 11376 11505 
f 11375 11504 11505 
f 11504 11505 11634 
f 11504 11633 11634 
f 11633 11634 11763 
f 11633 11762 11763 
f 11762 11763 11892 
f 11762 11891 11892 
f 11891 11892 12021 
f 11891 12020 12021 
f 12020 12021 12150 
f 12020 12149 12150 
f 12149 12150 12279 
f 12149 12278 12279 
f 12278 12279 12408 
f 12278 12407 12408 
f 12407 12408 12537 
f 12407 12536 12537 
f 12536 12537 12666 
f 12536 12665 12666 
f 12665 12666 12795 
f 12665 12794 12795 
f 12794 12795 12924 
f 12794 12923 12924 
f 12923 12924 13053 
f 12923 13052 13053 
f 13052 13053 13182 
f 13052 13181 13182 
f 13181 13182 13311 
f 13181 13310 13311 
f 13310 13311 13440 
f 13310 13439 13440 
f 13439 13440 13569 
f 13439 13568 13569 
f 13568 13569 13698 
f 13568 13697 13698 
f 13697 13698 13827 
f 13697 13826 13827 
f 13826 13827 13956 
f 13826 13955 13956 
f 13955 13956 14085 
f 13955 14084 14085 
f 14084 14085 14214 
f 14084 14213 14214 
f 14213 14214 14343 
f 14213 14342 14343 
f 14342 14343 14472 
f 14342 14471 14472 
f 14471 14472 14601 
f 14471 14600 14601 
f 14600 14601 14730 
f 14600 14729 14730 
f 14729 14730 14859 
f 14729 14858 14859 
f 14858 14859 14988 
f 14858 14987 14988 
f 14987 14988 15117 
f 14987 15116 15117 
f 15116 15117 15246 
f 15116 15245 15246 
f 15245 15246 15375 
f 15245 15374 15375 
f 15374 15375 15504 
f 15374 15503 15504 
f 15503 15504 15633 
f 15503 15632 15633 
f 15632 15633 15762 
f 15632 15761 15762 
f 15761 15762 15891 
f 15761 15890 15891 
f 15890 15891 16020 
f 15890 16019 16020 
f 16019 16020 16149 
f 16019 16148 16149 
f 16148 16149 16278 
f 16148 16277 16278 
f 16277 16278 16407 
f 16277 16406 16407 
f 16406 16407 16536 
f 16406 16535 16536 
f 24 25 154 
f 24 153 154 
f 153 154 283 
f 153 282 283 
f 282 283 412 
f 282 411 412 
f 411 412 541 
f 411 540 541 
f 540 541 670 
f 540 669 670 
f 669 670 799 
f 669 798 799 
f 798 799 928 
f 798 927 928 
f 927 928 1057 
f 927 1056 1057 
f 1056 1057 1186 
f 1056 1185 1186 
f 1185 1186 1315 
f 1185 1314 1315 
f 1314 1315 1444 
f 1314 1443 1444 
f 1443 1444 1573 
f 1443 1572 1573 
f 1572 1573 1702 
f 1572 1701 1702 
f 1701 1702 1831 
f 1701 1830 1831 
f 1830 1831 1960 
f 1830 1959 1960 
f 1959 1960 2089 
f 1959 2088 2089 
f 2088 2089 2218 
f 2088 2217 2218 
f 2217 2218 2347 
f 2217 2346 2347 
f 2346 2347 2476 
f 2346 2475 2476 
f 2475 2476 2605 
f 2475 2604 2605 
f 2604 2605 2734 
f 2604 2733 2734 
f 2733 2734 2863 
f 2733 2862 2863 
f 2862 2863 2992 
f 2862 2991 2992 
f 2991 2992 3121 
f 2991 3120 3121 
f 3120 3121 3250 
f 3120 3249 3250 
f 3249 3250 3379 
f 3249 3378 3379 
f 3378 3379 3508 
f 3378 3507 3508 
f 3507 3508 3637 
f 3507 3636 3637 
f 3636 3637 3766 
f 3636 3765 3766 
f 3765 3766 3895 
f 3765 3894 3895 
f 3894 3895 4024 
f 3894 4023 4024 
f 4023 4024 4153 
f 4023 4152 4153 
f 4152 4153 4282 
f 4152 4281 4282 
f 4281 4282 4411 
f 4281 4410 4411 
f 4410 4411 4540 
f 4410 4539 4540 
f 4539 4540 4669 
f 4539 4668 4669 
f 4668 4669 4798 
f 4668 4797 4798 
f 4797 4798 4927 
f 4797 4926 4927 
f 4926 4927 5056 
f 4926 5055 5056 
f 5055 5056 5185 
f 5055 5184 5185 
f 5184 5185 5314 
f 5184 5313 5314 
f 5313 5314 5443 
f 5313 5442 5443 
f 5442 5443 5572 
f 5442 5571 5572 
f 5571 5572 5701 
f 5571 5700 5701 
f 5700 5701 5830 
f 5700 5829 5830 
f 5829 5830 5959 
f 5829 5958 5959 
f 5958 5959 6088 
f 5958 6087 6088 
f 6087 6088 6217 
f 6087 6216 6217 
f 6216 6217 6346 
f 6216 6345 6346 
f 6345 6346 6475 
f 6345 6474 6475 
f 6474 6475 6604 
f 6474 6603 6604 
f 6603 6604 6733 
f 6603 6732 6733 
f 6732 6733 6862 
f 6732 6861 6862 
f 6861 6862 6991 
f 6861 6990 6991 
f 6990 6991 7120 
f 6990 7119 7120 
f 7119 7120 7249 
f 7119 7248 7249 
f 7248 7249 7378 
f 7248 7377 7378 
f 7377 7378 7507 
f 7377 7506 7507 
f 7506 7507 7636 
f 7506 7635 7636 
f 7635 7636 7765 
f 7635 7764 7765 
f 7764 7765 7894 
f 7764 7893 7894 
f 7893 7894 8023 
f 7893 8022 8023 
f 8022 8023 8152 
f 8022 8151 8152 
f 8151 8152 8281 
f 8151 8280 8281 
f 8280 8281 8410 
f 8280 8409 8410 
f 8409 8410 8539 
f 8409 8538 8539 
f 8538 8539 8668 
f 8538 8667 8668 
f 8667 8668 8797 
f 8667 8796 8797 
f 8796 8797 8926 
f 8796 8925 8926 
f 8925 8926 9055 
f 8925 9054 9055 
f 9054 9055 9184 
f 9054 9183 9184 
f 9183 9184 9313 
f 9183 9312 9313 
f 9312 9313 9442 
f 9312 9441 9442 
f 9441 9442 9571 
f 9441 9570 9571 
f 9570 9571 9700 
f 9570 9699 9700 
f 9699 9700 9829 
f 9699 9828 9829 
f 9828 9829 9958 
f 9828 9957 9958 
f 9957 9958 10087 
f 9957 10086 10087 
f 10086 10087 10216 
f 10086 10215 10216 
f 10215 10216 10345 
f 10215 10344 10345 
f 10344 10345 10474 
f 10344 10473 10474 
f 10473 10474 10603 
f 10473 10602 10603 
f 10602 10603 10732 
f 10602 10731 10732 
f 10731 10732 10861 
f 10731 10860 10861 
f 10860 10861 10990 
f 10860 10989 10990 
f 10989 10990 11119 
f 10989 11118 11119 
f 11118 11119 11248 
f 11118 11247 11248 
f 11247 11248 11377 
f 11247 11376 11377 
f 11376 11377 11506 
f 11376 11505 11506 
f 11505 11506 11635 
f 11505 11634 11635 
f 11634 11635 11764 
f 11634 11763 11764 
f 11763 11764 11893 
f 11763 11892 11893 
f 11892 11893 12022 
f 11892 12021 12022 
f 12021 12022 12151 
f 12021 12150 12151 
f 12150 12151 12280 
f 12150 12279 12280 
f 12279 12280 12409 
f 12279 12408 12409 
f 12408 12409 12538 
f 12408 12537 12538 
f 12537 12538 12667 
f 12537 12666 12667 
f 12666 12667 12796 
f 12666 12795 12796 
f 12795 12796 12925 
f 12795 12924 12925 
f 12924 12925 13054 
f 12924 13053 13054 
f 13053 13054 13183 
f 13053 13182 13183 
f 13182 13183 13312 
f 13182 13311 13312 
f 13311 13312 13441 
f 13311 13440 13441 
f 13440 13441 13570 
f 13440 13569 13570 
f 13569 13570 13699 
f 13569 13698 13699 
f 13698 13699 13828 
f 13698 13827 13828 
f 13827 13828 13957 
f 13827 13956 13957 
f 13956 13957 14086 
f 13956 14085 14086 
f 14085 14086 14215 
f 14085 14214 14215 
f 14214 14215 14344 
f 14214 14343 14344 
f 14343 14344 14473 
f 14343 14472 14473 
f 14472 14473 14602 
f 14472 14601 14602 
f 14601 14602 14731 
f 14601 14730 14731 
f 14730 14731 14860 
f 14730 14859 14860 
f 14859 14860 14989 
f 14859 14988 14989 
f 14988 14989 15118 
f 14988 15117 15118 
f 15117 15118 15247 
f 15117 15246 15247 
f 15246 15247 15376 
f 15246 15375 15376 
f 15375 15376 15505 
f 15375 15504 15505 
f 15504 15505 15634 
f 15504 15633 15634 
f 15633 15634 15763 
f 15633 15762 15763 
f 15762 15763 15892 
f 15762 15891 15892 
f 15891 15892 16021 
f 15891 16020 16021 
f 16020 16021 16150 
f 16020 16149 16150 
f 16149 16150 16279 
f 16149 16278 16279 
f 16278 16279 16408 
f 16278 16407 16408 
f 16407 16408 16537 
f 16407 16536 16537 
f 25 26 155 
f 25 154 155 
f 154 155 284 
f 154 283 284 
f 283 284 413 
f 283 412 413 
f 412 413 542 
f 412 541 542 
f 541 542 671 
f 541 670 671 
f 670 671 800 
f 670 799 800 
f 799 800 929 
f 799 928 929 
f 928 929 1058 
f 928 1057 1058 
f 1057 1058 1187 
f 1057 1186 1187 
f 1186 1187 1316 
f 1186 1315 1316 
f 1315 1316 1445 
f 1315 1444 1445 
f 1444 1445 1574 
f 1444 1573 1574 
f 1573 1574 1703 
f 1573 1702 1703 
f 1702 1703 1832 
f 1702 1831 1832 
f 1831 1832 1961 
f 1831 1960 1961 
f 1960 1961 2090 
f 1960 2089 2090 
f 2089 2090 2219 
f 2089 2218 2219 
f 2218 2219 2348 
f 2218 2347 2348 
f 2347 2348 2477 
f 2347 2476 2477 
f 2476 2477 2606 
f 2476 2605 2606 
f 2605 2606 2735 
f 2605 2734 2735 
f 2734 2735 2864 
f 2734 2863 2864 
f 2863 2864 2993 
f 2863 2992 2993 
f 2992 2993 3122 
f 2992 3121 3122 
f 3121 3122 3251 
f 3121 3250 3251 
f 3250 3251 3380 
f 3250 3379 3380 
f 3379 3380 3509 
f 3379 3508 3509 
f 3508 3509 3638 
f 3508 3637 3638 
f 3637 3638 3767 
f 3637 3766 3767 
f 3766 3767 3896 
f 3766 3895 3896 
f 3895 3896 4025 
f 3895 4024 4025 
f 4024 4025 4154 
f 4024 4153 4154 
f 4153 4154 4283 
f 4153 4282 4283 
f 4282 4283 4412 
f 4282 4411 4412 
f 4411 4412 4541 
f 4411 4540 4541 
f 4540 4541 4670 
f 4540 4669 4670 
f 4669 4670 4799 
f 4669 4798 4799 
f 4798 4799 4928 
f 4798 4927 4928 
f 4927 4928 5057 
f 4927 5056 5057 
f 5056 5057 5186 
f 5056 5185 5186 
f 5185 5186 5315 
f 5185 5314 5315 
f 5314 5315 5444 
f 5314 5443 5444 
f 5443 5444 5573 
f 5443 5572 5573 
f 5572 5573 5702 
f 5572 5701 5702 
f 5701 5702 5831 
f 5701 5830 5831 
f 5830 5831 5960 
f 5830 5959 5960 
f 5959 5960 6089 
f 5959 6088 6089 
f 6088 6089 6218 
f 6088 6217 6218 
f 6217 6218 6347 
f 6217 6346 6347 
f 6346 6347 6476 
f 6346 6475 6476 
f 6475 6476 6605 
f 6475 6604 6605 
f 6604 6605 6734 
f 6604 6733 6734 
f 6733 6734 6863 
f 6733 6862 6863 
f 6862 6863 6992 
f 6862 6991 6992 
f 6991 6992 7121 
f 6991 7120 7121 
f 7120 7121 7250 
f 7120 7249 7250 
f 7249 7250 7379 
f 7249 7378 7379 
f 7378 7379 7508 
f 7378 7507 7508 
f 7507 7508 7637 
f 7507 7636 7637 
f 7636 7637 7766 
f 7636 7765 7766 
f 7765 7766 7895 
f 7765 7894 7895 
f 7894 7895 8024 
f 7894 8023 8024 
f 8023 8024 8153 
f 8023 8152 8153 
f 8152 8153 8282 
f 8152 8281 8282 
f 8281 8282 8411 
f 8281 8410 8411 
f 8410 8411 8540 
f 8410 8539 8540 
f 8539 8540 8669 
f 8539 8668 8669 
f 8668 8669 8798 
f 8668 8797 8798 
f 8797 8798 8927 
f 8797 8926 8927 
f 8926 8927 9056 
f 8926 9055 9056 
f 9055 9056 9185 
f 9055 9184 9185 
f 9184 9185 9314 
f 9184 9313 9314 
f 9313 9314 9443 
f 9313 9442 9443 
f 9442 9443 9572 
f 9442 9571 9572 
f 9571 9572 9701 
f 9571 9700 9701 
f 9700 9701 9830 
f 9700 9829 9830 
f 9829 9830 9959 
f 9829 9958 9959 
f 9958 9959 10088 
f 9958 10087 10088 
f 10087 10088 10217 
f 10087 10216 10217 
f 10216 10217 10346 
f 10216 10345 10346 
f 10345 10346 10475 
f 10345 10474 10475 
f 10474 10475 10604 
f 10474 10603 10604 
f 10603 10604 10733 
f 10603 10732 10733 
f 10732 10733 10862 
f 10732 10861 10862 
f 10861 10862 10991 
f 10861 10990 10991 
f 10990 10991 11120 
f 10990 11119 11120 
f 11119 11120 11249 
f 11119 11248 11249 
f 11248 11249 11378 
f 11248 11377 11378 
f 11377 11378 11507 
f 11377 11506 11507 
f 11506 11507 11636 
f 11506 11635 11636 
f 11635 11636 11765 
f 11635 11764 11765 
f 11764 11765 11894 
f 11764 11893 11894 
f 11893 11894 12023 
f 11893 12022 12023 
f 12022 12023 12152 
f 12022 12151 12152 
f 12151 12152 12281 
f 12151 12280 12281 
f 12280 12281 12410 
f 12280 12409 12410 
f 12409 12410 12539 
f 12409 12538 12539 
f 12538 12539 12668 
f 12538 12667 12668 
f 12667 12668 12797 
f 12667 12796 12797 
f 12796 12797 12926 
f 12796 12925 12926 
f 12925 12926 13055 
f 12925 13054 13055 
f 13054 13055 13184 
f 13054 13183 13184 
f 13183 13184 13313 
f 13183 13312 13313 
f 13312 13313 13442 
f 13312 13441 13442 
f 13441 13442 13571 
f 13441 13570 13571 
f 13570 13571 13700 
f 13570 13699 13700 
f 13699 13700 13829 
f 13699 13828 13829 
f 13828 13829 13958 
f 13828 13957 13958 
f 13957 13958 14087 
f 13957 14086 14087 
f 14086 14087 14216 
f 14086 14215 14216 
f 14215 14216 14345 
f 14215 14344 14345 
f 14344 14345 14474 
f 14344 14473 14474 
f 14473 14474 14603 
f 14473 14602 14603 
f 14602 14603 14732 
f 14602 14731 14732 
f 14731 14732 14861 
f 14731 14860 14861 
f 14860 14861 14990 
f 14860 14989 14990 
f 14989 14990 15119 
f 14989 15118 15119 
f 15118 15119 15248 
f 15118 15247 15248 
f 15247 15248 15377 
f 15247 15376 15377 
f 15376 15377 15506 
f 15376 15505 15506 
f 15505 15506 15635 
f 15505 15634 15635 
f 15634 15635 15764 
f 15634 15763 15764 
f 15763 15764 15893 
f 15763 15892 15893 
f 15892 15893 16022 
f 15892 16021 16022 
f 16021 16022 16151 
f 16021 16150 16151 
f 16150 16151 16280 
f 16150 16279 16280 
f 16279 16280 16409 
f 16279 16408 16409 
f 16408 16409 16538 
f 16408 16537 16538 
f 26 27 156 
f 26 155 156 
f 155 156 285 
f 155 284 285 
f 284 285 414 
f 284 413 414 
f 413 414 543 
f 413 542 543 
f 542 543 672 
f 542 671 672 
f 671 672 801 
f 671 800 801 
f 800 801 930 
f 800 929 930 
f 929 930 1059 
f 929 1058 1059 
f 1058 1059 1188 
f 1058 1187 1188 
f 1187 1188 1317 
f 1187 1316 1317 
f 1316 1317 1446 
f 1316 1445 1446 
f 1445 1446 1575 
f 1445 1574 1575 
f 1574 1575 1704 
f 1574 1703 1704 
f 1703 1704 1833 
f 1703 1832 1833 
f 1832 1833 1962 
f 1832 1961 1962 
f 1961 1962 2091 
f 1961 2090 2091 
f 2090 2091 2220 
f 2090 2219 2220 
f 2219 2220 2349 
f 2219 2348 2349 
f 2348 2349 2478 
f 2348 2477 2478 
f 2477 2478 2607 
f 2477 2606 2607 
f 2606 2607 2736 
f 2606 2735 2736 
f 2735 2736 2865 
f 2735 2864 2865 
f 2864 2865 2994 
f 2864 2993 2994 
f 2993 2994 3123 
f 2993 3122 3123 
f 3122 3123 3252 
f 3122 3251 3252 
f 3251 3252 3381 
f 3251 3380 3381 
f 3380 3381 3510 
f 3380 3509 3510 
f 3509 3510 3639 
f 3509 3638 3639 
f 3638 3639 3768 
f 3638 3767 3768 
f 3767 3768 3897 
f 3767 3896 3897 
f 3896 3897 4026 
f 3896 4025 4026 
f 4025 4026 4155 
f 4025 4154 4155 
f 4154 4155 4284 
f 4154 4283 4284 
f 4283 4284 4413 
f 4283 4412 4413 
f 4412 4413 4542 
f 4412 4541 4542 
f 4541 4542 4671 
f 4541 4670 4671 
f 4670 4671 4800 
f 4670 4799 4800 
f 4799 4800 4929 
f 4799 4928 4929 
f 4928 4929 5058 
f 4928 5057 5058 
f 5057 5058 5187 
f 5057 5186 5187 
f 5186 5187 5316 
f 5186 5315 5316 
f 5315 5316 5445 
f 5315 5444 5445 
f 5444 5445 5574 
f 5444 5573 5574 
f 5573 5574 5703 
f 5573 5702 5703 
f 5702 5703 5832 
f 5702 5831 5832 
f 5831 5832 5961 
f 5831 5960 5961 
f 5960 5961 6090 
f 5960 6089 6090 
f 6089 6090 6219 
f 6089 6218 6219 
f 6218 6219 6348 
f 6218 6347 6348 
f 6347 6348 6477 
f 6347 6476 6477 
f 6476 6477 6606 
f 6476 6605 6606 
f 6605 6606 6735 
f 6605 6734 6735 
f 6734 6735 6864 
f 6734 6863 6864 
f 6863 6864 6993 
f 6863 6992 6993 
f 6992 6993 7122 
f 6992 7121 7122 
f 7121 7122 7251 
f 7121 7250 7251 
f 7250 7251 7380 
f 7250 7379 7380 
f 7379 7380 7509 
f 7379 7508 7509 
f 7508 7509 7638 
f 7508 7637 7638 
f 7637 7638 7767 
f 7637 7766 7767 
f 7766 7767 7896 
f 7766 7895 7896 
f 7895 7896 8025 
f 7895 8024 8025 
f 8024 8025 8154 
f 8024 8153 8154 
f 8153 8154 8283 
f 8153 8282 8283 
f 8282 8283 8412 
f 8282 8411 8412 
f 8411 8412 8541 
f 8411 8540 8541 
f 8540 8541 8670 
f 8540 8669 8670 
f 8669 8670 8799 
f 8669 8798 8799 
f 8798 8799 8928 
f 8798 8927 8928 
f 8927 8928 9057 
f 8927 9056 9057 
f 9056 9057 9186 
f 9056 9185 9186 
f 9185 9186 9315 
f 9185 9314 9315 
f 9314 9315 9444 
f 9314 9443 9444 
f 9443 9444 9573 
f 9443 9572 9573 
f 9572 9573 9702 
f 9572 9701 9702 
f 9701 9702 9831 
f 9701 9830 9831 
f 9830 9831 9960 
f 9830 9959 9960 
f 9959 9960 10089 
f 9959 10088 10089 
f 10088 10089 10218 
f 10088 10217 10218 
f 10217 10218 10347 
f 10217 10346 10347 
f 10346 10347 10476 
f 10346 10475 10476 
f 10475 10476 10605 
f 10475 10604 10605 
f 10604 10605 10734 
f 10604 10733 10734 
f 10733 10734 10863 
f 10733 10862 10863 
f 10862 10863 10992 
f 10862 10991 10992 
f 10991 10992 11121 
f 10991 11120 11121 
f 11120 11121 11250 
f 11120 11249 11250 
f 11249 11250 11379 
f 11249 11378 11379 
f 11378 11379 11508 
f 11378 11507 11508 
f 11507 11508 11637 
f 11507 11636 11637 
f 11636 11637 11766 
f 11636 11765 11766 
f 11765 11766 11895 
f 11765 11894 11895 
f 11894 11895 12024 
f 11894 12023 12024 
f 12023 12024 12153 
f 12023 12152 12153 
f 12152 12153 12282 
f 12152 12281 12282 
f 12281 12282 12411 
f 12281 12410 12411 
f 12410 12411 12540 
f 12410 12539 12540 
f 12539 12540 12669 
f 12539 12668 12669 
f 12668 12669 12798 
f 12668 12797 12798 
f 12797 12798 12927 
f 12797 12926 12927 
f 12926 12927 13056 
f 12926 13055 13056 
f 13055 13056 13185 
f 13055 13184 13185 
f 13184 13185 13314 
f 13184 13313 13314 
f 13313 13314 13443 
f 13313 13442 13443 
f 13442 13443 13572 
f 13442 13571 13572 
f 13571 13572 13701 
f 13571 13700 13701 
f 13700 13701 13830 
f 13700 13829 13830 
f 13829 13830 13959 
f 13829 13958 13959 
f 13958 13959 14088 
f 13958 14087 14088 
f 14087 14088 14217 
f 14087 14216 14217 
f 14216 14217 14346 
f 14216 14345 14346 
f 14345 14346 14475 
f 14345 14474 14475 
f 14474 14475 14604 
f 14474 14603 14604 
f 14603 14604 14733 
f 14603 14732 14733 
f 14732 14733 14862 
f 14732 14861 14862 
f 14861 14862 14991 
f 14861 14990 14991 
f 14990 14991 15120 
f 14990 15119 15120 
f 15119 15120 15249 
f 15119 15248 15249 
f 15248 15249 15378 
f 15248 15377 15378 
f 15377 15378 15507 
f 15377 15506 15507 
f 15506 15507 15636 
f 15506 15635 15636 
f 15635 15636 15765 
f 15635 15764 15765 
f 15764 15765 15894 
f 15764 15893 15894 
f 15893 15894 16023 
f 15893 16022 16023 
f 16022 16023 16152 
f 16022 16151 16152 
f 16151 16152 16281 
f 16151 16280 16281 
f 16280 16281 16410 
f 16280 16409 16410 
f 16409 16410 16539 
f 16409 16538 16539 
f 27 28 157 
f 27 156 157 
f 156 157 286 
f 156 285 286 
f 285 286 415 
f 285 414 415 
f 414 415 544 
f 414 543 544 
f 543 544 673 
f 543 672 673 
f 672 673 802 
f 672 801 802 
f 801 802 931 
f 801 930 931 
f 930 931 1060 
f 930 1059 1060 
f 1059 1060 1189 
f 1059 1188 1189 
f 1188 1189 1318 
f 1188 1317 1318 
f 1317 1318 1447 
f 1317 1446 1447 
f 1446 1447 1576 
f 1446 1575 1576 
f 1575 1576 1705 
f 1575 1704 1705 
f 1704 1705 1834 
f 1704 1833 1834 
f 1833 1834 1963 
f 1833 1962 1963 
f 1962 1963 2092 
f 1962 2091 2092 
f 2091 2092 2221 
f 2091 2220 2221 
f 2220 2221 2350 
f 2220 2349 2350 
f 2349 2350 2479 
f 2349 2478 2479 
f 2478 2479 2608 
f 2478 2607 2608 
f 2607 2608 2737 
f 2607 2736 2737 
f 2736 2737 2866 
f 2736 2865 2866 
f 2865 2866 2995 
f 2865 2994 2995 
f 2994 2995 3124 
f 2994 3123 3124 
f 3123 3124 3253 
f 3123 3252 3253 
f 3252 3253 3382 
f 3252 3381 3382 
f 3381 3382 3511 
f 3381 3510 3511 
f 3510 3511 3640 
f 3510 3639 3640 
f 3639 3640 3769 
f 3639 3768 3769 
f 3768 3769 3898 
f 3768 3897 3898 
f 3897 3898 4027 
f 3897 4026 4027 
f 4026 4027 4156 
f 4026 4155 4156 
f 4155 4156 4285 
f 4155 4284 4285 
f 4284 4285 4414 
f 4284 4413 4414 
f 4413 4414 4543 
f 4413 4542 4543 
f 4542 4543 4672 
f 4542 4671 4672 
f 4671 4672 4801 
f 4671 4800 4801 
f 4800 4801 4930 
f 4800 4929 4930 
f 4929 4930 5059 
f 4929 5058 5059 
f 5058 5059 5188 
f 5058 5187 5188 
f 5187 5188 5317 
f 5187 5316 5317 
f 5316 5317 5446 
f 5316 5445 5446 
f 5445 5446 5575 
f 5445 5574 5575 
f 5574 5575 5704 
f 5574 5703 5704 
f 5703 5704 5833 
f 5703 5832 5833 
f 5832 5833 5962 
f 5832 5961 5962 
f 5961 5962 6091 
f 5961 6090 6091 
f 6090 6091 6220 
f 6090 6219 6220 
f 6219 6220 6349 
f 6219 6348 6349 
f 6348 6349 6478 
f 6348 6477 6478 
f 6477 6478 6607 
f 6477 6606 6607 
f 6606 6607 6736 
f 6606 6735 6736 
f 6735 6736 6865 
f 6735 6864 6865 
f 6864 6865 6994 
f 6864 6993 6994 
f 6993 6994 7123 
f 6993 7122 7123 
f 7122 7123 7252 
f 7122 7251 7252 
f 7251 7252 7381 
f 7251 7380 7381 
f 7380 7381 7510 
f 7380 7509 7510 
f 7509 7510 7639 
f 7509 7638 7639 
f 7638 7639 7768 
f 7638 7767 7768 
f 7767 7768 7897 
f 7767 7896 7897 
f 7896 7897 8026 
f 7896 8025 8026 
f 8025 8026 8155 
f 8025 8154 8155 
f 8154 8155 8284 
f 8154 8283 8284 
f 8283 8284 8413 
f 8283 8412 8413 
f 8412 8413 8542 
f 8412 8541 8542 
f 8541 8542 8671 
f 8541 8670 8671 
f 8670 8671 8800 
f 8670 8799 8800 
f 8799 8800 8929 
f 8799 8928 8929 
f 8928 8929 9058 
f 8928 9057 9058 
f 9057 9058 9187 
f 9057 9186 9187 
f 9186 9187 9316 
f 9186 9315 9316 
f 9315 9316 9445 
f 9315 9444 9445 
f 9444 9445 9574 
f 9444 9573 9574 
f 9573 9574 9703 
f 9573 9702 9703 
f 9702 9703 9832 
f 9702 9831 9832 
f 9831 9832 9961 
f 9831 9960 9961 
f 9960 9961 10090 
f 9960 10089 10090 
f 10089 10090 10219 
f 10089 10218 10219 
f 10218 10219 10348 
f 10218 10347 10348 
f 10347 10348 10477 
f 10347 10476 10477 
f 10476 10477 10606 
f 10476 10605 10606 
f 10605 10606 10735 
f 10605 10734 10735 
f 10734 10735 10864 
f 10734 10863 10864 
f 10863 10864 10993 
f 10863 10992 10993 
f 10992 10993 11122 
f 10992 11121 11122 
f 11121 11122 11251 
f 11121 11250 11251 
f 11250 11251 11380 
f 11250 11379 11380 
f 11379 11380 11509 
f 11379 11508 11509 
f 11508 11509 11638 
f 11508 11637 11638 
f 11637 11638 11767 
f 11637 11766 11767 
f 11766 11767 11896 
f 11766 11895 11896 
f 11895 11896 12025 
f 11895 12024 12025 
f 12024 12025 12154 
f 12024 12153 12154 
f 12153 12154 12283 
f 12153 12282 12283 
f 12282 12283 12412 
f 12282 12411 12412 
f 12411 12412 12541 
f 12411 12540 12541 
f 12540 12541 12670 
f 12540 12669 12670 
f 12669 12670 12799 
f 12669 12798 12799 
f 12798 12799 12928 
f 12798 12927 12928 
f 12927 12928 13057 
f 12927 13056 13057 
f 13056 13057 13186 
f 13056 13185 13186 
f 13185 13186 13315 
f 13185 13314 13315 
f 13314 13315 13444 
f 13314 13443 13444 
f 13443 13444 13573 
f 13443 13572 13573 
f 13572 13573 13702 
f 13572 13701 13702 
f 13701 13702 13831 
f 13701 13830 13831 
f 13830 13831 13960 
f 13830 13959 13960 
f 13959 13960 14089 
f 13959 14088 14089 
f 14088 14089 14218 
f 14088 14217 14218 
f 14217 14218 14347 
f 14217 14346 14347 
f 14346 14347 14476 
f 14346 14475 14476 
f 14475 14476 14605 
f 14475 14604 14605 
f 14604 14605 14734 
f 14604 14733 14734 
f 14733 14734 14863 
f 14733 14862 14863 
f 14862 14863 14992 
f 14862 14991 14992 
f 14991 14992 15121 
f 14991 15120 15121 
f 15120 15121 15250 
f 15120 15249 15250 
f 15249 15250 15379 
f 15249 15378 15379 
f 15378 15379 15508 
f 15378 15507 15508 
f 15507 15508 15637 
f 15507 15636 15637 
f 15636 15637 15766 
f 15636 15765 15766 
f 15765 15766 15895 
f 15765 15894 15895 
f 15894 15895 16024 
f 15894 16023 16024 
f 16023 16024 16153 
f 16023 16152 16153 
f 16152 16153 16282 
f 16152 16281 16282 
f 16281 16282 16411 
f 16281 16410 16411 
f 16410 16411 16540 
f 16410 16539 16540 
f 28 29 158 
f 28 157 158 
f 157 158 287 
f 157 286 287 
f 286 287 416 
f 286 415 416 
f 415 416 545 
f 415 544 545 
f 544 545 674 
f 544 673 674 
f 673 674 803 
f 673 802 803 
f 802 803 932 
f 802 931 932 
f 931 932 1061 
f 931 1060 1061 
f 1060 1061 1190 
f 1060 1189 1190 
f 1189 1190 1319 
f 1189 1318 1319 
f 1318 1319 1448 
f 1318 1447 1448 
f 1447 1448 1577 
f 1447 1576 1577 
f 1576 1577 1706 
f 1576 1705 1706 
f 1705 1706 1835 
f 1705 1834 1835 
f 1834 1835 1964 
f 1834 1963 1964 
f 1963 1964 2093 
f 1963 2092 2093 
f 2092 2093 2222 
f 2092 2221 2222 
f 2221 2222 2351 
f 2221 2350 2351 
f 2350 2351 2480 
f 2350 2479 2480 
f 2479 2480 2609 
f 2479 2608 2609 
f 2608 2609 2738 
f 2608 2737 2738 
f 2737 2738 2867 
f 2737 2866 2867 
f 2866 2867 2996 
f 2866 2995 2996 
f 2995 2996 3125 
f 2995 3124 3125 
f 3124 3125 3254 
f 3124 3253 3254 
f 3253 3254 3383 
f 3253 3382 3383 
f 3382 3383 3512 
f 3382 3511 3512 
f 3511 3512 3641 
f 3511 3640 3641 
f 3640 3641 3770 
f 3640 3769 3770 
f 3769 3770 3899 
f 3769 3898 3899 
f 3898 3899 4028 
f 3898 4027 4028 
f 4027 4028 4157 
f 4027 4156 4157 
f 4156 4157 4286 
f 4156 4285 4286 
f 4285 4286 4415 
f 4285 4414 4415 
f 4414 4415 4544 
f 4414 4543 4544 
f 4543 4544 4673 
f 4543 4672 4673 
f 4672 4673 4802 
f 4672 4801 4802 
f 4801 4802 4931 
f 4801 4930 4931 
f 4930 4931 5060 
f 4930 5059 5060 
f 5059 5060 5189 
f 5059 5188 5189 
f 5188 5189 5318 
f 5188 5317 5318 
f 5317 5318 5447 
f 5317 5446 5447 
f 5446 5447 5576 
f 5446 5575 5576 
f 5575 5576 5705 
f 5575 5704 5705 
f 5704 5705 5834 
f 5704 5833 5834 
f 5833 5834 5963 
f 5833 5962 5963 
f 5962 5963 6092 
f 5962 6091 6092 
f 6091 6092 6221 
f 6091 6220 6221 
f 6220 6221 6350 
f 6220 6349 6350 
f 6349 6350 6479 
f 6349 6478 6479 
f 6478 6479 6608 
f 6478 6607 6608 
f 6607 6608 6737 
f 6607 6736 6737 
f 6736 6737 6866 
f 6736 6865 6866 
f 6865 6866 6995 
f 6865 6994 6995 
f 6994 6995 7124 
f 6994 7123 7124 
f 7123 7124 7253 
f 7123 7252 7253 
f 7252 7253 7382 
f 7252 7381 7382 
f 7381 7382 7511 
f 7381 7510 7511 
f 7510 7511 7640 
f 7510 7639 7640 
f 7639 7640 7769 
f 7639 7768 7769 
f 7768 7769 7898 
f 7768 7897 7898 
f 7897 7898 8027 
f 7897 8026 8027 
f 8026 8027 8156 
f 8026 8155 8156 
f 8155 8156 8285 
f 8155 8284 8285 
f 8284 8285 8414 
f 8284 8413 8414 
f 8413 8414 8543 
f 8413 8542 8543 
f 8542 8543 8672 
f 8542 8671 8672 
f 8671 8672 8801 
f 8671 8800 8801 
f 8800 8801 8930 
f 8800 8929 8930 
f 8929 8930 9059 
f 8929 9058 9059 
f 9058 9059 9188 
f 9058 9187 9188 
f 9187 9188 9317 
f 9187 9316 9317 
f 9316 9317 9446 
f 9316 9445 9446 
f 9445 9446 9575 
f 9445 9574 9575 
f 9574 9575 9704 
f 9574 9703 9704 
f 9703 9704 9833 
f 9703 9832 9833 
f 9832 9833 9962 
f 9832 9961 9962 
f 9961 9962 10091 
f 9961 10090 10091 
f 10090 10091 10220 
f 10090 10219 10220 
f 10219 10220 10349 
f 10219 10348 10349 
f 10348 10349 10478 
f 10348 10477 10478 
f 10477 10478 10607 
f 10477 10606 10607 
f 10606 10607 10736 
f 10606 10735 10736 
f 10735 10736 10865 
f 10735 10864 10865 
f 10864 10865 10994 
f 10864 10993 10994 
f 10993 10994 11123 
f 10993 11122 11123 
f 11122 11123 11252 
f 11122 11251 11252 
f 11251 11252 11381 
f 11251 11380 11381 
f 11380 11381 11510 
f 11380 11509 11510 
f 11509 11510 11639 
f 11509 11638 11639 
f 11638 11639 11768 
f 11638 11767 11768 
f 11767 11768 11897 
f 11767 11896 11897 
f 11896 11897 12026 
f 11896 12025 12026 
f 12025 12026 12155 
f 12025 12154 12155 
f 12154 12155 12284 
f 12154 12283 12284 
f 12283 12284 12413 
f 12283 12412 12413 
f 12412 12413 12542 
f 12412 12541 12542 
f 12541 12542 12671 
f 12541 12670 12671 
f 12670 12671 12800 
f 12670 12799 12800 
f 12799 12800 12929 
f 12799 12928 12929 
f 12928 12929 13058 
f 12928 13057 13058 
f 13057 13058 13187 
f 13057 13186 13187 
f 13186 13187 13316 
f 13186 13315 13316 
f 13315 13316 13445 
f 13315 13444 13445 
f 13444 13445 13574 
f 13444 13573 13574 
f 13573 13574 13703 
f 13573 13702 13703 
f 13702 13703 13832 
f 13702 13831 13832 
f 13831 13832 13961 
f 13831 13960 13961 
f 13960 13961 14090 
f 13960 14089 14090 
f 14089 14090 14219 
f 14089 14218 14219 
f 14218 14219 14348 
f 14218 14347 14348 
f 14347 14348 14477 
f 14347 14476 14477 
f 14476 14477 14606 
f 14476 14605 14606 
f 14605 14606 14735 
f 14605 14734 14735 
f 14734 14735 14864 
f 14734 14863 14864 
f 14863 14864 14993 
f 14863 14992 14993 
f 14992 14993 15122 
f 14992 15121 15122 
f 15121 15122 15251 
f 15121 15250 15251 
f 15250 15251 15380 
f 15250 15379 15380 
f 15379 15380 15509 
f 15379 15508 15509 
f 15508 15509 15638 
f 15508 15637 15638 
f 15637 15638 15767 
f 15637 15766 15767 
f 15766 15767 15896 
f 15766 15895 15896 
f 15895 15896 16025 
f 15895 16024 16025 
f 16024 16025 16154 
f 16024 16153 16154 
f 16153 16154 16283 
f 16153 16282 16283 
f 16282 16283 16412 
f 16282 16411 16412 
f 16411 16412 16541 
f 16411 16540 16541 
f 29 30 159 
f 29 158 159 
f 158 159 288 
f 158 287 288 
f 287 288 417 
f 287 416 417 
f 416 417 546 
f 416 545 546 
f 545 546 675 
f 545 674 675 
f 674 675 804 
f 674 803 804 
f 803 804 933 
f 803 932 933 
f 932 933 1062 
f 932 1061 1062 
f 1061 1062 1191 
f 1061 1190 1191 
f 1190 1191 1320 
f 1190 1319 1320 
f 1319 1320 1449 
f 1319 1448 1449 
f 1448 1449 1578 
f 1448 1577 1578 
f 1577 1578 1707 
f 1577 1706 1707 
f 1706 1707 1836 
f 1706 1835 1836 
f 1835 1836 1965 
f 1835 1964 1965 
f 1964 1965 2094 
f 1964 2093 2094 
f 2093 2094 2223 
f 2093 2222 2223 
f 2222 2223 2352 
f 2222 2351 2352 
f 2351 2352 2481 
f 2351 2480 2481 
f 2480 2481 2610 
f 2480 2609 2610 
f 2609 2610 2739 
f 2609 2738 2739 
f 2738 2739 2868 
f 2738 2867 2868 
f 2867 2868 2997 
f 2867 2996 2997 
f 2996 2997 3126 
f 2996 3125 3126 
f 3125 3126 3255 
f 3125 3254 3255 
f 3254 3255 3384 
f 3254 3383 3384 
f 3383 3384 3513 
f 3383 3512 3513 
f 3512 3513 3642 
f 3512 3641 3642 
f 3641 3642 3771 
f 3641 3770 3771 
f 3770 3771 3900 
f 3770 3899 3900 
f 3899 3900 4029 
f 3899 4028 4029 
f 4028 4029 4158 
f 4028 4157 4158 
f 4157 4158 4287 
f 4157 4286 4287 
f 4286 4287 4416 
f 4286 4415 4416 
f 4415 4416 4545 
f 4415 4544 4545 
f 4544 4545 4674 
f 4544 4673 4674 
f 4673 4674 4803 
f 4673 4802 4803 
f 4802 4803 4932 
f 4802 4931 4932 
f 4931 4932 5061 
f 4931 5060 5061 
f 5060 5061 5190 
f 5060 5189 5190 
f 5189 5190 5319 
f 5189 5318 5319 
f 5318 5319 5448 
f 5318 5447 5448 
f 5447 5448 5577 
f 5447 5576 5577 
f 5576 5577 5706 
f 5576 5705 5706 
f 5705 5706 5835 
f 5705 5834 5835 
f 5834 5835 5964 
f 5834 5963 5964 
f 5963 5964 6093 
f 5963 6092 6093 
f 6092 6093 6222 
f 6092 6221 6222 
f 6221 6222 6351 
f 6221 6350 6351 
f 6350 6351 6480 
f 6350 6479 6480 
f 6479 6480 6609 
f 6479 6608 6609 
f 6608 6609 6738 
f 6608 6737 6738 
f 6737 6738 6867 
f 6737 6866 6867 
f 6866 6867 6996 
f 6866 6995 6996 
f 6995 6996 7125 
f 6995 7124 7125 
f 7124 7125 7254 
f 7124 7253 7254 
f 7253 7254 7383 
f 7253 7382 7383 
f 7382 7383 7512 
f 7382 7511 7512 
f 7511 7512 7641 
f 7511 7640 7641 
f 7640 7641 7770 
f 7640 7769 7770 
f 7769 7770 7899 
f 7769 7898 7899 
f 7898 7899 8028 
f 7898 8027 8028 
f 8027 8028 8157 
f 8027 8156 8157 
f 8156 8157 8286 
f 8156 8285 8286 
f 8285 8286 8415 
f 8285 8414 8415 
f 8414 8415 8544 
f 8414 8543 8544 
f 8543 8544 8673 
f 8543 8672 8673 
f 8672 8673 8802 
f 8672 8801 8802 
f 8801 8802 8931 
f 8801 8930 8931 
f 8930 8931 9060 
f 8930 9059 9060 
f 9059 9060 9189 
f 9059 9188 9189 
f 9188 9189 9318 
f 9188 9317 9318 
f 9317 9318 9447 
f 9317 9446 9447 
f 9446 9447 9576 
f 9446 9575 9576 
f 9575 9576 9705 
f 9575 9704 9705 
f 9704 9705 9834 
f 9704 9833 9834 
f 9833 9834 9963 
f 9833 9962 9963 
f 9962 9963 10092 
f 9962 10091 10092 
f 10091 10092 10221 
f 10091 10220 10221 
f 10220 10221 10350 
f 10220 10349 10350 
f 10349 10350 10479 
f 10349 10478 10479 
f 10478 10479 10608 
f 10478 10607 10608 
f 10607 10608 10737 
f 10607 10736 10737 
f 10736 10737 10866 
f 10736 10865 10866 
f 10865 10866 10995 
f 10865 10994 10995 
f 10994 10995 11124 
f 10994 11123 11124 
f 11123 11124 11253 
f 11123 11252 11253 
f 11252 11253 11382 
f 11252 11381 11382 
f 11381 11382 11511 
f 11381 11510 11511 
f 11510 11511 11640 
f 11510 11639 11640 
f 11639 11640 11769 
f 11639 11768 11769 
f 11768 11769 11898 
f 11768 11897 11898 
f 11897 11898 12027 
f 11897 12026 12027 
f 12026 12027 12156 
f 12026 12155 12156 
f 12155 12156 12285 
f 12155 12284 12285 
f 12284 12285 12414 
f 12284 12413 12414 
f 12413 12414 12543 
f 12413 12542 12543 
f 12542 12543 12672 
f 12542 12671 12672 
f 12671 12672 12801 
f 12671 12800 12801 
f 12800 12801 12930 
f 12800 12929 12930 
f 12929 12930 13059 
f 12929 13058 13059 
f 13058 13059 13188 
f 13058 13187 13188 
f 13187 13188 13317 
f 13187 13316 13317 
f 13316 13317 13446 
f 13316 13445 13446 
f 13445 13446 13575 
f 13445 13574 13575 
f 13574 13575 13704 
f 13574 13703 13704 
f 13703 13704 13833 
f 13703 13832 13833 
f 13832 13833 13962 
f 13832 13961 13962 
f 13961 13962 14091 
f 13961 14090 14091 
f 14090 14091 14220 
f 14090 14219 14220 
f 14219 14220 14349 
f 14219 14348 14349 
f 14348 14349 14478 
f 14348 14477 14478 
f 14477 14478 14607 
f 14477 14606 14607 
f 14606 14607 14736 
f 14606 14735 14736 
f 14735 14736 14865 
f 14735 14864 14865 
f 14864 14865 14994 
f 14864 14993 14994 
f 14993 14994 15123 
f 14993 15122 15123 
f 15122 15123 15252 
f 15122 15251 15252 
f 15251 15252 15381 
f 15251 15380 15381 
f 15380 15381 15510 
f 15380 15509 15510 
f 15509 15510 15639 
f 15509 15638 15639 
f 15638 15639 15768 
f 15638 15767 15768 
f 15767 15768 15897 
f 15767 15896 15897 
f 15896 15897 16026 
f 15896 16025 16026 
f 16025 16026 16155 
f 16025 16154 16155 
f 16154 16155 16284 
f 16154 16283 16284 
f 16283 16284 16413 
f 16283 16412 16413 
f 16412 16413 16542 
f 16412 16541 16542 
f 30 31 160 
f 30 159 160 
f 159 160 289 
f 159 288 289 
f 288 289 418 
f 288 417 418 
f 417 418 547 
f 417 546 547 
f 546 547 676 
f 546 675 676 
f 675 676 805 
f 675 804 805 
f 804 805 934 
f 804 933 934 
f 933 934 1063 
f 933 1062 1063 
f 1062 1063 1192 
f 1062 1191 1192 
f 1191 1192 1321 
f 1191 1320 1321 
f 1320 1321 1450 
f 1320 1449 1450 
f 1449 1450 1579 
f 1449 1578 1579 
f 1578 1579 1708 
f 1578 1707 1708 
f 1707 1708 1837 
f 1707 1836 1837 
f 1836 1837 1966 
f 1836 1965 1966 
f 1965 1966 2095 
f 1965 2094 2095 
f 2094 2095 2224 
f 2094 2223 2224 
f 2223 2224 2353 
f 2223 2352 2353 
f 2352 2353 2482 
f 2352 2481 2482 
f 2481 2482 2611 
f 2481 2610 2611 
f 2610 2611 2740 
f 2610 2739 2740 
f 2739 2740 2869 
f 2739 2868 2869 
f 2868 2869 2998 
f 2868 2997 2998 
f 2997 2998 3127 
f 2997 3126 3127 
f 3126 3127 3256 
f 3126 3255 3256 
f 3255 3256 3385 
f 3255 3384 3385 
f 3384 3385 3514 
f 3384 3513 3514 
f 3513 3514 3643 
f 3513 3642 3643 
f 3642 3643 3772 
f 3642 3771 3772 
f 3771 3772 3901 
f 3771 3900 3901 
f 3900 3901 4030 
f 3900 4029 4030 
f 4029 4030 4159 
f 4029 4158 4159 
f 4158 4159 4288 
f 4158 4287 4288 
f 4287 4288 4417 
f 4287 4416 4417 
f 4416 4417 4546 
f 4416 4545 4546 
f 4545 4546 4675 
f 4545 4674 4675 
f 4674 4675 4804 
f 4674 4803 4804 
f 4803 4804 4933 
f 4803 4932 4933 
f 4932 4933 5062 
f 4932 5061 5062 
f 5061 5062 5191 
f 5061 5190 5191 
f 5190 5191 5320 
f 5190 5319 5320 
f 5319 5320 5449 
f 5319 5448 5449 
f 5448 5449 5578 
f 5448 5577 5578 
f 5577 5578 5707 
f 5577 5706 5707 
f 5706 5707 5836 
f 5706 5835 5836 
f 5835 5836 5965 
f 5835 5964 5965 
f 5964 5965 6094 
f 5964 6093 6094 
f 6093 6094 6223 
f 6093 6222 6223 
f 6222 6223 6352 
f 6222 6351 6352 
f 6351 6352 6481 
f 6351 6480 6481 
f 6480 6481 6610 
f 6480 6609 6610 
f 6609 6610 6739 
f 6609 6738 6739 
f 6738 6739 6868 
f 6738 6867 6868 
f 6867 6868 6997 
f 6867 6996 6997 
f 6996 6997 7126 
f 6996 7125 7126 
f 7125 7126 7255 
f 7125 7254 7255 
f 7254 7255 7384 
f 7254 7383 7384 
f 7383 7384 7513 
f 7383 7512 7513 
f 7512 7513 7642 
f 7512 7641 7642 
f 7641 7642 7771 
f 7641 7770 7771 
f 7770 7771 7900 
f 7770 7899 7900 
f 7899 7900 8029 
f 7899 8028 8029 
f 8028 8029 8158 
f 8028 8157 8158 
f 8157 8158 8287 
f 8157 8286 8287 
f 8286 8287 8416 
f 8286 8415 8416 
f 8415 8416 8545 
f 8415 8544 8545 
f 8544 8545 8674 
f 8544 8673 8674 
f 8673 8674 8803 
f 8673 8802 8803 
f 8802 8803 8932 
f 8802 8931 8932 
f 8931 8932 9061 
f 8931 9060 9061 
f 9060 9061 9190 
f 9060 9189 9190 
f 9189 9190 9319 
f 9189 9318 9319 
f 9318 9319 9448 
f 9318 9447 9448 
f 9447 9448 9577 
f 9447 9576 9577 
f 9576 9577 9706 
f 9576 9705 9706 
f 9705 9706 9835 
f 9705 9834 9835 
f 9834 9835 9964 
f 9834 9963 9964 
f 9963 9964 10093 
f 9963 10092 10093 
f 10092 10093 10222 
f 10092 10221 10222 
f 10221 10222 10351 
f 10221 10350 10351 
f 10350 10351 10480 
f 10350 10479 10480 
f 10479 10480 10609 
f 10479 10608 10609 
f 10608 10609 10738 
f 10608 10737 10738 
f 10737 10738 10867 
f 10737 10866 10867 
f 10866 10867 10996 
f 10866 10995 10996 
f 10995 10996 11125 
f 10995 11124 11125 
f 11124 11125 11254 
f 11124 11253 11254 
f 11253 11254 11383 
f 11253 11382 11383 
f 11382 11383 11512 
f 11382 11511 11512 
f 11511 11512 11641 
f 11511 11640 11641 
f 11640 11641 11770 
f 11640 11769 11770 
f 11769 11770 11899 
f 11769 11898 11899 
f 11898 11899 12028 
f 11898 12027 12028 
f 12027 12028 12157 
f 12027 12156 12157 
f 12156 12157 12286 
f 12156 12285 12286 
f 12285 12286 12415 
f 12285 12414 12415 
f 12414 12415 12544 
f 12414 12543 12544 
f 12543 12544 12673 
f 12543 12672 12673 
f 12672 12673 12802 
f 12672 12801 12802 
f 12801 12802 12931 
f 12801 12930 12931 
f 12930 12931 13060 
f 12930 13059 13060 
f 13059 13060 13189 
f 13059 13188 13189 
f 13188 13189 13318 
f 13188 13317 13318 
f 13317 13318 13447 
f 13317 13446 13447 
f 13446 13447 13576 
f 13446 13575 13576 
f 13575 13576 13705 
f 13575 13704 13705 
f 13704 13705 13834 
f 13704 13833 13834 
f 13833 13834 13963 
f 13833 13962 13963 
f 13962 13963 14092 
f 13962 14091 14092 
f 14091 14092 14221 
f 14091 14220 14221 
f 14220 14221 14350 
f 14220 14349 14350 
f 14349 14350 14479 
f 14349 14478 14479 
f 14478 14479 14608 
f 14478 14607 14608 
f 14607 14608 14737 
f 14607 14736 14737 
f 14736 14737 14866 
f 14736 14865 14866 
f 14865 14866 14995 
f 14865 14994 14995 
f 14994 14995 15124 
f 14994 15123 15124 
f 15123 15124 15253 
f 15123 15252 15253 
f 15252 15253 15382 
f 15252 15381 15382 
f 15381 15382 15511 
f 15381 15510 15511 
f 15510 15511 15640 
f 15510 15639 15640 
f 15639 15640 15769 
f 15639 15768 15769 
f 15768 15769 15898 
f 15768 15897 15898 
f 15897 15898 16027 
f 15897 16026 16027 
f 16026 16027 16156 
f 16026 16155 16156 
f 16155 16156 16285 
f 16155 16284 16285 
f 16284 16285 16414 
f 16284 16413 16414 
f 16413 16414 16543 
f 16413 16542 16543 
f 31 32 161 
f 31 160 161 
f 160 161 290 
f 160 289 290 
f 289 290 419 
f 289 418 419 
f 418 419 548 
f 418 547 548 
f 547 548 677 
f 547 676 677 
f 676 677 806 
f 676 805 806 
f 805 806 935 
f 805 934 935 
f 934 935 1064 
f 934 1063 1064 
f 1063 1064 1193 
f 1063 1192 1193 
f 1192 1193 1322 
f 1192 1321 1322 
f 1321 1322 1451 
f 1321 1450 1451 
f 1450 1451 1580 
f 1450 1579 1580 
f 1579 1580 1709 
f 1579 1708 1709 
f 1708 1709 1838 
f 1708 1837 1838 
f 1837 1838 1967 
f 1837 1966 1967 
f 1966 1967 2096 
f 1966 2095 2096 
f 2095 2096 2225 
f 2095 2224 2225 
f 2224 2225 2354 
f 2224 2353 2354 
f 2353 2354 2483 
f 2353 2482 2483 
f 2482 2483 2612 
f 2482 2611 2612 
f 2611 2612 2741 
f 2611 2740 2741 
f 2740 2741 2870 
f 2740 2869 2870 
f 2869 2870 2999 
f 2869 2998 2999 
f 2998 2999 3128 
f 2998 3127 3128 
f 3127 3128 3257 
f 3127 3256 3257 
f 3256 3257 3386 
f 3256 3385 3386 
f 3385 3386 3515 
f 3385 3514 3515 
f 3514 3515 3644 
f 3514 3643 3644 
f 3643 3644 3773 
f 3643 3772 3773 
f 3772 3773 3902 
f 3772 3901 3902 
f 3901 3902 4031 
f 3901 4030 4031 
f 4030 4031 4160 
f 4030 4159 4160 
f 4159 4160 4289 
f 4159 4288 4289 
f 4288 4289 4418 
f 4288 4417 4418 
f 4417 4418 4547 
f 4417 4546 4547 
f 4546 4547 4676 
f 4546 4675 4676 
f 4675 4676 4805 
f 4675 4804 4805 
f 4804 4805 4934 
f 4804 4933 4934 
f 4933 4934 5063 
f 4933 5062 5063 
f 5062 5063 5192 
f 5062 5191 5192 
f 5191 5192 5321 
f 5191 5320 5321 
f 5320 5321 5450 
f 5320 5449 5450 
f 5449 5450 5579 
f 5449 5578 5579 
f 5578 5579 5708 
f 5578 5707 5708 
f 5707 5708 5837 
f 5707 5836 5837 
f 5836 5837 5966 
f 5836 5965 5966 
f 5965 5966 6095 
f 5965 6094 6095 
f 6094 6095 6224 
f 6094 6223 6224 
f 6223 6224 6353 
f 6223 6352 6353 
f 6352 6353 6482 
f 6352 6481 6482 
f 6481 6482 6611 
f 6481 6610 6611 
f 6610 6611 6740 
f 6610 6739 6740 
f 6739 6740 6869 
f 6739 6868 6869 
f 6868 6869 6998 
f 6868 6997 6998 
f 6997 6998 7127 
f 6997 7126 7127 
f 7126 7127 7256 
f 7126 7255 7256 
f 7255 7256 7385 
f 7255 7384 7385 
f 7384 7385 7514 
f 7384 7513 7514 
f 7513 7514 7643 
f 7513 7642 7643 
f 7642 7643 7772 
f 7642 7771 7772 
f 7771 7772 7901 
f 7771 7900 7901 
f 7900 7901 8030 
f 7900 8029 8030 
f 8029 8030 8159 
f 8029 8158 8159 
f 8158 8159 8288 
f 8158 8287 8288 
f 8287 8288 8417 
f 8287 8416 8417 
f 8416 8417 8546 
f 8416 8545 8546 
f 8545 8546 8675 
f 8545 8674 8675 
f 8674 8675 8804 
f 8674 8803 8804 
f 8803 8804 8933 
f 8803 8932 8933 
f 8932 8933 9062 
f 8932 9061 9062 
f 9061 9062 9191 
f 9061 9190 9191 
f 9190 9191 9320 
f 9190 9319 9320 
f 9319 9320 9449 
f 9319 9448 9449 
f 9448 9449 9578 
f 9448 9577 9578 
f 9577 9578 9707 
f 9577 9706 9707 
f 9706 9707 9836 
f 9706 9835 9836 
f 9835 9836 9965 
f 9835 9964 9965 
f 9964 9965 10094 
f 9964 10093 10094 
f 10093 10094 10223 
f 10093 10222 10223 
f 10222 10223 10352 
f 10222 10351 10352 
f 10351 10352 10481 
f 10351 10480 10481 
f 10480 10481 10610 
f 10480 10609 10610 
f 10609 10610 10739 
f 10609 10738 10739 
f 10738 10739 10868 
f 10738 10867 10868 
f 10867 10868 10997 
f 10867 10996 10997 
f 10996 10997 11126 
f 10996 11125 11126 
f 11125 11126 11255 
f 11125 11254 11255 
f 11254 11255 11384 
f 11254 11383 11384 
f 11383 11384 11513 
f 11383 11512 11513 
f 11512 11513 11642 
f 11512 11641 11642 
f 11641 11642 11771 
f 11641 11770 11771 
f 11770 11771 11900 
f 11770 11899 11900 
f 11899 11900 12029 
f 11899 12028 12029 
f 12028 12029 12158 
f 12028 12157 12158 
f 12157 12158 12287 
f 12157 12286 12287 
f 12286 12287 12416 
f 12286 12415 12416 
f 12415 12416 12545 
f 12415 12544 12545 
f 12544 12545 12674 
f 12544 12673 12674 
f 12673 12674 12803 
f 12673 12802 12803 
f 12802 12803 12932 
f 12802 12931 12932 
f 12931 12932 13061 
f 12931 13060 13061 
f 13060 13061 13190 
f 13060 13189 13190 
f 13189 13190 13319 
f 13189 13318 13319 
f 13318 13319 13448 
f 13318 13447 13448 
f 13447 13448 13577 
f 13447 13576 13577 
f 13576 13577 13706 
f 13576 13705 13706 
f 13705 13706 13835 
f 13705 13834 13835 
f 13834 13835 13964 
f 13834 13963 13964 
f 13963 13964 14093 
f 13963 14092 14093 
f 14092 14093 14222 
f 14092 14221 14222 
f 14221 14222 14351 
f 14221 14350 14351 
f 14350 14351 14480 
f 14350 14479 14480 
f 14479 14480 14609 
f 14479 14608 14609 
f 14608 14609 14738 
f 14608 14737 14738 
f 14737 14738 14867 
f 14737 14866 14867 
f 14866 14867 14996 
f 14866 14995 14996 
f 14995 14996 15125 
f 14995 15124 15125 
f 15124 15125 15254 
f 15124 15253 15254 
f 15253 15254 15383 
f 15253 15382 15383 
f 15382 15383 15512 
f 15382 15511 15512 
f 15511 15512 15641 
f 15511 15640 15641 
f 15640 15641 15770 
f 15640 15769 15770 
f 15769 15770 15899 
f 15769 15898 15899 
f 15898 15899 16028 
f 15898 16027 16028 
f 16027 16028 16157 
f 16027 16156 16157 
f 16156 16157 16286 
f 16156 16285 16286 
f 16285 16286 16415 
f 16285 16414 16415 
f 16414 16415 16544 
f 16414 16543 16544 
f 32 33 162 
f 32 161 162 
f 161 162 291 
f 161 290 291 
f 290 291 420 
f 290 419 420 
f 419 420 549 
f 419 548 549 
f 548 549 678 
f 548 677 678 
f 677 678 807 
f 677 806 807 
f 806 807 936 
f 806 935 936 
f 935 936 1065 
f 935 1064 1065 
f 1064 1065 1194 
f 1064 1193 1194 
f 1193 1194 1323 
f 1193 1322 1323 
f 1322 1323 1452 
f 1322 1451 1452 
f 1451 1452 1581 
f 1451 1580 1581 
f 1580 1581 1710 
f 1580 1709 1710 
f 1709 1710 1839 
f 1709 1838 1839 
f 1838 1839 1968 
f 1838 1967 1968 
f 1967 1968 2097 
f 1967 2096 2097 
f 2096 2097 2226 
f 2096 2225 2226 
f 2225 2226 2355 
f 2225 2354 2355 
f 2354 2355 2484 
f 2354 2483 2484 
f 2483 2484 2613 
f 2483 2612 2613 
f 2612 2613 2742 
f 2612 2741 2742 
f 2741 2742 2871 
f 2741 2870 2871 
f 2870 2871 3000 
f 2870 2999 3000 
f 2999 3000 3129 
f 2999 3128 3129 
f 3128 3129 3258 
f 3128 3257 3258 
f 3257 3258 3387 
f 3257 3386 3387 
f 3386 3387 3516 
f 3386 3515 3516 
f 3515 3516 3645 
f 3515 3644 3645 
f 3644 3645 3774 
f 3644 3773 3774 
f 3773 3774 3903 
f 3773 3902 3903 
f 3902 3903 4032 
f 3902 4031 4032 
f 4031 4032 4161 
f 4031 4160 4161 
f 4160 4161 4290 
f 4160 4289 4290 
f 4289 4290 4419 
f 4289 4418 4419 
f 4418 4419 4548 
f 4418 4547 4548 
f 4547 4548 4677 
f 4547 4676 4677 
f 4676 4677 4806 
f 4676 4805 4806 
f 4805 4806 4935 
f 4805 4934 4935 
f 4934 4935 5064 
f 4934 5063 5064 
f 5063 5064 5193 
f 5063 5192 5193 
f 5192 5193 5322 
f 5192 5321 5322 
f 5321 5322 5451 
f 5321 5450 5451 
f 5450 5451 5580 
f 5450 5579 5580 
f 5579 5580 5709 
f 5579 5708 5709 
f 5708 5709 5838 
f 5708 5837 5838 
f 5837 5838 5967 
f 5837 5966 5967 
f 5966 5967 6096 
f 5966 6095 6096 
f 6095 6096 6225 
f 6095 6224 6225 
f 6224 6225 6354 
f 6224 6353 6354 
f 6353 6354 6483 
f 6353 6482 6483 
f 6482 6483 6612 
f 6482 6611 6612 
f 6611 6612 6741 
f 6611 6740 6741 
f 6740 6741 6870 
f 6740 6869 6870 
f 6869 6870 6999 
f 6869 6998 6999 
f 6998 6999 7128 
f 6998 7127 7128 
f 7127 7128 7257 
f 7127 7256 7257 
f 7256 7257 7386 
f 7256 7385 7386 
f 7385 7386 7515 
f 7385 7514 7515 
f 7514 7515 7644 
f 7514 7643 7644 
f 7643 7644 7773 
f 7643 7772 7773 
f 7772 7773 7902 
f 7772 7901 7902 
f 7901 7902 8031 
f 7901 8030 8031 
f 8030 8031 8160 
f 8030 8159 8160 
f 8159 8160 8289 
f 8159 8288 8289 
f 8288 8289 8418 
f 8288 8417 8418 
f 8417 8418 8547 
f 8417 8546 8547 
f 8546 8547 8676 
f 8546 8675 8676 
f 8675 8676 8805 
f 8675 8804 8805 
f 8804 8805 8934 
f 8804 8933 8934 
f 8933 8934 9063 
f 8933 9062 9063 
f 9062 9063 9192 
f 9062 9191 9192 
f 9191 9192 9321 
f 9191 9320 9321 
f 9320 9321 9450 
f 9320 9449 9450 
f 9449 9450 9579 
f 9449 9578 9579 
f 9578 9579 9708 
f 9578 9707 9708 
f 9707 9708 9837 
f 9707 9836 9837 
f 9836 9837 9966 
f 9836 9965 9966 
f 9965 9966 10095 
f 9965 10094 10095 
f 10094 10095 10224 
f 10094 10223 10224 
f 10223 10224 10353 
f 10223 10352 10353 
f 10352 10353 10482 
f 10352 10481 10482 
f 10481 10482 10611 
f 10481 10610 10611 
f 10610 10611 10740 
f 10610 10739 10740 
f 10739 10740 10869 
f 10739 10868 10869 
f 10868 10869 10998 
f 10868 10997 10998 
f 10997 10998 11127 
f 10997 11126 11127 
f 11126 11127 11256 
f 11126 11255 11256 
f 11255 11256 11385 
f 11255 11384 11385 
f 11384 11385 11514 
f 11384 11513 11514 
f 11513 11514 11643 
f 11513 11642 11643 
f 11642 11643 11772 
f 11642 11771 11772 
f 11771 11772 11901 
f 11771 11900 11901 
f 11900 11901 12030 
f 11900 12029 12030 
f 12029 12030 12159 
f 12029 12158 12159 
f 12158 12159 12288 
f 12158 12287 12288 
f 12287 12288 12417 
f 12287 12416 12417 
f 12416 12417 12546 
f 12416 12545 12546 
f 12545 12546 12675 
f 12545 12674 12675 
f 12674 12675 12804 
f 12674 12803 12804 
f 12803 12804 12933 
f 12803 12932 12933 
f 12932 12933 13062 
f 12932 13061 13062 
f 13061 13062 13191 
f 13061 13190 13191 
f 13190 13191 13320 
f 13190 13319 13320 
f 13319 13320 13449 
f 13319 13448 13449 
f 13448 13449 13578 
f 13448 13577 13578 
f 13577 13578 13707 
f 13577 13706 13707 
f 13706 13707 13836 
f 13706 13835 13836 
f 13835 13836 13965 
f 13835 13964 13965 
f 13964 13965 14094 
f 13964 14093 14094 
f 14093 14094 14223 
f 14093 14222 14223 
f 14222 14223 14352 
f 14222 14351 14352 
f 14351 14352 14481 
f 14351 14480 14481 
f 14480 14481 14610 
f 14480 14609 14610 
f 14609 14610 14739 
f 14609 14738 14739 
f 14738 14739 14868 
f 14738 14867 14868 
f 14867 14868 14997 
f 14867 14996 14997 
f 14996 14997 15126 
f 14996 15125 15126 
f 15125 15126 15255 
f 15125 15254 15255 
f 15254 15255 15384 
f 15254 15383 15384 
f 15383 15384 15513 
f 15383 15512 15513 
f 15512 15513 15642 
f 15512 15641 15642 
f 15641 15642 15771 
f 15641 15770 15771 
f 15770 15771 15900 
f 15770 15899 15900 
f 15899 15900 16029 
f 15899 16028 16029 
f 16028 16029 16158 
f 16028 16157 16158 
f 16157 16158 16287 
f 16157 16286 16287 
f 16286 16287 16416 
f 16286 16415 16416 
f 16415 16416 16545 
f 16415 16544 16545 
f 33 34 163 
f 33 162 163 
f 162 163 292 
f 162 291 292 
f 291 292 421 
f 291 420 421 
f 420 421 550 
f 420 549 550 
f 549 550 679 
f 549 678 679 
f 678 679 808 
f 678 807 808 
f 807 808 937 
f 807 936 937 
f 936 937 1066 
f 936 1065 1066 
f 1065 1066 1195 
f 1065 1194 1195 
f 1194 1195 1324 
f 1194 1323 1324 
f 1323 1324 1453 
f 1323 1452 1453 
f 1452 1453 1582 
f 1452 1581 1582 
f 1581 1582 1711 
f 1581 1710 1711 
f 1710 1711 1840 
f 1710 1839 1840 
f 1839 1840 1969 
f 1839 1968 1969 
f 1968 1969 2098 
f 1968 2097 2098 
f 2097 2098 2227 
f 2097 2226 2227 
f 2226 2227 2356 
f 2226 2355 2356 
f 2355 2356 2485 
f 2355 2484 2485 
f 2484 2485 2614 
f 2484 2613 2614 
f 2613 2614 2743 
f 2613 2742 2743 
f 2742 2743 2872 
f 2742 2871 2872 
f 2871 2872 3001 
f 2871 3000 3001 
f 3000 3001 3130 
f 3000 3129 3130 
f 3129 3130 3259 
f 3129 3258 3259 
f 3258 3259 3388 
f 3258 3387 3388 
f 3387 3388 3517 
f 3387 3516 3517 
f 3516 3517 3646 
f 3516 3645 3646 
f 3645 3646 3775 
f 3645 3774 3775 
f 3774 3775 3904 
f 3774 3903 3904 
f 3903 3904 4033 
f 3903 4032 4033 
f 4032 4033 4162 
f 4032 4161 4162 
f 4161 4162 4291 
f 4161 4290 4291 
f 4290 4291 4420 
f 4290 4419 4420 
f 4419 4420 4549 
f 4419 4548 4549 
f 4548 4549 4678 
f 4548 4677 4678 
f 4677 4678 4807 
f 4677 4806 4807 
f 4806 4807 4936 
f 4806 4935 4936 
f 4935 4936 5065 
f 4935 5064 5065 
f 5064 5065 5194 
f 5064 5193 5194 
f 5193 5194 5323 
f 5193 5322 5323 
f 5322 5323 5452 
f 5322 5451 5452 
f 5451 5452 5581 
f 5451 5580 5581 
f 5580 5581 5710 
f 5580 5709 5710 
f 5709 5710 5839 
f 5709 5838 5839 
f 5838 5839 5968 
f 5838 5967 5968 
f 5967 5968 6097 
f 5967 6096 6097 
f 6096 6097 6226 
f 6096 6225 6226 
f 6225 6226 6355 
f 6225 6354 6355 
f 6354 6355 6484 
f 6354 6483 6484 
f 6483 6484 6613 
f 6483 6612 6613 
f 6612 6613 6742 
f 6612 6741 6742 
f 6741 6742 6871 
f 6741 6870 6871 
f 6870 6871 7000 
f 6870 6999 7000 
f 6999 7000 7129 
f 6999 7128 7129 
f 7128 7129 7258 
f 7128 7257 7258 
f 7257 7258 7387 
f 7257 7386 7387 
f 7386 7387 7516 
f 7386 7515 7516 
f 7515 7516 7645 
f 7515 7644 7645 
f 7644 7645 7774 
f 7644 7773 7774 
f 7773 7774 7903 
f 7773 7902 7903 
f 7902 7903 8032 
f 7902 8031 8032 
f 8031 8032 8161 
f 8031 8160 8161 
f 8160 8161 8290 
f 8160 8289 8290 
f 8289 8290 8419 
f 8289 8418 8419 
f 8418 8419 8548 
f 8418 8547 8548 
f 8547 8548 8677 
f 8547 8676 8677 
f 8676 8677 8806 
f 8676 8805 8806 
f 8805 8806 8935 
f 8805 8934 8935 
f 8934 8935 9064 
f 8934 9063 9064 
f 9063 9064 9193 
f 9063 9192 9193 
f 9192 9193 9322 
f 9192 9321 9322 
f 9321 9322 9451 
f 9321 9450 9451 
f 9450 9451 9580 
f 9450 9579 9580 
f 9579 9580 9709 
f 9579 9708 9709 
f 9708 9709 9838 
f 9708 9837 9838 
f 9837 9838 9967 
f 9837 9966 9967 
f 9966 9967 10096 
f 9966 10095 10096 
f 10095 10096 10225 
f 10095 10224 10225 
f 10224 10225 10354 
f 10224 10353 10354 
f 10353 10354 10483 
f 10353 10482 10483 
f 10482 10483 10612 
f 10482 10611 10612 
f 10611 10612 10741 
f 10611 10740 10741 
f 10740 10741 10870 
f 10740 10869 10870 
f 10869 10870 10999 
f 10869 10998 10999 
f 10998 10999 11128 
f 10998 11127 11128 
f 11127 11128 11257 
f 11127 11256 11257 
f 11256 11257 11386 
f 11256 11385 11386 
f 11385 11386 11515 
f 11385 11514 11515 
f 11514 11515 11644 
f 11514 11643 11644 
f 11643 11644 11773 
f 11643 11772 11773 
f 11772 11773 11902 
f 11772 11901 11902 
f 11901 11902 12031 
f 11901 12030 12031 
f 12030 12031 12160 
f 12030 12159 12160 
f 12159 12160 12289 
f 12159 12288 12289 
f 12288 12289 12418 
f 12288 12417 12418 
f 12417 12418 12547 
f 12417 12546 12547 
f 12546 12547 12676 
f 12546 12675 12676 
f 12675 12676 12805 
f 12675 12804 12805 
f 12804 12805 12934 
f 12804 12933 12934 
f 12933 12934 13063 
f 12933 13062 13063 
f 13062 13063 13192 
f 13062 13191 13192 
f 13191 13192 13321 
f 13191 13320 13321 
f 13320 13321 13450 
f 13320 13449 13450 
f 13449 13450 13579 
f 13449 13578 13579 
f 13578 13579 13708 
f 13578 13707 13708 
f 13707 13708 13837 
f 13707 13836 13837 
f 13836 13837 13966 
f 13836 13965 13966 
f 13965 13966 14095 
f 13965 14094 14095 
f 14094 14095 14224 
f 14094 14223 14224 
f 14223 14224 14353 
f 14223 14352 14353 
f 14352 14353 14482 
f 14352 14481 14482 
f 14481 14482 14611 
f 14481 14610 14611 
f 14610 14611 14740 
f 14610 14739 14740 
f 14739 14740 14869 
f 14739 14868 14869 
f 14868 14869 14998 
f 14868 14997 14998 
f 14997 14998 15127 
f 14997 15126 15127 
f 15126 15127 15256 
f 15126 15255 15256 
f 15255 15256 15385 
f 15255 15384 15385 
f 15384 15385 15514 
f 15384 15513 15514 
f 15513 15514 15643 
f 15513 15642 15643 
f 15642 15643 15772 
f 15642 15771 15772 
f 15771 15772 15901 
f 15771 15900 15901 
f 15900 15901 16030 
f 15900 16029 16030 
f 16029 16030 16159 
f 16029 16158 16159 
f 16158 16159 16288 
f 16158 16287 16288 
f 16287 16288 16417 
f 16287 16416 16417 
f 16416 16417 16546 
f 16416 16545 16546 
f 34 35 164 
f 34 163 164 
f 163 164 293 
f 163 292 293 
f 292 293 422 
f 292 421 422 
f 421 422 551 
f 421 550 551 
f 550 551 680 
f 550 679 680 
f 679 680 809 
f 679 808 809 
f 808 809 938 
f 808 937 938 
f 937 938 1067 
f 937 1066 1067 
f 1066 1067 1196 
f 1066 1195 1196 
f 1195 1196 1325 
f 1195 1324 1325 
f 1324 1325 1454 
f 1324 1453 1454 
f 1453 1454 1583 
f 1453 1582 1583 
f 1582 1583 1712 
f 1582 1711 1712 
f 1711 1712 1841 
f 1711 1840 1841 
f 1840 1841 1970 
f 1840 1969 1970 
f 1969 1970 2099 
f 1969 2098 2099 
f 2098 2099 2228 
f 2098 2227 2228 
f 2227 2228 2357 
f 2227 2356 2357 
f 2356 2357 2486 
f 2356 2485 2486 
f 2485 2486 2615 
f 2485 2614 2615 
f 2614 2615 2744 
f 2614 2743 2744 
f 2743 2744 2873 
f 2743 2872 2873 
f 2872 2873 3002 
f 2872 3001 3002 
f 3001 3002 3131 
f 3001 3130 3131 
f 3130 3131 3260 
f 3130 3259 3260 
f 3259 3260 3389 
f 3259 3388 3389 
f 3388 3389 3518 
f 3388 3517 3518 
f 3517 3518 3647 
f 3517 3646 3647 
f 3646 3647 3776 
f 3646 3775 3776 
f 3775 3776 3905 
f 3775 3904 3905 
f 3904 3905 4034 
f 3904 4033 4034 
f 4033 4034 4163 
f 4033 4162 4163 
f 4162 4163 4292 
f 4162 4291 4292 
f 4291 4292 4421 
f 4291 4420 4421 
f 4420 4421 4550 
f 4420 4549 4550 
f 4549 4550 4679 
f 4549 4678 4679 
f 4678 4679 4808 
f 4678 4807 4808 
f 4807 4808 4937 
f 4807 4936 4937 
f 4936 4937 5066 
f 4936 5065 5066 
f 5065 5066 5195 
f 5065 5194 5195 
f 5194 5195 5324 
f 5194 5323 5324 
f 5323 5324 5453 
f 5323 5452 5453 
f 5452 5453 5582 
f 5452 5581 5582 
f 5581 5582 5711 
f 5581 5710 5711 
f 5710 5711 5840 
f 5710 5839 5840 
f 5839 5840 5969 
f 5839 5968 5969 
f 5968 5969 6098 
f 5968 6097 6098 
f 6097 6098 6227 
f 6097 6226 6227 
f 6226 6227 6356 
f 6226 6355 6356 
f 6355 6356 6485 
f 6355 6484 6485 
f 6484 6485 6614 
f 6484 6613 6614 
f 6613 6614 6743 
f 6613 6742 6743 
f 6742 6743 6872 
f 6742 6871 6872 
f 6871 6872 7001 
f 6871 7000 7001 
f 7000 7001 7130 
f 7000 7129 7130 
f 7129 7130 7259 
f 7129 7258 7259 
f 7258 7259 7388 
f 7258 7387 7388 
f 7387 7388 7517 
f 7387 7516 7517 
f 7516 7517 7646 
f 7516 7645 7646 
f 7645 7646 7775 
f 7645 7774 7775 
f 7774 7775 7904 
f 7774 7903 7904 
f 7903 7904 8033 
f 7903 8032 8033 
f 8032 8033 8162 
f 8032 8161 8162 
f 8161 8162 8291 
f 8161 8290 8291 
f 8290 8291 8420 
f 8290 8419 8420 
f 8419 8420 8549 
f 8419 8548 8549 
f 8548 8549 8678 
f 8548 8677 8678 
f 8677 8678 8807 
f 8677 8806 8807 
f 8806 8807 8936 
f 8806 8935 8936 
f 8935 8936 9065 
f 8935 9064 9065 
f 9064 9065 9194 
f 9064 9193 9194 
f 9193 9194 9323 
f 9193 9322 9323 
f 9322 9323 9452 
f 9322 9451 9452 
f 9451 9452 9581 
f 9451 9580 9581 
f 9580 9581 9710 
f 9580 9709 9710 
f 9709 9710 9839 
f 9709 9838 9839 
f 9838 9839 9968 
f 9838 9967 9968 
f 9967 9968 10097 
f 9967 10096 10097 
f 10096 10097 10226 
f 10096 10225 10226 
f 10225 10226 10355 
f 10225 10354 10355 
f 10354 10355 10484 
f 10354 10483 10484 
f 10483 10484 10613 
f 10483 10612 10613 
f 10612 10613 10742 
f 10612 10741 10742 
f 10741 10742 10871 
f 10741 10870 10871 
f 10870 10871 11000 
f 10870 10999 11000 
f 10999 11000 11129 
f 10999 11128 11129 
f 11128 11129 11258 
f 11128 11257 11258 
f 11257 11258 11387 
f 11257 11386 11387 
f 11386 11387 11516 
f 11386 11515 11516 
f 11515 11516 11645 
f 11515 11644 11645 
f 11644 11645 11774 
f 11644 11773 11774 
f 11773 11774 11903 
f 11773 11902 11903 
f 11902 11903 12032 
f 11902 12031 12032 
f 12031 12032 12161 
f 12031 12160 12161 
f 12160 12161 12290 
f 12160 12289 12290 
f 12289 12290 12419 
f 12289 12418 12419 
f 12418 12419 12548 
f 12418 12547 12548 
f 12547 12548 12677 
f 12547 12676 12677 
f 12676 12677 12806 
f 12676 12805 12806 
f 12805 12806 12935 
f 12805 12934 12935 
f 12934 12935 13064 
f 12934 13063 13064 
f 13063 13064 13193 
f 13063 13192 13193 
f 13192 13193 13322 
f 13192 13321 13322 
f 13321 13322 13451 
f 13321 13450 13451 
f 13450 13451 13580 
f 13450 13579 13580 
f 13579 13580 13709 
f 13579 13708 13709 
f 13708 13709 13838 
f 13708 13837 13838 
f 13837 13838 13967 
f 13837 13966 13967 
f 13966 13967 14096 
f 13966 14095 14096 
f 14095 14096 14225 
f 14095 14224 14225 
f 14224 14225 14354 
f 14224 14353 14354 
f 14353 14354 14483 
f 14353 14482 14483 
f 14482 14483 14612 
f 14482 14611 14612 
f 14611 14612 14741 
f 14611 14740 14741 
f 14740 14741 14870 
f 14740 14869 14870 
f 14869 14870 14999 
f 14869 14998 14999 
f 14998 14999 15128 
f 14998 15127 15128 
f 15127 15128 15257 
f 15127 15256 15257 
f 15256 15257 15386 
f 15256 15385 15386 
f 15385 15386 15515 
f 15385 15514 15515 
f 15514 15515 15644 
f 15514 15643 15644 
f 15643 15644 15773 
f 15643 15772 15773 
f 15772 15773 15902 
f 15772 15901 15902 
f 15901 15902 16031 
f 15901 16030 16031 
f 16030 16031 16160 
f 16030 16159 16160 
f 16159 16160 16289 
f 16159 16288 16289 
f 16288 16289 16418 
f 16288 16417 16418 
f 16417 16418 16547 
f 16417 16546 16547 
f 35 36 165 
f 35 164 165 
f 164 165 294 
f 164 293 294 
f 293 294 423 
f 293 422 423 
f 422 423 552 
f 422 551 552 
f 551 552 681 
f 551 680 681 
f 680 681 810 
f 680 809 810 
f 809 810 939 
f 809 938 939 
f 938 939 1068 
f 938 1067 1068 
f 1067 1068 1197 
f 1067 1196 1197 
f 1196 1197 1326 
f 1196 1325 1326 
f 1325 1326 1455 
f 1325 1454 1455 
f 1454 1455 1584 
f 1454 1583 1584 
f 1583 1584 1713 
f 1583 1712 1713 
f 1712 1713 1842 
f 1712 1841 1842 
f 1841 1842 1971 
f 1841 1970 1971 
f 1970 1971 2100 
f 1970 2099 2100 
f 2099 2100 2229 
f 2099 2228 2229 
f 2228 2229 2358 
f 2228 2357 2358 
f 2357 2358 2487 
f 2357 2486 2487 
f 2486 2487 2616 
f 2486 2615 2616 
f 2615 2616 2745 
f 2615 2744 2745 
f 2744 2745 2874 
f 2744 2873 2874 
f 2873 2874 3003 
f 2873 3002 3003 
f 3002 3003 3132 
f 3002 3131 3132 
f 3131 3132 3261 
f 3131 3260 3261 
f 3260 3261 3390 
f 3260 3389 3390 
f 3389 3390 3519 
f 3389 3518 3519 
f 3518 3519 3648 
f 3518 3647 3648 
f 3647 3648 3777 
f 3647 3776 3777 
f 3776 3777 3906 
f 3776 3905 3906 
f 3905 3906 4035 
f 3905 4034 4035 
f 4034 4035 4164 
f 4034 4163 4164 
f 4163 4164 4293 
f 4163 4292 4293 
f 4292 4293 4422 
f 4292 4421 4422 
f 4421 4422 4551 
f 4421 4550 4551 
f 4550 4551 4680 
f 4550 4679 4680 
f 4679 4680 4809 
f 4679 4808 4809 
f 4808 4809 4938 
f 4808 4937 4938 
f 4937 4938 5067 
f 4937 5066 5067 
f 5066 5067 5196 
f 5066 5195 5196 
f 5195 5196 5325 
f 5195 5324 5325 
f 5324 5325 5454 
f 5324 5453 5454 
f 5453 5454 5583 
f 5453 5582 5583 
f 5582 5583 5712 
f 5582 5711 5712 
f 5711 5712 5841 
f 5711 5840 5841 
f 5840 5841 5970 
f 5840 5969 5970 
f 5969 5970 6099 
f 5969 6098 6099 
f 6098 6099 6228 
f 6098 6227 6228 
f 6227 6228 6357 
f 6227 6356 6357 
f 6356 6357 6486 
f 6356 6485 6486 
f 6485 6486 6615 
f 6485 6614 6615 
f 6614 6615 6744 
f 6614 6743 6744 
f 6743 6744 6873 
f 6743 6872 6873 
f 6872 6873 7002 
f 6872 7001 7002 
f 7001 7002 7131 
f 7001 7130 7131 
f 7130 7131 7260 
f 7130 7259 7260 
f 7259 7260 7389 
f 7259 7388 7389 
f 7388 7389 7518 
f 7388 7517 7518 
f 7517 7518 7647 
f 7517 7646 7647 
f 7646 7647 7776 
f 7646 7775 7776 
f 7775 7776 7905 
f 7775 7904 7905 
f 7904 7905 8034 
f 7904 8033 8034 
f 8033 8034 8163 
f 8033 8162 8163 
f 8162 8163 8292 
f 8162 8291 8292 
f 8291 8292 8421 
f 8291 8420 8421 
f 8420 8421 8550 
f 8420 8549 8550 
f 8549 8550 8679 
f 8549 8678 8679 
f 8678 8679 8808 
f 8678 8807 8808 
f 8807 8808 8937 
f 8807 8936 8937 
f 8936 8937 9066 
f 8936 9065 9066 
f 9065 9066 9195 
f 9065 9194 9195 
f 9194 9195 9324 
f 9194 9323 9324 
f 9323 9324 9453 
f 9323 9452 9453 
f 9452 9453 9582 
f 9452 9581 9582 
f 9581 9582 9711 
f 9581 9710 9711 
f 9710 9711 9840 
f 9710 9839 9840 
f 9839 9840 9969 
f 9839 9968 9969 
f 9968 9969 10098 
f 9968 10097 10098 
f 10097 10098 10227 
f 10097 10226 10227 
f 10226 10227 10356 
f 10226 10355 10356 
f 10355 10356 10485 
f 10355 10484 10485 
f 10484 10485 10614 
f 10484 10613 10614 
f 10613 10614 10743 
f 10613 10742 10743 
f 10742 10743 10872 
f 10742 10871 10872 
f 10871 10872 11001 
f 10871 11000 11001 
f 11000 11001 11130 
f 11000 11129 11130 
f 11129 11130 11259 
f 11129 11258 11259 
f 11258 11259 11388 
f 11258 11387 11388 
f 11387 11388 11517 
f 11387 11516 11517 
f 11516 11517 11646 
f 11516 11645 11646 
f 11645 11646 11775 
f 11645 11774 11775 
f 11774 11775 11904 
f 11774 11903 11904 
f 11903 11904 12033 
f 11903 12032 12033 
f 12032 12033 12162 
f 12032 12161 12162 
f 12161 12162 12291 
f 12161 12290 12291 
f 12290 12291 12420 
f 12290 12419 12420 
f 12419 12420 12549 
f 12419 12548 12549 
f 12548 12549 12678 
f 12548 12677 12678 
f 12677 12678 12807 
f 12677 12806 12807 
f 12806 12807 12936 
f 12806 12935 12936 
f 12935 12936 13065 
f 12935 13064 13065 
f 13064 13065 13194 
f 13064 13193 13194 
f 13193 13194 13323 
f 13193 13322 13323 
f 13322 13323 13452 
f 13322 13451 13452 
f 13451 13452 13581 
f 13451 13580 13581 
f 13580 13581 13710 
f 13580 13709 13710 
f 13709 13710 13839 
f 13709 13838 13839 
f 13838 13839 13968 
f 13838 13967 13968 
f 13967 13968 14097 
f 13967 14096 14097 
f 14096 14097 14226 
f 14096 14225 14226 
f 14225 14226 14355 
f 14225 14354 14355 
f 14354 14355 14484 
f 14354 14483 14484 
f 14483 14484 14613 
f 14483 14612 14613 
f 14612 14613 14742 
f 14612 14741 14742 
f 14741 14742 14871 
f 14741 14870 14871 
f 14870 14871 15000 
f 14870 14999 15000 
f 14999 15000 15129 
f 14999 15128 15129 
f 15128 15129 15258 
f 15128 15257 15258 
f 15257 15258 15387 
f 15257 15386 15387 
f 15386 15387 15516 
f 15386 15515 15516 
f 15515 15516 15645 
f 15515 15644 15645 
f 15644 15645 15774 
f 15644 15773 15774 
f 15773 15774 15903 
f 15773 15902 15903 
f 15902 15903 16032 
f 15902 16031 16032 
f 16031 16032 16161 
f 16031 16160 16161 
f 16160 16161 16290 
f 16160 16289 16290 
f 16289 16290 16419 
f 16289 16418 16419 
f 16418 16419 16548 
f 16418 16547 16548 
f 36 37 166 
f 36 165 166 
f 165 166 295 
f 165 294 295 
f 294 295 424 
f 294 423 424 
f 423 424 553 
f 423 552 553 
f 552 553 682 
f 552 681 682 
f 681 682 811 
f 681 810 811 
f 810 811 940 
f 810 939 940 
f 939 940 1069 
f 939 1068 1069 
f 1068 1069 1198 
f 1068 1197 1198 
f 1197 1198 1327 
f 1197 1326 1327 
f 1326 1327 1456 
f 1326 1455 1456 
f 1455 1456 1585 
f 1455 1584 1585 
f 1584 1585 1714 
f 1584 1713 1714 
f 1713 1714 1843 
f 1713 1842 1843 
f 1842 1843 1972 
f 1842 1971 1972 
f 1971 1972 2101 
f 1971 2100 2101 
f 2100 2101 2230 
f 2100 2229 2230 
f 2229 2230 2359 
f 2229 2358 2359 
f 2358 2359 2488 
f 2358 2487 2488 
f 2487 2488 2617 
f 2487 2616 2617 
f 2616 2617 2746 
f 2616 2745 2746 
f 2745 2746 2875 
f 2745 2874 2875 
f 2874 2875 3004 
f 2874 3003 3004 
f 3003 3004 3133 
f 3003 3132 3133 
f 3132 3133 3262 
f 3132 3261 3262 
f 3261 3262 3391 
f 3261 3390 3391 
f 3390 3391 3520 
f 3390 3519 3520 
f 3519 3520 3649 
f 3519 3648 3649 
f 3648 3649 3778 
f 3648 3777 3778 
f 3777 3778 3907 
f 3777 3906 3907 
f 3906 3907 4036 
f 3906 4035 4036 
f 4035 4036 4165 
f 4035 4164 4165 
f 4164 4165 4294 
f 4164 4293 4294 
f 4293 4294 4423 
f 4293 4422 4423 
f 4422 4423 4552 
f 4422 4551 4552 
f 4551 4552 4681 
f 4551 4680 4681 
f 4680 4681 4810 
f 4680 4809 4810 
f 4809 4810 4939 
f 4809 4938 4939 
f 4938 4939 5068 
f 4938 5067 5068 
f 5067 5068 5197 
f 5067 5196 5197 
f 5196 5197 5326 
f 5196 5325 5326 
f 5325 5326 5455 
f 5325 5454 5455 
f 5454 5455 5584 
f 5454 5583 5584 
f 5583 5584 5713 
f 5583 5712 5713 
f 5712 5713 5842 
f 5712 5841 5842 
f 5841 5842 5971 
f 5841 5970 5971 
f 5970 5971 6100 
f 5970 6099 6100 
f 6099 6100 6229 
f 6099 6228 6229 
f 6228 6229 6358 
f 6228 6357 6358 
f 6357 6358 6487 
f 6357 6486 6487 
f 6486 6487 6616 
f 6486 6615 6616 
f 6615 6616 6745 
f 6615 6744 6745 
f 6744 6745 6874 
f 6744 6873 6874 
f 6873 6874 7003 
f 6873 7002 7003 
f 7002 7003 7132 
f 7002 7131 7132 
f 7131 7132 7261 
f 7131 7260 7261 
f 7260 7261 7390 
f 7260 7389 7390 
f 7389 7390 7519 
f 7389 7518 7519 
f 7518 7519 7648 
f 7518 7647 7648 
f 7647 7648 7777 
f 7647 7776 7777 
f 7776 7777 7906 
f 7776 7905 7906 
f 7905 7906 8035 
f 7905 8034 8035 
f 8034 8035 8164 
f 8034 8163 8164 
f 8163 8164 8293 
f 8163 8292 8293 
f 8292 8293 8422 
f 8292 8421 8422 
f 8421 8422 8551 
f 8421 8550 8551 
f 8550 8551 8680 
f 8550 8679 8680 
f 8679 8680 8809 
f 8679 8808 8809 
f 8808 8809 8938 
f 8808 8937 8938 
f 8937 8938 9067 
f 8937 9066 9067 
f 9066 9067 9196 
f 9066 9195 9196 
f 9195 9196 9325 
f 9195 9324 9325 
f 9324 9325 9454 
f 9324 9453 9454 
f 9453 9454 9583 
f 9453 9582 9583 
f 9582 9583 9712 
f 9582 9711 9712 
f 9711 9712 9841 
f 9711 9840 9841 
f 9840 9841 9970 
f 9840 9969 9970 
f 9969 9970 10099 
f 9969 10098 10099 
f 10098 10099 10228 
f 10098 10227 10228 
f 10227 10228 10357 
f 10227 10356 10357 
f 10356 10357 10486 
f 10356 10485 10486 
f 10485 10486 10615 
f 10485 10614 10615 
f 10614 10615 10744 
f 10614 10743 10744 
f 10743 10744 10873 
f 10743 10872 10873 
f 10872 10873 11002 
f 10872 11001 11002 
f 11001 11002 11131 
f 11001 11130 11131 
f 11130 11131 11260 
f 11130 11259 11260 
f 11259 11260 11389 
f 11259 11388 11389 
f 11388 11389 11518 
f 11388 11517 11518 
f 11517 11518 11647 
f 11517 11646 11647 
f 11646 11647 11776 
f 11646 11775 11776 
f 11775 11776 11905 
f 11775 11904 11905 
f 11904 11905 12034 
f 11904 12033 12034 
f 12033 12034 12163 
f 12033 12162 12163 
f 12162 12163 12292 
f 12162 12291 12292 
f 12291 12292 12421 
f 12291 12420 12421 
f 12420 12421 12550 
f 12420 12549 12550 
f 12549 12550 12679 
f 12549 12678 12679 
f 12678 12679 12808 
f 12678 12807 12808 
f 12807 12808 12937 
f 12807 12936 12937 
f 12936 12937 13066 
f 12936 13065 13066 
f 13065 13066 13195 
f 13065 13194 13195 
f 13194 13195 13324 
f 13194 13323 13324 
f 13323 13324 13453 
f 13323 13452 13453 
f 13452 13453 13582 
f 13452 13581 13582 
f 13581 13582 13711 
f 13581 13710 13711 
f 13710 13711 13840 
f 13710 13839 13840 
f 13839 13840 13969 
f 13839 13968 13969 
f 13968 13969 14098 
f 13968 14097 14098 
f 14097 14098 14227 
f 14097 14226 14227 
f 14226 14227 14356 
f 14226 14355 14356 
f 14355 14356 14485 
f 14355 14484 14485 
f 14484 14485 14614 
f 14484 14613 14614 
f 14613 14614 14743 
f 14613 14742 14743 
f 14742 14743 14872 
f 14742 14871 14872 
f 14871 14872 15001 
f 14871 15000 15001 
f 15000 15001 15130 
f 15000 15129 15130 
f 15129 15130 15259 
f 15129 15258 15259 
f 15258 15259 15388 
f 15258 15387 15388 
f 15387 15388 15517 
f 15387 15516 15517 
f 15516 15517 15646 
f 15516 15645 15646 
f 15645 15646 15775 
f 15645 15774 15775 
f 15774 15775 15904 
f 15774 15903 15904 
f 15903 15904 16033 
f 15903 16032 16033 
f 16032 16033 16162 
f 16032 16161 16162 
f 16161 16162 16291 
f 16161 16290 16291 
f 16290 16291 16420 
f 16290 16419 16420 
f 16419 16420 16549 
f 16419 16548 16549 
f 37 38 167 
f 37 166 167 
f 166 167 296 
f 166 295 296 
f 295 296 425 
f 295 424 425 
f 424 425 554 
f 424 553 554 
f 553 554 683 
f 553 682 683 
f 682 683 812 
f 682 811 812 
f 811 812 941 
f 811 940 941 
f 940 941 1070 
f 940 1069 1070 
f 1069 1070 1199 
f 1069 1198 1199 
f 1198 1199 1328 
f 1198 1327 1328 
f 1327 1328 1457 
f 1327 1456 1457 
f 1456 1457 1586 
f 1456 1585 1586 
f 1585 1586 1715 
f 1585 1714 1715 
f 1714 1715 1844 
f 1714 1843 1844 
f 1843 1844 1973 
f 1843 1972 1973 
f 1972 1973 2102 
f 1972 2101 2102 
f 2101 2102 2231 
f 2101 2230 2231 
f 2230 2231 2360 
f 2230 2359 2360 
f 2359 2360 2489 
f 2359 2488 2489 
f 2488 2489 2618 
f 2488 2617 2618 
f 2617 2618 2747 
f 2617 2746 2747 
f 2746 2747 2876 
f 2746 2875 2876 
f 2875 2876 3005 
f 2875 3004 3005 
f 3004 3005 3134 
f 3004 3133 3134 
f 3133 3134 3263 
f 3133 3262 3263 
f 3262 3263 3392 
f 3262 3391 3392 
f 3391 3392 3521 
f 3391 3520 3521 
f 3520 3521 3650 
f 3520 3649 3650 
f 3649 3650 3779 
f 3649 3778 3779 
f 3778 3779 3908 
f 3778 3907 3908 
f 3907 3908 4037 
f 3907 4036 4037 
f 4036 4037 4166 
f 4036 4165 4166 
f 4165 4166 4295 
f 4165 4294 4295 
f 4294 4295 4424 
f 4294 4423 4424 
f 4423 4424 4553 
f 4423 4552 4553 
f 4552 4553 4682 
f 4552 4681 4682 
f 4681 4682 4811 
f 4681 4810 4811 
f 4810 4811 4940 
f 4810 4939 4940 
f 4939 4940 5069 
f 4939 5068 5069 
f 5068 5069 5198 
f 5068 5197 5198 
f 5197 5198 5327 
f 5197 5326 5327 
f 5326 5327 5456 
f 5326 5455 5456 
f 5455 5456 5585 
f 5455 5584 5585 
f 5584 5585 5714 
f 5584 5713 5714 
f 5713 5714 5843 
f 5713 5842 5843 
f 5842 5843 5972 
f 5842 5971 5972 
f 5971 5972 6101 
f 5971 6100 6101 
f 6100 6101 6230 
f 6100 6229 6230 
f 6229 6230 6359 
f 6229 6358 6359 
f 6358 6359 6488 
f 6358 6487 6488 
f 6487 6488 6617 
f 6487 6616 6617 
f 6616 6617 6746 
f 6616 6745 6746 
f 6745 6746 6875 
f 6745 6874 6875 
f 6874 6875 7004 
f 6874 7003 7004 
f 7003 7004 7133 
f 7003 7132 7133 
f 7132 7133 7262 
f 7132 7261 7262 
f 7261 7262 7391 
f 7261 7390 7391 
f 7390 7391 7520 
f 7390 7519 7520 
f 7519 7520 7649 
f 7519 7648 7649 
f 7648 7649 7778 
f 7648 7777 7778 
f 7777 7778 7907 
f 7777 7906 7907 
f 7906 7907 8036 
f 7906 8035 8036 
f 8035 8036 8165 
f 8035 8164 8165 
f 8164 8165 8294 
f 8164 8293 8294 
f 8293 8294 8423 
f 8293 8422 8423 
f 8422 8423 8552 
f 8422 8551 8552 
f 8551 8552 8681 
f 8551 8680 8681 
f 8680 8681 8810 
f 8680 8809 8810 
f 8809 8810 8939 
f 8809 8938 8939 
f 8938 8939 9068 
f 8938 9067 9068 
f 9067 9068 9197 
f 9067 9196 9197 
f 9196 9197 9326 
f 9196 9325 9326 
f 9325 9326 9455 
f 9325 9454 9455 
f 9454 9455 9584 
f 9454 9583 9584 
f 9583 9584 9713 
f 9583 9712 9713 
f 9712 9713 9842 
f 9712 9841 9842 
f 9841 9842 9971 
f 9841 9970 9971 
f 9970 9971 10100 
f 9970 10099 10100 
f 10099 10100 10229 
f 10099 10228 10229 
f 10228 10229 10358 
f 10228 10357 10358 
f 10357 10358 10487 
f 10357 10486 10487 
f 10486 10487 10616 
f 10486 10615 10616 
f 10615 10616 10745 
f 10615 10744 10745 
f 10744 10745 10874 
f 10744 10873 10874 
f 10873 10874 11003 
f 10873 11002 11003 
f 11002 11003 11132 
f 11002 11131 11132 
f 11131 11132 11261 
f 11131 11260 11261 
f 11260 11261 11390 
f 11260 11389 11390 
f 11389 11390 11519 
f 11389 11518 11519 
f 11518 11519 11648 
f 11518 11647 11648 
f 11647 11648 11777 
f 11647 11776 11777 
f 11776 11777 11906 
f 11776 11905 11906 
f 11905 11906 12035 
f 11905 12034 12035 
f 12034 12035 12164 
f 12034 12163 12164 
f 12163 12164 12293 
f 12163 12292 12293 
f 12292 12293 12422 
f 12292 12421 12422 
f 12421 12422 12551 
f 12421 12550 12551 
f 12550 12551 12680 
f 12550 12679 12680 
f 12679 12680 12809 
f 12679 12808 12809 
f 12808 12809 12938 
f 12808 12937 12938 
f 12937 12938 13067 
f 12937 13066 13067 
f 13066 13067 13196 
f 13066 13195 13196 
f 13195 13196 13325 
f 13195 13324 13325 
f 13324 13325 13454 
f 13324 13453 13454 
f 13453 13454 13583 
f 13453 13582 13583 
f 13582 13583 13712 
f 13582 13711 13712 
f 13711 13712 13841 
f 13711 13840 13841 
f 13840 13841 13970 
f 13840 13969 13970 
f 13969 13970 14099 
f 13969 14098 14099 
f 14098 14099 14228 
f 14098 14227 14228 
f 14227 14228 14357 
f 14227 14356 14357 
f 14356 14357 14486 
f 14356 14485 14486 
f 14485 14486 14615 
f 14485 14614 14615 
f 14614 14615 14744 
f 14614 14743 14744 
f 14743 14744 14873 
f 14743 14872 14873 
f 14872 14873 15002 
f 14872 15001 15002 
f 15001 15002 15131 
f 15001 15130 15131 
f 15130 15131 15260 
f 15130 15259 15260 
f 15259 15260 15389 
f 15259 15388 15389 
f 15388 15389 15518 
f 15388 15517 15518 
f 15517 15518 15647 
f 15517 15646 15647 
f 15646 15647 15776 
f 15646 15775 15776 
f 15775 15776 15905 
f 15775 15904 15905 
f 15904 15905 16034 
f 15904 16033 16034 
f 16033 16034 16163 
f 16033 16162 16163 
f 16162 16163 16292 
f 16162 16291 16292 
f 16291 16292 16421 
f 16291 16420 16421 
f 16420 16421 16550 
f 16420 16549 16550 
f 38 39 168 
f 38 167 168 
f 167 168 297 
f 167 296 297 
f 296 297 426 
f 296 425 426 
f 425 426 555 
f 425 554 555 
f 554 555 684 
f 554 683 684 
f 683 684 813 
f 683 812 813 
f 812 813 942 
f 812 941 942 
f 941 942 1071 
f 941 1070 1071 
f 1070 1071 1200 
f 1070 1199 1200 
f 1199 1200 1329 
f 1199 1328 1329 
f 1328 1329 1458 
f 1328 1457 1458 
f 1457 1458 1587 
f 1457 1586 1587 
f 1586 1587 1716 
f 1586 1715 1716 
f 1715 1716 1845 
f 1715 1844 1845 
f 1844 1845 1974 
f 1844 1973 1974 
f 1973 1974 2103 
f 1973 2102 2103 
f 2102 2103 2232 
f 2102 2231 2232 
f 2231 2232 2361 
f 2231 2360 2361 
f 2360 2361 2490 
f 2360 2489 2490 
f 2489 2490 2619 
f 2489 2618 2619 
f 2618 2619 2748 
f 2618 2747 2748 
f 2747 2748 2877 
f 2747 2876 2877 
f 2876 2877 3006 
f 2876 3005 3006 
f 3005 3006 3135 
f 3005 3134 3135 
f 3134 3135 3264 
f 3134 3263 3264 
f 3263 3264 3393 
f 3263 3392 3393 
f 3392 3393 3522 
f 3392 3521 3522 
f 3521 3522 3651 
f 3521 3650 3651 
f 3650 3651 3780 
f 3650 3779 3780 
f 3779 3780 3909 
f 3779 3908 3909 
f 3908 3909 4038 
f 3908 4037 4038 
f 4037 4038 4167 
f 4037 4166 4167 
f 4166 4167 4296 
f 4166 4295 4296 
f 4295 4296 4425 
f 4295 4424 4425 
f 4424 4425 4554 
f 4424 4553 4554 
f 4553 4554 4683 
f 4553 4682 4683 
f 4682 4683 4812 
f 4682 4811 4812 
f 4811 4812 4941 
f 4811 4940 4941 
f 4940 4941 5070 
f 4940 5069 5070 
f 5069 5070 5199 
f 5069 5198 5199 
f 5198 5199 5328 
f 5198 5327 5328 
f 5327 5328 5457 
f 5327 5456 5457 
f 5456 5457 5586 
f 5456 5585 5586 
f 5585 5586 5715 
f 5585 5714 5715 
f 5714 5715 5844 
f 5714 5843 5844 
f 5843 5844 5973 
f 5843 5972 5973 
f 5972 5973 6102 
f 5972 6101 6102 
f 6101 6102 6231 
f 6101 6230 6231 
f 6230 6231 6360 
f 6230 6359 6360 
f 6359 6360 6489 
f 6359 6488 6489 
f 6488 6489 6618 
f 6488 6617 6618 
f 6617 6618 6747 
f 6617 6746 6747 
f 6746 6747 6876 
f 6746 6875 6876 
f 6875 6876 7005 
f 6875 7004 7005 
f 7004 7005 7134 
f 7004 7133 7134 
f 7133 7134 7263 
f 7133 7262 7263 
f 7262 7263 7392 
f 7262 7391 7392 
f 7391 7392 7521 
f 7391 7520 7521 
f 7520 7521 7650 
f 7520 7649 7650 
f 7649 7650 7779 
f 7649 7778 7779 
f 7778 7779 7908 
f 7778 7907 7908 
f 7907 7908 8037 
f 7907 8036 8037 
f 8036 8037 8166 
f 8036 8165 8166 
f 8165 8166 8295 
f 8165 8294 8295 
f 8294 8295 8424 
f 8294 8423 8424 
f 8423 8424 8553 
f 8423 8552 8553 
f 8552 8553 8682 
f 8552 8681 8682 
f 8681 8682 8811 
f 8681 8810 8811 
f 8810 8811 8940 
f 8810 8939 8940 
f 8939 8940 9069 
f 8939 9068 9069 
f 9068 9069 9198 
f 9068 9197 9198 
f 9197 9198 9327 
f 9197 9326 9327 
f 9326 9327 9456 
f 9326 9455 9456 
f 9455 9456 9585 
f 9455 9584 9585 
f 9584 9585 9714 
f 9584 9713 9714 
f 9713 9714 9843 
f 9713 9842 9843 
f 9842 9843 9972 
f 9842 9971 9972 
f 9971 9972 10101 
f 9971 10100 10101 
f 10100 10101 10230 
f 10100 10229 10230 
f 10229 10230 10359 
f 10229 10358 10359 
f 10358 10359 10488 
f 10358 10487 10488 
f 10487 10488 10617 
f 10487 10616 10617 
f 10616 10617 10746 
f 10616 10745 10746 
f 10745 10746 10875 
f 10745 10874 10875 
f 10874 10875 11004 
f 10874 11003 11004 
f 11003 11004 11133 
f 11003 11132 11133 
f 11132 11133 11262 
f 11132 11261 11262 
f 11261 11262 11391 
f 11261 11390 11391 
f 11390 11391 11520 
f 11390 11519 11520 
f 11519 11520 11649 
f 11519 11648 11649 
f 11648 11649 11778 
f 11648 11777 11778 
f 11777 11778 11907 
f 11777 11906 11907 
f 11906 11907 12036 
f 11906 12035 12036 
f 12035 12036 12165 
f 12035 12164 12165 
f 12164 12165 12294 
f 12164 12293 12294 
f 12293 12294 12423 
f 12293 12422 12423 
f 12422 12423 12552 
f 12422 12551 12552 
f 12551 12552 12681 
f 12551 12680 12681 
f 12680 12681 12810 
f 12680 12809 12810 
f 12809 12810 12939 
f 12809 12938 12939 
f 12938 12939 13068 
f 12938 13067 13068 
f 13067 13068 13197 
f 13067 13196 13197 
f 13196 13197 13326 
f 13196 13325 13326 
f 13325 13326 13455 
f 13325 13454 13455 
f 13454 13455 13584 
f 13454 13583 13584 
f 13583 13584 13713 
f 13583 13712 13713 
f 13712 13713 13842 
f 13712 13841 13842 
f 13841 13842 13971 
f 13841 13970 13971 
f 13970 13971 14100 
f 13970 14099 14100 
f 14099 14100 14229 
f 14099 14228 14229 
f 14228 14229 14358 
f 14228 14357 14358 
f 14357 14358 14487 
f 14357 14486 14487 
f 14486 14487 14616 
f 14486 14615 14616 
f 14615 14616 14745 
f 14615 14744 14745 
f 14744 14745 14874 
f 14744 14873 14874 
f 14873 14874 15003 
f 14873 15002 15003 
f 15002 15003 15132 
f 15002 15131 15132 
f 15131 15132 15261 
f 15131 15260 15261 
f 15260 15261 15390 
f 15260 15389 15390 
f 15389 15390 15519 
f 15389 15518 15519 
f 15518 15519 15648 
f 15518 15647 15648 
f 15647 15648 15777 
f 15647 15776 15777 
f 15776 15777 15906 
f 15776 15905 15906 
f 15905 15906 16035 
f 15905 16034 16035 
f 16034 16035 16164 
f 16034 16163 16164 
f 16163 16164 16293 
f 16163 16292 16293 
f 16292 16293 16422 
f 16292 16421 16422 
f 16421 16422 16551 
f 16421 16550 16551 
f 39 40 169 
f 39 168 169 
f 168 169 298 
f 168 297 298 
f 297 298 427 
f 297 426 427 
f 426 427 556 
f 426 555 556 
f 555 556 685 
f 555 684 685 
f 684 685 814 
f 684 813 814 
f 813 814 943 
f 813 942 943 
f 942 943 1072 
f 942 1071 1072 
f 1071 1072 1201 
f 1071 1200 1201 
f 1200 1201 1330 
f 1200 1329 1330 
f 1329 1330 1459 
f 1329 1458 1459 
f 1458 1459 1588 
f 1458 1587 1588 
f 1587 1588 1717 
f 1587 1716 1717 
f 1716 1717 1846 
f 1716 1845 1846 
f 1845 1846 1975 
f 1845 1974 1975 
f 1974 1975 2104 
f 1974 2103 2104 
f 2103 2104 2233 
f 2103 2232 2233 
f 2232 2233 2362 
f 2232 2361 2362 
f 2361 2362 2491 
f 2361 2490 2491 
f 2490 2491 2620 
f 2490 2619 2620 
f 2619 2620 2749 
f 2619 2748 2749 
f 2748 2749 2878 
f 2748 2877 2878 
f 2877 2878 3007 
f 2877 3006 3007 
f 3006 3007 3136 
f 3006 3135 3136 
f 3135 3136 3265 
f 3135 3264 3265 
f 3264 3265 3394 
f 3264 3393 3394 
f 3393 3394 3523 
f 3393 3522 3523 
f 3522 3523 3652 
f 3522 3651 3652 
f 3651 3652 3781 
f 3651 3780 3781 
f 3780 3781 3910 
f 3780 3909 3910 
f 3909 3910 4039 
f 3909 4038 4039 
f 4038 4039 4168 
f 4038 4167 4168 
f 4167 4168 4297 
f 4167 4296 4297 
f 4296 4297 4426 
f 4296 4425 4426 
f 4425 4426 4555 
f 4425 4554 4555 
f 4554 4555 4684 
f 4554 4683 4684 
f 4683 4684 4813 
f 4683 4812 4813 
f 4812 4813 4942 
f 4812 4941 4942 
f 4941 4942 5071 
f 4941 5070 5071 
f 5070 5071 5200 
f 5070 5199 5200 
f 5199 5200 5329 
f 5199 5328 5329 
f 5328 5329 5458 
f 5328 5457 5458 
f 5457 5458 5587 
f 5457 5586 5587 
f 5586 5587 5716 
f 5586 5715 5716 
f 5715 5716 5845 
f 5715 5844 5845 
f 5844 5845 5974 
f 5844 5973 5974 
f 5973 5974 6103 
f 5973 6102 6103 
f 6102 6103 6232 
f 6102 6231 6232 
f 6231 6232 6361 
f 6231 6360 6361 
f 6360 6361 6490 
f 6360 6489 6490 
f 6489 6490 6619 
f 6489 6618 6619 
f 6618 6619 6748 
f 6618 6747 6748 
f 6747 6748 6877 
f 6747 6876 6877 
f 6876 6877 7006 
f 6876 7005 7006 
f 7005 7006 7135 
f 7005 7134 7135 
f 7134 7135 7264 
f 7134 7263 7264 
f 7263 7264 7393 
f 7263 7392 7393 
f 7392 7393 7522 
f 7392 7521 7522 
f 7521 7522 7651 
f 7521 7650 7651 
f 7650 7651 7780 
f 7650 7779 7780 
f 7779 7780 7909 
f 7779 7908 7909 
f 7908 7909 8038 
f 7908 8037 8038 
f 8037 8038 8167 
f 8037 8166 8167 
f 8166 8167 8296 
f 8166 8295 8296 
f 8295 8296 8425 
f 8295 8424 8425 
f 8424 8425 8554 
f 8424 8553 8554 
f 8553 8554 8683 
f 8553 8682 8683 
f 8682 8683 8812 
f 8682 8811 8812 
f 8811 8812 8941 
f 8811 8940 8941 
f 8940 8941 9070 
f 8940 9069 9070 
f 9069 9070 9199 
f 9069 9198 9199 
f 9198 9199 9328 
f 9198 9327 9328 
f 9327 9328 9457 
f 9327 9456 9457 
f 9456 9457 9586 
f 9456 9585 9586 
f 9585 9586 9715 
f 9585 9714 9715 
f 9714 9715 9844 
f 9714 9843 9844 
f 9843 9844 9973 
f 9843 9972 9973 
f 9972 9973 10102 
f 9972 10101 10102 
f 10101 10102 10231 
f 10101 10230 10231 
f 10230 10231 10360 
f 10230 10359 10360 
f 10359 10360 10489 
f 10359 10488 10489 
f 10488 10489 10618 
f 10488 10617 10618 
f 10617 10618 10747 
f 10617 10746 10747 
f 10746 10747 10876 
f 10746 10875 10876 
f 10875 10876 11005 
f 10875 11004 11005 
f 11004 11005 11134 
f 11004 11133 11134 
f 11133 11134 11263 
f 11133 11262 11263 
f 11262 11263 11392 
f 11262 11391 11392 
f 11391 11392 11521 
f 11391 11520 11521 
f 11520 11521 11650 
f 11520 11649 11650 
f 11649 11650 11779 
f 11649 11778 11779 
f 11778 11779 11908 
f 11778 11907 11908 
f 11907 11908 12037 
f 11907 12036 12037 
f 12036 12037 12166 
f 12036 12165 12166 
f 12165 12166 12295 
f 12165 12294 12295 
f 12294 12295 12424 
f 12294 12423 12424 
f 12423 12424 12553 
f 12423 12552 12553 
f 12552 12553 12682 
f 12552 12681 12682 
f 12681 12682 12811 
f 12681 12810 12811 
f 12810 12811 12940 
f 12810 12939 12940 
f 12939 12940 13069 
f 12939 13068 13069 
f 13068 13069 13198 
f 13068 13197 13198 
f 13197 13198 13327 
f 13197 13326 13327 
f 13326 13327 13456 
f 13326 13455 13456 
f 13455 13456 13585 
f 13455 13584 13585 
f 13584 13585 13714 
f 13584 13713 13714 
f 13713 13714 13843 
f 13713 13842 13843 
f 13842 13843 13972 
f 13842 13971 13972 
f 13971 13972 14101 
f 13971 14100 14101 
f 14100 14101 14230 
f 14100 14229 14230 
f 14229 14230 14359 
f 14229 14358 14359 
f 14358 14359 14488 
f 14358 14487 14488 
f 14487 14488 14617 
f 14487 14616 14617 
f 14616 14617 14746 
f 14616 14745 14746 
f 14745 14746 14875 
f 14745 14874 14875 
f 14874 14875 15004 
f 14874 15003 15004 
f 15003 15004 15133 
f 15003 15132 15133 
f 15132 15133 15262 
f 15132 15261 15262 
f 15261 15262 15391 
f 15261 15390 15391 
f 15390 15391 15520 
f 15390 15519 15520 
f 15519 15520 15649 
f 15519 15648 15649 
f 15648 15649 15778 
f 15648 15777 15778 
f 15777 15778 15907 
f 15777 15906 15907 
f 15906 15907 16036 
f 15906 16035 16036 
f 16035 16036 16165 
f 16035 16164 16165 
f 16164 16165 16294 
f 16164 16293 16294 
f 16293 16294 16423 
f 16293 16422 16423 
f 16422 16423 16552 
f 16422 16551 16552 
f 40 41 170 
f 40 169 170 
f 169 170 299 
f 169 298 299 
f 298 299 428 
f 298 427 428 
f 427 428 557 
f 427 556 557 
f 556 557 686 
f 556 685 686 
f 685 686 815 
f 685 814 815 
f 814 815 944 
f 814 943 944 
f 943 944 1073 
f 943 1072 1073 
f 1072 1073 1202 
f 1072 1201 1202 
f 1201 1202 1331 
f 1201 1330 1331 
f 1330 1331 1460 
f 1330 1459 1460 
f 1459 1460 1589 
f 1459 1588 1589 
f 1588 1589 1718 
f 1588 1717 1718 
f 1717 1718 1847 
f 1717 1846 1847 
f 1846 1847 1976 
f 1846 1975 1976 
f 1975 1976 2105 
f 1975 2104 2105 
f 2104 2105 2234 
f 2104 2233 2234 
f 2233 2234 2363 
f 2233 2362 2363 
f 2362 2363 2492 
f 2362 2491 2492 
f 2491 2492 2621 
f 2491 2620 2621 
f 2620 2621 2750 
f 2620 2749 2750 
f 2749 2750 2879 
f 2749 2878 2879 
f 2878 2879 3008 
f 2878 3007 3008 
f 3007 3008 3137 
f 3007 3136 3137 
f 3136 3137 3266 
f 3136 3265 3266 
f 3265 3266 3395 
f 3265 3394 3395 
f 3394 3395 3524 
f 3394 3523 3524 
f 3523 3524 3653 
f 3523 3652 3653 
f 3652 3653 3782 
f 3652 3781 3782 
f 3781 3782 3911 
f 3781 3910 3911 
f 3910 3911 4040 
f 3910 4039 4040 
f 4039 4040 4169 
f 4039 4168 4169 
f 4168 4169 4298 
f 4168 4297 4298 
f 4297 4298 4427 
f 4297 4426 4427 
f 4426 4427 4556 
f 4426 4555 4556 
f 4555 4556 4685 
f 4555 4684 4685 
f 4684 4685 4814 
f 4684 4813 4814 
f 4813 4814 4943 
f 4813 4942 4943 
f 4942 4943 5072 
f 4942 5071 5072 
f 5071 5072 5201 
f 5071 5200 5201 
f 5200 5201 5330 
f 5200 5329 5330 
f 5329 5330 5459 
f 5329 5458 5459 
f 5458 5459 5588 
f 5458 5587 5588 
f 5587 5588 5717 
f 5587 5716 5717 
f 5716 5717 5846 
f 5716 5845 5846 
f 5845 5846 5975 
f 5845 5974 5975 
f 5974 5975 6104 
f 5974 6103 6104 
f 6103 6104 6233 
f 6103 6232 6233 
f 6232 6233 6362 
f 6232 6361 6362 
f 6361 6362 6491 
f 6361 6490 6491 
f 6490 6491 6620 
f 6490 6619 6620 
f 6619 6620 6749 
f 6619 6748 6749 
f 6748 6749 6878 
f 6748 6877 6878 
f 6877 6878 7007 
f 6877 7006 7007 
f 7006 7007 7136 
f 7006 7135 7136 
f 7135 7136 7265 
f 7135 7264 7265 
f 7264 7265 7394 
f 7264 7393 7394 
f 7393 7394 7523 
f 7393 7522 7523 
f 7522 7523 7652 
f 7522 7651 7652 
f 7651 7652 7781 
f 7651 7780 7781 
f 7780 7781 7910 
f 7780 7909 7910 
f 7909 7910 8039 
f 7909 8038 8039 
f 8038 8039 8168 
f 8038 8167 8168 
f 8167 8168 8297 
f 8167 8296 8297 
f 8296 8297 8426 
f 8296 8425 8426 
f 8425 8426 8555 
f 8425 8554 8555 
f 8554 8555 8684 
f 8554 8683 8684 
f 8683 8684 8813 
f 8683 8812 8813 
f 8812 8813 8942 
f 8812 8941 8942 
f 8941 8942 9071 
f 8941 9070 9071 
f 9070 9071 9200 
f 9070 9199 9200 
f 9199 9200 9329 
f 9199 9328 9329 
f 9328 9329 9458 
f 9328 9457 9458 
f 9457 9458 9587 
f 9457 9586 9587 
f 9586 9587 9716 
f 9586 9715 9716 
f 9715 9716 9845 
f 9715 9844 9845 
f 9844 9845 9974 
f 9844 9973 9974 
f 9973 9974 10103 
f 9973 10102 10103 
f 10102 10103 10232 
f 10102 10231 10232 
f 10231 10232 10361 
f 10231 10360 10361 
f 10360 10361 10490 
f 10360 10489 10490 
f 10489 10490 10619 
f 10489 10618 10619 
f 10618 10619 10748 
f 10618 10747 10748 
f 10747 10748 10877 
f 10747 10876 10877 
f 10876 10877 11006 
f 10876 11005 11006 
f 11005 11006 11135 
f 11005 11134 11135 
f 11134 11135 11264 
f 11134 11263 11264 
f 11263 11264 11393 
f 11263 11392 11393 
f 11392 11393 11522 
f 11392 11521 11522 
f 11521 11522 11651 
f 11521 11650 11651 
f 11650 11651 11780 
f 11650 11779 11780 
f 11779 11780 11909 
f 11779 11908 11909 
f 11908 11909 12038 
f 11908 12037 12038 
f 12037 12038 12167 
f 12037 12166 12167 
f 12166 12167 12296 
f 12166 12295 12296 
f 12295 12296 12425 
f 12295 12424 12425 
f 12424 12425 12554 
f 12424 12553 12554 
f 12553 12554 12683 
f 12553 12682 12683 
f 12682 12683 12812 
f 12682 12811 12812 
f 12811 12812 12941 
f 12811 12940 12941 
f 12940 12941 13070 
f 12940 13069 13070 
f 13069 13070 13199 
f 13069 13198 13199 
f 13198 13199 13328 
f 13198 13327 13328 
f 13327 13328 13457 
f 13327 13456 13457 
f 13456 13457 13586 
f 13456 13585 13586 
f 13585 13586 13715 
f 13585 13714 13715 
f 13714 13715 13844 
f 13714 13843 13844 
f 13843 13844 13973 
f 13843 13972 13973 
f 13972 13973 14102 
f 13972 14101 14102 
f 14101 14102 14231 
f 14101 14230 14231 
f 14230 14231 14360 
f 14230 14359 14360 
f 14359 14360 14489 
f 14359 14488 14489 
f 14488 14489 14618 
f 14488 14617 14618 
f 14617 14618 14747 
f 14617 14746 14747 
f 14746 14747 14876 
f 14746 14875 14876 
f 14875 14876 15005 
f 14875 15004 15005 
f 15004 15005 15134 
f 15004 15133 15134 
f 15133 15134 15263 
f 15133 15262 15263 
f 15262 15263 15392 
f 15262 15391 15392 
f 15391 15392 15521 
f 15391 15520 15521 
f 15520 15521 15650 
f 15520 15649 15650 
f 15649 15650 15779 
f 15649 15778 15779 
f 15778 15779 15908 
f 15778 15907 15908 
f 15907 15908 16037 
f 15907 16036 16037 
f 16036 16037 16166 
f 16036 16165 16166 
f 16165 16166 16295 
f 16165 16294 16295 
f 16294 16295 16424 
f 16294 16423 16424 
f 16423 16424 16553 
f 16423 16552 16553 
f 41 42 171 
f 41 170 171 
f 170 171 300 
f 170 299 300 
f 299 300 429 
f 299 428 429 
f 428 429 558 
f 428 557 558 
f 557 558 687 
f 557 686 687 
f 686 687 816 
f 686 815 816 
f 815 816 945 
f 815 944 945 
f 944 945 1074 
f 944 1073 1074 
f 1073 1074 1203 
f 1073 1202 1203 
f 1202 1203 1332 
f 1202 1331 1332 
f 1331 1332 1461 
f 1331 1460 1461 
f 1460 1461 1590 
f 1460 1589 1590 
f 1589 1590 1719 
f 1589 1718 1719 
f 1718 1719 1848 
f 1718 1847 1848 
f 1847 1848 1977 
f 1847 1976 1977 
f 1976 1977 2106 
f 1976 2105 2106 
f 2105 2106 2235 
f 2105 2234 2235 
f 2234 2235 2364 
f 2234 2363 2364 
f 2363 2364 2493 
f 2363 2492 2493 
f 2492 2493 2622 
f 2492 2621 2622 
f 2621 2622 2751 
f 2621 2750 2751 
f 2750 2751 2880 
f 2750 2879 2880 
f 2879 2880 3009 
f 2879 3008 3009 
f 3008 3009 3138 
f 3008 3137 3138 
f 3137 3138 3267 
f 3137 3266 3267 
f 3266 3267 3396 
f 3266 3395 3396 
f 3395 3396 3525 
f 3395 3524 3525 
f 3524 3525 3654 
f 3524 3653 3654 
f 3653 3654 3783 
f 3653 3782 3783 
f 3782 3783 3912 
f 3782 3911 3912 
f 3911 3912 4041 
f 3911 4040 4041 
f 4040 4041 4170 
f 4040 4169 4170 
f 4169 4170 4299 
f 4169 4298 4299 
f 4298 4299 4428 
f 4298 4427 4428 
f 4427 4428 4557 
f 4427 4556 4557 
f 4556 4557 4686 
f 4556 4685 4686 
f 4685 4686 4815 
f 4685 4814 4815 
f 4814 4815 4944 
f 4814 4943 4944 
f 4943 4944 5073 
f 4943 5072 5073 
f 5072 5073 5202 
f 5072 5201 5202 
f 5201 5202 5331 
f 5201 5330 5331 
f 5330 5331 5460 
f 5330 5459 5460 
f 5459 5460 5589 
f 5459 5588 5589 
f 5588 5589 5718 
f 5588 5717 5718 
f 5717 5718 5847 
f 5717 5846 5847 
f 5846 5847 5976 
f 5846 5975 5976 
f 5975 5976 6105 
f 5975 6104 6105 
f 6104 6105 6234 
f 6104 6233 6234 
f 6233 6234 6363 
f 6233 6362 6363 
f 6362 6363 6492 
f 6362 6491 6492 
f 6491 6492 6621 
f 6491 6620 6621 
f 6620 6621 6750 
f 6620 6749 6750 
f 6749 6750 6879 
f 6749 6878 6879 
f 6878 6879 7008 
f 6878 7007 7008 
f 7007 7008 7137 
f 7007 7136 7137 
f 7136 7137 7266 
f 7136 7265 7266 
f 7265 7266 7395 
f 7265 7394 7395 
f 7394 7395 7524 
f 7394 7523 7524 
f 7523 7524 7653 
f 7523 7652 7653 
f 7652 7653 7782 
f 7652 7781 7782 
f 7781 7782 7911 
f 7781 7910 7911 
f 7910 7911 8040 
f 7910 8039 8040 
f 8039 8040 8169 
f 8039 8168 8169 
f 8168 8169 8298 
f 8168 8297 8298 
f 8297 8298 8427 
f 8297 8426 8427 
f 8426 8427 8556 
f 8426 8555 8556 
f 8555 8556 8685 
f 8555 8684 8685 
f 8684 8685 8814 
f 8684 8813 8814 
f 8813 8814 8943 
f 8813 8942 8943 
f 8942 8943 9072 
f 8942 9071 9072 
f 9071 9072 9201 
f 9071 9200 9201 
f 9200 9201 9330 
f 9200 9329 9330 
f 9329 9330 9459 
f 9329 9458 9459 
f 9458 9459 9588 
f 9458 9587 9588 
f 9587 9588 9717 
f 9587 9716 9717 
f 9716 9717 9846 
f 9716 9845 9846 
f 9845 9846 9975 
f 9845 9974 9975 
f 9974 9975 10104 
f 9974 10103 10104 
f 10103 10104 10233 
f 10103 10232 10233 
f 10232 10233 10362 
f 10232 10361 10362 
f 10361 10362 10491 
f 10361 10490 10491 
f 10490 10491 10620 
f 10490 10619 10620 
f 10619 10620 10749 
f 10619 10748 10749 
f 10748 10749 10878 
f 10748 10877 10878 
f 10877 10878 11007 
f 10877 11006 11007 
f 11006 11007 11136 
f 11006 11135 11136 
f 11135 11136 11265 
f 11135 11264 11265 
f 11264 11265 11394 
f 11264 11393 11394 
f 11393 11394 11523 
f 11393 11522 11523 
f 11522 11523 11652 
f 11522 11651 11652 
f 11651 11652 11781 
f 11651 11780 11781 
f 11780 11781 11910 
f 11780 11909 11910 
f 11909 11910 12039 
f 11909 12038 12039 
f 12038 12039 12168 
f 12038 12167 12168 
f 12167 12168 12297 
f 12167 12296 12297 
f 12296 12297 12426 
f 12296 12425 12426 
f 12425 12426 12555 
f 12425 12554 12555 
f 12554 12555 12684 
f 12554 12683 12684 
f 12683 12684 12813 
f 12683 12812 12813 
f 12812 12813 12942 
f 12812 12941 12942 
f 12941 12942 13071 
f 12941 13070 13071 
f 13070 13071 13200 
f 13070 13199 13200 
f 13199 13200 13329 
f 13199 13328 13329 
f 13328 13329 13458 
f 13328 13457 13458 
f 13457 13458 13587 
f 13457 13586 13587 
f 13586 13587 13716 
f 13586 13715 13716 
f 13715 13716 13845 
f 13715 13844 13845 
f 13844 13845 13974 
f 13844 13973 13974 
f 13973 13974 14103 
f 13973 14102 14103 
f 14102 14103 14232 
f 14102 14231 14232 
f 14231 14232 14361 
f 14231 14360 14361 
f 14360 14361 14490 
f 14360 14489 14490 
f 14489 14490 14619 
f 14489 14618 14619 
f 14618 14619 14748 
f 14618 14747 14748 
f 14747 14748 14877 
f 14747 14876 14877 
f 14876 14877 15006 
f 14876 15005 15006 
f 15005 15006 15135 
f 15005 15134 15135 
f 15134 15135 15264 
f 15134 15263 15264 
f 15263 15264 15393 
f 15263 15392 15393 
f 15392 15393 15522 
f 15392 15521 15522 
f 15521 15522 15651 
f 15521 15650 15651 
f 15650 15651 15780 
f 15650 15779 15780 
f 15779 15780 15909 
f 15779 15908 15909 
f 15908 15909 16038 
f 15908 16037 16038 
f 16037 16038 16167 
f 16037 16166 16167 
f 16166 16167 16296 
f 16166 16295 16296 
f 16295 16296 16425 
f 16295 16424 16425 
f 16424 16425 16554 
f 16424 16553 16554 
f 42 43 172 
f 42 171 172 
f 171 172 301 
f 171 300 301 
f 300 301 430 
f 300 429 430 
f 429 430 559 
f 429 558 559 
f 558 559 688 
f 558 687 688 
f 687 688 817 
f 687 816 817 
f 816 817 946 
f 816 945 946 
f 945 946 1075 
f 945 1074 1075 
f 1074 1075 1204 
f 1074 1203 1204 
f 1203 1204 1333 
f 1203 1332 1333 
f 1332 1333 1462 
f 1332 1461 1462 
f 1461 1462 1591 
f 1461 1590 1591 
f 1590 1591 1720 
f 1590 1719 1720 
f 1719 1720 1849 
f 1719 1848 1849 
f 1848 1849 1978 
f 1848 1977 1978 
f 1977 1978 2107 
f 1977 2106 2107 
f 2106 2107 2236 
f 2106 2235 2236 
f 2235 2236 2365 
f 2235 2364 2365 
f 2364 2365 2494 
f 2364 2493 2494 
f 2493 2494 2623 
f 2493 2622 2623 
f 2622 2623 2752 
f 2622 2751 2752 
f 2751 2752 2881 
f 2751 2880 2881 
f 2880 2881 3010 
f 2880 3009 3010 
f 3009 3010 3139 
f 3009 3138 3139 
f 3138 3139 3268 
f 3138 3267 3268 
f 3267 3268 3397 
f 3267 3396 3397 
f 3396 3397 3526 
f 3396 3525 3526 
f 3525 3526 3655 
f 3525 3654 3655 
f 3654 3655 3784 
f 3654 3783 3784 
f 3783 3784 3913 
f 3783 3912 3913 
f 3912 3913 4042 
f 3912 4041 4042 
f 4041 4042 4171 
f 4041 4170 4171 
f 4170 4171 4300 
f 4170 4299 4300 
f 4299 4300 4429 
f 4299 4428 4429 
f 4428 4429 4558 
f 4428 4557 4558 
f 4557 4558 4687 
f 4557 4686 4687 
f 4686 4687 4816 
f 4686 4815 4816 
f 4815 4816 4945 
f 4815 4944 4945 
f 4944 4945 5074 
f 4944 5073 5074 
f 5073 5074 5203 
f 5073 5202 5203 
f 5202 5203 5332 
f 5202 5331 5332 
f 5331 5332 5461 
f 5331 5460 5461 
f 5460 5461 5590 
f 5460 5589 5590 
f 5589 5590 5719 
f 5589 5718 5719 
f 5718 5719 5848 
f 5718 5847 5848 
f 5847 5848 5977 
f 5847 5976 5977 
f 5976 5977 6106 
f 5976 6105 6106 
f 6105 6106 6235 
f 6105 6234 6235 
f 6234 6235 6364 
f 6234 6363 6364 
f 6363 6364 6493 
f 6363 6492 6493 
f 6492 6493 6622 
f 6492 6621 6622 
f 6621 6622 6751 
f 6621 6750 6751 
f 6750 6751 6880 
f 6750 6879 6880 
f 6879 6880 7009 
f 6879 7008 7009 
f 7008 7009 7138 
f 7008 7137 7138 
f 7137 7138 7267 
f 7137 7266 7267 
f 7266 7267 7396 
f 7266 7395 7396 
f 7395 7396 7525 
f 7395 7524 7525 
f 7524 7525 7654 
f 7524 7653 7654 
f 7653 7654 7783 
f 7653 7782 7783 
f 7782 7783 7912 
f 7782 7911 7912 
f 7911 7912 8041 
f 7911 8040 8041 
f 8040 8041 8170 
f 8040 8169 8170 
f 8169 8170 8299 
f 8169 8298 8299 
f 8298 8299 8428 
f 8298 8427 8428 
f 8427 8428 8557 
f 8427 8556 8557 
f 8556 8557 8686 
f 8556 8685 8686 
f 8685 8686 8815 
f 8685 8814 8815 
f 8814 8815 8944 
f 8814 8943 8944 
f 8943 8944 9073 
f 8943 9072 9073 
f 9072 9073 9202 
f 9072 9201 9202 
f 9201 9202 9331 
f 9201 9330 9331 
f 9330 9331 9460 
f 9330 9459 9460 
f 9459 9460 9589 
f 9459 9588 9589 
f 9588 9589 9718 
f 9588 9717 9718 
f 9717 9718 9847 
f 9717 9846 9847 
f 9846 9847 9976 
f 9846 9975 9976 
f 9975 9976 10105 
f 9975 10104 10105 
f 10104 10105 10234 
f 10104 10233 10234 
f 10233 10234 10363 
f 10233 10362 10363 
f 10362 10363 10492 
f 10362 10491 10492 
f 10491 10492 10621 
f 10491 10620 10621 
f 10620 10621 10750 
f 10620 10749 10750 
f 10749 10750 10879 
f 10749 10878 10879 
f 10878 10879 11008 
f 10878 11007 11008 
f 11007 11008 11137 
f 11007 11136 11137 
f 11136 11137 11266 
f 11136 11265 11266 
f 11265 11266 11395 
f 11265 11394 11395 
f 11394 11395 11524 
f 11394 11523 11524 
f 11523 11524 11653 
f 11523 11652 11653 
f 11652 11653 11782 
f 11652 11781 11782 
f 11781 11782 11911 
f 11781 11910 11911 
f 11910 11911 12040 
f 11910 12039 12040 
f 12039 12040 12169 
f 12039 12168 12169 
f 12168 12169 12298 
f 12168 12297 12298 
f 12297 12298 12427 
f 12297 12426 12427 
f 12426 12427 12556 
f 12426 12555 12556 
f 12555 12556 12685 
f 12555 12684 12685 
f 12684 12685 12814 
f 12684 12813 12814 
f 12813 12814 12943 
f 12813 12942 12943 
f 12942 12943 13072 
f 12942 13071 13072 
f 13071 13072 13201 
f 13071 13200 13201 
f 13200 13201 13330 
f 13200 13329 13330 
f 13329 13330 13459 
f 13329 13458 13459 
f 13458 13459 13588 
f 13458 13587 13588 
f 13587 13588 13717 
f 13587 13716 13717 
f 13716 13717 13846 
f 13716 13845 13846 
f 13845 13846 13975 
f 13845 13974 13975 
f 13974 13975 14104 
f 13974 14103 14104 
f 14103 14104 14233 
f 14103 14232 14233 
f 14232 14233 14362 
f 14232 14361 14362 
f 14361 14362 14491 
f 14361 14490 14491 
f 14490 14491 14620 
f 14490 14619 14620 
f 14619 14620 14749 
f 14619 14748 14749 
f 14748 14749 14878 
f 14748 14877 14878 
f 14877 14878 15007 
f 14877 15006 15007 
f 15006 15007 15136 
f 15006 15135 15136 
f 15135 15136 15265 
f 15135 15264 15265 
f 15264 15265 15394 
f 15264 15393 15394 
f 15393 15394 15523 
f 15393 15522 15523 
f 15522 15523 15652 
f 15522 15651 15652 
f 15651 15652 15781 
f 15651 15780 15781 
f 15780 15781 15910 
f 15780 15909 15910 
f 15909 15910 16039 
f 15909 16038 16039 
f 16038 16039 16168 
f 16038 16167 16168 
f 16167 16168 16297 
f 16167 16296 16297 
f 16296 16297 16426 
f 16296 16425 16426 
f 16425 16426 16555 
f 16425 16554 16555 
f 43 44 173 
f 43 172 173 
f 172 173 302 
f 172 301 302 
f 301 302 431 
f 301 430 431 
f 430 431 560 
f 430 559 560 
f 559 560 689 
f 559 688 689 
f 688 689 818 
f 688 817 818 
f 817 818 947 
f 817 946 947 
f 946 947 1076 
f 946 1075 1076 
f 1075 1076 1205 
f 1075 1204 1205 
f 1204 1205 1334 
f 1204 1333 1334 
f 1333 1334 1463 
f 1333 1462 1463 
f 1462 1463 1592 
f 1462 1591 1592 
f 1591 1592 1721 
f 1591 1720 1721 
f 1720 1721 1850 
f 1720 1849 1850 
f 1849 1850 1979 
f 1849 1978 1979 
f 1978 1979 2108 
f 1978 2107 2108 
f 2107 2108 2237 
f 2107 2236 2237 
f 2236 2237 2366 
f 2236 2365 2366 
f 2365 2366 2495 
f 2365 2494 2495 
f 2494 2495 2624 
f 2494 2623 2624 
f 2623 2624 2753 
f 2623 2752 2753 
f 2752 2753 2882 
f 2752 2881 2882 
f 2881 2882 3011 
f 2881 3010 3011 
f 3010 3011 3140 
f 3010 3139 3140 
f 3139 3140 3269 
f 3139 3268 3269 
f 3268 3269 3398 
f 3268 3397 3398 
f 3397 3398 3527 
f 3397 3526 3527 
f 3526 3527 3656 
f 3526 3655 3656 
f 3655 3656 3785 
f 3655 3784 3785 
f 3784 3785 3914 
f 3784 3913 3914 
f 3913 3914 4043 
f 3913 4042 4043 
f 4042 4043 4172 
f 4042 4171 4172 
f 4171 4172 4301 
f 4171 4300 4301 
f 4300 4301 4430 
f 4300 4429 4430 
f 4429 4430 4559 
f 4429 4558 4559 
f 4558 4559 4688 
f 4558 4687 4688 
f 4687 4688 4817 
f 4687 4816 4817 
f 4816 4817 4946 
f 4816 4945 4946 
f 4945 4946 5075 
f 4945 5074 5075 
f 5074 5075 5204 
f 5074 5203 5204 
f 5203 5204 5333 
f 5203 5332 5333 
f 5332 5333 5462 
f 5332 5461 5462 
f 5461 5462 5591 
f 5461 5590 5591 
f 5590 5591 5720 
f 5590 5719 5720 
f 5719 5720 5849 
f 5719 5848 5849 
f 5848 5849 5978 
f 5848 5977 5978 
f 5977 5978 6107 
f 5977 6106 6107 
f 6106 6107 6236 
f 6106 6235 6236 
f 6235 6236 6365 
f 6235 6364 6365 
f 6364 6365 6494 
f 6364 6493 6494 
f 6493 6494 6623 
f 6493 6622 6623 
f 6622 6623 6752 
f 6622 6751 6752 
f 6751 6752 6881 
f 6751 6880 6881 
f 6880 6881 7010 
f 6880 7009 7010 
f 7009 7010 7139 
f 7009 7138 7139 
f 7138 7139 7268 
f 7138 7267 7268 
f 7267 7268 7397 
f 7267 7396 7397 
f 7396 7397 7526 
f 7396 7525 7526 
f 7525 7526 7655 
f 7525 7654 7655 
f 7654 7655 7784 
f 7654 7783 7784 
f 7783 7784 7913 
f 7783 7912 7913 
f 7912 7913 8042 
f 7912 8041 8042 
f 8041 8042 8171 
f 8041 8170 8171 
f 8170 8171 8300 
f 8170 8299 8300 
f 8299 8300 8429 
f 8299 8428 8429 
f 8428 8429 8558 
f 8428 8557 8558 
f 8557 8558 8687 
f 8557 8686 8687 
f 8686 8687 8816 
f 8686 8815 8816 
f 8815 8816 8945 
f 8815 8944 8945 
f 8944 8945 9074 
f 8944 9073 9074 
f 9073 9074 9203 
f 9073 9202 9203 
f 9202 9203 9332 
f 9202 9331 9332 
f 9331 9332 9461 
f 9331 9460 9461 
f 9460 9461 9590 
f 9460 9589 9590 
f 9589 9590 9719 
f 9589 9718 9719 
f 9718 9719 9848 
f 9718 9847 9848 
f 9847 9848 9977 
f 9847 9976 9977 
f 9976 9977 10106 
f 9976 10105 10106 
f 10105 10106 10235 
f 10105 10234 10235 
f 10234 10235 10364 
f 10234 10363 10364 
f 10363 10364 10493 
f 10363 10492 10493 
f 10492 10493 10622 
f 10492 10621 10622 
f 10621 10622 10751 
f 10621 10750 10751 
f 10750 10751 10880 
f 10750 10879 10880 
f 10879 10880 11009 
f 10879 11008 11009 
f 11008 11009 11138 
f 11008 11137 11138 
f 11137 11138 11267 
f 11137 11266 11267 
f 11266 11267 11396 
f 11266 11395 11396 
f 11395 11396 11525 
f 11395 11524 11525 
f 11524 11525 11654 
f 11524 11653 11654 
f 11653 11654 11783 
f 11653 11782 11783 
f 11782 11783 11912 
f 11782 11911 11912 
f 11911 11912 12041 
f 11911 12040 12041 
f 12040 12041 12170 
f 12040 12169 12170 
f 12169 12170 12299 
f 12169 12298 12299 
f 12298 12299 12428 
f 12298 12427 12428 
f 12427 12428 12557 
f 12427 12556 12557 
f 12556 12557 12686 
f 12556 12685 12686 
f 12685 12686 12815 
f 12685 12814 12815 
f 12814 12815 12944 
f 12814 12943 12944 
f 12943 12944 13073 
f 12943 13072 13073 
f 13072 13073 13202 
f 13072 13201 13202 
f 13201 13202 13331 
f 13201 13330 13331 
f 13330 13331 13460 
f 13330 13459 13460 
f 13459 13460 13589 
f 13459 13588 13589 
f 13588 13589 13718 
f 13588 13717 13718 
f 13717 13718 13847 
f 13717 13846 13847 
f 13846 13847 13976 
f 13846 13975 13976 
f 13975 13976 14105 
f 13975 14104 14105 
f 14104 14105 14234 
f 14104 14233 14234 
f 14233 14234 14363 
f 14233 14362 14363 
f 14362 14363 14492 
f 14362 14491 14492 
f 14491 14492 14621 
f 14491 14620 14621 
f 14620 14621 14750 
f 14620 14749 14750 
f 14749 14750 14879 
f 14749 14878 14879 
f 14878 14879 15008 
f 14878 15007 15008 
f 15007 15008 15137 
f 15007 15136 15137 
f 15136 15137 15266 
f 15136 15265 15266 
f 15265 15266 15395 
f 15265 15394 15395 
f 15394 15395 15524 
f 15394 15523 15524 
f 15523 15524 15653 
f 15523 15652 15653 
f 15652 15653 15782 
f 15652 15781 15782 
f 15781 15782 15911 
f 15781 15910 15911 
f 15910 15911 16040 
f 15910 16039 16040 
f 16039 16040 16169 
f 16039 16168 16169 
f 16168 16169 16298 
f 16168 16297 16298 
f 16297 16298 16427 
f 16297 16426 16427 
f 16426 16427 16556 
f 16426 16555 16556 
f 44 45 174 
f 44 173 174 
f 173 174 303 
f 173 302 303 
f 302 303 432 
f 302 431 432 
f 431 432 561 
f 431 560 561 
f 560 561 690 
f 560 689 690 
f 689 690 819 
f 689 818 819 
f 818 819 948 
f 818 947 948 
f 947 948 1077 
f 947 1076 1077 
f 1076 1077 1206 
f 1076 1205 1206 
f 1205 1206 1335 
f 1205 1334 1335 
f 1334 1335 1464 
f 1334 1463 1464 
f 1463 1464 1593 
f 1463 1592 1593 
f 1592 1593 1722 
f 1592 1721 1722 
f 1721 1722 1851 
f 1721 1850 1851 
f 1850 1851 1980 
f 1850 1979 1980 
f 1979 1980 2109 
f 1979 2108 2109 
f 2108 2109 2238 
f 2108 2237 2238 
f 2237 2238 2367 
f 2237 2366 2367 
f 2366 2367 2496 
f 2366 2495 2496 
f 2495 2496 2625 
f 2495 2624 2625 
f 2624 2625 2754 
f 2624 2753 2754 
f 2753 2754 2883 
f 2753 2882 2883 
f 2882 2883 3012 
f 2882 3011 3012 
f 3011 3012 3141 
f 3011 3140 3141 
f 3140 3141 3270 
f 3140 3269 3270 
f 3269 3270 3399 
f 3269 3398 3399 
f 3398 3399 3528 
f 3398 3527 3528 
f 3527 3528 3657 
f 3527 3656 3657 
f 3656 3657 3786 
f 3656 3785 3786 
f 3785 3786 3915 
f 3785 3914 3915 
f 3914 3915 4044 
f 3914 4043 4044 
f 4043 4044 4173 
f 4043 4172 4173 
f 4172 4173 4302 
f 4172 4301 4302 
f 4301 4302 4431 
f 4301 4430 4431 
f 4430 4431 4560 
f 4430 4559 4560 
f 4559 4560 4689 
f 4559 4688 4689 
f 4688 4689 4818 
f 4688 4817 4818 
f 4817 4818 4947 
f 4817 4946 4947 
f 4946 4947 5076 
f 4946 5075 5076 
f 5075 5076 5205 
f 5075 5204 5205 
f 5204 5205 5334 
f 5204 5333 5334 
f 5333 5334 5463 
f 5333 5462 5463 
f 5462 5463 5592 
f 5462 5591 5592 
f 5591 5592 5721 
f 5591 5720 5721 
f 5720 5721 5850 
f 5720 5849 5850 
f 5849 5850 5979 
f 5849 5978 5979 
f 5978 5979 6108 
f 5978 6107 6108 
f 6107 6108 6237 
f 6107 6236 6237 
f 6236 6237 6366 
f 6236 6365 6366 
f 6365 6366 6495 
f 6365 6494 6495 
f 6494 6495 6624 
f 6494 6623 6624 
f 6623 6624 6753 
f 6623 6752 6753 
f 6752 6753 6882 
f 6752 6881 6882 
f 6881 6882 7011 
f 6881 7010 7011 
f 7010 7011 7140 
f 7010 7139 7140 
f 7139 7140 7269 
f 7139 7268 7269 
f 7268 7269 7398 
f 7268 7397 7398 
f 7397 7398 7527 
f 7397 7526 7527 
f 7526 7527 7656 
f 7526 7655 7656 
f 7655 7656 7785 
f 7655 7784 7785 
f 7784 7785 7914 
f 7784 7913 7914 
f 7913 7914 8043 
f 7913 8042 8043 
f 8042 8043 8172 
f 8042 8171 8172 
f 8171 8172 8301 
f 8171 8300 8301 
f 8300 8301 8430 
f 8300 8429 8430 
f 8429 8430 8559 
f 8429 8558 8559 
f 8558 8559 8688 
f 8558 8687 8688 
f 8687 8688 8817 
f 8687 8816 8817 
f 8816 8817 8946 
f 8816 8945 8946 
f 8945 8946 9075 
f 8945 9074 9075 
f 9074 9075 9204 
f 9074 9203 9204 
f 9203 9204 9333 
f 9203 9332 9333 
f 9332 9333 9462 
f 9332 9461 9462 
f 9461 9462 9591 
f 9461 9590 9591 
f 9590 9591 9720 
f 9590 9719 9720 
f 9719 9720 9849 
f 9719 9848 9849 
f 9848 9849 9978 
f 9848 9977 9978 
f 9977 9978 10107 
f 9977 10106 10107 
f 10106 10107 10236 
f 10106 10235 10236 
f 10235 10236 10365 
f 10235 10364 10365 
f 10364 10365 10494 
f 10364 10493 10494 
f 10493 10494 10623 
f 10493 10622 10623 
f 10622 10623 10752 
f 10622 10751 10752 
f 10751 10752 10881 
f 10751 10880 10881 
f 10880 10881 11010 
f 10880 11009 11010 
f 11009 11010 11139 
f 11009 11138 11139 
f 11138 11139 11268 
f 11138 11267 11268 
f 11267 11268 11397 
f 11267 11396 11397 
f 11396 11397 11526 
f 11396 11525 11526 
f 11525 11526 11655 
f 11525 11654 11655 
f 11654 11655 11784 
f 11654 11783 11784 
f 11783 11784 11913 
f 11783 11912 11913 
f 11912 11913 12042 
f 11912 12041 12042 
f 12041 12042 12171 
f 12041 12170 12171 
f 12170 12171 12300 
f 12170 12299 12300 
f 12299 12300 12429 
f 12299 12428 12429 
f 12428 12429 12558 
f 12428 12557 12558 
f 12557 12558 12687 
f 12557 12686 12687 
f 12686 12687 12816 
f 12686 12815 12816 
f 12815 12816 12945 
f 12815 12944 12945 
f 12944 12945 13074 
f 12944 13073 13074 
f 13073 13074 13203 
f 13073 13202 13203 
f 13202 13203 13332 
f 13202 13331 13332 
f 13331 13332 13461 
f 13331 13460 13461 
f 13460 13461 13590 
f 13460 13589 13590 
f 13589 13590 13719 
f 13589 13718 13719 
f 13718 13719 13848 
f 13718 13847 13848 
f 13847 13848 13977 
f 13847 13976 13977 
f 13976 13977 14106 
f 13976 14105 14106 
f 14105 14106 14235 
f 14105 14234 14235 
f 14234 14235 14364 
f 14234 14363 14364 
f 14363 14364 14493 
f 14363 14492 14493 
f 14492 14493 14622 
f 14492 14621 14622 
f 14621 14622 14751 
f 14621 14750 14751 
f 14750 14751 14880 
f 14750 14879 14880 
f 14879 14880 15009 
f 14879 15008 15009 
f 15008 15009 15138 
f 15008 15137 15138 
f 15137 15138 15267 
f 15137 15266 15267 
f 15266 15267 15396 
f 15266 15395 15396 
f 15395 15396 15525 
f 15395 15524 15525 
f 15524 15525 15654 
f 15524 15653 15654 
f 15653 15654 15783 
f 15653 15782 15783 
f 15782 15783 15912 
f 15782 15911 15912 
f 15911 15912 16041 
f 15911 16040 16041 
f 16040 16041 16170 
f 16040 16169 16170 
f 16169 16170 16299 
f 16169 16298 16299 
f 16298 16299 16428 
f 16298 16427 16428 
f 16427 16428 16557 
f 16427 16556 16557 
f 45 46 175 
f 45 174 175 
f 174 175 304 
f 174 303 304 
f 303 304 433 
f 303 432 433 
f 432 433 562 
f 432 561 562 
f 561 562 691 
f 561 690 691 
f 690 691 820 
f 690 819 820 
f 819 820 949 
f 819 948 949 
f 948 949 1078 
f 948 1077 1078 
f 1077 1078 1207 
f 1077 1206 1207 
f 1206 1207 1336 
f 1206 1335 1336 
f 1335 1336 1465 
f 1335 1464 1465 
f 1464 1465 1594 
f 1464 1593 1594 
f 1593 1594 1723 
f 1593 1722 1723 
f 1722 1723 1852 
f 1722 1851 1852 
f 1851 1852 1981 
f 1851 1980 1981 
f 1980 1981 2110 
f 1980 2109 2110 
f 2109 2110 2239 
f 2109 2238 2239 
f 2238 2239 2368 
f 2238 2367 2368 
f 2367 2368 2497 
f 2367 2496 2497 
f 2496 2497 2626 
f 2496 2625 2626 
f 2625 2626 2755 
f 2625 2754 2755 
f 2754 2755 2884 
f 2754 2883 2884 
f 2883 2884 3013 
f 2883 3012 3013 
f 3012 3013 3142 
f 3012 3141 3142 
f 3141 3142 3271 
f 3141 3270 3271 
f 3270 3271 3400 
f 3270 3399 3400 
f 3399 3400 3529 
f 3399 3528 3529 
f 3528 3529 3658 
f 3528 3657 3658 
f 3657 3658 3787 
f 3657 3786 3787 
f 3786 3787 3916 
f 3786 3915 3916 
f 3915 3916 4045 
f 3915 4044 4045 
f 4044 4045 4174 
f 4044 4173 4174 
f 4173 4174 4303 
f 4173 4302 4303 
f 4302 4303 4432 
f 4302 4431 4432 
f 4431 4432 4561 
f 4431 4560 4561 
f 4560 4561 4690 
f 4560 4689 4690 
f 4689 4690 4819 
f 4689 4818 4819 
f 4818 4819 4948 
f 4818 4947 4948 
f 4947 4948 5077 
f 4947 5076 5077 
f 5076 5077 5206 
f 5076 5205 5206 
f 5205 5206 5335 
f 5205 5334 5335 
f 5334 5335 5464 
f 5334 5463 5464 
f 5463 5464 5593 
f 5463 5592 5593 
f 5592 5593 5722 
f 5592 5721 5722 
f 5721 5722 5851 
f 5721 5850 5851 
f 5850 5851 5980 
f 5850 5979 5980 
f 5979 5980 6109 
f 5979 6108 6109 
f 6108 6109 6238 
f 6108 6237 6238 
f 6237 6238 6367 
f 6237 6366 6367 
f 6366 6367 6496 
f 6366 6495 6496 
f 6495 6496 6625 
f 6495 6624 6625 
f 6624 6625 6754 
f 6624 6753 6754 
f 6753 6754 6883 
f 6753 6882 6883 
f 6882 6883 7012 
f 6882 7011 7012 
f 7011 7012 7141 
f 7011 7140 7141 
f 7140 7141 7270 
f 7140 7269 7270 
f 7269 7270 7399 
f 7269 7398 7399 
f 7398 7399 7528 
f 7398 7527 7528 
f 7527 7528 7657 
f 7527 7656 7657 
f 7656 7657 7786 
f 7656 7785 7786 
f 7785 7786 7915 
f 7785 7914 7915 
f 7914 7915 8044 
f 7914 8043 8044 
f 8043 8044 8173 
f 8043 8172 8173 
f 8172 8173 8302 
f 8172 8301 8302 
f 8301 8302 8431 
f 8301 8430 8431 
f 8430 8431 8560 
f 8430 8559 8560 
f 8559 8560 8689 
f 8559 8688 8689 
f 8688 8689 8818 
f 8688 8817 8818 
f 8817 8818 8947 
f 8817 8946 8947 
f 8946 8947 9076 
f 8946 9075 9076 
f 9075 9076 9205 
f 9075 9204 9205 
f 9204 9205 9334 
f 9204 9333 9334 
f 9333 9334 9463 
f 9333 9462 9463 
f 9462 9463 9592 
f 9462 9591 9592 
f 9591 9592 9721 
f 9591 9720 9721 
f 9720 9721 9850 
f 9720 9849 9850 
f 9849 9850 9979 
f 9849 9978 9979 
f 9978 9979 10108 
f 9978 10107 10108 
f 10107 10108 10237 
f 10107 10236 10237 
f 10236 10237 10366 
f 10236 10365 10366 
f 10365 10366 10495 
f 10365 10494 10495 
f 10494 10495 10624 
f 10494 10623 10624 
f 10623 10624 10753 
f 10623 10752 10753 
f 10752 10753 10882 
f 10752 10881 10882 
f 10881 10882 11011 
f 10881 11010 11011 
f 11010 11011 11140 
f 11010 11139 11140 
f 11139 11140 11269 
f 11139 11268 11269 
f 11268 11269 11398 
f 11268 11397 11398 
f 11397 11398 11527 
f 11397 11526 11527 
f 11526 11527 11656 
f 11526 11655 11656 
f 11655 11656 11785 
f 11655 11784 11785 
f 11784 11785 11914 
f 11784 11913 11914 
f 11913 11914 12043 
f 11913 12042 12043 
f 12042 12043 12172 
f 12042 12171 12172 
f 12171 12172 12301 
f 12171 12300 12301 
f 12300 12301 12430 
f 12300 12429 12430 
f 12429 12430 12559 
f 12429 12558 12559 
f 12558 12559 12688 
f 12558 12687 12688 
f 12687 12688 12817 
f 12687 12816 12817 
f 12816 12817 12946 
f 12816 12945 12946 
f 12945 12946 13075 
f 12945 13074 13075 
f 13074 13075 13204 
f 13074 13203 13204 
f 13203 13204 13333 
f 13203 13332 13333 
f 13332 13333 13462 
f 13332 13461 13462 
f 13461 13462 13591 
f 13461 13590 13591 
f 13590 13591 13720 
f 13590 13719 13720 
f 13719 13720 13849 
f 13719 13848 13849 
f 13848 13849 13978 
f 13848 13977 13978 
f 13977 13978 14107 
f 13977 14106 14107 
f 14106 14107 14236 
f 14106 14235 14236 
f 14235 14236 14365 
f 14235 14364 14365 
f 14364 14365 14494 
f 14364 14493 14494 
f 14493 14494 14623 
f 14493 14622 14623 
f 14622 14623 14752 
f 14622 14751 14752 
f 14751 14752 14881 
f 14751 14880 14881 
f 14880 14881 15010 
f 14880 15009 15010 
f 15009 15010 15139 
f 15009 15138 15139 
f 15138 15139 15268 
f 15138 15267 15268 
f 15267 15268 15397 
f 15267 15396 15397 
f 15396 15397 15526 
f 15396 15525 15526 
f 15525 15526 15655 
f 15525 15654 15655 
f 15654 15655 15784 
f 15654 15783 15784 
f 15783 15784 15913 
f 15783 15912 15913 
f 15912 15913 16042 
f 15912 16041 16042 
f 16041 16042 16171 
f 16041 16170 16171 
f 16170 16171 16300 
f 16170 16299 16300 
f 16299 16300 16429 
f 16299 16428 16429 
f 16428 16429 16558 
f 16428 16557 16558 
f 46 47 176 
f 46 175 176 
f 175 176 305 
f 175 304 305 
f 304 305 434 
f 304 433 434 
f 433 434 563 
f 433 562 563 
f 562 563 692 
f 562 691 692 
f 691 692 821 
f 691 820 821 
f 820 821 950 
f 820 949 950 
f 949 950 1079 
f 949 1078 1079 
f 1078 1079 1208 
f 1078 1207 1208 
f 1207 1208 1337 
f 1207 1336 1337 
f 1336 1337 1466 
f 1336 1465 1466 
f 1465 1466 1595 
f 1465 1594 1595 
f 1594 1595 1724 
f 1594 1723 1724 
f 1723 1724 1853 
f 1723 1852 1853 
f 1852 1853 1982 
f 1852 1981 1982 
f 1981 1982 2111 
f 1981 2110 2111 
f 2110 2111 2240 
f 2110 2239 2240 
f 2239 2240 2369 
f 2239 2368 2369 
f 2368 2369 2498 
f 2368 2497 2498 
f 2497 2498 2627 
f 2497 2626 2627 
f 2626 2627 2756 
f 2626 2755 2756 
f 2755 2756 2885 
f 2755 2884 2885 
f 2884 2885 3014 
f 2884 3013 3014 
f 3013 3014 3143 
f 3013 3142 3143 
f 3142 3143 3272 
f 3142 3271 3272 
f 3271 3272 3401 
f 3271 3400 3401 
f 3400 3401 3530 
f 3400 3529 3530 
f 3529 3530 3659 
f 3529 3658 3659 
f 3658 3659 3788 
f 3658 3787 3788 
f 3787 3788 3917 
f 3787 3916 3917 
f 3916 3917 4046 
f 3916 4045 4046 
f 4045 4046 4175 
f 4045 4174 4175 
f 4174 4175 4304 
f 4174 4303 4304 
f 4303 4304 4433 
f 4303 4432 4433 
f 4432 4433 4562 
f 4432 4561 4562 
f 4561 4562 4691 
f 4561 4690 4691 
f 4690 4691 4820 
f 4690 4819 4820 
f 4819 4820 4949 
f 4819 4948 4949 
f 4948 4949 5078 
f 4948 5077 5078 
f 5077 5078 5207 
f 5077 5206 5207 
f 5206 5207 5336 
f 5206 5335 5336 
f 5335 5336 5465 
f 5335 5464 5465 
f 5464 5465 5594 
f 5464 5593 5594 
f 5593 5594 5723 
f 5593 5722 5723 
f 5722 5723 5852 
f 5722 5851 5852 
f 5851 5852 5981 
f 5851 5980 5981 
f 5980 5981 6110 
f 5980 6109 6110 
f 6109 6110 6239 
f 6109 6238 6239 
f 6238 6239 6368 
f 6238 6367 6368 
f 6367 6368 6497 
f 6367 6496 6497 
f 6496 6497 6626 
f 6496 6625 6626 
f 6625 6626 6755 
f 6625 6754 6755 
f 6754 6755 6884 
f 6754 6883 6884 
f 6883 6884 7013 
f 6883 7012 7013 
f 7012 7013 7142 
f 7012 7141 7142 
f 7141 7142 7271 
f 7141 7270 7271 
f 7270 7271 7400 
f 7270 7399 7400 
f 7399 7400 7529 
f 7399 7528 7529 
f 7528 7529 7658 
f 7528 7657 7658 
f 7657 7658 7787 
f 7657 7786 7787 
f 7786 7787 7916 
f 7786 7915 7916 
f 7915 7916 8045 
f 7915 8044 8045 
f 8044 8045 8174 
f 8044 8173 8174 
f 8173 8174 8303 
f 8173 8302 8303 
f 8302 8303 8432 
f 8302 8431 8432 
f 8431 8432 8561 
f 8431 8560 8561 
f 8560 8561 8690 
f 8560 8689 8690 
f 8689 8690 8819 
f 8689 8818 8819 
f 8818 8819 8948 
f 8818 8947 8948 
f 8947 8948 9077 
f 8947 9076 9077 
f 9076 9077 9206 
f 9076 9205 9206 
f 9205 9206 9335 
f 9205 9334 9335 
f 9334 9335 9464 
f 9334 9463 9464 
f 9463 9464 9593 
f 9463 9592 9593 
f 9592 9593 9722 
f 9592 9721 9722 
f 9721 9722 9851 
f 9721 9850 9851 
f 9850 9851 9980 
f 9850 9979 9980 
f 9979 9980 10109 
f 9979 10108 10109 
f 10108 10109 10238 
f 10108 10237 10238 
f 10237 10238 10367 
f 10237 10366 10367 
f 10366 10367 10496 
f 10366 10495 10496 
f 10495 10496 10625 
f 10495 10624 10625 
f 10624 10625 10754 
f 10624 10753 10754 
f 10753 10754 10883 
f 10753 10882 10883 
f 10882 10883 11012 
f 10882 11011 11012 
f 11011 11012 11141 
f 11011 11140 11141 
f 11140 11141 11270 
f 11140 11269 11270 
f 11269 11270 11399 
f 11269 11398 11399 
f 11398 11399 11528 
f 11398 11527 11528 
f 11527 11528 11657 
f 11527 11656 11657 
f 11656 11657 11786 
f 11656 11785 11786 
f 11785 11786 11915 
f 11785 11914 11915 
f 11914 11915 12044 
f 11914 12043 12044 
f 12043 12044 12173 
f 12043 12172 12173 
f 12172 12173 12302 
f 12172 12301 12302 
f 12301 12302 12431 
f 12301 12430 12431 
f 12430 12431 12560 
f 12430 12559 12560 
f 12559 12560 12689 
f 12559 12688 12689 
f 12688 12689 12818 
f 12688 12817 12818 
f 12817 12818 12947 
f 12817 12946 12947 
f 12946 12947 13076 
f 12946 13075 13076 
f 13075 13076 13205 
f 13075 13204 13205 
f 13204 13205 13334 
f 13204 13333 13334 
f 13333 13334 13463 
f 13333 13462 13463 
f 13462 13463 13592 
f 13462 13591 13592 
f 13591 13592 13721 
f 13591 13720 13721 
f 13720 13721 13850 
f 13720 13849 13850 
f 13849 13850 13979 
f 13849 13978 13979 
f 13978 13979 14108 
f 13978 14107 14108 
f 14107 14108 14237 
f 14107 14236 14237 
f 14236 14237 14366 
f 14236 14365 14366 
f 14365 14366 14495 
f 14365 14494 14495 
f 14494 14495 14624 
f 14494 14623 14624 
f 14623 14624 14753 
f 14623 14752 14753 
f 14752 14753 14882 
f 14752 14881 14882 
f 14881 14882 15011 
f 14881 15010 15011 
f 15010 15011 15140 
f 15010 15139 15140 
f 15139 15140 15269 
f 15139 15268 15269 
f 15268 15269 15398 
f 15268 15397 15398 
f 15397 15398 15527 
f 15397 15526 15527 
f 15526 15527 15656 
f 15526 15655 15656 
f 15655 15656 15785 
f 15655 15784 15785 
f 15784 15785 15914 
f 15784 15913 15914 
f 15913 15914 16043 
f 15913 16042 16043 
f 16042 16043 16172 
f 16042 16171 16172 
f 16171 16172 16301 
f 16171 16300 16301 
f 16300 16301 16430 
f 16300 16429 16430 
f 16429 16430 16559 
f 16429 16558 16559 
f 47 48 177 
f 47 176 177 
f 176 177 306 
f 176 305 306 
f 305 306 435 
f 305 434 435 
f 434 435 564 
f 434 563 564 
f 563 564 693 
f 563 692 693 
f 692 693 822 
f 692 821 822 
f 821 822 951 
f 821 950 951 
f 950 951 1080 
f 950 1079 1080 
f 1079 1080 1209 
f 1079 1208 1209 
f 1208 1209 1338 
f 1208 1337 1338 
f 1337 1338 1467 
f 1337 1466 1467 
f 1466 1467 1596 
f 1466 1595 1596 
f 1595 1596 1725 
f 1595 1724 1725 
f 1724 1725 1854 
f 1724 1853 1854 
f 1853 1854 1983 
f 1853 1982 1983 
f 1982 1983 2112 
f 1982 2111 2112 
f 2111 2112 2241 
f 2111 2240 2241 
f 2240 2241 2370 
f 2240 2369 2370 
f 2369 2370 2499 
f 2369 2498 2499 
f 2498 2499 2628 
f 2498 2627 2628 
f 2627 2628 2757 
f 2627 2756 2757 
f 2756 2757 2886 
f 2756 2885 2886 
f 2885 2886 3015 
f 2885 3014 3015 
f 3014 3015 3144 
f 3014 3143 3144 
f 3143 3144 3273 
f 3143 3272 3273 
f 3272 3273 3402 
f 3272 3401 3402 
f 3401 3402 3531 
f 3401 3530 3531 
f 3530 3531 3660 
f 3530 3659 3660 
f 3659 3660 3789 
f 3659 3788 3789 
f 3788 3789 3918 
f 3788 3917 3918 
f 3917 3918 4047 
f 3917 4046 4047 
f 4046 4047 4176 
f 4046 4175 4176 
f 4175 4176 4305 
f 4175 4304 4305 
f 4304 4305 4434 
f 4304 4433 4434 
f 4433 4434 4563 
f 4433 4562 4563 
f 4562 4563 4692 
f 4562 4691 4692 
f 4691 4692 4821 
f 4691 4820 4821 
f 4820 4821 4950 
f 4820 4949 4950 
f 4949 4950 5079 
f 4949 5078 5079 
f 5078 5079 5208 
f 5078 5207 5208 
f 5207 5208 5337 
f 5207 5336 5337 
f 5336 5337 5466 
f 5336 5465 5466 
f 5465 5466 5595 
f 5465 5594 5595 
f 5594 5595 5724 
f 5594 5723 5724 
f 5723 5724 5853 
f 5723 5852 5853 
f 5852 5853 5982 
f 5852 5981 5982 
f 5981 5982 6111 
f 5981 6110 6111 
f 6110 6111 6240 
f 6110 6239 6240 
f 6239 6240 6369 
f 6239 6368 6369 
f 6368 6369 6498 
f 6368 6497 6498 
f 6497 6498 6627 
f 6497 6626 6627 
f 6626 6627 6756 
f 6626 6755 6756 
f 6755 6756 6885 
f 6755 6884 6885 
f 6884 6885 7014 
f 6884 7013 7014 
f 7013 7014 7143 
f 7013 7142 7143 
f 7142 7143 7272 
f 7142 7271 7272 
f 7271 7272 7401 
f 7271 7400 7401 
f 7400 7401 7530 
f 7400 7529 7530 
f 7529 7530 7659 
f 7529 7658 7659 
f 7658 7659 7788 
f 7658 7787 7788 
f 7787 7788 7917 
f 7787 7916 7917 
f 7916 7917 8046 
f 7916 8045 8046 
f 8045 8046 8175 
f 8045 8174 8175 
f 8174 8175 8304 
f 8174 8303 8304 
f 8303 8304 8433 
f 8303 8432 8433 
f 8432 8433 8562 
f 8432 8561 8562 
f 8561 8562 8691 
f 8561 8690 8691 
f 8690 8691 8820 
f 8690 8819 8820 
f 8819 8820 8949 
f 8819 8948 8949 
f 8948 8949 9078 
f 8948 9077 9078 
f 9077 9078 9207 
f 9077 9206 9207 
f 9206 9207 9336 
f 9206 9335 9336 
f 9335 9336 9465 
f 9335 9464 9465 
f 9464 9465 9594 
f 9464 9593 9594 
f 9593 9594 9723 
f 9593 9722 9723 
f 9722 9723 9852 
f 9722 9851 9852 
f 9851 9852 9981 
f 9851 9980 9981 
f 9980 9981 10110 
f 9980 10109 10110 
f 10109 10110 10239 
f 10109 10238 10239 
f 10238 10239 10368 
f 10238 10367 10368 
f 10367 10368 10497 
f 10367 10496 10497 
f 10496 10497 10626 
f 10496 10625 10626 
f 10625 10626 10755 
f 10625 10754 10755 
f 10754 10755 10884 
f 10754 10883 10884 
f 10883 10884 11013 
f 10883 11012 11013 
f 11012 11013 11142 
f 11012 11141 11142 
f 11141 11142 11271 
f 11141 11270 11271 
f 11270 11271 11400 
f 11270 11399 11400 
f 11399 11400 11529 
f 11399 11528 11529 
f 11528 11529 11658 
f 11528 11657 11658 
f 11657 11658 11787 
f 11657 11786 11787 
f 11786 11787 11916 
f 11786 11915 11916 
f 11915 11916 12045 
f 11915 12044 12045 
f 12044 12045 12174 
f 12044 12173 12174 
f 12173 12174 12303 
f 12173 12302 12303 
f 12302 12303 12432 
f 12302 12431 12432 
f 12431 12432 12561 
f 12431 12560 12561 
f 12560 12561 12690 
f 12560 12689 12690 
f 12689 12690 12819 
f 12689 12818 12819 
f 12818 12819 12948 
f 12818 12947 12948 
f 12947 12948 13077 
f 12947 13076 13077 
f 13076 13077 13206 
f 13076 13205 13206 
f 13205 13206 13335 
f 13205 13334 13335 
f 13334 13335 13464 
f 13334 13463 13464 
f 13463 13464 13593 
f 13463 13592 13593 
f 13592 13593 13722 
f 13592 13721 13722 
f 13721 13722 13851 
f 13721 13850 13851 
f 13850 13851 13980 
f 13850 13979 13980 
f 13979 13980 14109 
f 13979 14108 14109 
f 14108 14109 14238 
f 14108 14237 14238 
f 14237 14238 14367 
f 14237 14366 14367 
f 14366 14367 14496 
f 14366 14495 14496 
f 14495 14496 14625 
f 14495 14624 14625 
f 14624 14625 14754 
f 14624 14753 14754 
f 14753 14754 14883 
f 14753 14882 14883 
f 14882 14883 15012 
f 14882 15011 15012 
f 15011 15012 15141 
f 15011 15140 15141 
f 15140 15141 15270 
f 15140 15269 15270 
f 15269 15270 15399 
f 15269 15398 15399 
f 15398 15399 15528 
f 15398 15527 15528 
f 15527 15528 15657 
f 15527 15656 15657 
f 15656 15657 15786 
f 15656 15785 15786 
f 15785 15786 15915 
f 15785 15914 15915 
f 15914 15915 16044 
f 15914 16043 16044 
f 16043 16044 16173 
f 16043 16172 16173 
f 16172 16173 16302 
f 16172 16301 16302 
f 16301 16302 16431 
f 16301 16430 16431 
f 16430 16431 16560 
f 16430 16559 16560 
f 48 49 178 
f 48 177 178 
f 177 178 307 
f 177 306 307 
f 306 307 436 
f 306 435 436 
f 435 436 565 
f 435 564 565 
f 564 565 694 
f 564 693 694 
f 693 694 823 
f 693 822 823 
f 822 823 952 
f 822 951 952 
f 951 952 1081 
f 951 1080 1081 
f 1080 1081 1210 
f 1080 1209 1210 
f 1209 1210 1339 
f 1209 1338 1339 
f 1338 1339 1468 
f 1338 1467 1468 
f 1467 1468 1597 
f 1467 1596 1597 
f 1596 1597 1726 
f 1596 1725 1726 
f 1725 1726 1855 
f 1725 1854 1855 
f 1854 1855 1984 
f 1854 1983 1984 
f 1983 1984 2113 
f 1983 2112 2113 
f 2112 2113 2242 
f 2112 2241 2242 
f 2241 2242 2371 
f 2241 2370 2371 
f 2370 2371 2500 
f 2370 2499 2500 
f 2499 2500 2629 
f 2499 2628 2629 
f 2628 2629 2758 
f 2628 2757 2758 
f 2757 2758 2887 
f 2757 2886 2887 
f 2886 2887 3016 
f 2886 3015 3016 
f 3015 3016 3145 
f 3015 3144 3145 
f 3144 3145 3274 
f 3144 3273 3274 
f 3273 3274 3403 
f 3273 3402 3403 
f 3402 3403 3532 
f 3402 3531 3532 
f 3531 3532 3661 
f 3531 3660 3661 
f 3660 3661 3790 
f 3660 3789 3790 
f 3789 3790 3919 
f 3789 3918 3919 
f 3918 3919 4048 
f 3918 4047 4048 
f 4047 4048 4177 
f 4047 4176 4177 
f 4176 4177 4306 
f 4176 4305 4306 
f 4305 4306 4435 
f 4305 4434 4435 
f 4434 4435 4564 
f 4434 4563 4564 
f 4563 4564 4693 
f 4563 4692 4693 
f 4692 4693 4822 
f 4692 4821 4822 
f 4821 4822 4951 
f 4821 4950 4951 
f 4950 4951 5080 
f 4950 5079 5080 
f 5079 5080 5209 
f 5079 5208 5209 
f 5208 5209 5338 
f 5208 5337 5338 
f 5337 5338 5467 
f 5337 5466 5467 
f 5466 5467 5596 
f 5466 5595 5596 
f 5595 5596 5725 
f 5595 5724 5725 
f 5724 5725 5854 
f 5724 5853 5854 
f 5853 5854 5983 
f 5853 5982 5983 
f 5982 5983 6112 
f 5982 6111 6112 
f 6111 6112 6241 
f 6111 6240 6241 
f 6240 6241 6370 
f 6240 6369 6370 
f 6369 6370 6499 
f 6369 6498 6499 
f 6498 6499 6628 
f 6498 6627 6628 
f 6627 6628 6757 
f 6627 6756 6757 
f 6756 6757 6886 
f 6756 6885 6886 
f 6885 6886 7015 
f 6885 7014 7015 
f 7014 7015 7144 
f 7014 7143 7144 
f 7143 7144 7273 
f 7143 7272 7273 
f 7272 7273 7402 
f 7272 7401 7402 
f 7401 7402 7531 
f 7401 7530 7531 
f 7530 7531 7660 
f 7530 7659 7660 
f 7659 7660 7789 
f 7659 7788 7789 
f 7788 7789 7918 
f 7788 7917 7918 
f 7917 7918 8047 
f 7917 8046 8047 
f 8046 8047 8176 
f 8046 8175 8176 
f 8175 8176 8305 
f 8175 8304 8305 
f 8304 8305 8434 
f 8304 8433 8434 
f 8433 8434 8563 
f 8433 8562 8563 
f 8562 8563 8692 
f 8562 8691 8692 
f 8691 8692 8821 
f 8691 8820 8821 
f 8820 8821 8950 
f 8820 8949 8950 
f 8949 8950 9079 
f 8949 9078 9079 
f 9078 9079 9208 
f 9078 9207 9208 
f 9207 9208 9337 
f 9207 9336 9337 
f 9336 9337 9466 
f 9336 9465 9466 
f 9465 9466 9595 
f 9465 9594 9595 
f 9594 9595 9724 
f 9594 9723 9724 
f 9723 9724 9853 
f 9723 9852 9853 
f 9852 9853 9982 
f 9852 9981 9982 
f 9981 9982 10111 
f 9981 10110 10111 
f 10110 10111 10240 
f 10110 10239 10240 
f 10239 10240 10369 
f 10239 10368 10369 
f 10368 10369 10498 
f 10368 10497 10498 
f 10497 10498 10627 
f 10497 10626 10627 
f 10626 10627 10756 
f 10626 10755 10756 
f 10755 10756 10885 
f 10755 10884 10885 
f 10884 10885 11014 
f 10884 11013 11014 
f 11013 11014 11143 
f 11013 11142 11143 
f 11142 11143 11272 
f 11142 11271 11272 
f 11271 11272 11401 
f 11271 11400 11401 
f 11400 11401 11530 
f 11400 11529 11530 
f 11529 11530 11659 
f 11529 11658 11659 
f 11658 11659 11788 
f 11658 11787 11788 
f 11787 11788 11917 
f 11787 11916 11917 
f 11916 11917 12046 
f 11916 12045 12046 
f 12045 12046 12175 
f 12045 12174 12175 
f 12174 12175 12304 
f 12174 12303 12304 
f 12303 12304 12433 
f 12303 12432 12433 
f 12432 12433 12562 
f 12432 12561 12562 
f 12561 12562 12691 
f 12561 12690 12691 
f 12690 12691 12820 
f 12690 12819 12820 
f 12819 12820 12949 
f 12819 12948 12949 
f 12948 12949 13078 
f 12948 13077 13078 
f 13077 13078 13207 
f 13077 13206 13207 
f 13206 13207 13336 
f 13206 13335 13336 
f 13335 13336 13465 
f 13335 13464 13465 
f 13464 13465 13594 
f 13464 13593 13594 
f 13593 13594 13723 
f 13593 13722 13723 
f 13722 13723 13852 
f 13722 13851 13852 
f 13851 13852 13981 
f 13851 13980 13981 
f 13980 13981 14110 
f 13980 14109 14110 
f 14109 14110 14239 
f 14109 14238 14239 
f 14238 14239 14368 
f 14238 14367 14368 
f 14367 14368 14497 
f 14367 14496 14497 
f 14496 14497 14626 
f 14496 14625 14626 
f 14625 14626 14755 
f 14625 14754 14755 
f 14754 14755 14884 
f 14754 14883 14884 
f 14883 14884 15013 
f 14883 15012 15013 
f 15012 15013 15142 
f 15012 15141 15142 
f 15141 15142 15271 
f 15141 15270 15271 
f 15270 15271 15400 
f 15270 15399 15400 
f 15399 15400 15529 
f 15399 15528 15529 
f 15528 15529 15658 
f 15528 15657 15658 
f 15657 15658 15787 
f 15657 15786 15787 
f 15786 15787 15916 
f 15786 15915 15916 
f 15915 15916 16045 
f 15915 16044 16045 
f 16044 16045 16174 
f 16044 16173 16174 
f 16173 16174 16303 
f 16173 16302 16303 
f 16302 16303 16432 
f 16302 16431 16432 
f 16431 16432 16561 
f 16431 16560 16561 
f 49 50 179 
f 49 178 179 
f 178 179 308 
f 178 307 308 
f 307 308 437 
f 307 436 437 
f 436 437 566 
f 436 565 566 
f 565 566 695 
f 565 694 695 
f 694 695 824 
f 694 823 824 
f 823 824 953 
f 823 952 953 
f 952 953 1082 
f 952 1081 1082 
f 1081 1082 1211 
f 1081 1210 1211 
f 1210 1211 1340 
f 1210 1339 1340 
f 1339 1340 1469 
f 1339 1468 1469 
f 1468 1469 1598 
f 1468 1597 1598 
f 1597 1598 1727 
f 1597 1726 1727 
f 1726 1727 1856 
f 1726 1855 1856 
f 1855 1856 1985 
f 1855 1984 1985 
f 1984 1985 2114 
f 1984 2113 2114 
f 2113 2114 2243 
f 2113 2242 2243 
f 2242 2243 2372 
f 2242 2371 2372 
f 2371 2372 2501 
f 2371 2500 2501 
f 2500 2501 2630 
f 2500 2629 2630 
f 2629 2630 2759 
f 2629 2758 2759 
f 2758 2759 2888 
f 2758 2887 2888 
f 2887 2888 3017 
f 2887 3016 3017 
f 3016 3017 3146 
f 3016 3145 3146 
f 3145 3146 3275 
f 3145 3274 3275 
f 3274 3275 3404 
f 3274 3403 3404 
f 3403 3404 3533 
f 3403 3532 3533 
f 3532 3533 3662 
f 3532 3661 3662 
f 3661 3662 3791 
f 3661 3790 3791 
f 3790 3791 3920 
f 3790 3919 3920 
f 3919 3920 4049 
f 3919 4048 4049 
f 4048 4049 4178 
f 4048 4177 4178 
f 4177 4178 4307 
f 4177 4306 4307 
f 4306 4307 4436 
f 4306 4435 4436 
f 4435 4436 4565 
f 4435 4564 4565 
f 4564 4565 4694 
f 4564 4693 4694 
f 4693 4694 4823 
f 4693 4822 4823 
f 4822 4823 4952 
f 4822 4951 4952 
f 4951 4952 5081 
f 4951 5080 5081 
f 5080 5081 5210 
f 5080 5209 5210 
f 5209 5210 5339 
f 5209 5338 5339 
f 5338 5339 5468 
f 5338 5467 5468 
f 5467 5468 5597 
f 5467 5596 5597 
f 5596 5597 5726 
f 5596 5725 5726 
f 5725 5726 5855 
f 5725 5854 5855 
f 5854 5855 5984 
f 5854 5983 5984 
f 5983 5984 6113 
f 5983 6112 6113 
f 6112 6113 6242 
f 6112 6241 6242 
f 6241 6242 6371 
f 6241 6370 6371 
f 6370 6371 6500 
f 6370 6499 6500 
f 6499 6500 6629 
f 6499 6628 6629 
f 6628 6629 6758 
f 6628 6757 6758 
f 6757 6758 6887 
f 6757 6886 6887 
f 6886 6887 7016 
f 6886 7015 7016 
f 7015 7016 7145 
f 7015 7144 7145 
f 7144 7145 7274 
f 7144 7273 7274 
f 7273 7274 7403 
f 7273 7402 7403 
f 7402 7403 7532 
f 7402 7531 7532 
f 7531 7532 7661 
f 7531 7660 7661 
f 7660 7661 7790 
f 7660 7789 7790 
f 7789 7790 7919 
f 7789 7918 7919 
f 7918 7919 8048 
f 7918 8047 8048 
f 8047 8048 8177 
f 8047 8176 8177 
f 8176 8177 8306 
f 8176 8305 8306 
f 8305 8306 8435 
f 8305 8434 8435 
f 8434 8435 8564 
f 8434 8563 8564 
f 8563 8564 8693 
f 8563 8692 8693 
f 8692 8693 8822 
f 8692 8821 8822 
f 8821 8822 8951 
f 8821 8950 8951 
f 8950 8951 9080 
f 8950 9079 9080 
f 9079 9080 9209 
f 9079 9208 9209 
f 9208 9209 9338 
f 9208 9337 9338 
f 9337 9338 9467 
f 9337 9466 9467 
f 9466 9467 9596 
f 9466 9595 9596 
f 9595 9596 9725 
f 9595 9724 9725 
f 9724 9725 9854 
f 9724 9853 9854 
f 9853 9854 9983 
f 9853 9982 9983 
f 9982 9983 10112 
f 9982 10111 10112 
f 10111 10112 10241 
f 10111 10240 10241 
f 10240 10241 10370 
f 10240 10369 10370 
f 10369 10370 10499 
f 10369 10498 10499 
f 10498 10499 10628 
f 10498 10627 10628 
f 10627 10628 10757 
f 10627 10756 10757 
f 10756 10757 10886 
f 10756 10885 10886 
f 10885 10886 11015 
f 10885 11014 11015 
f 11014 11015 11144 
f 11014 11143 11144 
f 11143 11144 11273 
f 11143 11272 11273 
f 11272 11273 11402 
f 11272 11401 11402 
f 11401 11402 11531 
f 11401 11530 11531 
f 11530 11531 11660 
f 11530 11659 11660 
f 11659 11660 11789 
f 11659 11788 11789 
f 11788 11789 11918 
f 11788 11917 11918 
f 11917 11918 12047 
f 11917 12046 12047 
f 12046 12047 12176 
f 12046 12175 12176 
f 12175 12176 12305 
f 12175 12304 12305 
f 12304 12305 12434 
f 12304 12433 12434 
f 12433 12434 12563 
f 12433 12562 12563 
f 12562 12563 12692 
f 12562 12691 12692 
f 12691 12692 12821 
f 12691 12820 12821 
f 12820 12821 12950 
f 12820 12949 12950 
f 12949 12950 13079 
f 12949 13078 13079 
f 13078 13079 13208 
f 13078 13207 13208 
f 13207 13208 13337 
f 13207 13336 13337 
f 13336 13337 13466 
f 13336 13465 13466 
f 13465 13466 13595 
f 13465 13594 13595 
f 13594 13595 13724 
f 13594 13723 13724 
f 13723 13724 13853 
f 13723 13852 13853 
f 13852 13853 13982 
f 13852 13981 13982 
f 13981 13982 14111 
f 13981 14110 14111 
f 14110 14111 14240 
f 14110 14239 14240 
f 14239 14240 14369 
f 14239 14368 14369 
f 14368 14369 14498 
f 14368 14497 14498 
f 14497 14498 14627 
f 14497 14626 14627 
f 14626 14627 14756 
f 14626 14755 14756 
f 14755 14756 14885 
f 14755 14884 14885 
f 14884 14885 15014 
f 14884 15013 15014 
f 15013 15014 15143 
f 15013 15142 15143 
f 15142 15143 15272 
f 15142 15271 15272 
f 15271 15272 15401 
f 15271 15400 15401 
f 15400 15401 15530 
f 15400 15529 15530 
f 15529 15530 15659 
f 15529 15658 15659 
f 15658 15659 15788 
f 15658 15787 15788 
f 15787 15788 15917 
f 15787 15916 15917 
f 15916 15917 16046 
f 15916 16045 16046 
f 16045 16046 16175 
f 16045 16174 16175 
f 16174 16175 16304 
f 16174 16303 16304 
f 16303 16304 16433 
f 16303 16432 16433 
f 16432 16433 16562 
f 16432 16561 16562 
f 50 51 180 
f 50 179 180 
f 179 180 309 
f 179 308 309 
f 308 309 438 
f 308 437 438 
f 437 438 567 
f 437 566 567 
f 566 567 696 
f 566 695 696 
f 695 696 825 
f 695 824 825 
f 824 825 954 
f 824 953 954 
f 953 954 1083 
f 953 1082 1083 
f 1082 1083 1212 
f 1082 1211 1212 
f 1211 1212 1341 
f 1211 1340 1341 
f 1340 1341 1470 
f 1340 1469 1470 
f 1469 1470 1599 
f 1469 1598 1599 
f 1598 1599 1728 
f 1598 1727 1728 
f 1727 1728 1857 
f 1727 1856 1857 
f 1856 1857 1986 
f 1856 1985 1986 
f 1985 1986 2115 
f 1985 2114 2115 
f 2114 2115 2244 
f 2114 2243 2244 
f 2243 2244 2373 
f 2243 2372 2373 
f 2372 2373 2502 
f 2372 2501 2502 
f 2501 2502 2631 
f 2501 2630 2631 
f 2630 2631 2760 
f 2630 2759 2760 
f 2759 2760 2889 
f 2759 2888 2889 
f 2888 2889 3018 
f 2888 3017 3018 
f 3017 3018 3147 
f 3017 3146 3147 
f 3146 3147 3276 
f 3146 3275 3276 
f 3275 3276 3405 
f 3275 3404 3405 
f 3404 3405 3534 
f 3404 3533 3534 
f 3533 3534 3663 
f 3533 3662 3663 
f 3662 3663 3792 
f 3662 3791 3792 
f 3791 3792 3921 
f 3791 3920 3921 
f 3920 3921 4050 
f 3920 4049 4050 
f 4049 4050 4179 
f 4049 4178 4179 
f 4178 4179 4308 
f 4178 4307 4308 
f 4307 4308 4437 
f 4307 4436 4437 
f 4436 4437 4566 
f 4436 4565 4566 
f 4565 4566 4695 
f 4565 4694 4695 
f 4694 4695 4824 
f 4694 4823 4824 
f 4823 4824 4953 
f 4823 4952 4953 
f 4952 4953 5082 
f 4952 5081 5082 
f 5081 5082 5211 
f 5081 5210 5211 
f 5210 5211 5340 
f 5210 5339 5340 
f 5339 5340 5469 
f 5339 5468 5469 
f 5468 5469 5598 
f 5468 5597 5598 
f 5597 5598 5727 
f 5597 5726 5727 
f 5726 5727 5856 
f 5726 5855 5856 
f 5855 5856 5985 
f 5855 5984 5985 
f 5984 5985 6114 
f 5984 6113 6114 
f 6113 6114 6243 
f 6113 6242 6243 
f 6242 6243 6372 
f 6242 6371 6372 
f 6371 6372 6501 
f 6371 6500 6501 
f 6500 6501 6630 
f 6500 6629 6630 
f 6629 6630 6759 
f 6629 6758 6759 
f 6758 6759 6888 
f 6758 6887 6888 
f 6887 6888 7017 
f 6887 7016 7017 
f 7016 7017 7146 
f 7016 7145 7146 
f 7145 7146 7275 
f 7145 7274 7275 
f 7274 7275 7404 
f 7274 7403 7404 
f 7403 7404 7533 
f 7403 7532 7533 
f 7532 7533 7662 
f 7532 7661 7662 
f 7661 7662 7791 
f 7661 7790 7791 
f 7790 7791 7920 
f 7790 7919 7920 
f 7919 7920 8049 
f 7919 8048 8049 
f 8048 8049 8178 
f 8048 8177 8178 
f 8177 8178 8307 
f 8177 8306 8307 
f 8306 8307 8436 
f 8306 8435 8436 
f 8435 8436 8565 
f 8435 8564 8565 
f 8564 8565 8694 
f 8564 8693 8694 
f 8693 8694 8823 
f 8693 8822 8823 
f 8822 8823 8952 
f 8822 8951 8952 
f 8951 8952 9081 
f 8951 9080 9081 
f 9080 9081 9210 
f 9080 9209 9210 
f 9209 9210 9339 
f 9209 9338 9339 
f 9338 9339 9468 
f 9338 9467 9468 
f 9467 9468 9597 
f 9467 9596 9597 
f 9596 9597 9726 
f 9596 9725 9726 
f 9725 9726 9855 
f 9725 9854 9855 
f 9854 9855 9984 
f 9854 9983 9984 
f 9983 9984 10113 
f 9983 10112 10113 
f 10112 10113 10242 
f 10112 10241 10242 
f 10241 10242 10371 
f 10241 10370 10371 
f 10370 10371 10500 
f 10370 10499 10500 
f 10499 10500 10629 
f 10499 10628 10629 
f 10628 10629 10758 
f 10628 10757 10758 
f 10757 10758 10887 
f 10757 10886 10887 
f 10886 10887 11016 
f 10886 11015 11016 
f 11015 11016 11145 
f 11015 11144 11145 
f 11144 11145 11274 
f 11144 11273 11274 
f 11273 11274 11403 
f 11273 11402 11403 
f 11402 11403 11532 
f 11402 11531 11532 
f 11531 11532 11661 
f 11531 11660 11661 
f 11660 11661 11790 
f 11660 11789 11790 
f 11789 11790 11919 
f 11789 11918 11919 
f 11918 11919 12048 
f 11918 12047 12048 
f 12047 12048 12177 
f 12047 12176 12177 
f 12176 12177 12306 
f 12176 12305 12306 
f 12305 12306 12435 
f 12305 12434 12435 
f 12434 12435 12564 
f 12434 12563 12564 
f 12563 12564 12693 
f 12563 12692 12693 
f 12692 12693 12822 
f 12692 12821 12822 
f 12821 12822 12951 
f 12821 12950 12951 
f 12950 12951 13080 
f 12950 13079 13080 
f 13079 13080 13209 
f 13079 13208 13209 
f 13208 13209 13338 
f 13208 13337 13338 
f 13337 13338 13467 
f 13337 13466 13467 
f 13466 13467 13596 
f 13466 13595 13596 
f 13595 13596 13725 
f 13595 13724 13725 
f 13724 13725 13854 
f 13724 13853 13854 
f 13853 13854 13983 
f 13853 13982 13983 
f 13982 13983 14112 
f 13982 14111 14112 
f 14111 14112 14241 
f 14111 14240 14241 
f 14240 14241 14370 
f 14240 14369 14370 
f 14369 14370 14499 
f 14369 14498 14499 
f 14498 14499 14628 
f 14498 14627 14628 
f 14627 14628 14757 
f 14627 14756 14757 
f 14756 14757 14886 
f 14756 14885 14886 
f 14885 14886 15015 
f 14885 15014 15015 
f 15014 15015 15144 
f 15014 15143 15144 
f 15143 15144 15273 
f 15143 15272 15273 
f 15272 15273 15402 
f 15272 15401 15402 
f 15401 15402 15531 
f 15401 15530 15531 
f 15530 15531 15660 
f 15530 15659 15660 
f 15659 15660 15789 
f 15659 15788 15789 
f 15788 15789 15918 
f 15788 15917 15918 
f 15917 15918 16047 
f 15917 16046 16047 
f 16046 16047 16176 
f 16046 16175 16176 
f 16175 16176 16305 
f 16175 16304 16305 
f 16304 16305 16434 
f 16304 16433 16434 
f 16433 16434 16563 
f 16433 16562 16563 
f 51 52 181 
f 51 180 181 
f 180 181 310 
f 180 309 310 
f 309 310 439 
f 309 438 439 
f 438 439 568 
f 438 567 568 
f 567 568 697 
f 567 696 697 
f 696 697 826 
f 696 825 826 
f 825 826 955 
f 825 954 955 
f 954 955 1084 
f 954 1083 1084 
f 1083 1084 1213 
f 1083 1212 1213 
f 1212 1213 1342 
f 1212 1341 1342 
f 1341 1342 1471 
f 1341 1470 1471 
f 1470 1471 1600 
f 1470 1599 1600 
f 1599 1600 1729 
f 1599 1728 1729 
f 1728 1729 1858 
f 1728 1857 1858 
f 1857 1858 1987 
f 1857 1986 1987 
f 1986 1987 2116 
f 1986 2115 2116 
f 2115 2116 2245 
f 2115 2244 2245 
f 2244 2245 2374 
f 2244 2373 2374 
f 2373 2374 2503 
f 2373 2502 2503 
f 2502 2503 2632 
f 2502 2631 2632 
f 2631 2632 2761 
f 2631 2760 2761 
f 2760 2761 2890 
f 2760 2889 2890 
f 2889 2890 3019 
f 2889 3018 3019 
f 3018 3019 3148 
f 3018 3147 3148 
f 3147 3148 3277 
f 3147 3276 3277 
f 3276 3277 3406 
f 3276 3405 3406 
f 3405 3406 3535 
f 3405 3534 3535 
f 3534 3535 3664 
f 3534 3663 3664 
f 3663 3664 3793 
f 3663 3792 3793 
f 3792 3793 3922 
f 3792 3921 3922 
f 3921 3922 4051 
f 3921 4050 4051 
f 4050 4051 4180 
f 4050 4179 4180 
f 4179 4180 4309 
f 4179 4308 4309 
f 4308 4309 4438 
f 4308 4437 4438 
f 4437 4438 4567 
f 4437 4566 4567 
f 4566 4567 4696 
f 4566 4695 4696 
f 4695 4696 4825 
f 4695 4824 4825 
f 4824 4825 4954 
f 4824 4953 4954 
f 4953 4954 5083 
f 4953 5082 5083 
f 5082 5083 5212 
f 5082 5211 5212 
f 5211 5212 5341 
f 5211 5340 5341 
f 5340 5341 5470 
f 5340 5469 5470 
f 5469 5470 5599 
f 5469 5598 5599 
f 5598 5599 5728 
f 5598 5727 5728 
f 5727 5728 5857 
f 5727 5856 5857 
f 5856 5857 5986 
f 5856 5985 5986 
f 5985 5986 6115 
f 5985 6114 6115 
f 6114 6115 6244 
f 6114 6243 6244 
f 6243 6244 6373 
f 6243 6372 6373 
f 6372 6373 6502 
f 6372 6501 6502 
f 6501 6502 6631 
f 6501 6630 6631 
f 6630 6631 6760 
f 6630 6759 6760 
f 6759 6760 6889 
f 6759 6888 6889 
f 6888 6889 7018 
f 6888 7017 7018 
f 7017 7018 7147 
f 7017 7146 7147 
f 7146 7147 7276 
f 7146 7275 7276 
f 7275 7276 7405 
f 7275 7404 7405 
f 7404 7405 7534 
f 7404 7533 7534 
f 7533 7534 7663 
f 7533 7662 7663 
f 7662 7663 7792 
f 7662 7791 7792 
f 7791 7792 7921 
f 7791 7920 7921 
f 7920 7921 8050 
f 7920 8049 8050 
f 8049 8050 8179 
f 8049 8178 8179 
f 8178 8179 8308 
f 8178 8307 8308 
f 8307 8308 8437 
f 8307 8436 8437 
f 8436 8437 8566 
f 8436 8565 8566 
f 8565 8566 8695 
f 8565 8694 8695 
f 8694 8695 8824 
f 8694 8823 8824 
f 8823 8824 8953 
f 8823 8952 8953 
f 8952 8953 9082 
f 8952 9081 9082 
f 9081 9082 9211 
f 9081 9210 9211 
f 9210 9211 9340 
f 9210 9339 9340 
f 9339 9340 9469 
f 9339 9468 9469 
f 9468 9469 9598 
f 9468 9597 9598 
f 9597 9598 9727 
f 9597 9726 9727 
f 9726 9727 9856 
f 9726 9855 9856 
f 9855 9856 9985 
f 9855 9984 9985 
f 9984 9985 10114 
f 9984 10113 10114 
f 10113 10114 10243 
f 10113 10242 10243 
f 10242 10243 10372 
f 10242 10371 10372 
f 10371 10372 10501 
f 10371 10500 10501 
f 10500 10501 10630 
f 10500 10629 10630 
f 10629 10630 10759 
f 10629 10758 10759 
f 10758 10759 10888 
f 10758 10887 10888 
f 10887 10888 11017 
f 10887 11016 11017 
f 11016 11017 11146 
f 11016 11145 11146 
f 11145 11146 11275 
f 11145 11274 11275 
f 11274 11275 11404 
f 11274 11403 11404 
f 11403 11404 11533 
f 11403 11532 11533 
f 11532 11533 11662 
f 11532 11661 11662 
f 11661 11662 11791 
f 11661 11790 11791 
f 11790 11791 11920 
f 11790 11919 11920 
f 11919 11920 12049 
f 11919 12048 12049 
f 12048 12049 12178 
f 12048 12177 12178 
f 12177 12178 12307 
f 12177 12306 12307 
f 12306 12307 12436 
f 12306 12435 12436 
f 12435 12436 12565 
f 12435 12564 12565 
f 12564 12565 12694 
f 12564 12693 12694 
f 12693 12694 12823 
f 12693 12822 12823 
f 12822 12823 12952 
f 12822 12951 12952 
f 12951 12952 13081 
f 12951 13080 13081 
f 13080 13081 13210 
f 13080 13209 13210 
f 13209 13210 13339 
f 13209 13338 13339 
f 13338 13339 13468 
f 13338 13467 13468 
f 13467 13468 13597 
f 13467 13596 13597 
f 13596 13597 13726 
f 13596 13725 13726 
f 13725 13726 13855 
f 13725 13854 13855 
f 13854 13855 13984 
f 13854 13983 13984 
f 13983 13984 14113 
f 13983 14112 14113 
f 14112 14113 14242 
f 14112 14241 14242 
f 14241 14242 14371 
f 14241 14370 14371 
f 14370 14371 14500 
f 14370 14499 14500 
f 14499 14500 14629 
f 14499 14628 14629 
f 14628 14629 14758 
f 14628 14757 14758 
f 14757 14758 14887 
f 14757 14886 14887 
f 14886 14887 15016 
f 14886 15015 15016 
f 15015 15016 15145 
f 15015 15144 15145 
f 15144 15145 15274 
f 15144 15273 15274 
f 15273 15274 15403 
f 15273 15402 15403 
f 15402 15403 15532 
f 15402 15531 15532 
f 15531 15532 15661 
f 15531 15660 15661 
f 15660 15661 15790 
f 15660 15789 15790 
f 15789 15790 15919 
f 15789 15918 15919 
f 15918 15919 16048 
f 15918 16047 16048 
f 16047 16048 16177 
f 16047 16176 16177 
f 16176 16177 16306 
f 16176 16305 16306 
f 16305 16306 16435 
f 16305 16434 16435 
f 16434 16435 16564 
f 16434 16563 16564 
f 52 53 182 
f 52 181 182 
f 181 182 311 
f 181 310 311 
f 310 311 440 
f 310 439 440 
f 439 440 569 
f 439 568 569 
f 568 569 698 
f 568 697 698 
f 697 698 827 
f 697 826 827 
f 826 827 956 
f 826 955 956 
f 955 956 1085 
f 955 1084 1085 
f 1084 1085 1214 
f 1084 1213 1214 
f 1213 1214 1343 
f 1213 1342 1343 
f 1342 1343 1472 
f 1342 1471 1472 
f 1471 1472 1601 
f 1471 1600 1601 
f 1600 1601 1730 
f 1600 1729 1730 
f 1729 1730 1859 
f 1729 1858 1859 
f 1858 1859 1988 
f 1858 1987 1988 
f 1987 1988 2117 
f 1987 2116 2117 
f 2116 2117 2246 
f 2116 2245 2246 
f 2245 2246 2375 
f 2245 2374 2375 
f 2374 2375 2504 
f 2374 2503 2504 
f 2503 2504 2633 
f 2503 2632 2633 
f 2632 2633 2762 
f 2632 2761 2762 
f 2761 2762 2891 
f 2761 2890 2891 
f 2890 2891 3020 
f 2890 3019 3020 
f 3019 3020 3149 
f 3019 3148 3149 
f 3148 3149 3278 
f 3148 3277 3278 
f 3277 3278 3407 
f 3277 3406 3407 
f 3406 3407 3536 
f 3406 3535 3536 
f 3535 3536 3665 
f 3535 3664 3665 
f 3664 3665 3794 
f 3664 3793 3794 
f 3793 3794 3923 
f 3793 3922 3923 
f 3922 3923 4052 
f 3922 4051 4052 
f 4051 4052 4181 
f 4051 4180 4181 
f 4180 4181 4310 
f 4180 4309 4310 
f 4309 4310 4439 
f 4309 4438 4439 
f 4438 4439 4568 
f 4438 4567 4568 
f 4567 4568 4697 
f 4567 4696 4697 
f 4696 4697 4826 
f 4696 4825 4826 
f 4825 4826 4955 
f 4825 4954 4955 
f 4954 4955 5084 
f 4954 5083 5084 
f 5083 5084 5213 
f 5083 5212 5213 
f 5212 5213 5342 
f 5212 5341 5342 
f 5341 5342 5471 
f 5341 5470 5471 
f 5470 5471 5600 
f 5470 5599 5600 
f 5599 5600 5729 
f 5599 5728 5729 
f 5728 5729 5858 
f 5728 5857 5858 
f 5857 5858 5987 
f 5857 5986 5987 
f 5986 5987 6116 
f 5986 6115 6116 
f 6115 6116 6245 
f 6115 6244 6245 
f 6244 6245 6374 
f 6244 6373 6374 
f 6373 6374 6503 
f 6373 6502 6503 
f 6502 6503 6632 
f 6502 6631 6632 
f 6631 6632 6761 
f 6631 6760 6761 
f 6760 6761 6890 
f 6760 6889 6890 
f 6889 6890 7019 
f 6889 7018 7019 
f 7018 7019 7148 
f 7018 7147 7148 
f 7147 7148 7277 
f 7147 7276 7277 
f 7276 7277 7406 
f 7276 7405 7406 
f 7405 7406 7535 
f 7405 7534 7535 
f 7534 7535 7664 
f 7534 7663 7664 
f 7663 7664 7793 
f 7663 7792 7793 
f 7792 7793 7922 
f 7792 7921 7922 
f 7921 7922 8051 
f 7921 8050 8051 
f 8050 8051 8180 
f 8050 8179 8180 
f 8179 8180 8309 
f 8179 8308 8309 
f 8308 8309 8438 
f 8308 8437 8438 
f 8437 8438 8567 
f 8437 8566 8567 
f 8566 8567 8696 
f 8566 8695 8696 
f 8695 8696 8825 
f 8695 8824 8825 
f 8824 8825 8954 
f 8824 8953 8954 
f 8953 8954 9083 
f 8953 9082 9083 
f 9082 9083 9212 
f 9082 9211 9212 
f 9211 9212 9341 
f 9211 9340 9341 
f 9340 9341 9470 
f 9340 9469 9470 
f 9469 9470 9599 
f 9469 9598 9599 
f 9598 9599 9728 
f 9598 9727 9728 
f 9727 9728 9857 
f 9727 9856 9857 
f 9856 9857 9986 
f 9856 9985 9986 
f 9985 9986 10115 
f 9985 10114 10115 
f 10114 10115 10244 
f 10114 10243 10244 
f 10243 10244 10373 
f 10243 10372 10373 
f 10372 10373 10502 
f 10372 10501 10502 
f 10501 10502 10631 
f 10501 10630 10631 
f 10630 10631 10760 
f 10630 10759 10760 
f 10759 10760 10889 
f 10759 10888 10889 
f 10888 10889 11018 
f 10888 11017 11018 
f 11017 11018 11147 
f 11017 11146 11147 
f 11146 11147 11276 
f 11146 11275 11276 
f 11275 11276 11405 
f 11275 11404 11405 
f 11404 11405 11534 
f 11404 11533 11534 
f 11533 11534 11663 
f 11533 11662 11663 
f 11662 11663 11792 
f 11662 11791 11792 
f 11791 11792 11921 
f 11791 11920 11921 
f 11920 11921 12050 
f 11920 12049 12050 
f 12049 12050 12179 
f 12049 12178 12179 
f 12178 12179 12308 
f 12178 12307 12308 
f 12307 12308 12437 
f 12307 12436 12437 
f 12436 12437 12566 
f 12436 12565 12566 
f 12565 12566 12695 
f 12565 12694 12695 
f 12694 12695 12824 
f 12694 12823 12824 
f 12823 12824 12953 
f 12823 12952 12953 
f 12952 12953 13082 
f 12952 13081 13082 
f 13081 13082 13211 
f 13081 13210 13211 
f 13210 13211 13340 
f 13210 13339 13340 
f 13339 13340 13469 
f 13339 13468 13469 
f 13468 13469 13598 
f 13468 13597 13598 
f 13597 13598 13727 
f 13597 13726 13727 
f 13726 13727 13856 
f 13726 13855 13856 
f 13855 13856 13985 
f 13855 13984 13985 
f 13984 13985 14114 
f 13984 14113 14114 
f 14113 14114 14243 
f 14113 14242 14243 
f 14242 14243 14372 
f 14242 14371 14372 
f 14371 14372 14501 
f 14371 14500 14501 
f 14500 14501 14630 
f 14500 14629 14630 
f 14629 14630 14759 
f 14629 14758 14759 
f 14758 14759 14888 
f 14758 14887 14888 
f 14887 14888 15017 
f 14887 15016 15017 
f 15016 15017 15146 
f 15016 15145 15146 
f 15145 15146 15275 
f 15145 15274 15275 
f 15274 15275 15404 
f 15274 15403 15404 
f 15403 15404 15533 
f 15403 15532 15533 
f 15532 15533 15662 
f 15532 15661 15662 
f 15661 15662 15791 
f 15661 15790 15791 
f 15790 15791 15920 
f 15790 15919 15920 
f 15919 15920 16049 
f 15919 16048 16049 
f 16048 16049 16178 
f 16048 16177 16178 
f 16177 16178 16307 
f 16177 16306 16307 
f 16306 16307 16436 
f 16306 16435 16436 
f 16435 16436 16565 
f 16435 16564 16565 
f 53 54 183 
f 53 182 183 
f 182 183 312 
f 182 311 312 
f 311 312 441 
f 311 440 441 
f 440 441 570 
f 440 569 570 
f 569 570 699 
f 569 698 699 
f 698 699 828 
f 698 827 828 
f 827 828 957 
f 827 956 957 
f 956 957 1086 
f 956 1085 1086 
f 1085 1086 1215 
f 1085 1214 1215 
f 1214 1215 1344 
f 1214 1343 1344 
f 1343 1344 1473 
f 1343 1472 1473 
f 1472 1473 1602 
f 1472 1601 1602 
f 1601 1602 1731 
f 1601 1730 1731 
f 1730 1731 1860 
f 1730 1859 1860 
f 1859 1860 1989 
f 1859 1988 1989 
f 1988 1989 2118 
f 1988 2117 2118 
f 2117 2118 2247 
f 2117 2246 2247 
f 2246 2247 2376 
f 2246 2375 2376 
f 2375 2376 2505 
f 2375 2504 2505 
f 2504 2505 2634 
f 2504 2633 2634 
f 2633 2634 2763 
f 2633 2762 2763 
f 2762 2763 2892 
f 2762 2891 2892 
f 2891 2892 3021 
f 2891 3020 3021 
f 3020 3021 3150 
f 3020 3149 3150 
f 3149 3150 3279 
f 3149 3278 3279 
f 3278 3279 3408 
f 3278 3407 3408 
f 3407 3408 3537 
f 3407 3536 3537 
f 3536 3537 3666 
f 3536 3665 3666 
f 3665 3666 3795 
f 3665 3794 3795 
f 3794 3795 3924 
f 3794 3923 3924 
f 3923 3924 4053 
f 3923 4052 4053 
f 4052 4053 4182 
f 4052 4181 4182 
f 4181 4182 4311 
f 4181 4310 4311 
f 4310 4311 4440 
f 4310 4439 4440 
f 4439 4440 4569 
f 4439 4568 4569 
f 4568 4569 4698 
f 4568 4697 4698 
f 4697 4698 4827 
f 4697 4826 4827 
f 4826 4827 4956 
f 4826 4955 4956 
f 4955 4956 5085 
f 4955 5084 5085 
f 5084 5085 5214 
f 5084 5213 5214 
f 5213 5214 5343 
f 5213 5342 5343 
f 5342 5343 5472 
f 5342 5471 5472 
f 5471 5472 5601 
f 5471 5600 5601 
f 5600 5601 5730 
f 5600 5729 5730 
f 5729 5730 5859 
f 5729 5858 5859 
f 5858 5859 5988 
f 5858 5987 5988 
f 5987 5988 6117 
f 5987 6116 6117 
f 6116 6117 6246 
f 6116 6245 6246 
f 6245 6246 6375 
f 6245 6374 6375 
f 6374 6375 6504 
f 6374 6503 6504 
f 6503 6504 6633 
f 6503 6632 6633 
f 6632 6633 6762 
f 6632 6761 6762 
f 6761 6762 6891 
f 6761 6890 6891 
f 6890 6891 7020 
f 6890 7019 7020 
f 7019 7020 7149 
f 7019 7148 7149 
f 7148 7149 7278 
f 7148 7277 7278 
f 7277 7278 7407 
f 7277 7406 7407 
f 7406 7407 7536 
f 7406 7535 7536 
f 7535 7536 7665 
f 7535 7664 7665 
f 7664 7665 7794 
f 7664 7793 7794 
f 7793 7794 7923 
f 7793 7922 7923 
f 7922 7923 8052 
f 7922 8051 8052 
f 8051 8052 8181 
f 8051 8180 8181 
f 8180 8181 8310 
f 8180 8309 8310 
f 8309 8310 8439 
f 8309 8438 8439 
f 8438 8439 8568 
f 8438 8567 8568 
f 8567 8568 8697 
f 8567 8696 8697 
f 8696 8697 8826 
f 8696 8825 8826 
f 8825 8826 8955 
f 8825 8954 8955 
f 8954 8955 9084 
f 8954 9083 9084 
f 9083 9084 9213 
f 9083 9212 9213 
f 9212 9213 9342 
f 9212 9341 9342 
f 9341 9342 9471 
f 9341 9470 9471 
f 9470 9471 9600 
f 9470 9599 9600 
f 9599 9600 9729 
f 9599 9728 9729 
f 9728 9729 9858 
f 9728 9857 9858 
f 9857 9858 9987 
f 9857 9986 9987 
f 9986 9987 10116 
f 9986 10115 10116 
f 10115 10116 10245 
f 10115 10244 10245 
f 10244 10245 10374 
f 10244 10373 10374 
f 10373 10374 10503 
f 10373 10502 10503 
f 10502 10503 10632 
f 10502 10631 10632 
f 10631 10632 10761 
f 10631 10760 10761 
f 10760 10761 10890 
f 10760 10889 10890 
f 10889 10890 11019 
f 10889 11018 11019 
f 11018 11019 11148 
f 11018 11147 11148 
f 11147 11148 11277 
f 11147 11276 11277 
f 11276 11277 11406 
f 11276 11405 11406 
f 11405 11406 11535 
f 11405 11534 11535 
f 11534 11535 11664 
f 11534 11663 11664 
f 11663 11664 11793 
f 11663 11792 11793 
f 11792 11793 11922 
f 11792 11921 11922 
f 11921 11922 12051 
f 11921 12050 12051 
f 12050 12051 12180 
f 12050 12179 12180 
f 12179 12180 12309 
f 12179 12308 12309 
f 12308 12309 12438 
f 12308 12437 12438 
f 12437 12438 12567 
f 12437 12566 12567 
f 12566 12567 12696 
f 12566 12695 12696 
f 12695 12696 12825 
f 12695 12824 12825 
f 12824 12825 12954 
f 12824 12953 12954 
f 12953 12954 13083 
f 12953 13082 13083 
f 13082 13083 13212 
f 13082 13211 13212 
f 13211 13212 13341 
f 13211 13340 13341 
f 13340 13341 13470 
f 13340 13469 13470 
f 13469 13470 13599 
f 13469 13598 13599 
f 13598 13599 13728 
f 13598 13727 13728 
f 13727 13728 13857 
f 13727 13856 13857 
f 13856 13857 13986 
f 13856 13985 13986 
f 13985 13986 14115 
f 13985 14114 14115 
f 14114 14115 14244 
f 14114 14243 14244 
f 14243 14244 14373 
f 14243 14372 14373 
f 14372 14373 14502 
f 14372 14501 14502 
f 14501 14502 14631 
f 14501 14630 14631 
f 14630 14631 14760 
f 14630 14759 14760 
f 14759 14760 14889 
f 14759 14888 14889 
f 14888 14889 15018 
f 14888 15017 15018 
f 15017 15018 15147 
f 15017 15146 15147 
f 15146 15147 15276 
f 15146 15275 15276 
f 15275 15276 15405 
f 15275 15404 15405 
f 15404 15405 15534 
f 15404 15533 15534 
f 15533 15534 15663 
f 15533 15662 15663 
f 15662 15663 15792 
f 15662 15791 15792 
f 15791 15792 15921 
f 15791 15920 15921 
f 15920 15921 16050 
f 15920 16049 16050 
f 16049 16050 16179 
f 16049 16178 16179 
f 16178 16179 16308 
f 16178 16307 16308 
f 16307 16308 16437 
f 16307 16436 16437 
f 16436 16437 16566 
f 16436 16565 16566 
f 54 55 184 
f 54 183 184 
f 183 184 313 
f 183 312 313 
f 312 313 442 
f 312 441 442 
f 441 442 571 
f 441 570 571 
f 570 571 700 
f 570 699 700 
f 699 700 829 
f 699 828 829 
f 828 829 958 
f 828 957 958 
f 957 958 1087 
f 957 1086 1087 
f 1086 1087 1216 
f 1086 1215 1216 
f 1215 1216 1345 
f 1215 1344 1345 
f 1344 1345 1474 
f 1344 1473 1474 
f 1473 1474 1603 
f 1473 1602 1603 
f 1602 1603 1732 
f 1602 1731 1732 
f 1731 1732 1861 
f 1731 1860 1861 
f 1860 1861 1990 
f 1860 1989 1990 
f 1989 1990 2119 
f 1989 2118 2119 
f 2118 2119 2248 
f 2118 2247 2248 
f 2247 2248 2377 
f 2247 2376 2377 
f 2376 2377 2506 
f 2376 2505 2506 
f 2505 2506 2635 
f 2505 2634 2635 
f 2634 2635 2764 
f 2634 2763 2764 
f 2763 2764 2893 
f 2763 2892 2893 
f 2892 2893 3022 
f 2892 3021 3022 
f 3021 3022 3151 
f 3021 3150 3151 
f 3150 3151 3280 
f 3150 3279 3280 
f 3279 3280 3409 
f 3279 3408 3409 
f 3408 3409 3538 
f 3408 3537 3538 
f 3537 3538 3667 
f 3537 3666 3667 
f 3666 3667 3796 
f 3666 3795 3796 
f 3795 3796 3925 
f 3795 3924 3925 
f 3924 3925 4054 
f 3924 4053 4054 
f 4053 4054 4183 
f 4053 4182 4183 
f 4182 4183 4312 
f 4182 4311 4312 
f 4311 4312 4441 
f 4311 4440 4441 
f 4440 4441 4570 
f 4440 4569 4570 
f 4569 4570 4699 
f 4569 4698 4699 
f 4698 4699 4828 
f 4698 4827 4828 
f 4827 4828 4957 
f 4827 4956 4957 
f 4956 4957 5086 
f 4956 5085 5086 
f 5085 5086 5215 
f 5085 5214 5215 
f 5214 5215 5344 
f 5214 5343 5344 
f 5343 5344 5473 
f 5343 5472 5473 
f 5472 5473 5602 
f 5472 5601 5602 
f 5601 5602 5731 
f 5601 5730 5731 
f 5730 5731 5860 
f 5730 5859 5860 
f 5859 5860 5989 
f 5859 5988 5989 
f 5988 5989 6118 
f 5988 6117 6118 
f 6117 6118 6247 
f 6117 6246 6247 
f 6246 6247 6376 
f 6246 6375 6376 
f 6375 6376 6505 
f 6375 6504 6505 
f 6504 6505 6634 
f 6504 6633 6634 
f 6633 6634 6763 
f 6633 6762 6763 
f 6762 6763 6892 
f 6762 6891 6892 
f 6891 6892 7021 
f 6891 7020 7021 
f 7020 7021 7150 
f 7020 7149 7150 
f 7149 7150 7279 
f 7149 7278 7279 
f 7278 7279 7408 
f 7278 7407 7408 
f 7407 7408 7537 
f 7407 7536 7537 
f 7536 7537 7666 
f 7536 7665 7666 
f 7665 7666 7795 
f 7665 7794 7795 
f 7794 7795 7924 
f 7794 7923 7924 
f 7923 7924 8053 
f 7923 8052 8053 
f 8052 8053 8182 
f 8052 8181 8182 
f 8181 8182 8311 
f 8181 8310 8311 
f 8310 8311 8440 
f 8310 8439 8440 
f 8439 8440 8569 
f 8439 8568 8569 
f 8568 8569 8698 
f 8568 8697 8698 
f 8697 8698 8827 
f 8697 8826 8827 
f 8826 8827 8956 
f 8826 8955 8956 
f 8955 8956 9085 
f 8955 9084 9085 
f 9084 9085 9214 
f 9084 9213 9214 
f 9213 9214 9343 
f 9213 9342 9343 
f 9342 9343 9472 
f 9342 9471 9472 
f 9471 9472 9601 
f 9471 9600 9601 
f 9600 9601 9730 
f 9600 9729 9730 
f 9729 9730 9859 
f 9729 9858 9859 
f 9858 9859 9988 
f 9858 9987 9988 
f 9987 9988 10117 
f 9987 10116 10117 
f 10116 10117 10246 
f 10116 10245 10246 
f 10245 10246 10375 
f 10245 10374 10375 
f 10374 10375 10504 
f 10374 10503 10504 
f 10503 10504 10633 
f 10503 10632 10633 
f 10632 10633 10762 
f 10632 10761 10762 
f 10761 10762 10891 
f 10761 10890 10891 
f 10890 10891 11020 
f 10890 11019 11020 
f 11019 11020 11149 
f 11019 11148 11149 
f 11148 11149 11278 
f 11148 11277 11278 
f 11277 11278 11407 
f 11277 11406 11407 
f 11406 11407 11536 
f 11406 11535 11536 
f 11535 11536 11665 
f 11535 11664 11665 
f 11664 11665 11794 
f 11664 11793 11794 
f 11793 11794 11923 
f 11793 11922 11923 
f 11922 11923 12052 
f 11922 12051 12052 
f 12051 12052 12181 
f 12051 12180 12181 
f 12180 12181 12310 
f 12180 12309 12310 
f 12309 12310 12439 
f 12309 12438 12439 
f 12438 12439 12568 
f 12438 12567 12568 
f 12567 12568 12697 
f 12567 12696 12697 
f 12696 12697 12826 
f 12696 12825 12826 
f 12825 12826 12955 
f 12825 12954 12955 
f 12954 12955 13084 
f 12954 13083 13084 
f 13083 13084 13213 
f 13083 13212 13213 
f 13212 13213 13342 
f 13212 13341 13342 
f 13341 13342 13471 
f 13341 13470 13471 
f 13470 13471 13600 
f 13470 13599 13600 
f 13599 13600 13729 
f 13599 13728 13729 
f 13728 13729 13858 
f 13728 13857 13858 
f 13857 13858 13987 
f 13857 13986 13987 
f 13986 13987 14116 
f 13986 14115 14116 
f 14115 14116 14245 
f 14115 14244 14245 
f 14244 14245 14374 
f 14244 14373 14374 
f 14373 14374 14503 
f 14373 14502 14503 
f 14502 14503 14632 
f 14502 14631 14632 
f 14631 14632 14761 
f 14631 14760 14761 
f 14760 14761 14890 
f 14760 14889 14890 
f 14889 14890 15019 
f 14889 15018 15019 
f 15018 15019 15148 
f 15018 15147 15148 
f 15147 15148 15277 
f 15147 15276 15277 
f 15276 15277 15406 
f 15276 15405 15406 
f 15405 15406 15535 
f 15405 15534 15535 
f 15534 15535 15664 
f 15534 15663 15664 
f 15663 15664 15793 
f 15663 15792 15793 
f 15792 15793 15922 
f 15792 15921 15922 
f 15921 15922 16051 
f 15921 16050 16051 
f 16050 16051 16180 
f 16050 16179 16180 
f 16179 16180 16309 
f 16179 16308 16309 
f 16308 16309 16438 
f 16308 16437 16438 
f 16437 16438 16567 
f 16437 16566 16567 
f 55 56 185 
f 55 184 185 
f 184 185 314 
f 184 313 314 
f 313 314 443 
f 313 442 443 
f 442 443 572 
f 442 571 572 
f 571 572 701 
f 571 700 701 
f 700 701 830 
f 700 829 830 
f 829 830 959 
f 829 958 959 
f 958 959 1088 
f 958 1087 1088 
f 1087 1088 1217 
f 1087 1216 1217 
f 1216 1217 1346 
f 1216 1345 1346 
f 1345 1346 1475 
f 1345 1474 1475 
f 1474 1475 1604 
f 1474 1603 1604 
f 1603 1604 1733 
f 1603 1732 1733 
f 1732 1733 1862 
f 1732 1861 1862 
f 1861 1862 1991 
f 1861 1990 1991 
f 1990 1991 2120 
f 1990 2119 2120 
f 2119 2120 2249 
f 2119 2248 2249 
f 2248 2249 2378 
f 2248 2377 2378 
f 2377 2378 2507 
f 2377 2506 2507 
f 2506 2507 2636 
f 2506 2635 2636 
f 2635 2636 2765 
f 2635 2764 2765 
f 2764 2765 2894 
f 2764 2893 2894 
f 2893 2894 3023 
f 2893 3022 3023 
f 3022 3023 3152 
f 3022 3151 3152 
f 3151 3152 3281 
f 3151 3280 3281 
f 3280 3281 3410 
f 3280 3409 3410 
f 3409 3410 3539 
f 3409 3538 3539 
f 3538 3539 3668 
f 3538 3667 3668 
f 3667 3668 3797 
f 3667 3796 3797 
f 3796 3797 3926 
f 3796 3925 3926 
f 3925 3926 4055 
f 3925 4054 4055 
f 4054 4055 4184 
f 4054 4183 4184 
f 4183 4184 4313 
f 4183 4312 4313 
f 4312 4313 4442 
f 4312 4441 4442 
f 4441 4442 4571 
f 4441 4570 4571 
f 4570 4571 4700 
f 4570 4699 4700 
f 4699 4700 4829 
f 4699 4828 4829 
f 4828 4829 4958 
f 4828 4957 4958 
f 4957 4958 5087 
f 4957 5086 5087 
f 5086 5087 5216 
f 5086 5215 5216 
f 5215 5216 5345 
f 5215 5344 5345 
f 5344 5345 5474 
f 5344 5473 5474 
f 5473 5474 5603 
f 5473 5602 5603 
f 5602 5603 5732 
f 5602 5731 5732 
f 5731 5732 5861 
f 5731 5860 5861 
f 5860 5861 5990 
f 5860 5989 5990 
f 5989 5990 6119 
f 5989 6118 6119 
f 6118 6119 6248 
f 6118 6247 6248 
f 6247 6248 6377 
f 6247 6376 6377 
f 6376 6377 6506 
f 6376 6505 6506 
f 6505 6506 6635 
f 6505 6634 6635 
f 6634 6635 6764 
f 6634 6763 6764 
f 6763 6764 6893 
f 6763 6892 6893 
f 6892 6893 7022 
f 6892 7021 7022 
f 7021 7022 7151 
f 7021 7150 7151 
f 7150 7151 7280 
f 7150 7279 7280 
f 7279 7280 7409 
f 7279 7408 7409 
f 7408 7409 7538 
f 7408 7537 7538 
f 7537 7538 7667 
f 7537 7666 7667 
f 7666 7667 7796 
f 7666 7795 7796 
f 7795 7796 7925 
f 7795 7924 7925 
f 7924 7925 8054 
f 7924 8053 8054 
f 8053 8054 8183 
f 8053 8182 8183 
f 8182 8183 8312 
f 8182 8311 8312 
f 8311 8312 8441 
f 8311 8440 8441 
f 8440 8441 8570 
f 8440 8569 8570 
f 8569 8570 8699 
f 8569 8698 8699 
f 8698 8699 8828 
f 8698 8827 8828 
f 8827 8828 8957 
f 8827 8956 8957 
f 8956 8957 9086 
f 8956 9085 9086 
f 9085 9086 9215 
f 9085 9214 9215 
f 9214 9215 9344 
f 9214 9343 9344 
f 9343 9344 9473 
f 9343 9472 9473 
f 9472 9473 9602 
f 9472 9601 9602 
f 9601 9602 9731 
f 9601 9730 9731 
f 9730 9731 9860 
f 9730 9859 9860 
f 9859 9860 9989 
f 9859 9988 9989 
f 9988 9989 10118 
f 9988 10117 10118 
f 10117 10118 10247 
f 10117 10246 10247 
f 10246 10247 10376 
f 10246 10375 10376 
f 10375 10376 10505 
f 10375 10504 10505 
f 10504 10505 10634 
f 10504 10633 10634 
f 10633 10634 10763 
f 10633 10762 10763 
f 10762 10763 10892 
f 10762 10891 10892 
f 10891 10892 11021 
f 10891 11020 11021 
f 11020 11021 11150 
f 11020 11149 11150 
f 11149 11150 11279 
f 11149 11278 11279 
f 11278 11279 11408 
f 11278 11407 11408 
f 11407 11408 11537 
f 11407 11536 11537 
f 11536 11537 11666 
f 11536 11665 11666 
f 11665 11666 11795 
f 11665 11794 11795 
f 11794 11795 11924 
f 11794 11923 11924 
f 11923 11924 12053 
f 11923 12052 12053 
f 12052 12053 12182 
f 12052 12181 12182 
f 12181 12182 12311 
f 12181 12310 12311 
f 12310 12311 12440 
f 12310 12439 12440 
f 12439 12440 12569 
f 12439 12568 12569 
f 12568 12569 12698 
f 12568 12697 12698 
f 12697 12698 12827 
f 12697 12826 12827 
f 12826 12827 12956 
f 12826 12955 12956 
f 12955 12956 13085 
f 12955 13084 13085 
f 13084 13085 13214 
f 13084 13213 13214 
f 13213 13214 13343 
f 13213 13342 13343 
f 13342 13343 13472 
f 13342 13471 13472 
f 13471 13472 13601 
f 13471 13600 13601 
f 13600 13601 13730 
f 13600 13729 13730 
f 13729 13730 13859 
f 13729 13858 13859 
f 13858 13859 13988 
f 13858 13987 13988 
f 13987 13988 14117 
f 13987 14116 14117 
f 14116 14117 14246 
f 14116 14245 14246 
f 14245 14246 14375 
f 14245 14374 14375 
f 14374 14375 14504 
f 14374 14503 14504 
f 14503 14504 14633 
f 14503 14632 14633 
f 14632 14633 14762 
f 14632 14761 14762 
f 14761 14762 14891 
f 14761 14890 14891 
f 14890 14891 15020 
f 14890 15019 15020 
f 15019 15020 15149 
f 15019 15148 15149 
f 15148 15149 15278 
f 15148 15277 15278 
f 15277 15278 15407 
f 15277 15406 15407 
f 15406 15407 15536 
f 15406 15535 15536 
f 15535 15536 15665 
f 15535 15664 15665 
f 15664 15665 15794 
f 15664 15793 15794 
f 15793 15794 15923 
f 15793 15922 15923 
f 15922 15923 16052 
f 15922 16051 16052 
f 16051 16052 16181 
f 16051 16180 16181 
f 16180 16181 16310 
f 16180 16309 16310 
f 16309 16310 16439 
f 16309 16438 16439 
f 16438 16439 16568 
f 16438 16567 16568 
f 56 57 186 
f 56 185 186 
f 185 186 315 
f 185 314 315 
f 314 315 444 
f 314 443 444 
f 443 444 573 
f 443 572 573 
f 572 573 702 
f 572 701 702 
f 701 702 831 
f 701 830 831 
f 830 831 960 
f 830 959 960 
f 959 960 1089 
f 959 1088 1089 
f 1088 1089 1218 
f 1088 1217 1218 
f 1217 1218 1347 
f 1217 1346 1347 
f 1346 1347 1476 
f 1346 1475 1476 
f 1475 1476 1605 
f 1475 1604 1605 
f 1604 1605 1734 
f 1604 1733 1734 
f 1733 1734 1863 
f 1733 1862 1863 
f 1862 1863 1992 
f 1862 1991 1992 
f 1991 1992 2121 
f 1991 2120 2121 
f 2120 2121 2250 
f 2120 2249 2250 
f 2249 2250 2379 
f 2249 2378 2379 
f 2378 2379 2508 
f 2378 2507 2508 
f 2507 2508 2637 
f 2507 2636 2637 
f 2636 2637 2766 
f 2636 2765 2766 
f 2765 2766 2895 
f 2765 2894 2895 
f 2894 2895 3024 
f 2894 3023 3024 
f 3023 3024 3153 
f 3023 3152 3153 
f 3152 3153 3282 
f 3152 3281 3282 
f 3281 3282 3411 
f 3281 3410 3411 
f 3410 3411 3540 
f 3410 3539 3540 
f 3539 3540 3669 
f 3539 3668 3669 
f 3668 3669 3798 
f 3668 3797 3798 
f 3797 3798 3927 
f 3797 3926 3927 
f 3926 3927 4056 
f 3926 4055 4056 
f 4055 4056 4185 
f 4055 4184 4185 
f 4184 4185 4314 
f 4184 4313 4314 
f 4313 4314 4443 
f 4313 4442 4443 
f 4442 4443 4572 
f 4442 4571 4572 
f 4571 4572 4701 
f 4571 4700 4701 
f 4700 4701 4830 
f 4700 4829 4830 
f 4829 4830 4959 
f 4829 4958 4959 
f 4958 4959 5088 
f 4958 5087 5088 
f 5087 5088 5217 
f 5087 5216 5217 
f 5216 5217 5346 
f 5216 5345 5346 
f 5345 5346 5475 
f 5345 5474 5475 
f 5474 5475 5604 
f 5474 5603 5604 
f 5603 5604 5733 
f 5603 5732 5733 
f 5732 5733 5862 
f 5732 5861 5862 
f 5861 5862 5991 
f 5861 5990 5991 
f 5990 5991 6120 
f 5990 6119 6120 
f 6119 6120 6249 
f 6119 6248 6249 
f 6248 6249 6378 
f 6248 6377 6378 
f 6377 6378 6507 
f 6377 6506 6507 
f 6506 6507 6636 
f 6506 6635 6636 
f 6635 6636 6765 
f 6635 6764 6765 
f 6764 6765 6894 
f 6764 6893 6894 
f 6893 6894 7023 
f 6893 7022 7023 
f 7022 7023 7152 
f 7022 7151 7152 
f 7151 7152 7281 
f 7151 7280 7281 
f 7280 7281 7410 
f 7280 7409 7410 
f 7409 7410 7539 
f 7409 7538 7539 
f 7538 7539 7668 
f 7538 7667 7668 
f 7667 7668 7797 
f 7667 7796 7797 
f 7796 7797 7926 
f 7796 7925 7926 
f 7925 7926 8055 
f 7925 8054 8055 
f 8054 8055 8184 
f 8054 8183 8184 
f 8183 8184 8313 
f 8183 8312 8313 
f 8312 8313 8442 
f 8312 8441 8442 
f 8441 8442 8571 
f 8441 8570 8571 
f 8570 8571 8700 
f 8570 8699 8700 
f 8699 8700 8829 
f 8699 8828 8829 
f 8828 8829 8958 
f 8828 8957 8958 
f 8957 8958 9087 
f 8957 9086 9087 
f 9086 9087 9216 
f 9086 9215 9216 
f 9215 9216 9345 
f 9215 9344 9345 
f 9344 9345 9474 
f 9344 9473 9474 
f 9473 9474 9603 
f 9473 9602 9603 
f 9602 9603 9732 
f 9602 9731 9732 
f 9731 9732 9861 
f 9731 9860 9861 
f 9860 9861 9990 
f 9860 9989 9990 
f 9989 9990 10119 
f 9989 10118 10119 
f 10118 10119 10248 
f 10118 10247 10248 
f 10247 10248 10377 
f 10247 10376 10377 
f 10376 10377 10506 
f 10376 10505 10506 
f 10505 10506 10635 
f 10505 10634 10635 
f 10634 10635 10764 
f 10634 10763 10764 
f 10763 10764 10893 
f 10763 10892 10893 
f 10892 10893 11022 
f 10892 11021 11022 
f 11021 11022 11151 
f 11021 11150 11151 
f 11150 11151 11280 
f 11150 11279 11280 
f 11279 11280 11409 
f 11279 11408 11409 
f 11408 11409 11538 
f 11408 11537 11538 
f 11537 11538 11667 
f 11537 11666 11667 
f 11666 11667 11796 
f 11666 11795 11796 
f 11795 11796 11925 
f 11795 11924 11925 
f 11924 11925 12054 
f 11924 12053 12054 
f 12053 12054 12183 
f 12053 12182 12183 
f 12182 12183 12312 
f 12182 12311 12312 
f 12311 12312 12441 
f 12311 12440 12441 
f 12440 12441 12570 
f 12440 12569 12570 
f 12569 12570 12699 
f 12569 12698 12699 
f 12698 12699 12828 
f 12698 12827 12828 
f 12827 12828 12957 
f 12827 12956 12957 
f 12956 12957 13086 
f 12956 13085 13086 
f 13085 13086 13215 
f 13085 13214 13215 
f 13214 13215 13344 
f 13214 13343 13344 
f 13343 13344 13473 
f 13343 13472 13473 
f 13472 13473 13602 
f 13472 13601 13602 
f 13601 13602 13731 
f 13601 13730 13731 
f 13730 13731 13860 
f 13730 13859 13860 
f 13859 13860 13989 
f 13859 13988 13989 
f 13988 13989 14118 
f 13988 14117 14118 
f 14117 14118 14247 
f 14117 14246 14247 
f 14246 14247 14376 
f 14246 14375 14376 
f 14375 14376 14505 
f 14375 14504 14505 
f 14504 14505 14634 
f 14504 14633 14634 
f 14633 14634 14763 
f 14633 14762 14763 
f 14762 14763 14892 
f 14762 14891 14892 
f 14891 14892 15021 
f 14891 15020 15021 
f 15020 15021 15150 
f 15020 15149 15150 
f 15149 15150 15279 
f 15149 15278 15279 
f 15278 15279 15408 
f 15278 15407 15408 
f 15407 15408 15537 
f 15407 15536 15537 
f 15536 15537 15666 
f 15536 15665 15666 
f 15665 15666 15795 
f 15665 15794 15795 
f 15794 15795 15924 
f 15794 15923 15924 
f 15923 15924 16053 
f 15923 16052 16053 
f 16052 16053 16182 
f 16052 16181 16182 
f 16181 16182 16311 
f 16181 16310 16311 
f 16310 16311 16440 
f 16310 16439 16440 
f 16439 16440 16569 
f 16439 16568 16569 
f 57 58 187 
f 57 186 187 
f 186 187 316 
f 186 315 316 
f 315 316 445 
f 315 444 445 
f 444 445 574 
f 444 573 574 
f 573 574 703 
f 573 702 703 
f 702 703 832 
f 702 831 832 
f 831 832 961 
f 831 960 961 
f 960 961 1090 
f 960 1089 1090 
f 1089 1090 1219 
f 1089 1218 1219 
f 1218 1219 1348 
f 1218 1347 1348 
f 1347 1348 1477 
f 1347 1476 1477 
f 1476 1477 1606 
f 1476 1605 1606 
f 1605 1606 1735 
f 1605 1734 1735 
f 1734 1735 1864 
f 1734 1863 1864 
f 1863 1864 1993 
f 1863 1992 1993 
f 1992 1993 2122 
f 1992 2121 2122 
f 2121 2122 2251 
f 2121 2250 2251 
f 2250 2251 2380 
f 2250 2379 2380 
f 2379 2380 2509 
f 2379 2508 2509 
f 2508 2509 2638 
f 2508 2637 2638 
f 2637 2638 2767 
f 2637 2766 2767 
f 2766 2767 2896 
f 2766 2895 2896 
f 2895 2896 3025 
f 2895 3024 3025 
f 3024 3025 3154 
f 3024 3153 3154 
f 3153 3154 3283 
f 3153 3282 3283 
f 3282 3283 3412 
f 3282 3411 3412 
f 3411 3412 3541 
f 3411 3540 3541 
f 3540 3541 3670 
f 3540 3669 3670 
f 3669 3670 3799 
f 3669 3798 3799 
f 3798 3799 3928 
f 3798 3927 3928 
f 3927 3928 4057 
f 3927 4056 4057 
f 4056 4057 4186 
f 4056 4185 4186 
f 4185 4186 4315 
f 4185 4314 4315 
f 4314 4315 4444 
f 4314 4443 4444 
f 4443 4444 4573 
f 4443 4572 4573 
f 4572 4573 4702 
f 4572 4701 4702 
f 4701 4702 4831 
f 4701 4830 4831 
f 4830 4831 4960 
f 4830 4959 4960 
f 4959 4960 5089 
f 4959 5088 5089 
f 5088 5089 5218 
f 5088 5217 5218 
f 5217 5218 5347 
f 5217 5346 5347 
f 5346 5347 5476 
f 5346 5475 5476 
f 5475 5476 5605 
f 5475 5604 5605 
f 5604 5605 5734 
f 5604 5733 5734 
f 5733 5734 5863 
f 5733 5862 5863 
f 5862 5863 5992 
f 5862 5991 5992 
f 5991 5992 6121 
f 5991 6120 6121 
f 6120 6121 6250 
f 6120 6249 6250 
f 6249 6250 6379 
f 6249 6378 6379 
f 6378 6379 6508 
f 6378 6507 6508 
f 6507 6508 6637 
f 6507 6636 6637 
f 6636 6637 6766 
f 6636 6765 6766 
f 6765 6766 6895 
f 6765 6894 6895 
f 6894 6895 7024 
f 6894 7023 7024 
f 7023 7024 7153 
f 7023 7152 7153 
f 7152 7153 7282 
f 7152 7281 7282 
f 7281 7282 7411 
f 7281 7410 7411 
f 7410 7411 7540 
f 7410 7539 7540 
f 7539 7540 7669 
f 7539 7668 7669 
f 7668 7669 7798 
f 7668 7797 7798 
f 7797 7798 7927 
f 7797 7926 7927 
f 7926 7927 8056 
f 7926 8055 8056 
f 8055 8056 8185 
f 8055 8184 8185 
f 8184 8185 8314 
f 8184 8313 8314 
f 8313 8314 8443 
f 8313 8442 8443 
f 8442 8443 8572 
f 8442 8571 8572 
f 8571 8572 8701 
f 8571 8700 8701 
f 8700 8701 8830 
f 8700 8829 8830 
f 8829 8830 8959 
f 8829 8958 8959 
f 8958 8959 9088 
f 8958 9087 9088 
f 9087 9088 9217 
f 9087 9216 9217 
f 9216 9217 9346 
f 9216 9345 9346 
f 9345 9346 9475 
f 9345 9474 9475 
f 9474 9475 9604 
f 9474 9603 9604 
f 9603 9604 9733 
f 9603 9732 9733 
f 9732 9733 9862 
f 9732 9861 9862 
f 9861 9862 9991 
f 9861 9990 9991 
f 9990 9991 10120 
f 9990 10119 10120 
f 10119 10120 10249 
f 10119 10248 10249 
f 10248 10249 10378 
f 10248 10377 10378 
f 10377 10378 10507 
f 10377 10506 10507 
f 10506 10507 10636 
f 10506 10635 10636 
f 10635 10636 10765 
f 10635 10764 10765 
f 10764 10765 10894 
f 10764 10893 10894 
f 10893 10894 11023 
f 10893 11022 11023 
f 11022 11023 11152 
f 11022 11151 11152 
f 11151 11152 11281 
f 11151 11280 11281 
f 11280 11281 11410 
f 11280 11409 11410 
f 11409 11410 11539 
f 11409 11538 11539 
f 11538 11539 11668 
f 11538 11667 11668 
f 11667 11668 11797 
f 11667 11796 11797 
f 11796 11797 11926 
f 11796 11925 11926 
f 11925 11926 12055 
f 11925 12054 12055 
f 12054 12055 12184 
f 12054 12183 12184 
f 12183 12184 12313 
f 12183 12312 12313 
f 12312 12313 12442 
f 12312 12441 12442 
f 12441 12442 12571 
f 12441 12570 12571 
f 12570 12571 12700 
f 12570 12699 12700 
f 12699 12700 12829 
f 12699 12828 12829 
f 12828 12829 12958 
f 12828 12957 12958 
f 12957 12958 13087 
f 12957 13086 13087 
f 13086 13087 13216 
f 13086 13215 13216 
f 13215 13216 13345 
f 13215 13344 13345 
f 13344 13345 13474 
f 13344 13473 13474 
f 13473 13474 13603 
f 13473 13602 13603 
f 13602 13603 13732 
f 13602 13731 13732 
f 13731 13732 13861 
f 13731 13860 13861 
f 13860 13861 13990 
f 13860 13989 13990 
f 13989 13990 14119 
f 13989 14118 14119 
f 14118 14119 14248 
f 14118 14247 14248 
f 14247 14248 14377 
f 14247 14376 14377 
f 14376 14377 14506 
f 14376 14505 14506 
f 14505 14506 14635 
f 14505 14634 14635 
f 14634 14635 14764 
f 14634 14763 14764 
f 14763 14764 14893 
f 14763 14892 14893 
f 14892 14893 15022 
f 14892 15021 15022 
f 15021 15022 15151 
f 15021 15150 15151 
f 15150 15151 15280 
f 15150 15279 15280 
f 15279 15280 15409 
f 15279 15408 15409 
f 15408 15409 15538 
f 15408 15537 15538 
f 15537 15538 15667 
f 15537 15666 15667 
f 15666 15667 15796 
f 15666 15795 15796 
f 15795 15796 15925 
f 15795 15924 15925 
f 15924 15925 16054 
f 15924 16053 16054 
f 16053 16054 16183 
f 16053 16182 16183 
f 16182 16183 16312 
f 16182 16311 16312 
f 16311 16312 16441 
f 16311 16440 16441 
f 16440 16441 16570 
f 16440 16569 16570 
f 58 59 188 
f 58 187 188 
f 187 188 317 
f 187 316 317 
f 316 317 446 
f 316 445 446 
f 445 446 575 
f 445 574 575 
f 574 575 704 
f 574 703 704 
f 703 704 833 
f 703 832 833 
f 832 833 962 
f 832 961 962 
f 961 962 1091 
f 961 1090 1091 
f 1090 1091 1220 
f 1090 1219 1220 
f 1219 1220 1349 
f 1219 1348 1349 
f 1348 1349 1478 
f 1348 1477 1478 
f 1477 1478 1607 
f 1477 1606 1607 
f 1606 1607 1736 
f 1606 1735 1736 
f 1735 1736 1865 
f 1735 1864 1865 
f 1864 1865 1994 
f 1864 1993 1994 
f 1993 1994 2123 
f 1993 2122 2123 
f 2122 2123 2252 
f 2122 2251 2252 
f 2251 2252 2381 
f 2251 2380 2381 
f 2380 2381 2510 
f 2380 2509 2510 
f 2509 2510 2639 
f 2509 2638 2639 
f 2638 2639 2768 
f 2638 2767 2768 
f 2767 2768 2897 
f 2767 2896 2897 
f 2896 2897 3026 
f 2896 3025 3026 
f 3025 3026 3155 
f 3025 3154 3155 
f 3154 3155 3284 
f 3154 3283 3284 
f 3283 3284 3413 
f 3283 3412 3413 
f 3412 3413 3542 
f 3412 3541 3542 
f 3541 3542 3671 
f 3541 3670 3671 
f 3670 3671 3800 
f 3670 3799 3800 
f 3799 3800 3929 
f 3799 3928 3929 
f 3928 3929 4058 
f 3928 4057 4058 
f 4057 4058 4187 
f 4057 4186 4187 
f 4186 4187 4316 
f 4186 4315 4316 
f 4315 4316 4445 
f 4315 4444 4445 
f 4444 4445 4574 
f 4444 4573 4574 
f 4573 4574 4703 
f 4573 4702 4703 
f 4702 4703 4832 
f 4702 4831 4832 
f 4831 4832 4961 
f 4831 4960 4961 
f 4960 4961 5090 
f 4960 5089 5090 
f 5089 5090 5219 
f 5089 5218 5219 
f 5218 5219 5348 
f 5218 5347 5348 
f 5347 5348 5477 
f 5347 5476 5477 
f 5476 5477 5606 
f 5476 5605 5606 
f 5605 5606 5735 
f 5605 5734 5735 
f 5734 5735 5864 
f 5734 5863 5864 
f 5863 5864 5993 
f 5863 5992 5993 
f 5992 5993 6122 
f 5992 6121 6122 
f 6121 6122 6251 
f 6121 6250 6251 
f 6250 6251 6380 
f 6250 6379 6380 
f 6379 6380 6509 
f 6379 6508 6509 
f 6508 6509 6638 
f 6508 6637 6638 
f 6637 6638 6767 
f 6637 6766 6767 
f 6766 6767 6896 
f 6766 6895 6896 
f 6895 6896 7025 
f 6895 7024 7025 
f 7024 7025 7154 
f 7024 7153 7154 
f 7153 7154 7283 
f 7153 7282 7283 
f 7282 7283 7412 
f 7282 7411 7412 
f 7411 7412 7541 
f 7411 7540 7541 
f 7540 7541 7670 
f 7540 7669 7670 
f 7669 7670 7799 
f 7669 7798 7799 
f 7798 7799 7928 
f 7798 7927 7928 
f 7927 7928 8057 
f 7927 8056 8057 
f 8056 8057 8186 
f 8056 8185 8186 
f 8185 8186 8315 
f 8185 8314 8315 
f 8314 8315 8444 
f 8314 8443 8444 
f 8443 8444 8573 
f 8443 8572 8573 
f 8572 8573 8702 
f 8572 8701 8702 
f 8701 8702 8831 
f 8701 8830 8831 
f 8830 8831 8960 
f 8830 8959 8960 
f 8959 8960 9089 
f 8959 9088 9089 
f 9088 9089 9218 
f 9088 9217 9218 
f 9217 9218 9347 
f 9217 9346 9347 
f 9346 9347 9476 
f 9346 9475 9476 
f 9475 9476 9605 
f 9475 9604 9605 
f 9604 9605 9734 
f 9604 9733 9734 
f 9733 9734 9863 
f 9733 9862 9863 
f 9862 9863 9992 
f 9862 9991 9992 
f 9991 9992 10121 
f 9991 10120 10121 
f 10120 10121 10250 
f 10120 10249 10250 
f 10249 10250 10379 
f 10249 10378 10379 
f 10378 10379 10508 
f 10378 10507 10508 
f 10507 10508 10637 
f 10507 10636 10637 
f 10636 10637 10766 
f 10636 10765 10766 
f 10765 10766 10895 
f 10765 10894 10895 
f 10894 10895 11024 
f 10894 11023 11024 
f 11023 11024 11153 
f 11023 11152 11153 
f 11152 11153 11282 
f 11152 11281 11282 
f 11281 11282 11411 
f 11281 11410 11411 
f 11410 11411 11540 
f 11410 11539 11540 
f 11539 11540 11669 
f 11539 11668 11669 
f 11668 11669 11798 
f 11668 11797 11798 
f 11797 11798 11927 
f 11797 11926 11927 
f 11926 11927 12056 
f 11926 12055 12056 
f 12055 12056 12185 
f 12055 12184 12185 
f 12184 12185 12314 
f 12184 12313 12314 
f 12313 12314 12443 
f 12313 12442 12443 
f 12442 12443 12572 
f 12442 12571 12572 
f 12571 12572 12701 
f 12571 12700 12701 
f 12700 12701 12830 
f 12700 12829 12830 
f 12829 12830 12959 
f 12829 12958 12959 
f 12958 12959 13088 
f 12958 13087 13088 
f 13087 13088 13217 
f 13087 13216 13217 
f 13216 13217 13346 
f 13216 13345 13346 
f 13345 13346 13475 
f 13345 13474 13475 
f 13474 13475 13604 
f 13474 13603 13604 
f 13603 13604 13733 
f 13603 13732 13733 
f 13732 13733 13862 
f 13732 13861 13862 
f 13861 13862 13991 
f 13861 13990 13991 
f 13990 13991 14120 
f 13990 14119 14120 
f 14119 14120 14249 
f 14119 14248 14249 
f 14248 14249 14378 
f 14248 14377 14378 
f 14377 14378 14507 
f 14377 14506 14507 
f 14506 14507 14636 
f 14506 14635 14636 
f 14635 14636 14765 
f 14635 14764 14765 
f 14764 14765 14894 
f 14764 14893 14894 
f 14893 14894 15023 
f 14893 15022 15023 
f 15022 15023 15152 
f 15022 15151 15152 
f 15151 15152 15281 
f 15151 15280 15281 
f 15280 15281 15410 
f 15280 15409 15410 
f 15409 15410 15539 
f 15409 15538 15539 
f 15538 15539 15668 
f 15538 15667 15668 
f 15667 15668 15797 
f 15667 15796 15797 
f 15796 15797 15926 
f 15796 15925 15926 
f 15925 15926 16055 
f 15925 16054 16055 
f 16054 16055 16184 
f 16054 16183 16184 
f 16183 16184 16313 
f 16183 16312 16313 
f 16312 16313 16442 
f 16312 16441 16442 
f 16441 16442 16571 
f 16441 16570 16571 
f 59 60 189 
f 59 188 189 
f 188 189 318 
f 188 317 318 
f 317 318 447 
f 317 446 447 
f 446 447 576 
f 446 575 576 
f 575 576 705 
f 575 704 705 
f 704 705 834 
f 704 833 834 
f 833 834 963 
f 833 962 963 
f 962 963 1092 
f 962 1091 1092 
f 1091 1092 1221 
f 1091 1220 1221 
f 1220 1221 1350 
f 1220 1349 1350 
f 1349 1350 1479 
f 1349 1478 1479 
f 1478 1479 1608 
f 1478 1607 1608 
f 1607 1608 1737 
f 1607 1736 1737 
f 1736 1737 1866 
f 1736 1865 1866 
f 1865 1866 1995 
f 1865 1994 1995 
f 1994 1995 2124 
f 1994 2123 2124 
f 2123 2124 2253 
f 2123 2252 2253 
f 2252 2253 2382 
f 2252 2381 2382 
f 2381 2382 2511 
f 2381 2510 2511 
f 2510 2511 2640 
f 2510 2639 2640 
f 2639 2640 2769 
f 2639 2768 2769 
f 2768 2769 2898 
f 2768 2897 2898 
f 2897 2898 3027 
f 2897 3026 3027 
f 3026 3027 3156 
f 3026 3155 3156 
f 3155 3156 3285 
f 3155 3284 3285 
f 3284 3285 3414 
f 3284 3413 3414 
f 3413 3414 3543 
f 3413 3542 3543 
f 3542 3543 3672 
f 3542 3671 3672 
f 3671 3672 3801 
f 3671 3800 3801 
f 3800 3801 3930 
f 3800 3929 3930 
f 3929 3930 4059 
f 3929 4058 4059 
f 4058 4059 4188 
f 4058 4187 4188 
f 4187 4188 4317 
f 4187 4316 4317 
f 4316 4317 4446 
f 4316 4445 4446 
f 4445 4446 4575 
f 4445 4574 4575 
f 4574 4575 4704 
f 4574 4703 4704 
f 4703 4704 4833 
f 4703 4832 4833 
f 4832 4833 4962 
f 4832 4961 4962 
f 4961 4962 5091 
f 4961 5090 5091 
f 5090 5091 5220 
f 5090 5219 5220 
f 5219 5220 5349 
f 5219 5348 5349 
f 5348 5349 5478 
f 5348 5477 5478 
f 5477 5478 5607 
f 5477 5606 5607 
f 5606 5607 5736 
f 5606 5735 5736 
f 5735 5736 5865 
f 5735 5864 5865 
f 5864 5865 5994 
f 5864 5993 5994 
f 5993 5994 6123 
f 5993 6122 6123 
f 6122 6123 6252 
f 6122 6251 6252 
f 6251 6252 6381 
f 6251 6380 6381 
f 6380 6381 6510 
f 6380 6509 6510 
f 6509 6510 6639 
f 6509 6638 6639 
f 6638 6639 6768 
f 6638 6767 6768 
f 6767 6768 6897 
f 6767 6896 6897 
f 6896 6897 7026 
f 6896 7025 7026 
f 7025 7026 7155 
f 7025 7154 7155 
f 7154 7155 7284 
f 7154 7283 7284 
f 7283 7284 7413 
f 7283 7412 7413 
f 7412 7413 7542 
f 7412 7541 7542 
f 7541 7542 7671 
f 7541 7670 7671 
f 7670 7671 7800 
f 7670 7799 7800 
f 7799 7800 7929 
f 7799 7928 7929 
f 7928 7929 8058 
f 7928 8057 8058 
f 8057 8058 8187 
f 8057 8186 8187 
f 8186 8187 8316 
f 8186 8315 8316 
f 8315 8316 8445 
f 8315 8444 8445 
f 8444 8445 8574 
f 8444 8573 8574 
f 8573 8574 8703 
f 8573 8702 8703 
f 8702 8703 8832 
f 8702 8831 8832 
f 8831 8832 8961 
f 8831 8960 8961 
f 8960 8961 9090 
f 8960 9089 9090 
f 9089 9090 9219 
f 9089 9218 9219 
f 9218 9219 9348 
f 9218 9347 9348 
f 9347 9348 9477 
f 9347 9476 9477 
f 9476 9477 9606 
f 9476 9605 9606 
f 9605 9606 9735 
f 9605 9734 9735 
f 9734 9735 9864 
f 9734 9863 9864 
f 9863 9864 9993 
f 9863 9992 9993 
f 9992 9993 10122 
f 9992 10121 10122 
f 10121 10122 10251 
f 10121 10250 10251 
f 10250 10251 10380 
f 10250 10379 10380 
f 10379 10380 10509 
f 10379 10508 10509 
f 10508 10509 10638 
f 10508 10637 10638 
f 10637 10638 10767 
f 10637 10766 10767 
f 10766 10767 10896 
f 10766 10895 10896 
f 10895 10896 11025 
f 10895 11024 11025 
f 11024 11025 11154 
f 11024 11153 11154 
f 11153 11154 11283 
f 11153 11282 11283 
f 11282 11283 11412 
f 11282 11411 11412 
f 11411 11412 11541 
f 11411 11540 11541 
f 11540 11541 11670 
f 11540 11669 11670 
f 11669 11670 11799 
f 11669 11798 11799 
f 11798 11799 11928 
f 11798 11927 11928 
f 11927 11928 12057 
f 11927 12056 12057 
f 12056 12057 12186 
f 12056 12185 12186 
f 12185 12186 12315 
f 12185 12314 12315 
f 12314 12315 12444 
f 12314 12443 12444 
f 12443 12444 12573 
f 12443 12572 12573 
f 12572 12573 12702 
f 12572 12701 12702 
f 12701 12702 12831 
f 12701 12830 12831 
f 12830 12831 12960 
f 12830 12959 12960 
f 12959 12960 13089 
f 12959 13088 13089 
f 13088 13089 13218 
f 13088 13217 13218 
f 13217 13218 13347 
f 13217 13346 13347 
f 13346 13347 13476 
f 13346 13475 13476 
f 13475 13476 13605 
f 13475 13604 13605 
f 13604 13605 13734 
f 13604 13733 13734 
f 13733 13734 13863 
f 13733 13862 13863 
f 13862 13863 13992 
f 13862 13991 13992 
f 13991 13992 14121 
f 13991 14120 14121 
f 14120 14121 14250 
f 14120 14249 14250 
f 14249 14250 14379 
f 14249 14378 14379 
f 14378 14379 14508 
f 14378 14507 14508 
f 14507 14508 14637 
f 14507 14636 14637 
f 14636 14637 14766 
f 14636 14765 14766 
f 14765 14766 14895 
f 14765 14894 14895 
f 14894 14895 15024 
f 14894 15023 15024 
f 15023 15024 15153 
f 15023 15152 15153 
f 15152 15153 15282 
f 15152 15281 15282 
f 15281 15282 15411 
f 15281 15410 15411 
f 15410 15411 15540 
f 15410 15539 15540 
f 15539 15540 15669 
f 15539 15668 15669 
f 15668 15669 15798 
f 15668 15797 15798 
f 15797 15798 15927 
f 15797 15926 15927 
f 15926 15927 16056 
f 15926 16055 16056 
f 16055 16056 16185 
f 16055 16184 16185 
f 16184 16185 16314 
f 16184 16313 16314 
f 16313 16314 16443 
f 16313 16442 16443 
f 16442 16443 16572 
f 16442 16571 16572 
f 60 61 190 
f 60 189 190 
f 189 190 319 
f 189 318 319 
f 318 319 448 
f 318 447 448 
f 447 448 577 
f 447 576 577 
f 576 577 706 
f 576 705 706 
f 705 706 835 
f 705 834 835 
f 834 835 964 
f 834 963 964 
f 963 964 1093 
f 963 1092 1093 
f 1092 1093 1222 
f 1092 1221 1222 
f 1221 1222 1351 
f 1221 1350 1351 
f 1350 1351 1480 
f 1350 1479 1480 
f 1479 1480 1609 
f 1479 1608 1609 
f 1608 1609 1738 
f 1608 1737 1738 
f 1737 1738 1867 
f 1737 1866 1867 
f 1866 1867 1996 
f 1866 1995 1996 
f 1995 1996 2125 
f 1995 2124 2125 
f 2124 2125 2254 
f 2124 2253 2254 
f 2253 2254 2383 
f 2253 2382 2383 
f 2382 2383 2512 
f 2382 2511 2512 
f 2511 2512 2641 
f 2511 2640 2641 
f 2640 2641 2770 
f 2640 2769 2770 
f 2769 2770 2899 
f 2769 2898 2899 
f 2898 2899 3028 
f 2898 3027 3028 
f 3027 3028 3157 
f 3027 3156 3157 
f 3156 3157 3286 
f 3156 3285 3286 
f 3285 3286 3415 
f 3285 3414 3415 
f 3414 3415 3544 
f 3414 3543 3544 
f 3543 3544 3673 
f 3543 3672 3673 
f 3672 3673 3802 
f 3672 3801 3802 
f 3801 3802 3931 
f 3801 3930 3931 
f 3930 3931 4060 
f 3930 4059 4060 
f 4059 4060 4189 
f 4059 4188 4189 
f 4188 4189 4318 
f 4188 4317 4318 
f 4317 4318 4447 
f 4317 4446 4447 
f 4446 4447 4576 
f 4446 4575 4576 
f 4575 4576 4705 
f 4575 4704 4705 
f 4704 4705 4834 
f 4704 4833 4834 
f 4833 4834 4963 
f 4833 4962 4963 
f 4962 4963 5092 
f 4962 5091 5092 
f 5091 5092 5221 
f 5091 5220 5221 
f 5220 5221 5350 
f 5220 5349 5350 
f 5349 5350 5479 
f 5349 5478 5479 
f 5478 5479 5608 
f 5478 5607 5608 
f 5607 5608 5737 
f 5607 5736 5737 
f 5736 5737 5866 
f 5736 5865 5866 
f 5865 5866 5995 
f 5865 5994 5995 
f 5994 5995 6124 
f 5994 6123 6124 
f 6123 6124 6253 
f 6123 6252 6253 
f 6252 6253 6382 
f 6252 6381 6382 
f 6381 6382 6511 
f 6381 6510 6511 
f 6510 6511 6640 
f 6510 6639 6640 
f 6639 6640 6769 
f 6639 6768 6769 
f 6768 6769 6898 
f 6768 6897 6898 
f 6897 6898 7027 
f 6897 7026 7027 
f 7026 7027 7156 
f 7026 7155 7156 
f 7155 7156 7285 
f 7155 7284 7285 
f 7284 7285 7414 
f 7284 7413 7414 
f 7413 7414 7543 
f 7413 7542 7543 
f 7542 7543 7672 
f 7542 7671 7672 
f 7671 7672 7801 
f 7671 7800 7801 
f 7800 7801 7930 
f 7800 7929 7930 
f 7929 7930 8059 
f 7929 8058 8059 
f 8058 8059 8188 
f 8058 8187 8188 
f 8187 8188 8317 
f 8187 8316 8317 
f 8316 8317 8446 
f 8316 8445 8446 
f 8445 8446 8575 
f 8445 8574 8575 
f 8574 8575 8704 
f 8574 8703 8704 
f 8703 8704 8833 
f 8703 8832 8833 
f 8832 8833 8962 
f 8832 8961 8962 
f 8961 8962 9091 
f 8961 9090 9091 
f 9090 9091 9220 
f 9090 9219 9220 
f 9219 9220 9349 
f 9219 9348 9349 
f 9348 9349 9478 
f 9348 9477 9478 
f 9477 9478 9607 
f 9477 9606 9607 
f 9606 9607 9736 
f 9606 9735 9736 
f 9735 9736 9865 
f 9735 9864 9865 
f 9864 9865 9994 
f 9864 9993 9994 
f 9993 9994 10123 
f 9993 10122 10123 
f 10122 10123 10252 
f 10122 10251 10252 
f 10251 10252 10381 
f 10251 10380 10381 
f 10380 10381 10510 
f 10380 10509 10510 
f 10509 10510 10639 
f 10509 10638 10639 
f 10638 10639 10768 
f 10638 10767 10768 
f 10767 10768 10897 
f 10767 10896 10897 
f 10896 10897 11026 
f 10896 11025 11026 
f 11025 11026 11155 
f 11025 11154 11155 
f 11154 11155 11284 
f 11154 11283 11284 
f 11283 11284 11413 
f 11283 11412 11413 
f 11412 11413 11542 
f 11412 11541 11542 
f 11541 11542 11671 
f 11541 11670 11671 
f 11670 11671 11800 
f 11670 11799 11800 
f 11799 11800 11929 
f 11799 11928 11929 
f 11928 11929 12058 
f 11928 12057 12058 
f 12057 12058 12187 
f 12057 12186 12187 
f 12186 12187 12316 
f 12186 12315 12316 
f 12315 12316 12445 
f 12315 12444 12445 
f 12444 12445 12574 
f 12444 12573 12574 
f 12573 12574 12703 
f 12573 12702 12703 
f 12702 12703 12832 
f 12702 12831 12832 
f 12831 12832 12961 
f 12831 12960 12961 
f 12960 12961 13090 
f 12960 13089 13090 
f 13089 13090 13219 
f 13089 13218 13219 
f 13218 13219 13348 
f 13218 13347 13348 
f 13347 13348 13477 
f 13347 13476 13477 
f 13476 13477 13606 
f 13476 13605 13606 
f 13605 13606 13735 
f 13605 13734 13735 
f 13734 13735 13864 
f 13734 13863 13864 
f 13863 13864 13993 
f 13863 13992 13993 
f 13992 13993 14122 
f 13992 14121 14122 
f 14121 14122 14251 
f 14121 14250 14251 
f 14250 14251 14380 
f 14250 14379 14380 
f 14379 14380 14509 
f 14379 14508 14509 
f 14508 14509 14638 
f 14508 14637 14638 
f 14637 14638 14767 
f 14637 14766 14767 
f 14766 14767 14896 
f 14766 14895 14896 
f 14895 14896 15025 
f 14895 15024 15025 
f 15024 15025 15154 
f 15024 15153 15154 
f 15153 15154 15283 
f 15153 15282 15283 
f 15282 15283 15412 
f 15282 15411 15412 
f 15411 15412 15541 
f 15411 15540 15541 
f 15540 15541 15670 
f 15540 15669 15670 
f 15669 15670 15799 
f 15669 15798 15799 
f 15798 15799 15928 
f 15798 15927 15928 
f 15927 15928 16057 
f 15927 16056 16057 
f 16056 16057 16186 
f 16056 16185 16186 
f 16185 16186 16315 
f 16185 16314 16315 
f 16314 16315 16444 
f 16314 16443 16444 
f 16443 16444 16573 
f 16443 16572 16573 
f 61 62 191 
f 61 190 191 
f 190 191 320 
f 190 319 320 
f 319 320 449 
f 319 448 449 
f 448 449 578 
f 448 577 578 
f 577 578 707 
f 577 706 707 
f 706 707 836 
f 706 835 836 
f 835 836 965 
f 835 964 965 
f 964 965 1094 
f 964 1093 1094 
f 1093 1094 1223 
f 1093 1222 1223 
f 1222 1223 1352 
f 1222 1351 1352 
f 1351 1352 1481 
f 1351 1480 1481 
f 1480 1481 1610 
f 1480 1609 1610 
f 1609 1610 1739 
f 1609 1738 1739 
f 1738 1739 1868 
f 1738 1867 1868 
f 1867 1868 1997 
f 1867 1996 1997 
f 1996 1997 2126 
f 1996 2125 2126 
f 2125 2126 2255 
f 2125 2254 2255 
f 2254 2255 2384 
f 2254 2383 2384 
f 2383 2384 2513 
f 2383 2512 2513 
f 2512 2513 2642 
f 2512 2641 2642 
f 2641 2642 2771 
f 2641 2770 2771 
f 2770 2771 2900 
f 2770 2899 2900 
f 2899 2900 3029 
f 2899 3028 3029 
f 3028 3029 3158 
f 3028 3157 3158 
f 3157 3158 3287 
f 3157 3286 3287 
f 3286 3287 3416 
f 3286 3415 3416 
f 3415 3416 3545 
f 3415 3544 3545 
f 3544 3545 3674 
f 3544 3673 3674 
f 3673 3674 3803 
f 3673 3802 3803 
f 3802 3803 3932 
f 3802 3931 3932 
f 3931 3932 4061 
f 3931 4060 4061 
f 4060 4061 4190 
f 4060 4189 4190 
f 4189 4190 4319 
f 4189 4318 4319 
f 4318 4319 4448 
f 4318 4447 4448 
f 4447 4448 4577 
f 4447 4576 4577 
f 4576 4577 4706 
f 4576 4705 4706 
f 4705 4706 4835 
f 4705 4834 4835 
f 4834 4835 4964 
f 4834 4963 4964 
f 4963 4964 5093 
f 4963 5092 5093 
f 5092 5093 5222 
f 5092 5221 5222 
f 5221 5222 5351 
f 5221 5350 5351 
f 5350 5351 5480 
f 5350 5479 5480 
f 5479 5480 5609 
f 5479 5608 5609 
f 5608 5609 5738 
f 5608 5737 5738 
f 5737 5738 5867 
f 5737 5866 5867 
f 5866 5867 5996 
f 5866 5995 5996 
f 5995 5996 6125 
f 5995 6124 6125 
f 6124 6125 6254 
f 6124 6253 6254 
f 6253 6254 6383 
f 6253 6382 6383 
f 6382 6383 6512 
f 6382 6511 6512 
f 6511 6512 6641 
f 6511 6640 6641 
f 6640 6641 6770 
f 6640 6769 6770 
f 6769 6770 6899 
f 6769 6898 6899 
f 6898 6899 7028 
f 6898 7027 7028 
f 7027 7028 7157 
f 7027 7156 7157 
f 7156 7157 7286 
f 7156 7285 7286 
f 7285 7286 7415 
f 7285 7414 7415 
f 7414 7415 7544 
f 7414 7543 7544 
f 7543 7544 7673 
f 7543 7672 7673 
f 7672 7673 7802 
f 7672 7801 7802 
f 7801 7802 7931 
f 7801 7930 7931 
f 7930 7931 8060 
f 7930 8059 8060 
f 8059 8060 8189 
f 8059 8188 8189 
f 8188 8189 8318 
f 8188 8317 8318 
f 8317 8318 8447 
f 8317 8446 8447 
f 8446 8447 8576 
f 8446 8575 8576 
f 8575 8576 8705 
f 8575 8704 8705 
f 8704 8705 8834 
f 8704 8833 8834 
f 8833 8834 8963 
f 8833 8962 8963 
f 8962 8963 9092 
f 8962 9091 9092 
f 9091 9092 9221 
f 9091 9220 9221 
f 9220 9221 9350 
f 9220 9349 9350 
f 9349 9350 9479 
f 9349 9478 9479 
f 9478 9479 9608 
f 9478 9607 9608 
f 9607 9608 9737 
f 9607 9736 9737 
f 9736 9737 9866 
f 9736 9865 9866 
f 9865 9866 9995 
f 9865 9994 9995 
f 9994 9995 10124 
f 9994 10123 10124 
f 10123 10124 10253 
f 10123 10252 10253 
f 10252 10253 10382 
f 10252 10381 10382 
f 10381 10382 10511 
f 10381 10510 10511 
f 10510 10511 10640 
f 10510 10639 10640 
f 10639 10640 10769 
f 10639 10768 10769 
f 10768 10769 10898 
f 10768 10897 10898 
f 10897 10898 11027 
f 10897 11026 11027 
f 11026 11027 11156 
f 11026 11155 11156 
f 11155 11156 11285 
f 11155 11284 11285 
f 11284 11285 11414 
f 11284 11413 11414 
f 11413 11414 11543 
f 11413 11542 11543 
f 11542 11543 11672 
f 11542 11671 11672 
f 11671 11672 11801 
f 11671 11800 11801 
f 11800 11801 11930 
f 11800 11929 11930 
f 11929 11930 12059 
f 11929 12058 12059 
f 12058 12059 12188 
f 12058 12187 12188 
f 12187 12188 12317 
f 12187 12316 12317 
f 12316 12317 12446 
f 12316 12445 12446 
f 12445 12446 12575 
f 12445 12574 12575 
f 12574 12575 12704 
f 12574 12703 12704 
f 12703 12704 12833 
f 12703 12832 12833 
f 12832 12833 12962 
f 12832 12961 12962 
f 12961 12962 13091 
f 12961 13090 13091 
f 13090 13091 13220 
f 13090 13219 13220 
f 13219 13220 13349 
f 13219 13348 13349 
f 13348 13349 13478 
f 13348 13477 13478 
f 13477 13478 13607 
f 13477 13606 13607 
f 13606 13607 13736 
f 13606 13735 13736 
f 13735 13736 13865 
f 13735 13864 13865 
f 13864 13865 13994 
f 13864 13993 13994 
f 13993 13994 14123 
f 13993 14122 14123 
f 14122 14123 14252 
f 14122 14251 14252 
f 14251 14252 14381 
f 14251 14380 14381 
f 14380 14381 14510 
f 14380 14509 14510 
f 14509 14510 14639 
f 14509 14638 14639 
f 14638 14639 14768 
f 14638 14767 14768 
f 14767 14768 14897 
f 14767 14896 14897 
f 14896 14897 15026 
f 14896 15025 15026 
f 15025 15026 15155 
f 15025 15154 15155 
f 15154 15155 15284 
f 15154 15283 15284 
f 15283 15284 15413 
f 15283 15412 15413 
f 15412 15413 15542 
f 15412 15541 15542 
f 15541 15542 15671 
f 15541 15670 15671 
f 15670 15671 15800 
f 15670 15799 15800 
f 15799 15800 15929 
f 15799 15928 15929 
f 15928 15929 16058 
f 15928 16057 16058 
f 16057 16058 16187 
f 16057 16186 16187 
f 16186 16187 16316 
f 16186 16315 16316 
f 16315 16316 16445 
f 16315 16444 16445 
f 16444 16445 16574 
f 16444 16573 16574 
f 62 63 192 
f 62 191 192 
f 191 192 321 
f 191 320 321 
f 320 321 450 
f 320 449 450 
f 449 450 579 
f 449 578 579 
f 578 579 708 
f 578 707 708 
f 707 708 837 
f 707 836 837 
f 836 837 966 
f 836 965 966 
f 965 966 1095 
f 965 1094 1095 
f 1094 1095 1224 
f 1094 1223 1224 
f 1223 1224 1353 
f 1223 1352 1353 
f 1352 1353 1482 
f 1352 1481 1482 
f 1481 1482 1611 
f 1481 1610 1611 
f 1610 1611 1740 
f 1610 1739 1740 
f 1739 1740 1869 
f 1739 1868 1869 
f 1868 1869 1998 
f 1868 1997 1998 
f 1997 1998 2127 
f 1997 2126 2127 
f 2126 2127 2256 
f 2126 2255 2256 
f 2255 2256 2385 
f 2255 2384 2385 
f 2384 2385 2514 
f 2384 2513 2514 
f 2513 2514 2643 
f 2513 2642 2643 
f 2642 2643 2772 
f 2642 2771 2772 
f 2771 2772 2901 
f 2771 2900 2901 
f 2900 2901 3030 
f 2900 3029 3030 
f 3029 3030 3159 
f 3029 3158 3159 
f 3158 3159 3288 
f 3158 3287 3288 
f 3287 3288 3417 
f 3287 3416 3417 
f 3416 3417 3546 
f 3416 3545 3546 
f 3545 3546 3675 
f 3545 3674 3675 
f 3674 3675 3804 
f 3674 3803 3804 
f 3803 3804 3933 
f 3803 3932 3933 
f 3932 3933 4062 
f 3932 4061 4062 
f 4061 4062 4191 
f 4061 4190 4191 
f 4190 4191 4320 
f 4190 4319 4320 
f 4319 4320 4449 
f 4319 4448 4449 
f 4448 4449 4578 
f 4448 4577 4578 
f 4577 4578 4707 
f 4577 4706 4707 
f 4706 4707 4836 
f 4706 4835 4836 
f 4835 4836 4965 
f 4835 4964 4965 
f 4964 4965 5094 
f 4964 5093 5094 
f 5093 5094 5223 
f 5093 5222 5223 
f 5222 5223 5352 
f 5222 5351 5352 
f 5351 5352 5481 
f 5351 5480 5481 
f 5480 5481 5610 
f 5480 5609 5610 
f 5609 5610 5739 
f 5609 5738 5739 
f 5738 5739 5868 
f 5738 5867 5868 
f 5867 5868 5997 
f 5867 5996 5997 
f 5996 5997 6126 
f 5996 6125 6126 
f 6125 6126 6255 
f 6125 6254 6255 
f 6254 6255 6384 
f 6254 6383 6384 
f 6383 6384 6513 
f 6383 6512 6513 
f 6512 6513 6642 
f 6512 6641 6642 
f 6641 6642 6771 
f 6641 6770 6771 
f 6770 6771 6900 
f 6770 6899 6900 
f 6899 6900 7029 
f 6899 7028 7029 
f 7028 7029 7158 
f 7028 7157 7158 
f 7157 7158 7287 
f 7157 7286 7287 
f 7286 7287 7416 
f 7286 7415 7416 
f 7415 7416 7545 
f 7415 7544 7545 
f 7544 7545 7674 
f 7544 7673 7674 
f 7673 7674 7803 
f 7673 7802 7803 
f 7802 7803 7932 
f 7802 7931 7932 
f 7931 7932 8061 
f 7931 8060 8061 
f 8060 8061 8190 
f 8060 8189 8190 
f 8189 8190 8319 
f 8189 8318 8319 
f 8318 8319 8448 
f 8318 8447 8448 
f 8447 8448 8577 
f 8447 8576 8577 
f 8576 8577 8706 
f 8576 8705 8706 
f 8705 8706 8835 
f 8705 8834 8835 
f 8834 8835 8964 
f 8834 8963 8964 
f 8963 8964 9093 
f 8963 9092 9093 
f 9092 9093 9222 
f 9092 9221 9222 
f 9221 9222 9351 
f 9221 9350 9351 
f 9350 9351 9480 
f 9350 9479 9480 
f 9479 9480 9609 
f 9479 9608 9609 
f 9608 9609 9738 
f 9608 9737 9738 
f 9737 9738 9867 
f 9737 9866 9867 
f 9866 9867 9996 
f 9866 9995 9996 
f 9995 9996 10125 
f 9995 10124 10125 
f 10124 10125 10254 
f 10124 10253 10254 
f 10253 10254 10383 
f 10253 10382 10383 
f 10382 10383 10512 
f 10382 10511 10512 
f 10511 10512 10641 
f 10511 10640 10641 
f 10640 10641 10770 
f 10640 10769 10770 
f 10769 10770 10899 
f 10769 10898 10899 
f 10898 10899 11028 
f 10898 11027 11028 
f 11027 11028 11157 
f 11027 11156 11157 
f 11156 11157 11286 
f 11156 11285 11286 
f 11285 11286 11415 
f 11285 11414 11415 
f 11414 11415 11544 
f 11414 11543 11544 
f 11543 11544 11673 
f 11543 11672 11673 
f 11672 11673 11802 
f 11672 11801 11802 
f 11801 11802 11931 
f 11801 11930 11931 
f 11930 11931 12060 
f 11930 12059 12060 
f 12059 12060 12189 
f 12059 12188 12189 
f 12188 12189 12318 
f 12188 12317 12318 
f 12317 12318 12447 
f 12317 12446 12447 
f 12446 12447 12576 
f 12446 12575 12576 
f 12575 12576 12705 
f 12575 12704 12705 
f 12704 12705 12834 
f 12704 12833 12834 
f 12833 12834 12963 
f 12833 12962 12963 
f 12962 12963 13092 
f 12962 13091 13092 
f 13091 13092 13221 
f 13091 13220 13221 
f 13220 13221 13350 
f 13220 13349 13350 
f 13349 13350 13479 
f 13349 13478 13479 
f 13478 13479 13608 
f 13478 13607 13608 
f 13607 13608 13737 
f 13607 13736 13737 
f 13736 13737 13866 
f 13736 13865 13866 
f 13865 13866 13995 
f 13865 13994 13995 
f 13994 13995 14124 
f 13994 14123 14124 
f 14123 14124 14253 
f 14123 14252 14253 
f 14252 14253 14382 
f 14252 14381 14382 
f 14381 14382 14511 
f 14381 14510 14511 
f 14510 14511 14640 
f 14510 14639 14640 
f 14639 14640 14769 
f 14639 14768 14769 
f 14768 14769 14898 
f 14768 14897 14898 
f 14897 14898 15027 
f 14897 15026 15027 
f 15026 15027 15156 
f 15026 15155 15156 
f 15155 15156 15285 
f 15155 15284 15285 
f 15284 15285 15414 
f 15284 15413 15414 
f 15413 15414 15543 
f 15413 15542 15543 
f 15542 15543 15672 
f 15542 15671 15672 
f 15671 15672 15801 
f 15671 15800 15801 
f 15800 15801 15930 
f 15800 15929 15930 
f 15929 15930 16059 
f 15929 16058 16059 
f 16058 16059 16188 
f 16058 16187 16188 
f 16187 16188 16317 
f 16187 16316 16317 
f 16316 16317 16446 
f 16316 16445 16446 
f 16445 16446 16575 
f 16445 16574 16575 
f 63 64 193 
f 63 192 193 
f 192 193 322 
f 192 321 322 
f 321 322 451 
f 321 450 451 
f 450 451 580 
f 450 579 580 
f 579 580 709 
f 579 708 709 
f 708 709 838 
f 708 837 838 
f 837 838 967 
f 837 966 967 
f 966 967 1096 
f 966 1095 1096 
f 1095 1096 1225 
f 1095 1224 1225 
f 1224 1225 1354 
f 1224 1353 1354 
f 1353 1354 1483 
f 1353 1482 1483 
f 1482 1483 1612 
f 1482 1611 1612 
f 1611 1612 1741 
f 1611 1740 1741 
f 1740 1741 1870 
f 1740 1869 1870 
f 1869 1870 1999 
f 1869 1998 1999 
f 1998 1999 2128 
f 1998 2127 2128 
f 2127 2128 2257 
f 2127 2256 2257 
f 2256 2257 2386 
f 2256 2385 2386 
f 2385 2386 2515 
f 2385 2514 2515 
f 2514 2515 2644 
f 2514 2643 2644 
f 2643 2644 2773 
f 2643 2772 2773 
f 2772 2773 2902 
f 2772 2901 2902 
f 2901 2902 3031 
f 2901 3030 3031 
f 3030 3031 3160 
f 3030 3159 3160 
f 3159 3160 3289 
f 3159 3288 3289 
f 3288 3289 3418 
f 3288 3417 3418 
f 3417 3418 3547 
f 3417 3546 3547 
f 3546 3547 3676 
f 3546 3675 3676 
f 3675 3676 3805 
f 3675 3804 3805 
f 3804 3805 3934 
f 3804 3933 3934 
f 3933 3934 4063 
f 3933 4062 4063 
f 4062 4063 4192 
f 4062 4191 4192 
f 4191 4192 4321 
f 4191 4320 4321 
f 4320 4321 4450 
f 4320 4449 4450 
f 4449 4450 4579 
f 4449 4578 4579 
f 4578 4579 4708 
f 4578 4707 4708 
f 4707 4708 4837 
f 4707 4836 4837 
f 4836 4837 4966 
f 4836 4965 4966 
f 4965 4966 5095 
f 4965 5094 5095 
f 5094 5095 5224 
f 5094 5223 5224 
f 5223 5224 5353 
f 5223 5352 5353 
f 5352 5353 5482 
f 5352 5481 5482 
f 5481 5482 5611 
f 5481 5610 5611 
f 5610 5611 5740 
f 5610 5739 5740 
f 5739 5740 5869 
f 5739 5868 5869 
f 5868 5869 5998 
f 5868 5997 5998 
f 5997 5998 6127 
f 5997 6126 6127 
f 6126 6127 6256 
f 6126 6255 6256 
f 6255 6256 6385 
f 6255 6384 6385 
f 6384 6385 6514 
f 6384 6513 6514 
f 6513 6514 6643 
f 6513 6642 6643 
f 6642 6643 6772 
f 6642 6771 6772 
f 6771 6772 6901 
f 6771 6900 6901 
f 6900 6901 7030 
f 6900 7029 7030 
f 7029 7030 7159 
f 7029 7158 7159 
f 7158 7159 7288 
f 7158 7287 7288 
f 7287 7288 7417 
f 7287 7416 7417 
f 7416 7417 7546 
f 7416 7545 7546 
f 7545 7546 7675 
f 7545 7674 7675 
f 7674 7675 7804 
f 7674 7803 7804 
f 7803 7804 7933 
f 7803 7932 7933 
f 7932 7933 8062 
f 7932 8061 8062 
f 8061 8062 8191 
f 8061 8190 8191 
f 8190 8191 8320 
f 8190 8319 8320 
f 8319 8320 8449 
f 8319 8448 8449 
f 8448 8449 8578 
f 8448 8577 8578 
f 8577 8578 8707 
f 8577 8706 8707 
f 8706 8707 8836 
f 8706 8835 8836 
f 8835 8836 8965 
f 8835 8964 8965 
f 8964 8965 9094 
f 8964 9093 9094 
f 9093 9094 9223 
f 9093 9222 9223 
f 9222 9223 9352 
f 9222 9351 9352 
f 9351 9352 9481 
f 9351 9480 9481 
f 9480 9481 9610 
f 9480 9609 9610 
f 9609 9610 9739 
f 9609 9738 9739 
f 9738 9739 9868 
f 9738 9867 9868 
f 9867 9868 9997 
f 9867 9996 9997 
f 9996 9997 10126 
f 9996 10125 10126 
f 10125 10126 10255 
f 10125 10254 10255 
f 10254 10255 10384 
f 10254 10383 10384 
f 10383 10384 10513 
f 10383 10512 10513 
f 10512 10513 10642 
f 10512 10641 10642 
f 10641 10642 10771 
f 10641 10770 10771 
f 10770 10771 10900 
f 10770 10899 10900 
f 10899 10900 11029 
f 10899 11028 11029 
f 11028 11029 11158 
f 11028 11157 11158 
f 11157 11158 11287 
f 11157 11286 11287 
f 11286 11287 11416 
f 11286 11415 11416 
f 11415 11416 11545 
f 11415 11544 11545 
f 11544 11545 11674 
f 11544 11673 11674 
f 11673 11674 11803 
f 11673 11802 11803 
f 11802 11803 11932 
f 11802 11931 11932 
f 11931 11932 12061 
f 11931 12060 12061 
f 12060 12061 12190 
f 12060 12189 12190 
f 12189 12190 12319 
f 12189 12318 12319 
f 12318 12319 12448 
f 12318 12447 12448 
f 12447 12448 12577 
f 12447 12576 12577 
f 12576 12577 12706 
f 12576 12705 12706 
f 12705 12706 12835 
f 12705 12834 12835 
f 12834 12835 12964 
f 12834 12963 12964 
f 12963 12964 13093 
f 12963 13092 13093 
f 13092 13093 13222 
f 13092 13221 13222 
f 13221 13222 13351 
f 13221 13350 13351 
f 13350 13351 13480 
f 13350 13479 13480 
f 13479 13480 13609 
f 13479 13608 13609 
f 13608 13609 13738 
f 13608 13737 13738 
f 13737 13738 13867 
f 13737 13866 13867 
f 13866 13867 13996 
f 13866 13995 13996 
f 13995 13996 14125 
f 13995 14124 14125 
f 14124 14125 14254 
f 14124 14253 14254 
f 14253 14254 14383 
f 14253 14382 14383 
f 14382 14383 14512 
f 14382 14511 14512 
f 14511 14512 14641 
f 14511 14640 14641 
f 14640 14641 14770 
f 14640 14769 14770 
f 14769 14770 14899 
f 14769 14898 14899 
f 14898 14899 15028 
f 14898 15027 15028 
f 15027 15028 15157 
f 15027 15156 15157 
f 15156 15157 15286 
f 15156 15285 15286 
f 15285 15286 15415 
f 15285 15414 15415 
f 15414 15415 15544 
f 15414 15543 15544 
f 15543 15544 15673 
f 15543 15672 15673 
f 15672 15673 15802 
f 15672 15801 15802 
f 15801 15802 15931 
f 15801 15930 15931 
f 15930 15931 16060 
f 15930 16059 16060 
f 16059 16060 16189 
f 16059 16188 16189 
f 16188 16189 16318 
f 16188 16317 16318 
f 16317 16318 16447 
f 16317 16446 16447 
f 16446 16447 16576 
f 16446 16575 16576 
f 64 65 194 
f 64 193 194 
f 193 194 323 
f 193 322 323 
f 322 323 452 
f 322 451 452 
f 451 452 581 
f 451 580 581 
f 580 581 710 
f 580 709 710 
f 709 710 839 
f 709 838 839 
f 838 839 968 
f 838 967 968 
f 967 968 1097 
f 967 1096 1097 
f 1096 1097 1226 
f 1096 1225 1226 
f 1225 1226 1355 
f 1225 1354 1355 
f 1354 1355 1484 
f 1354 1483 1484 
f 1483 1484 1613 
f 1483 1612 1613 
f 1612 1613 1742 
f 1612 1741 1742 
f 1741 1742 1871 
f 1741 1870 1871 
f 1870 1871 2000 
f 1870 1999 2000 
f 1999 2000 2129 
f 1999 2128 2129 
f 2128 2129 2258 
f 2128 2257 2258 
f 2257 2258 2387 
f 2257 2386 2387 
f 2386 2387 2516 
f 2386 2515 2516 
f 2515 2516 2645 
f 2515 2644 2645 
f 2644 2645 2774 
f 2644 2773 2774 
f 2773 2774 2903 
f 2773 2902 2903 
f 2902 2903 3032 
f 2902 3031 3032 
f 3031 3032 3161 
f 3031 3160 3161 
f 3160 3161 3290 
f 3160 3289 3290 
f 3289 3290 3419 
f 3289 3418 3419 
f 3418 3419 3548 
f 3418 3547 3548 
f 3547 3548 3677 
f 3547 3676 3677 
f 3676 3677 3806 
f 3676 3805 3806 
f 3805 3806 3935 
f 3805 3934 3935 
f 3934 3935 4064 
f 3934 4063 4064 
f 4063 4064 4193 
f 4063 4192 4193 
f 4192 4193 4322 
f 4192 4321 4322 
f 4321 4322 4451 
f 4321 4450 4451 
f 4450 4451 4580 
f 4450 4579 4580 
f 4579 4580 4709 
f 4579 4708 4709 
f 4708 4709 4838 
f 4708 4837 4838 
f 4837 4838 4967 
f 4837 4966 4967 
f 4966 4967 5096 
f 4966 5095 5096 
f 5095 5096 5225 
f 5095 5224 5225 
f 5224 5225 5354 
f 5224 5353 5354 
f 5353 5354 5483 
f 5353 5482 5483 
f 5482 5483 5612 
f 5482 5611 5612 
f 5611 5612 5741 
f 5611 5740 5741 
f 5740 5741 5870 
f 5740 5869 5870 
f 5869 5870 5999 
f 5869 5998 5999 
f 5998 5999 6128 
f 5998 6127 6128 
f 6127 6128 6257 
f 6127 6256 6257 
f 6256 6257 6386 
f 6256 6385 6386 
f 6385 6386 6515 
f 6385 6514 6515 
f 6514 6515 6644 
f 6514 6643 6644 
f 6643 6644 6773 
f 6643 6772 6773 
f 6772 6773 6902 
f 6772 6901 6902 
f 6901 6902 7031 
f 6901 7030 7031 
f 7030 7031 7160 
f 7030 7159 7160 
f 7159 7160 7289 
f 7159 7288 7289 
f 7288 7289 7418 
f 7288 7417 7418 
f 7417 7418 7547 
f 7417 7546 7547 
f 7546 7547 7676 
f 7546 7675 7676 
f 7675 7676 7805 
f 7675 7804 7805 
f 7804 7805 7934 
f 7804 7933 7934 
f 7933 7934 8063 
f 7933 8062 8063 
f 8062 8063 8192 
f 8062 8191 8192 
f 8191 8192 8321 
f 8191 8320 8321 
f 8320 8321 8450 
f 8320 8449 8450 
f 8449 8450 8579 
f 8449 8578 8579 
f 8578 8579 8708 
f 8578 8707 8708 
f 8707 8708 8837 
f 8707 8836 8837 
f 8836 8837 8966 
f 8836 8965 8966 
f 8965 8966 9095 
f 8965 9094 9095 
f 9094 9095 9224 
f 9094 9223 9224 
f 9223 9224 9353 
f 9223 9352 9353 
f 9352 9353 9482 
f 9352 9481 9482 
f 9481 9482 9611 
f 9481 9610 9611 
f 9610 9611 9740 
f 9610 9739 9740 
f 9739 9740 9869 
f 9739 9868 9869 
f 9868 9869 9998 
f 9868 9997 9998 
f 9997 9998 10127 
f 9997 10126 10127 
f 10126 10127 10256 
f 10126 10255 10256 
f 10255 10256 10385 
f 10255 10384 10385 
f 10384 10385 10514 
f 10384 10513 10514 
f 10513 10514 10643 
f 10513 10642 10643 
f 10642 10643 10772 
f 10642 10771 10772 
f 10771 10772 10901 
f 10771 10900 10901 
f 10900 10901 11030 
f 10900 11029 11030 
f 11029 11030 11159 
f 11029 11158 11159 
f 11158 11159 11288 
f 11158 11287 11288 
f 11287 11288 11417 
f 11287 11416 11417 
f 11416 11417 11546 
f 11416 11545 11546 
f 11545 11546 11675 
f 11545 11674 11675 
f 11674 11675 11804 
f 11674 11803 11804 
f 11803 11804 11933 
f 11803 11932 11933 
f 11932 11933 12062 
f 11932 12061 12062 
f 12061 12062 12191 
f 12061 12190 12191 
f 12190 12191 12320 
f 12190 12319 12320 
f 12319 12320 12449 
f 12319 12448 12449 
f 12448 12449 12578 
f 12448 12577 12578 
f 12577 12578 12707 
f 12577 12706 12707 
f 12706 12707 12836 
f 12706 12835 12836 
f 12835 12836 12965 
f 12835 12964 12965 
f 12964 12965 13094 
f 12964 13093 13094 
f 13093 13094 13223 
f 13093 13222 13223 
f 13222 13223 13352 
f 13222 13351 13352 
f 13351 13352 13481 
f 13351 13480 13481 
f 13480 13481 13610 
f 13480 13609 13610 
f 13609 13610 13739 
f 13609 13738 13739 
f 13738 13739 13868 
f 13738 13867 13868 
f 13867 13868 13997 
f 13867 13996 13997 
f 13996 13997 14126 
f 13996 14125 14126 
f 14125 14126 14255 
f 14125 14254 14255 
f 14254 14255 14384 
f 14254 14383 14384 
f 14383 14384 14513 
f 14383 14512 14513 
f 14512 14513 14642 
f 14512 14641 14642 
f 14641 14642 14771 
f 14641 14770 14771 
f 14770 14771 14900 
f 14770 14899 14900 
f 14899 14900 15029 
f 14899 15028 15029 
f 15028 15029 15158 
f 15028 15157 15158 
f 15157 15158 15287 
f 15157 15286 15287 
f 15286 15287 15416 
f 15286 15415 15416 
f 15415 15416 15545 
f 15415 15544 15545 
f 15544 15545 15674 
f 15544 15673 15674 
f 15673 15674 15803 
f 15673 15802 15803 
f 15802 15803 15932 
f 15802 15931 15932 
f 15931 15932 16061 
f 15931 16060 16061 
f 16060 16061 16190 
f 16060 16189 16190 
f 16189 16190 16319 
f 16189 16318 16319 
f 16318 16319 16448 
f 16318 16447 16448 
f 16447 16448 16577 
f 16447 16576 16577 
f 65 66 195 
f 65 194 195 
f 194 195 324 
f 194 323 324 
f 323 324 453 
f 323 452 453 
f 452 453 582 
f 452 581 582 
f 581 582 711 
f 581 710 711 
f 710 711 840 
f 710 839 840 
f 839 840 969 
f 839 968 969 
f 968 969 1098 
f 968 1097 1098 
f 1097 1098 1227 
f 1097 1226 1227 
f 1226 1227 1356 
f 1226 1355 1356 
f 1355 1356 1485 
f 1355 1484 1485 
f 1484 1485 1614 
f 1484 1613 1614 
f 1613 1614 1743 
f 1613 1742 1743 
f 1742 1743 1872 
f 1742 1871 1872 
f 1871 1872 2001 
f 1871 2000 2001 
f 2000 2001 2130 
f 2000 2129 2130 
f 2129 2130 2259 
f 2129 2258 2259 
f 2258 2259 2388 
f 2258 2387 2388 
f 2387 2388 2517 
f 2387 2516 2517 
f 2516 2517 2646 
f 2516 2645 2646 
f 2645 2646 2775 
f 2645 2774 2775 
f 2774 2775 2904 
f 2774 2903 2904 
f 2903 2904 3033 
f 2903 3032 3033 
f 3032 3033 3162 
f 3032 3161 3162 
f 3161 3162 3291 
f 3161 3290 3291 
f 3290 3291 3420 
f 3290 3419 3420 
f 3419 3420 3549 
f 3419 3548 3549 
f 3548 3549 3678 
f 3548 3677 3678 
f 3677 3678 3807 
f 3677 3806 3807 
f 3806 3807 3936 
f 3806 3935 3936 
f 3935 3936 4065 
f 3935 4064 4065 
f 4064 4065 4194 
f 4064 4193 4194 
f 4193 4194 4323 
f 4193 4322 4323 
f 4322 4323 4452 
f 4322 4451 4452 
f 4451 4452 4581 
f 4451 4580 4581 
f 4580 4581 4710 
f 4580 4709 4710 
f 4709 4710 4839 
f 4709 4838 4839 
f 4838 4839 4968 
f 4838 4967 4968 
f 4967 4968 5097 
f 4967 5096 5097 
f 5096 5097 5226 
f 5096 5225 5226 
f 5225 5226 5355 
f 5225 5354 5355 
f 5354 5355 5484 
f 5354 5483 5484 
f 5483 5484 5613 
f 5483 5612 5613 
f 5612 5613 5742 
f 5612 5741 5742 
f 5741 5742 5871 
f 5741 5870 5871 
f 5870 5871 6000 
f 5870 5999 6000 
f 5999 6000 6129 
f 5999 6128 6129 
f 6128 6129 6258 
f 6128 6257 6258 
f 6257 6258 6387 
f 6257 6386 6387 
f 6386 6387 6516 
f 6386 6515 6516 
f 6515 6516 6645 
f 6515 6644 6645 
f 6644 6645 6774 
f 6644 6773 6774 
f 6773 6774 6903 
f 6773 6902 6903 
f 6902 6903 7032 
f 6902 7031 7032 
f 7031 7032 7161 
f 7031 7160 7161 
f 7160 7161 7290 
f 7160 7289 7290 
f 7289 7290 7419 
f 7289 7418 7419 
f 7418 7419 7548 
f 7418 7547 7548 
f 7547 7548 7677 
f 7547 7676 7677 
f 7676 7677 7806 
f 7676 7805 7806 
f 7805 7806 7935 
f 7805 7934 7935 
f 7934 7935 8064 
f 7934 8063 8064 
f 8063 8064 8193 
f 8063 8192 8193 
f 8192 8193 8322 
f 8192 8321 8322 
f 8321 8322 8451 
f 8321 8450 8451 
f 8450 8451 8580 
f 8450 8579 8580 
f 8579 8580 8709 
f 8579 8708 8709 
f 8708 8709 8838 
f 8708 8837 8838 
f 8837 8838 8967 
f 8837 8966 8967 
f 8966 8967 9096 
f 8966 9095 9096 
f 9095 9096 9225 
f 9095 9224 9225 
f 9224 9225 9354 
f 9224 9353 9354 
f 9353 9354 9483 
f 9353 9482 9483 
f 9482 9483 9612 
f 9482 9611 9612 
f 9611 9612 9741 
f 9611 9740 9741 
f 9740 9741 9870 
f 9740 9869 9870 
f 9869 9870 9999 
f 9869 9998 9999 
f 9998 9999 10128 
f 9998 10127 10128 
f 10127 10128 10257 
f 10127 10256 10257 
f 10256 10257 10386 
f 10256 10385 10386 
f 10385 10386 10515 
f 10385 10514 10515 
f 10514 10515 10644 
f 10514 10643 10644 
f 10643 10644 10773 
f 10643 10772 10773 
f 10772 10773 10902 
f 10772 10901 10902 
f 10901 10902 11031 
f 10901 11030 11031 
f 11030 11031 11160 
f 11030 11159 11160 
f 11159 11160 11289 
f 11159 11288 11289 
f 11288 11289 11418 
f 11288 11417 11418 
f 11417 11418 11547 
f 11417 11546 11547 
f 11546 11547 11676 
f 11546 11675 11676 
f 11675 11676 11805 
f 11675 11804 11805 
f 11804 11805 11934 
f 11804 11933 11934 
f 11933 11934 12063 
f 11933 12062 12063 
f 12062 12063 12192 
f 12062 12191 12192 
f 12191 12192 12321 
f 12191 12320 12321 
f 12320 12321 12450 
f 12320 12449 12450 
f 12449 12450 12579 
f 12449 12578 12579 
f 12578 12579 12708 
f 12578 12707 12708 
f 12707 12708 12837 
f 12707 12836 12837 
f 12836 12837 12966 
f 12836 12965 12966 
f 12965 12966 13095 
f 12965 13094 13095 
f 13094 13095 13224 
f 13094 13223 13224 
f 13223 13224 13353 
f 13223 13352 13353 
f 13352 13353 13482 
f 13352 13481 13482 
f 13481 13482 13611 
f 13481 13610 13611 
f 13610 13611 13740 
f 13610 13739 13740 
f 13739 13740 13869 
f 13739 13868 13869 
f 13868 13869 13998 
f 13868 13997 13998 
f 13997 13998 14127 
f 13997 14126 14127 
f 14126 14127 14256 
f 14126 14255 14256 
f 14255 14256 14385 
f 14255 14384 14385 
f 14384 14385 14514 
f 14384 14513 14514 
f 14513 14514 14643 
f 14513 14642 14643 
f 14642 14643 14772 
f 14642 14771 14772 
f 14771 14772 14901 
f 14771 14900 14901 
f 14900 14901 15030 
f 14900 15029 15030 
f 15029 15030 15159 
f 15029 15158 15159 
f 15158 15159 15288 
f 15158 15287 15288 
f 15287 15288 15417 
f 15287 15416 15417 
f 15416 15417 15546 
f 15416 15545 15546 
f 15545 15546 15675 
f 15545 15674 15675 
f 15674 15675 15804 
f 15674 15803 15804 
f 15803 15804 15933 
f 15803 15932 15933 
f 15932 15933 16062 
f 15932 16061 16062 
f 16061 16062 16191 
f 16061 16190 16191 
f 16190 16191 16320 
f 16190 16319 16320 
f 16319 16320 16449 
f 16319 16448 16449 
f 16448 16449 16578 
f 16448 16577 16578 
f 66 67 196 
f 66 195 196 
f 195 196 325 
f 195 324 325 
f 324 325 454 
f 324 453 454 
f 453 454 583 
f 453 582 583 
f 582 583 712 
f 582 711 712 
f 711 712 841 
f 711 840 841 
f 840 841 970 
f 840 969 970 
f 969 970 1099 
f 969 1098 1099 
f 1098 1099 1228 
f 1098 1227 1228 
f 1227 1228 1357 
f 1227 1356 1357 
f 1356 1357 1486 
f 1356 1485 1486 
f 1485 1486 1615 
f 1485 1614 1615 
f 1614 1615 1744 
f 1614 1743 1744 
f 1743 1744 1873 
f 1743 1872 1873 
f 1872 1873 2002 
f 1872 2001 2002 
f 2001 2002 2131 
f 2001 2130 2131 
f 2130 2131 2260 
f 2130 2259 2260 
f 2259 2260 2389 
f 2259 2388 2389 
f 2388 2389 2518 
f 2388 2517 2518 
f 2517 2518 2647 
f 2517 2646 2647 
f 2646 2647 2776 
f 2646 2775 2776 
f 2775 2776 2905 
f 2775 2904 2905 
f 2904 2905 3034 
f 2904 3033 3034 
f 3033 3034 3163 
f 3033 3162 3163 
f 3162 3163 3292 
f 3162 3291 3292 
f 3291 3292 3421 
f 3291 3420 3421 
f 3420 3421 3550 
f 3420 3549 3550 
f 3549 3550 3679 
f 3549 3678 3679 
f 3678 3679 3808 
f 3678 3807 3808 
f 3807 3808 3937 
f 3807 3936 3937 
f 3936 3937 4066 
f 3936 4065 4066 
f 4065 4066 4195 
f 4065 4194 4195 
f 4194 4195 4324 
f 4194 4323 4324 
f 4323 4324 4453 
f 4323 4452 4453 
f 4452 4453 4582 
f 4452 4581 4582 
f 4581 4582 4711 
f 4581 4710 4711 
f 4710 4711 4840 
f 4710 4839 4840 
f 4839 4840 4969 
f 4839 4968 4969 
f 4968 4969 5098 
f 4968 5097 5098 
f 5097 5098 5227 
f 5097 5226 5227 
f 5226 5227 5356 
f 5226 5355 5356 
f 5355 5356 5485 
f 5355 5484 5485 
f 5484 5485 5614 
f 5484 5613 5614 
f 5613 5614 5743 
f 5613 5742 5743 
f 5742 5743 5872 
f 5742 5871 5872 
f 5871 5872 6001 
f 5871 6000 6001 
f 6000 6001 6130 
f 6000 6129 6130 
f 6129 6130 6259 
f 6129 6258 6259 
f 6258 6259 6388 
f 6258 6387 6388 
f 6387 6388 6517 
f 6387 6516 6517 
f 6516 6517 6646 
f 6516 6645 6646 
f 6645 6646 6775 
f 6645 6774 6775 
f 6774 6775 6904 
f 6774 6903 6904 
f 6903 6904 7033 
f 6903 7032 7033 
f 7032 7033 7162 
f 7032 7161 7162 
f 7161 7162 7291 
f 7161 7290 7291 
f 7290 7291 7420 
f 7290 7419 7420 
f 7419 7420 7549 
f 7419 7548 7549 
f 7548 7549 7678 
f 7548 7677 7678 
f 7677 7678 7807 
f 7677 7806 7807 
f 7806 7807 7936 
f 7806 7935 7936 
f 7935 7936 8065 
f 7935 8064 8065 
f 8064 8065 8194 
f 8064 8193 8194 
f 8193 8194 8323 
f 8193 8322 8323 
f 8322 8323 8452 
f 8322 8451 8452 
f 8451 8452 8581 
f 8451 8580 8581 
f 8580 8581 8710 
f 8580 8709 8710 
f 8709 8710 8839 
f 8709 8838 8839 
f 8838 8839 8968 
f 8838 8967 8968 
f 8967 8968 9097 
f 8967 9096 9097 
f 9096 9097 9226 
f 9096 9225 9226 
f 9225 9226 9355 
f 9225 9354 9355 
f 9354 9355 9484 
f 9354 9483 9484 
f 9483 9484 9613 
f 9483 9612 9613 
f 9612 9613 9742 
f 9612 9741 9742 
f 9741 9742 9871 
f 9741 9870 9871 
f 9870 9871 10000 
f 9870 9999 10000 
f 9999 10000 10129 
f 9999 10128 10129 
f 10128 10129 10258 
f 10128 10257 10258 
f 10257 10258 10387 
f 10257 10386 10387 
f 10386 10387 10516 
f 10386 10515 10516 
f 10515 10516 10645 
f 10515 10644 10645 
f 10644 10645 10774 
f 10644 10773 10774 
f 10773 10774 10903 
f 10773 10902 10903 
f 10902 10903 11032 
f 10902 11031 11032 
f 11031 11032 11161 
f 11031 11160 11161 
f 11160 11161 11290 
f 11160 11289 11290 
f 11289 11290 11419 
f 11289 11418 11419 
f 11418 11419 11548 
f 11418 11547 11548 
f 11547 11548 11677 
f 11547 11676 11677 
f 11676 11677 11806 
f 11676 11805 11806 
f 11805 11806 11935 
f 11805 11934 11935 
f 11934 11935 12064 
f 11934 12063 12064 
f 12063 12064 12193 
f 12063 12192 12193 
f 12192 12193 12322 
f 12192 12321 12322 
f 12321 12322 12451 
f 12321 12450 12451 
f 12450 12451 12580 
f 12450 12579 12580 
f 12579 12580 12709 
f 12579 12708 12709 
f 12708 12709 12838 
f 12708 12837 12838 
f 12837 12838 12967 
f 12837 12966 12967 
f 12966 12967 13096 
f 12966 13095 13096 
f 13095 13096 13225 
f 13095 13224 13225 
f 13224 13225 13354 
f 13224 13353 13354 
f 13353 13354 13483 
f 13353 13482 13483 
f 13482 13483 13612 
f 13482 13611 13612 
f 13611 13612 13741 
f 13611 13740 13741 
f 13740 13741 13870 
f 13740 13869 13870 
f 13869 13870 13999 
f 13869 13998 13999 
f 13998 13999 14128 
f 13998 14127 14128 
f 14127 14128 14257 
f 14127 14256 14257 
f 14256 14257 14386 
f 14256 14385 14386 
f 14385 14386 14515 
f 14385 14514 14515 
f 14514 14515 14644 
f 14514 14643 14644 
f 14643 14644 14773 
f 14643 14772 14773 
f 14772 14773 14902 
f 14772 14901 14902 
f 14901 14902 15031 
f 14901 15030 15031 
f 15030 15031 15160 
f 15030 15159 15160 
f 15159 15160 15289 
f 15159 15288 15289 
f 15288 15289 15418 
f 15288 15417 15418 
f 15417 15418 15547 
f 15417 15546 15547 
f 15546 15547 15676 
f 15546 15675 15676 
f 15675 15676 15805 
f 15675 15804 15805 
f 15804 15805 15934 
f 15804 15933 15934 
f 15933 15934 16063 
f 15933 16062 16063 
f 16062 16063 16192 
f 16062 16191 16192 
f 16191 16192 16321 
f 16191 16320 16321 
f 16320 16321 16450 
f 16320 16449 16450 
f 16449 16450 16579 
f 16449 16578 16579 
f 67 68 197 
f 67 196 197 
f 196 197 326 
f 196 325 326 
f 325 326 455 
f 325 454 455 
f 454 455 584 
f 454 583 584 
f 583 584 713 
f 583 712 713 
f 712 713 842 
f 712 841 842 
f 841 842 971 
f 841 970 971 
f 970 971 1100 
f 970 1099 1100 
f 1099 1100 1229 
f 1099 1228 1229 
f 1228 1229 1358 
f 1228 1357 1358 
f 1357 1358 1487 
f 1357 1486 1487 
f 1486 1487 1616 
f 1486 1615 1616 
f 1615 1616 1745 
f 1615 1744 1745 
f 1744 1745 1874 
f 1744 1873 1874 
f 1873 1874 2003 
f 1873 2002 2003 
f 2002 2003 2132 
f 2002 2131 2132 
f 2131 2132 2261 
f 2131 2260 2261 
f 2260 2261 2390 
f 2260 2389 2390 
f 2389 2390 2519 
f 2389 2518 2519 
f 2518 2519 2648 
f 2518 2647 2648 
f 2647 2648 2777 
f 2647 2776 2777 
f 2776 2777 2906 
f 2776 2905 2906 
f 2905 2906 3035 
f 2905 3034 3035 
f 3034 3035 3164 
f 3034 3163 3164 
f 3163 3164 3293 
f 3163 3292 3293 
f 3292 3293 3422 
f 3292 3421 3422 
f 3421 3422 3551 
f 3421 3550 3551 
f 3550 3551 3680 
f 3550 3679 3680 
f 3679 3680 3809 
f 3679 3808 3809 
f 3808 3809 3938 
f 3808 3937 3938 
f 3937 3938 4067 
f 3937 4066 4067 
f 4066 4067 4196 
f 4066 4195 4196 
f 4195 4196 4325 
f 4195 4324 4325 
f 4324 4325 4454 
f 4324 4453 4454 
f 4453 4454 4583 
f 4453 4582 4583 
f 4582 4583 4712 
f 4582 4711 4712 
f 4711 4712 4841 
f 4711 4840 4841 
f 4840 4841 4970 
f 4840 4969 4970 
f 4969 4970 5099 
f 4969 5098 5099 
f 5098 5099 5228 
f 5098 5227 5228 
f 5227 5228 5357 
f 5227 5356 5357 
f 5356 5357 5486 
f 5356 5485 5486 
f 5485 5486 5615 
f 5485 5614 5615 
f 5614 5615 5744 
f 5614 5743 5744 
f 5743 5744 5873 
f 5743 5872 5873 
f 5872 5873 6002 
f 5872 6001 6002 
f 6001 6002 6131 
f 6001 6130 6131 
f 6130 6131 6260 
f 6130 6259 6260 
f 6259 6260 6389 
f 6259 6388 6389 
f 6388 6389 6518 
f 6388 6517 6518 
f 6517 6518 6647 
f 6517 6646 6647 
f 6646 6647 6776 
f 6646 6775 6776 
f 6775 6776 6905 
f 6775 6904 6905 
f 6904 6905 7034 
f 6904 7033 7034 
f 7033 7034 7163 
f 7033 7162 7163 
f 7162 7163 7292 
f 7162 7291 7292 
f 7291 7292 7421 
f 7291 7420 7421 
f 7420 7421 7550 
f 7420 7549 7550 
f 7549 7550 7679 
f 7549 7678 7679 
f 7678 7679 7808 
f 7678 7807 7808 
f 7807 7808 7937 
f 7807 7936 7937 
f 7936 7937 8066 
f 7936 8065 8066 
f 8065 8066 8195 
f 8065 8194 8195 
f 8194 8195 8324 
f 8194 8323 8324 
f 8323 8324 8453 
f 8323 8452 8453 
f 8452 8453 8582 
f 8452 8581 8582 
f 8581 8582 8711 
f 8581 8710 8711 
f 8710 8711 8840 
f 8710 8839 8840 
f 8839 8840 8969 
f 8839 8968 8969 
f 8968 8969 9098 
f 8968 9097 9098 
f 9097 9098 9227 
f 9097 9226 9227 
f 9226 9227 9356 
f 9226 9355 9356 
f 9355 9356 9485 
f 9355 9484 9485 
f 9484 9485 9614 
f 9484 9613 9614 
f 9613 9614 9743 
f 9613 9742 9743 
f 9742 9743 9872 
f 9742 9871 9872 
f 9871 9872 10001 
f 9871 10000 10001 
f 10000 10001 10130 
f 10000 10129 10130 
f 10129 10130 10259 
f 10129 10258 10259 
f 10258 10259 10388 
f 10258 10387 10388 
f 10387 10388 10517 
f 10387 10516 10517 
f 10516 10517 10646 
f 10516 10645 10646 
f 10645 10646 10775 
f 10645 10774 10775 
f 10774 10775 10904 
f 10774 10903 10904 
f 10903 10904 11033 
f 10903 11032 11033 
f 11032 11033 11162 
f 11032 11161 11162 
f 11161 11162 11291 
f 11161 11290 11291 
f 11290 11291 11420 
f 11290 11419 11420 
f 11419 11420 11549 
f 11419 11548 11549 
f 11548 11549 11678 
f 11548 11677 11678 
f 11677 11678 11807 
f 11677 11806 11807 
f 11806 11807 11936 
f 11806 11935 11936 
f 11935 11936 12065 
f 11935 12064 12065 
f 12064 12065 12194 
f 12064 12193 12194 
f 12193 12194 12323 
f 12193 12322 12323 
f 12322 12323 12452 
f 12322 12451 12452 
f 12451 12452 12581 
f 12451 12580 12581 
f 12580 12581 12710 
f 12580 12709 12710 
f 12709 12710 12839 
f 12709 12838 12839 
f 12838 12839 12968 
f 12838 12967 12968 
f 12967 12968 13097 
f 12967 13096 13097 
f 13096 13097 13226 
f 13096 13225 13226 
f 13225 13226 13355 
f 13225 13354 13355 
f 13354 13355 13484 
f 13354 13483 13484 
f 13483 13484 13613 
f 13483 13612 13613 
f 13612 13613 13742 
f 13612 13741 13742 
f 13741 13742 13871 
f 13741 13870 13871 
f 13870 13871 14000 
f 13870 13999 14000 
f 13999 14000 14129 
f 13999 14128 14129 
f 14128 14129 14258 
f 14128 14257 14258 
f 14257 14258 14387 
f 14257 14386 14387 
f 14386 14387 14516 
f 14386 14515 14516 
f 14515 14516 14645 
f 14515 14644 14645 
f 14644 14645 14774 
f 14644 14773 14774 
f 14773 14774 14903 
f 14773 14902 14903 
f 14902 14903 15032 
f 14902 15031 15032 
f 15031 15032 15161 
f 15031 15160 15161 
f 15160 15161 15290 
f 15160 15289 15290 
f 15289 15290 15419 
f 15289 15418 15419 
f 15418 15419 15548 
f 15418 15547 15548 
f 15547 15548 15677 
f 15547 15676 15677 
f 15676 15677 15806 
f 15676 15805 15806 
f 15805 15806 15935 
f 15805 15934 15935 
f 15934 15935 16064 
f 15934 16063 16064 
f 16063 16064 16193 
f 16063 16192 16193 
f 16192 16193 16322 
f 16192 16321 16322 
f 16321 16322 16451 
f 16321 16450 16451 
f 16450 16451 16580 
f 16450 16579 16580 
f 68 69 198 
f 68 197 198 
f 197 198 327 
f 197 326 327 
f 326 327 456 
f 326 455 456 
f 455 456 585 
f 455 584 585 
f 584 585 714 
f 584 713 714 
f 713 714 843 
f 713 842 843 
f 842 843 972 
f 842 971 972 
f 971 972 1101 
f 971 1100 1101 
f 1100 1101 1230 
f 1100 1229 1230 
f 1229 1230 1359 
f 1229 1358 1359 
f 1358 1359 1488 
f 1358 1487 1488 
f 1487 1488 1617 
f 1487 1616 1617 
f 1616 1617 1746 
f 1616 1745 1746 
f 1745 1746 1875 
f 1745 1874 1875 
f 1874 1875 2004 
f 1874 2003 2004 
f 2003 2004 2133 
f 2003 2132 2133 
f 2132 2133 2262 
f 2132 2261 2262 
f 2261 2262 2391 
f 2261 2390 2391 
f 2390 2391 2520 
f 2390 2519 2520 
f 2519 2520 2649 
f 2519 2648 2649 
f 2648 2649 2778 
f 2648 2777 2778 
f 2777 2778 2907 
f 2777 2906 2907 
f 2906 2907 3036 
f 2906 3035 3036 
f 3035 3036 3165 
f 3035 3164 3165 
f 3164 3165 3294 
f 3164 3293 3294 
f 3293 3294 3423 
f 3293 3422 3423 
f 3422 3423 3552 
f 3422 3551 3552 
f 3551 3552 3681 
f 3551 3680 3681 
f 3680 3681 3810 
f 3680 3809 3810 
f 3809 3810 3939 
f 3809 3938 3939 
f 3938 3939 4068 
f 3938 4067 4068 
f 4067 4068 4197 
f 4067 4196 4197 
f 4196 4197 4326 
f 4196 4325 4326 
f 4325 4326 4455 
f 4325 4454 4455 
f 4454 4455 4584 
f 4454 4583 4584 
f 4583 4584 4713 
f 4583 4712 4713 
f 4712 4713 4842 
f 4712 4841 4842 
f 4841 4842 4971 
f 4841 4970 4971 
f 4970 4971 5100 
f 4970 5099 5100 
f 5099 5100 5229 
f 5099 5228 5229 
f 5228 5229 5358 
f 5228 5357 5358 
f 5357 5358 5487 
f 5357 5486 5487 
f 5486 5487 5616 
f 5486 5615 5616 
f 5615 5616 5745 
f 5615 5744 5745 
f 5744 5745 5874 
f 5744 5873 5874 
f 5873 5874 6003 
f 5873 6002 6003 
f 6002 6003 6132 
f 6002 6131 6132 
f 6131 6132 6261 
f 6131 6260 6261 
f 6260 6261 6390 
f 6260 6389 6390 
f 6389 6390 6519 
f 6389 6518 6519 
f 6518 6519 6648 
f 6518 6647 6648 
f 6647 6648 6777 
f 6647 6776 6777 
f 6776 6777 6906 
f 6776 6905 6906 
f 6905 6906 7035 
f 6905 7034 7035 
f 7034 7035 7164 
f 7034 7163 7164 
f 7163 7164 7293 
f 7163 7292 7293 
f 7292 7293 7422 
f 7292 7421 7422 
f 7421 7422 7551 
f 7421 7550 7551 
f 7550 7551 7680 
f 7550 7679 7680 
f 7679 7680 7809 
f 7679 7808 7809 
f 7808 7809 7938 
f 7808 7937 7938 
f 7937 7938 8067 
f 7937 8066 8067 
f 8066 8067 8196 
f 8066 8195 8196 
f 8195 8196 8325 
f 8195 8324 8325 
f 8324 8325 8454 
f 8324 8453 8454 
f 8453 8454 8583 
f 8453 8582 8583 
f 8582 8583 8712 
f 8582 8711 8712 
f 8711 8712 8841 
f 8711 8840 8841 
f 8840 8841 8970 
f 8840 8969 8970 
f 8969 8970 9099 
f 8969 9098 9099 
f 9098 9099 9228 
f 9098 9227 9228 
f 9227 9228 9357 
f 9227 9356 9357 
f 9356 9357 9486 
f 9356 9485 9486 
f 9485 9486 9615 
f 9485 9614 9615 
f 9614 9615 9744 
f 9614 9743 9744 
f 9743 9744 9873 
f 9743 9872 9873 
f 9872 9873 10002 
f 9872 10001 10002 
f 10001 10002 10131 
f 10001 10130 10131 
f 10130 10131 10260 
f 10130 10259 10260 
f 10259 10260 10389 
f 10259 10388 10389 
f 10388 10389 10518 
f 10388 10517 10518 
f 10517 10518 10647 
f 10517 10646 10647 
f 10646 10647 10776 
f 10646 10775 10776 
f 10775 10776 10905 
f 10775 10904 10905 
f 10904 10905 11034 
f 10904 11033 11034 
f 11033 11034 11163 
f 11033 11162 11163 
f 11162 11163 11292 
f 11162 11291 11292 
f 11291 11292 11421 
f 11291 11420 11421 
f 11420 11421 11550 
f 11420 11549 11550 
f 11549 11550 11679 
f 11549 11678 11679 
f 11678 11679 11808 
f 11678 11807 11808 
f 11807 11808 11937 
f 11807 11936 11937 
f 11936 11937 12066 
f 11936 12065 12066 
f 12065 12066 12195 
f 12065 12194 12195 
f 12194 12195 12324 
f 12194 12323 12324 
f 12323 12324 12453 
f 12323 12452 12453 
f 12452 12453 12582 
f 12452 12581 12582 
f 12581 12582 12711 
f 12581 12710 12711 
f 12710 12711 12840 
f 12710 12839 12840 
f 12839 12840 12969 
f 12839 12968 12969 
f 12968 12969 13098 
f 12968 13097 13098 
f 13097 13098 13227 
f 13097 13226 13227 
f 13226 13227 13356 
f 13226 13355 13356 
f 13355 13356 13485 
f 13355 13484 13485 
f 13484 13485 13614 
f 13484 13613 13614 
f 13613 13614 13743 
f 13613 13742 13743 
f 13742 13743 13872 
f 13742 13871 13872 
f 13871 13872 14001 
f 13871 14000 14001 
f 14000 14001 14130 
f 14000 14129 14130 
f 14129 14130 14259 
f 14129 14258 14259 
f 14258 14259 14388 
f 14258 14387 14388 
f 14387 14388 14517 
f 14387 14516 14517 
f 14516 14517 14646 
f 14516 14645 14646 
f 14645 14646 14775 
f 14645 14774 14775 
f 14774 14775 14904 
f 14774 14903 14904 
f 14903 14904 15033 
f 14903 15032 15033 
f 15032 15033 15162 
f 15032 15161 15162 
f 15161 15162 15291 
f 15161 15290 15291 
f 15290 15291 15420 
f 15290 15419 15420 
f 15419 15420 15549 
f 15419 15548 15549 
f 15548 15549 15678 
f 15548 15677 15678 
f 15677 15678 15807 
f 15677 15806 15807 
f 15806 15807 15936 
f 15806 15935 15936 
f 15935 15936 16065 
f 15935 16064 16065 
f 16064 16065 16194 
f 16064 16193 16194 
f 16193 16194 16323 
f 16193 16322 16323 
f 16322 16323 16452 
f 16322 16451 16452 
f 16451 16452 16581 
f 16451 16580 16581 
f 69 70 199 
f 69 198 199 
f 198 199 328 
f 198 327 328 
f 327 328 457 
f 327 456 457 
f 456 457 586 
f 456 585 586 
f 585 586 715 
f 585 714 715 
f 714 715 844 
f 714 843 844 
f 843 844 973 
f 843 972 973 
f 972 973 1102 
f 972 1101 1102 
f 1101 1102 1231 
f 1101 1230 1231 
f 1230 1231 1360 
f 1230 1359 1360 
f 1359 1360 1489 
f 1359 1488 1489 
f 1488 1489 1618 
f 1488 1617 1618 
f 1617 1618 1747 
f 1617 1746 1747 
f 1746 1747 1876 
f 1746 1875 1876 
f 1875 1876 2005 
f 1875 2004 2005 
f 2004 2005 2134 
f 2004 2133 2134 
f 2133 2134 2263 
f 2133 2262 2263 
f 2262 2263 2392 
f 2262 2391 2392 
f 2391 2392 2521 
f 2391 2520 2521 
f 2520 2521 2650 
f 2520 2649 2650 
f 2649 2650 2779 
f 2649 2778 2779 
f 2778 2779 2908 
f 2778 2907 2908 
f 2907 2908 3037 
f 2907 3036 3037 
f 3036 3037 3166 
f 3036 3165 3166 
f 3165 3166 3295 
f 3165 3294 3295 
f 3294 3295 3424 
f 3294 3423 3424 
f 3423 3424 3553 
f 3423 3552 3553 
f 3552 3553 3682 
f 3552 3681 3682 
f 3681 3682 3811 
f 3681 3810 3811 
f 3810 3811 3940 
f 3810 3939 3940 
f 3939 3940 4069 
f 3939 4068 4069 
f 4068 4069 4198 
f 4068 4197 4198 
f 4197 4198 4327 
f 4197 4326 4327 
f 4326 4327 4456 
f 4326 4455 4456 
f 4455 4456 4585 
f 4455 4584 4585 
f 4584 4585 4714 
f 4584 4713 4714 
f 4713 4714 4843 
f 4713 4842 4843 
f 4842 4843 4972 
f 4842 4971 4972 
f 4971 4972 5101 
f 4971 5100 5101 
f 5100 5101 5230 
f 5100 5229 5230 
f 5229 5230 5359 
f 5229 5358 5359 
f 5358 5359 5488 
f 5358 5487 5488 
f 5487 5488 5617 
f 5487 5616 5617 
f 5616 5617 5746 
f 5616 5745 5746 
f 5745 5746 5875 
f 5745 5874 5875 
f 5874 5875 6004 
f 5874 6003 6004 
f 6003 6004 6133 
f 6003 6132 6133 
f 6132 6133 6262 
f 6132 6261 6262 
f 6261 6262 6391 
f 6261 6390 6391 
f 6390 6391 6520 
f 6390 6519 6520 
f 6519 6520 6649 
f 6519 6648 6649 
f 6648 6649 6778 
f 6648 6777 6778 
f 6777 6778 6907 
f 6777 6906 6907 
f 6906 6907 7036 
f 6906 7035 7036 
f 7035 7036 7165 
f 7035 7164 7165 
f 7164 7165 7294 
f 7164 7293 7294 
f 7293 7294 7423 
f 7293 7422 7423 
f 7422 7423 7552 
f 7422 7551 7552 
f 7551 7552 7681 
f 7551 7680 7681 
f 7680 7681 7810 
f 7680 7809 7810 
f 7809 7810 7939 
f 7809 7938 7939 
f 7938 7939 8068 
f 7938 8067 8068 
f 8067 8068 8197 
f 8067 8196 8197 
f 8196 8197 8326 
f 8196 8325 8326 
f 8325 8326 8455 
f 8325 8454 8455 
f 8454 8455 8584 
f 8454 8583 8584 
f 8583 8584 8713 
f 8583 8712 8713 
f 8712 8713 8842 
f 8712 8841 8842 
f 8841 8842 8971 
f 8841 8970 8971 
f 8970 8971 9100 
f 8970 9099 9100 
f 9099 9100 9229 
f 9099 9228 9229 
f 9228 9229 9358 
f 9228 9357 9358 
f 9357 9358 9487 
f 9357 9486 9487 
f 9486 9487 9616 
f 9486 9615 9616 
f 9615 9616 9745 
f 9615 9744 9745 
f 9744 9745 9874 
f 9744 9873 9874 
f 9873 9874 10003 
f 9873 10002 10003 
f 10002 10003 10132 
f 10002 10131 10132 
f 10131 10132 10261 
f 10131 10260 10261 
f 10260 10261 10390 
f 10260 10389 10390 
f 10389 10390 10519 
f 10389 10518 10519 
f 10518 10519 10648 
f 10518 10647 10648 
f 10647 10648 10777 
f 10647 10776 10777 
f 10776 10777 10906 
f 10776 10905 10906 
f 10905 10906 11035 
f 10905 11034 11035 
f 11034 11035 11164 
f 11034 11163 11164 
f 11163 11164 11293 
f 11163 11292 11293 
f 11292 11293 11422 
f 11292 11421 11422 
f 11421 11422 11551 
f 11421 11550 11551 
f 11550 11551 11680 
f 11550 11679 11680 
f 11679 11680 11809 
f 11679 11808 11809 
f 11808 11809 11938 
f 11808 11937 11938 
f 11937 11938 12067 
f 11937 12066 12067 
f 12066 12067 12196 
f 12066 12195 12196 
f 12195 12196 12325 
f 12195 12324 12325 
f 12324 12325 12454 
f 12324 12453 12454 
f 12453 12454 12583 
f 12453 12582 12583 
f 12582 12583 12712 
f 12582 12711 12712 
f 12711 12712 12841 
f 12711 12840 12841 
f 12840 12841 12970 
f 12840 12969 12970 
f 12969 12970 13099 
f 12969 13098 13099 
f 13098 13099 13228 
f 13098 13227 13228 
f 13227 13228 13357 
f 13227 13356 13357 
f 13356 13357 13486 
f 13356 13485 13486 
f 13485 13486 13615 
f 13485 13614 13615 
f 13614 13615 13744 
f 13614 13743 13744 
f 13743 13744 13873 
f 13743 13872 13873 
f 13872 13873 14002 
f 13872 14001 14002 
f 14001 14002 14131 
f 14001 14130 14131 
f 14130 14131 14260 
f 14130 14259 14260 
f 14259 14260 14389 
f 14259 14388 14389 
f 14388 14389 14518 
f 14388 14517 14518 
f 14517 14518 14647 
f 14517 14646 14647 
f 14646 14647 14776 
f 14646 14775 14776 
f 14775 14776 14905 
f 14775 14904 14905 
f 14904 14905 15034 
f 14904 15033 15034 
f 15033 15034 15163 
f 15033 15162 15163 
f 15162 15163 15292 
f 15162 15291 15292 
f 15291 15292 15421 
f 15291 15420 15421 
f 15420 15421 15550 
f 15420 15549 15550 
f 15549 15550 15679 
f 15549 15678 15679 
f 15678 15679 15808 
f 15678 15807 15808 
f 15807 15808 15937 
f 15807 15936 15937 
f 15936 15937 16066 
f 15936 16065 16066 
f 16065 16066 16195 
f 16065 16194 16195 
f 16194 16195 16324 
f 16194 16323 16324 
f 16323 16324 16453 
f 16323 16452 16453 
f 16452 16453 16582 
f 16452 16581 16582 
f 70 71 200 
f 70 199 200 
f 199 200 329 
f 199 328 329 
f 328 329 458 
f 328 457 458 
f 457 458 587 
f 457 586 587 
f 586 587 716 
f 586 715 716 
f 715 716 845 
f 715 844 845 
f 844 845 974 
f 844 973 974 
f 973 974 1103 
f 973 1102 1103 
f 1102 1103 1232 
f 1102 1231 1232 
f 1231 1232 1361 
f 1231 1360 1361 
f 1360 1361 1490 
f 1360 1489 1490 
f 1489 1490 1619 
f 1489 1618 1619 
f 1618 1619 1748 
f 1618 1747 1748 
f 1747 1748 1877 
f 1747 1876 1877 
f 1876 1877 2006 
f 1876 2005 2006 
f 2005 2006 2135 
f 2005 2134 2135 
f 2134 2135 2264 
f 2134 2263 2264 
f 2263 2264 2393 
f 2263 2392 2393 
f 2392 2393 2522 
f 2392 2521 2522 
f 2521 2522 2651 
f 2521 2650 2651 
f 2650 2651 2780 
f 2650 2779 2780 
f 2779 2780 2909 
f 2779 2908 2909 
f 2908 2909 3038 
f 2908 3037 3038 
f 3037 3038 3167 
f 3037 3166 3167 
f 3166 3167 3296 
f 3166 3295 3296 
f 3295 3296 3425 
f 3295 3424 3425 
f 3424 3425 3554 
f 3424 3553 3554 
f 3553 3554 3683 
f 3553 3682 3683 
f 3682 3683 3812 
f 3682 3811 3812 
f 3811 3812 3941 
f 3811 3940 3941 
f 3940 3941 4070 
f 3940 4069 4070 
f 4069 4070 4199 
f 4069 4198 4199 
f 4198 4199 4328 
f 4198 4327 4328 
f 4327 4328 4457 
f 4327 4456 4457 
f 4456 4457 4586 
f 4456 4585 4586 
f 4585 4586 4715 
f 4585 4714 4715 
f 4714 4715 4844 
f 4714 4843 4844 
f 4843 4844 4973 
f 4843 4972 4973 
f 4972 4973 5102 
f 4972 5101 5102 
f 5101 5102 5231 
f 5101 5230 5231 
f 5230 5231 5360 
f 5230 5359 5360 
f 5359 5360 5489 
f 5359 5488 5489 
f 5488 5489 5618 
f 5488 5617 5618 
f 5617 5618 5747 
f 5617 5746 5747 
f 5746 5747 5876 
f 5746 5875 5876 
f 5875 5876 6005 
f 5875 6004 6005 
f 6004 6005 6134 
f 6004 6133 6134 
f 6133 6134 6263 
f 6133 6262 6263 
f 6262 6263 6392 
f 6262 6391 6392 
f 6391 6392 6521 
f 6391 6520 6521 
f 6520 6521 6650 
f 6520 6649 6650 
f 6649 6650 6779 
f 6649 6778 6779 
f 6778 6779 6908 
f 6778 6907 6908 
f 6907 6908 7037 
f 6907 7036 7037 
f 7036 7037 7166 
f 7036 7165 7166 
f 7165 7166 7295 
f 7165 7294 7295 
f 7294 7295 7424 
f 7294 7423 7424 
f 7423 7424 7553 
f 7423 7552 7553 
f 7552 7553 7682 
f 7552 7681 7682 
f 7681 7682 7811 
f 7681 7810 7811 
f 7810 7811 7940 
f 7810 7939 7940 
f 7939 7940 8069 
f 7939 8068 8069 
f 8068 8069 8198 
f 8068 8197 8198 
f 8197 8198 8327 
f 8197 8326 8327 
f 8326 8327 8456 
f 8326 8455 8456 
f 8455 8456 8585 
f 8455 8584 8585 
f 8584 8585 8714 
f 8584 8713 8714 
f 8713 8714 8843 
f 8713 8842 8843 
f 8842 8843 8972 
f 8842 8971 8972 
f 8971 8972 9101 
f 8971 9100 9101 
f 9100 9101 9230 
f 9100 9229 9230 
f 9229 9230 9359 
f 9229 9358 9359 
f 9358 9359 9488 
f 9358 9487 9488 
f 9487 9488 9617 
f 9487 9616 9617 
f 9616 9617 9746 
f 9616 9745 9746 
f 9745 9746 9875 
f 9745 9874 9875 
f 9874 9875 10004 
f 9874 10003 10004 
f 10003 10004 10133 
f 10003 10132 10133 
f 10132 10133 10262 
f 10132 10261 10262 
f 10261 10262 10391 
f 10261 10390 10391 
f 10390 10391 10520 
f 10390 10519 10520 
f 10519 10520 10649 
f 10519 10648 10649 
f 10648 10649 10778 
f 10648 10777 10778 
f 10777 10778 10907 
f 10777 10906 10907 
f 10906 10907 11036 
f 10906 11035 11036 
f 11035 11036 11165 
f 11035 11164 11165 
f 11164 11165 11294 
f 11164 11293 11294 
f 11293 11294 11423 
f 11293 11422 11423 
f 11422 11423 11552 
f 11422 11551 11552 
f 11551 11552 11681 
f 11551 11680 11681 
f 11680 11681 11810 
f 11680 11809 11810 
f 11809 11810 11939 
f 11809 11938 11939 
f 11938 11939 12068 
f 11938 12067 12068 
f 12067 12068 12197 
f 12067 12196 12197 
f 12196 12197 12326 
f 12196 12325 12326 
f 12325 12326 12455 
f 12325 12454 12455 
f 12454 12455 12584 
f 12454 12583 12584 
f 12583 12584 12713 
f 12583 12712 12713 
f 12712 12713 12842 
f 12712 12841 12842 
f 12841 12842 12971 
f 12841 12970 12971 
f 12970 12971 13100 
f 12970 13099 13100 
f 13099 13100 13229 
f 13099 13228 13229 
f 13228 13229 13358 
f 13228 13357 13358 
f 13357 13358 13487 
f 13357 13486 13487 
f 13486 13487 13616 
f 13486 13615 13616 
f 13615 13616 13745 
f 13615 13744 13745 
f 13744 13745 13874 
f 13744 13873 13874 
f 13873 13874 14003 
f 13873 14002 14003 
f 14002 14003 14132 
f 14002 14131 14132 
f 14131 14132 14261 
f 14131 14260 14261 
f 14260 14261 14390 
f 14260 14389 14390 
f 14389 14390 14519 
f 14389 14518 14519 
f 14518 14519 14648 
f 14518 14647 14648 
f 14647 14648 14777 
f 14647 14776 14777 
f 14776 14777 14906 
f 14776 14905 14906 
f 14905 14906 15035 
f 14905 15034 15035 
f 15034 15035 15164 
f 15034 15163 15164 
f 15163 15164 15293 
f 15163 15292 15293 
f 15292 15293 15422 
f 15292 15421 15422 
f 15421 15422 15551 
f 15421 15550 15551 
f 15550 15551 15680 
f 15550 15679 15680 
f 15679 15680 15809 
f 15679 15808 15809 
f 15808 15809 15938 
f 15808 15937 15938 
f 15937 15938 16067 
f 15937 16066 16067 
f 16066 16067 16196 
f 16066 16195 16196 
f 16195 16196 16325 
f 16195 16324 16325 
f 16324 16325 16454 
f 16324 16453 16454 
f 16453 16454 16583 
f 16453 16582 16583 
f 71 72 201 
f 71 200 201 
f 200 201 330 
f 200 329 330 
f 329 330 459 
f 329 458 459 
f 458 459 588 
f 458 587 588 
f 587 588 717 
f 587 716 717 
f 716 717 846 
f 716 845 846 
f 845 846 975 
f 845 974 975 
f 974 975 1104 
f 974 1103 1104 
f 1103 1104 1233 
f 1103 1232 1233 
f 1232 1233 1362 
f 1232 1361 1362 
f 1361 1362 1491 
f 1361 1490 1491 
f 1490 1491 1620 
f 1490 1619 1620 
f 1619 1620 1749 
f 1619 1748 1749 
f 1748 1749 1878 
f 1748 1877 1878 
f 1877 1878 2007 
f 1877 2006 2007 
f 2006 2007 2136 
f 2006 2135 2136 
f 2135 2136 2265 
f 2135 2264 2265 
f 2264 2265 2394 
f 2264 2393 2394 
f 2393 2394 2523 
f 2393 2522 2523 
f 2522 2523 2652 
f 2522 2651 2652 
f 2651 2652 2781 
f 2651 2780 2781 
f 2780 2781 2910 
f 2780 2909 2910 
f 2909 2910 3039 
f 2909 3038 3039 
f 3038 3039 3168 
f 3038 3167 3168 
f 3167 3168 3297 
f 3167 3296 3297 
f 3296 3297 3426 
f 3296 3425 3426 
f 3425 3426 3555 
f 3425 3554 3555 
f 3554 3555 3684 
f 3554 3683 3684 
f 3683 3684 3813 
f 3683 3812 3813 
f 3812 3813 3942 
f 3812 3941 3942 
f 3941 3942 4071 
f 3941 4070 4071 
f 4070 4071 4200 
f 4070 4199 4200 
f 4199 4200 4329 
f 4199 4328 4329 
f 4328 4329 4458 
f 4328 4457 4458 
f 4457 4458 4587 
f 4457 4586 4587 
f 4586 4587 4716 
f 4586 4715 4716 
f 4715 4716 4845 
f 4715 4844 4845 
f 4844 4845 4974 
f 4844 4973 4974 
f 4973 4974 5103 
f 4973 5102 5103 
f 5102 5103 5232 
f 5102 5231 5232 
f 5231 5232 5361 
f 5231 5360 5361 
f 5360 5361 5490 
f 5360 5489 5490 
f 5489 5490 5619 
f 5489 5618 5619 
f 5618 5619 5748 
f 5618 5747 5748 
f 5747 5748 5877 
f 5747 5876 5877 
f 5876 5877 6006 
f 5876 6005 6006 
f 6005 6006 6135 
f 6005 6134 6135 
f 6134 6135 6264 
f 6134 6263 6264 
f 6263 6264 6393 
f 6263 6392 6393 
f 6392 6393 6522 
f 6392 6521 6522 
f 6521 6522 6651 
f 6521 6650 6651 
f 6650 6651 6780 
f 6650 6779 6780 
f 6779 6780 6909 
f 6779 6908 6909 
f 6908 6909 7038 
f 6908 7037 7038 
f 7037 7038 7167 
f 7037 7166 7167 
f 7166 7167 7296 
f 7166 7295 7296 
f 7295 7296 7425 
f 7295 7424 7425 
f 7424 7425 7554 
f 7424 7553 7554 
f 7553 7554 7683 
f 7553 7682 7683 
f 7682 7683 7812 
f 7682 7811 7812 
f 7811 7812 7941 
f 7811 7940 7941 
f 7940 7941 8070 
f 7940 8069 8070 
f 8069 8070 8199 
f 8069 8198 8199 
f 8198 8199 8328 
f 8198 8327 8328 
f 8327 8328 8457 
f 8327 8456 8457 
f 8456 8457 8586 
f 8456 8585 8586 
f 8585 8586 8715 
f 8585 8714 8715 
f 8714 8715 8844 
f 8714 8843 8844 
f 8843 8844 8973 
f 8843 8972 8973 
f 8972 8973 9102 
f 8972 9101 9102 
f 9101 9102 9231 
f 9101 9230 9231 
f 9230 9231 9360 
f 9230 9359 9360 
f 9359 9360 9489 
f 9359 9488 9489 
f 9488 9489 9618 
f 9488 9617 9618 
f 9617 9618 9747 
f 9617 9746 9747 
f 9746 9747 9876 
f 9746 9875 9876 
f 9875 9876 10005 
f 9875 10004 10005 
f 10004 10005 10134 
f 10004 10133 10134 
f 10133 10134 10263 
f 10133 10262 10263 
f 10262 10263 10392 
f 10262 10391 10392 
f 10391 10392 10521 
f 10391 10520 10521 
f 10520 10521 10650 
f 10520 10649 10650 
f 10649 10650 10779 
f 10649 10778 10779 
f 10778 10779 10908 
f 10778 10907 10908 
f 10907 10908 11037 
f 10907 11036 11037 
f 11036 11037 11166 
f 11036 11165 11166 
f 11165 11166 11295 
f 11165 11294 11295 
f 11294 11295 11424 
f 11294 11423 11424 
f 11423 11424 11553 
f 11423 11552 11553 
f 11552 11553 11682 
f 11552 11681 11682 
f 11681 11682 11811 
f 11681 11810 11811 
f 11810 11811 11940 
f 11810 11939 11940 
f 11939 11940 12069 
f 11939 12068 12069 
f 12068 12069 12198 
f 12068 12197 12198 
f 12197 12198 12327 
f 12197 12326 12327 
f 12326 12327 12456 
f 12326 12455 12456 
f 12455 12456 12585 
f 12455 12584 12585 
f 12584 12585 12714 
f 12584 12713 12714 
f 12713 12714 12843 
f 12713 12842 12843 
f 12842 12843 12972 
f 12842 12971 12972 
f 12971 12972 13101 
f 12971 13100 13101 
f 13100 13101 13230 
f 13100 13229 13230 
f 13229 13230 13359 
f 13229 13358 13359 
f 13358 13359 13488 
f 13358 13487 13488 
f 13487 13488 13617 
f 13487 13616 13617 
f 13616 13617 13746 
f 13616 13745 13746 
f 13745 13746 13875 
f 13745 13874 13875 
f 13874 13875 14004 
f 13874 14003 14004 
f 14003 14004 14133 
f 14003 14132 14133 
f 14132 14133 14262 
f 14132 14261 14262 
f 14261 14262 14391 
f 14261 14390 14391 
f 14390 14391 14520 
f 14390 14519 14520 
f 14519 14520 14649 
f 14519 14648 14649 
f 14648 14649 14778 
f 14648 14777 14778 
f 14777 14778 14907 
f 14777 14906 14907 
f 14906 14907 15036 
f 14906 15035 15036 
f 15035 15036 15165 
f 15035 15164 15165 
f 15164 15165 15294 
f 15164 15293 15294 
f 15293 15294 15423 
f 15293 15422 15423 
f 15422 15423 15552 
f 15422 15551 15552 
f 15551 15552 15681 
f 15551 15680 15681 
f 15680 15681 15810 
f 15680 15809 15810 
f 15809 15810 15939 
f 15809 15938 15939 
f 15938 15939 16068 
f 15938 16067 16068 
f 16067 16068 16197 
f 16067 16196 16197 
f 16196 16197 16326 
f 16196 16325 16326 
f 16325 16326 16455 
f 16325 16454 16455 
f 16454 16455 16584 
f 16454 16583 16584 
f 72 73 202 
f 72 201 202 
f 201 202 331 
f 201 330 331 
f 330 331 460 
f 330 459 460 
f 459 460 589 
f 459 588 589 
f 588 589 718 
f 588 717 718 
f 717 718 847 
f 717 846 847 
f 846 847 976 
f 846 975 976 
f 975 976 1105 
f 975 1104 1105 
f 1104 1105 1234 
f 1104 1233 1234 
f 1233 1234 1363 
f 1233 1362 1363 
f 1362 1363 1492 
f 1362 1491 1492 
f 1491 1492 1621 
f 1491 1620 1621 
f 1620 1621 1750 
f 1620 1749 1750 
f 1749 1750 1879 
f 1749 1878 1879 
f 1878 1879 2008 
f 1878 2007 2008 
f 2007 2008 2137 
f 2007 2136 2137 
f 2136 2137 2266 
f 2136 2265 2266 
f 2265 2266 2395 
f 2265 2394 2395 
f 2394 2395 2524 
f 2394 2523 2524 
f 2523 2524 2653 
f 2523 2652 2653 
f 2652 2653 2782 
f 2652 2781 2782 
f 2781 2782 2911 
f 2781 2910 2911 
f 2910 2911 3040 
f 2910 3039 3040 
f 3039 3040 3169 
f 3039 3168 3169 
f 3168 3169 3298 
f 3168 3297 3298 
f 3297 3298 3427 
f 3297 3426 3427 
f 3426 3427 3556 
f 3426 3555 3556 
f 3555 3556 3685 
f 3555 3684 3685 
f 3684 3685 3814 
f 3684 3813 3814 
f 3813 3814 3943 
f 3813 3942 3943 
f 3942 3943 4072 
f 3942 4071 4072 
f 4071 4072 4201 
f 4071 4200 4201 
f 4200 4201 4330 
f 4200 4329 4330 
f 4329 4330 4459 
f 4329 4458 4459 
f 4458 4459 4588 
f 4458 4587 4588 
f 4587 4588 4717 
f 4587 4716 4717 
f 4716 4717 4846 
f 4716 4845 4846 
f 4845 4846 4975 
f 4845 4974 4975 
f 4974 4975 5104 
f 4974 5103 5104 
f 5103 5104 5233 
f 5103 5232 5233 
f 5232 5233 5362 
f 5232 5361 5362 
f 5361 5362 5491 
f 5361 5490 5491 
f 5490 5491 5620 
f 5490 5619 5620 
f 5619 5620 5749 
f 5619 5748 5749 
f 5748 5749 5878 
f 5748 5877 5878 
f 5877 5878 6007 
f 5877 6006 6007 
f 6006 6007 6136 
f 6006 6135 6136 
f 6135 6136 6265 
f 6135 6264 6265 
f 6264 6265 6394 
f 6264 6393 6394 
f 6393 6394 6523 
f 6393 6522 6523 
f 6522 6523 6652 
f 6522 6651 6652 
f 6651 6652 6781 
f 6651 6780 6781 
f 6780 6781 6910 
f 6780 6909 6910 
f 6909 6910 7039 
f 6909 7038 7039 
f 7038 7039 7168 
f 7038 7167 7168 
f 7167 7168 7297 
f 7167 7296 7297 
f 7296 7297 7426 
f 7296 7425 7426 
f 7425 7426 7555 
f 7425 7554 7555 
f 7554 7555 7684 
f 7554 7683 7684 
f 7683 7684 7813 
f 7683 7812 7813 
f 7812 7813 7942 
f 7812 7941 7942 
f 7941 7942 8071 
f 7941 8070 8071 
f 8070 8071 8200 
f 8070 8199 8200 
f 8199 8200 8329 
f 8199 8328 8329 
f 8328 8329 8458 
f 8328 8457 8458 
f 8457 8458 8587 
f 8457 8586 8587 
f 8586 8587 8716 
f 8586 8715 8716 
f 8715 8716 8845 
f 8715 8844 8845 
f 8844 8845 8974 
f 8844 8973 8974 
f 8973 8974 9103 
f 8973 9102 9103 
f 9102 9103 9232 
f 9102 9231 9232 
f 9231 9232 9361 
f 9231 9360 9361 
f 9360 9361 9490 
f 9360 9489 9490 
f 9489 9490 9619 
f 9489 9618 9619 
f 9618 9619 9748 
f 9618 9747 9748 
f 9747 9748 9877 
f 9747 9876 9877 
f 9876 9877 10006 
f 9876 10005 10006 
f 10005 10006 10135 
f 10005 10134 10135 
f 10134 10135 10264 
f 10134 10263 10264 
f 10263 10264 10393 
f 10263 10392 10393 
f 10392 10393 10522 
f 10392 10521 10522 
f 10521 10522 10651 
f 10521 10650 10651 
f 10650 10651 10780 
f 10650 10779 10780 
f 10779 10780 10909 
f 10779 10908 10909 
f 10908 10909 11038 
f 10908 11037 11038 
f 11037 11038 11167 
f 11037 11166 11167 
f 11166 11167 11296 
f 11166 11295 11296 
f 11295 11296 11425 
f 11295 11424 11425 
f 11424 11425 11554 
f 11424 11553 11554 
f 11553 11554 11683 
f 11553 11682 11683 
f 11682 11683 11812 
f 11682 11811 11812 
f 11811 11812 11941 
f 11811 11940 11941 
f 11940 11941 12070 
f 11940 12069 12070 
f 12069 12070 12199 
f 12069 12198 12199 
f 12198 12199 12328 
f 12198 12327 12328 
f 12327 12328 12457 
f 12327 12456 12457 
f 12456 12457 12586 
f 12456 12585 12586 
f 12585 12586 12715 
f 12585 12714 12715 
f 12714 12715 12844 
f 12714 12843 12844 
f 12843 12844 12973 
f 12843 12972 12973 
f 12972 12973 13102 
f 12972 13101 13102 
f 13101 13102 13231 
f 13101 13230 13231 
f 13230 13231 13360 
f 13230 13359 13360 
f 13359 13360 13489 
f 13359 13488 13489 
f 13488 13489 13618 
f 13488 13617 13618 
f 13617 13618 13747 
f 13617 13746 13747 
f 13746 13747 13876 
f 13746 13875 13876 
f 13875 13876 14005 
f 13875 14004 14005 
f 14004 14005 14134 
f 14004 14133 14134 
f 14133 14134 14263 
f 14133 14262 14263 
f 14262 14263 14392 
f 14262 14391 14392 
f 14391 14392 14521 
f 14391 14520 14521 
f 14520 14521 14650 
f 14520 14649 14650 
f 14649 14650 14779 
f 14649 14778 14779 
f 14778 14779 14908 
f 14778 14907 14908 
f 14907 14908 15037 
f 14907 15036 15037 
f 15036 15037 15166 
f 15036 15165 15166 
f 15165 15166 15295 
f 15165 15294 15295 
f 15294 15295 15424 
f 15294 15423 15424 
f 15423 15424 15553 
f 15423 15552 15553 
f 15552 15553 15682 
f 15552 15681 15682 
f 15681 15682 15811 
f 15681 15810 15811 
f 15810 15811 15940 
f 15810 15939 15940 
f 15939 15940 16069 
f 15939 16068 16069 
f 16068 16069 16198 
f 16068 16197 16198 
f 16197 16198 16327 
f 16197 16326 16327 
f 16326 16327 16456 
f 16326 16455 16456 
f 16455 16456 16585 
f 16455 16584 16585 
f 73 74 203 
f 73 202 203 
f 202 203 332 
f 202 331 332 
f 331 332 461 
f 331 460 461 
f 460 461 590 
f 460 589 590 
f 589 590 719 
f 589 718 719 
f 718 719 848 
f 718 847 848 
f 847 848 977 
f 847 976 977 
f 976 977 1106 
f 976 1105 1106 
f 1105 1106 1235 
f 1105 1234 1235 
f 1234 1235 1364 
f 1234 1363 1364 
f 1363 1364 1493 
f 1363 1492 1493 
f 1492 1493 1622 
f 1492 1621 1622 
f 1621 1622 1751 
f 1621 1750 1751 
f 1750 1751 1880 
f 1750 1879 1880 
f 1879 1880 2009 
f 1879 2008 2009 
f 2008 2009 2138 
f 2008 2137 2138 
f 2137 2138 2267 
f 2137 2266 2267 
f 2266 2267 2396 
f 2266 2395 2396 
f 2395 2396 2525 
f 2395 2524 2525 
f 2524 2525 2654 
f 2524 2653 2654 
f 2653 2654 2783 
f 2653 2782 2783 
f 2782 2783 2912 
f 2782 2911 2912 
f 2911 2912 3041 
f 2911 3040 3041 
f 3040 3041 3170 
f 3040 3169 3170 
f 3169 3170 3299 
f 3169 3298 3299 
f 3298 3299 3428 
f 3298 3427 3428 
f 3427 3428 3557 
f 3427 3556 3557 
f 3556 3557 3686 
f 3556 3685 3686 
f 3685 3686 3815 
f 3685 3814 3815 
f 3814 3815 3944 
f 3814 3943 3944 
f 3943 3944 4073 
f 3943 4072 4073 
f 4072 4073 4202 
f 4072 4201 4202 
f 4201 4202 4331 
f 4201 4330 4331 
f 4330 4331 4460 
f 4330 4459 4460 
f 4459 4460 4589 
f 4459 4588 4589 
f 4588 4589 4718 
f 4588 4717 4718 
f 4717 4718 4847 
f 4717 4846 4847 
f 4846 4847 4976 
f 4846 4975 4976 
f 4975 4976 5105 
f 4975 5104 5105 
f 5104 5105 5234 
f 5104 5233 5234 
f 5233 5234 5363 
f 5233 5362 5363 
f 5362 5363 5492 
f 5362 5491 5492 
f 5491 5492 5621 
f 5491 5620 5621 
f 5620 5621 5750 
f 5620 5749 5750 
f 5749 5750 5879 
f 5749 5878 5879 
f 5878 5879 6008 
f 5878 6007 6008 
f 6007 6008 6137 
f 6007 6136 6137 
f 6136 6137 6266 
f 6136 6265 6266 
f 6265 6266 6395 
f 6265 6394 6395 
f 6394 6395 6524 
f 6394 6523 6524 
f 6523 6524 6653 
f 6523 6652 6653 
f 6652 6653 6782 
f 6652 6781 6782 
f 6781 6782 6911 
f 6781 6910 6911 
f 6910 6911 7040 
f 6910 7039 7040 
f 7039 7040 7169 
f 7039 7168 7169 
f 7168 7169 7298 
f 7168 7297 7298 
f 7297 7298 7427 
f 7297 7426 7427 
f 7426 7427 7556 
f 7426 7555 7556 
f 7555 7556 7685 
f 7555 7684 7685 
f 7684 7685 7814 
f 7684 7813 7814 
f 7813 7814 7943 
f 7813 7942 7943 
f 7942 7943 8072 
f 7942 8071 8072 
f 8071 8072 8201 
f 8071 8200 8201 
f 8200 8201 8330 
f 8200 8329 8330 
f 8329 8330 8459 
f 8329 8458 8459 
f 8458 8459 8588 
f 8458 8587 8588 
f 8587 8588 8717 
f 8587 8716 8717 
f 8716 8717 8846 
f 8716 8845 8846 
f 8845 8846 8975 
f 8845 8974 8975 
f 8974 8975 9104 
f 8974 9103 9104 
f 9103 9104 9233 
f 9103 9232 9233 
f 9232 9233 9362 
f 9232 9361 9362 
f 9361 9362 9491 
f 9361 9490 9491 
f 9490 9491 9620 
f 9490 9619 9620 
f 9619 9620 9749 
f 9619 9748 9749 
f 9748 9749 9878 
f 9748 9877 9878 
f 9877 9878 10007 
f 9877 10006 10007 
f 10006 10007 10136 
f 10006 10135 10136 
f 10135 10136 10265 
f 10135 10264 10265 
f 10264 10265 10394 
f 10264 10393 10394 
f 10393 10394 10523 
f 10393 10522 10523 
f 10522 10523 10652 
f 10522 10651 10652 
f 10651 10652 10781 
f 10651 10780 10781 
f 10780 10781 10910 
f 10780 10909 10910 
f 10909 10910 11039 
f 10909 11038 11039 
f 11038 11039 11168 
f 11038 11167 11168 
f 11167 11168 11297 
f 11167 11296 11297 
f 11296 11297 11426 
f 11296 11425 11426 
f 11425 11426 11555 
f 11425 11554 11555 
f 11554 11555 11684 
f 11554 11683 11684 
f 11683 11684 11813 
f 11683 11812 11813 
f 11812 11813 11942 
f 11812 11941 11942 
f 11941 11942 12071 
f 11941 12070 12071 
f 12070 12071 12200 
f 12070 12199 12200 
f 12199 12200 12329 
f 12199 12328 12329 
f 12328 12329 12458 
f 12328 12457 12458 
f 12457 12458 12587 
f 12457 12586 12587 
f 12586 12587 12716 
f 12586 12715 12716 
f 12715 12716 12845 
f 12715 12844 12845 
f 12844 12845 12974 
f 12844 12973 12974 
f 12973 12974 13103 
f 12973 13102 13103 
f 13102 13103 13232 
f 13102 13231 13232 
f 13231 13232 13361 
f 13231 13360 13361 
f 13360 13361 13490 
f 13360 13489 13490 
f 13489 13490 13619 
f 13489 13618 13619 
f 13618 13619 13748 
f 13618 13747 13748 
f 13747 13748 13877 
f 13747 13876 13877 
f 13876 13877 14006 
f 13876 14005 14006 
f 14005 14006 14135 
f 14005 14134 14135 
f 14134 14135 14264 
f 14134 14263 14264 
f 14263 14264 14393 
f 14263 14392 14393 
f 14392 14393 14522 
f 14392 14521 14522 
f 14521 14522 14651 
f 14521 14650 14651 
f 14650 14651 14780 
f 14650 14779 14780 
f 14779 14780 14909 
f 14779 14908 14909 
f 14908 14909 15038 
f 14908 15037 15038 
f 15037 15038 15167 
f 15037 15166 15167 
f 15166 15167 15296 
f 15166 15295 15296 
f 15295 15296 15425 
f 15295 15424 15425 
f 15424 15425 15554 
f 15424 15553 15554 
f 15553 15554 15683 
f 15553 15682 15683 
f 15682 15683 15812 
f 15682 15811 15812 
f 15811 15812 15941 
f 15811 15940 15941 
f 15940 15941 16070 
f 15940 16069 16070 
f 16069 16070 16199 
f 16069 16198 16199 
f 16198 16199 16328 
f 16198 16327 16328 
f 16327 16328 16457 
f 16327 16456 16457 
f 16456 16457 16586 
f 16456 16585 16586 
f 74 75 204 
f 74 203 204 
f 203 204 333 
f 203 332 333 
f 332 333 462 
f 332 461 462 
f 461 462 591 
f 461 590 591 
f 590 591 720 
f 590 719 720 
f 719 720 849 
f 719 848 849 
f 848 849 978 
f 848 977 978 
f 977 978 1107 
f 977 1106 1107 
f 1106 1107 1236 
f 1106 1235 1236 
f 1235 1236 1365 
f 1235 1364 1365 
f 1364 1365 1494 
f 1364 1493 1494 
f 1493 1494 1623 
f 1493 1622 1623 
f 1622 1623 1752 
f 1622 1751 1752 
f 1751 1752 1881 
f 1751 1880 1881 
f 1880 1881 2010 
f 1880 2009 2010 
f 2009 2010 2139 
f 2009 2138 2139 
f 2138 2139 2268 
f 2138 2267 2268 
f 2267 2268 2397 
f 2267 2396 2397 
f 2396 2397 2526 
f 2396 2525 2526 
f 2525 2526 2655 
f 2525 2654 2655 
f 2654 2655 2784 
f 2654 2783 2784 
f 2783 2784 2913 
f 2783 2912 2913 
f 2912 2913 3042 
f 2912 3041 3042 
f 3041 3042 3171 
f 3041 3170 3171 
f 3170 3171 3300 
f 3170 3299 3300 
f 3299 3300 3429 
f 3299 3428 3429 
f 3428 3429 3558 
f 3428 3557 3558 
f 3557 3558 3687 
f 3557 3686 3687 
f 3686 3687 3816 
f 3686 3815 3816 
f 3815 3816 3945 
f 3815 3944 3945 
f 3944 3945 4074 
f 3944 4073 4074 
f 4073 4074 4203 
f 4073 4202 4203 
f 4202 4203 4332 
f 4202 4331 4332 
f 4331 4332 4461 
f 4331 4460 4461 
f 4460 4461 4590 
f 4460 4589 4590 
f 4589 4590 4719 
f 4589 4718 4719 
f 4718 4719 4848 
f 4718 4847 4848 
f 4847 4848 4977 
f 4847 4976 4977 
f 4976 4977 5106 
f 4976 5105 5106 
f 5105 5106 5235 
f 5105 5234 5235 
f 5234 5235 5364 
f 5234 5363 5364 
f 5363 5364 5493 
f 5363 5492 5493 
f 5492 5493 5622 
f 5492 5621 5622 
f 5621 5622 5751 
f 5621 5750 5751 
f 5750 5751 5880 
f 5750 5879 5880 
f 5879 5880 6009 
f 5879 6008 6009 
f 6008 6009 6138 
f 6008 6137 6138 
f 6137 6138 6267 
f 6137 6266 6267 
f 6266 6267 6396 
f 6266 6395 6396 
f 6395 6396 6525 
f 6395 6524 6525 
f 6524 6525 6654 
f 6524 6653 6654 
f 6653 6654 6783 
f 6653 6782 6783 
f 6782 6783 6912 
f 6782 6911 6912 
f 6911 6912 7041 
f 6911 7040 7041 
f 7040 7041 7170 
f 7040 7169 7170 
f 7169 7170 7299 
f 7169 7298 7299 
f 7298 7299 7428 
f 7298 7427 7428 
f 7427 7428 7557 
f 7427 7556 7557 
f 7556 7557 7686 
f 7556 7685 7686 
f 7685 7686 7815 
f 7685 7814 7815 
f 7814 7815 7944 
f 7814 7943 7944 
f 7943 7944 8073 
f 7943 8072 8073 
f 8072 8073 8202 
f 8072 8201 8202 
f 8201 8202 8331 
f 8201 8330 8331 
f 8330 8331 8460 
f 8330 8459 8460 
f 8459 8460 8589 
f 8459 8588 8589 
f 8588 8589 8718 
f 8588 8717 8718 
f 8717 8718 8847 
f 8717 8846 8847 
f 8846 8847 8976 
f 8846 8975 8976 
f 8975 8976 9105 
f 8975 9104 9105 
f 9104 9105 9234 
f 9104 9233 9234 
f 9233 9234 9363 
f 9233 9362 9363 
f 9362 9363 9492 
f 9362 9491 9492 
f 9491 9492 9621 
f 9491 9620 9621 
f 9620 9621 9750 
f 9620 9749 9750 
f 9749 9750 9879 
f 9749 9878 9879 
f 9878 9879 10008 
f 9878 10007 10008 
f 10007 10008 10137 
f 10007 10136 10137 
f 10136 10137 10266 
f 10136 10265 10266 
f 10265 10266 10395 
f 10265 10394 10395 
f 10394 10395 10524 
f 10394 10523 10524 
f 10523 10524 10653 
f 10523 10652 10653 
f 10652 10653 10782 
f 10652 10781 10782 
f 10781 10782 10911 
f 10781 10910 10911 
f 10910 10911 11040 
f 10910 11039 11040 
f 11039 11040 11169 
f 11039 11168 11169 
f 11168 11169 11298 
f 11168 11297 11298 
f 11297 11298 11427 
f 11297 11426 11427 
f 11426 11427 11556 
f 11426 11555 11556 
f 11555 11556 11685 
f 11555 11684 11685 
f 11684 11685 11814 
f 11684 11813 11814 
f 11813 11814 11943 
f 11813 11942 11943 
f 11942 11943 12072 
f 11942 12071 12072 
f 12071 12072 12201 
f 12071 12200 12201 
f 12200 12201 12330 
f 12200 12329 12330 
f 12329 12330 12459 
f 12329 12458 12459 
f 12458 12459 12588 
f 12458 12587 12588 
f 12587 12588 12717 
f 12587 12716 12717 
f 12716 12717 12846 
f 12716 12845 12846 
f 12845 12846 12975 
f 12845 12974 12975 
f 12974 12975 13104 
f 12974 13103 13104 
f 13103 13104 13233 
f 13103 13232 13233 
f 13232 13233 13362 
f 13232 13361 13362 
f 13361 13362 13491 
f 13361 13490 13491 
f 13490 13491 13620 
f 13490 13619 13620 
f 13619 13620 13749 
f 13619 13748 13749 
f 13748 13749 13878 
f 13748 13877 13878 
f 13877 13878 14007 
f 13877 14006 14007 
f 14006 14007 14136 
f 14006 14135 14136 
f 14135 14136 14265 
f 14135 14264 14265 
f 14264 14265 14394 
f 14264 14393 14394 
f 14393 14394 14523 
f 14393 14522 14523 
f 14522 14523 14652 
f 14522 14651 14652 
f 14651 14652 14781 
f 14651 14780 14781 
f 14780 14781 14910 
f 14780 14909 14910 
f 14909 14910 15039 
f 14909 15038 15039 
f 15038 15039 15168 
f 15038 15167 15168 
f 15167 15168 15297 
f 15167 15296 15297 
f 15296 15297 15426 
f 15296 15425 15426 
f 15425 15426 15555 
f 15425 15554 15555 
f 15554 15555 15684 
f 15554 15683 15684 
f 15683 15684 15813 
f 15683 15812 15813 
f 15812 15813 15942 
f 15812 15941 15942 
f 15941 15942 16071 
f 15941 16070 16071 
f 16070 16071 16200 
f 16070 16199 16200 
f 16199 16200 16329 
f 16199 16328 16329 
f 16328 16329 16458 
f 16328 16457 16458 
f 16457 16458 16587 
f 16457 16586 16587 
f 75 76 205 
f 75 204 205 
f 204 205 334 
f 204 333 334 
f 333 334 463 
f 333 462 463 
f 462 463 592 
f 462 591 592 
f 591 592 721 
f 591 720 721 
f 720 721 850 
f 720 849 850 
f 849 850 979 
f 849 978 979 
f 978 979 1108 
f 978 1107 1108 
f 1107 1108 1237 
f 1107 1236 1237 
f 1236 1237 1366 
f 1236 1365 1366 
f 1365 1366 1495 
f 1365 1494 1495 
f 1494 1495 1624 
f 1494 1623 1624 
f 1623 1624 1753 
f 1623 1752 1753 
f 1752 1753 1882 
f 1752 1881 1882 
f 1881 1882 2011 
f 1881 2010 2011 
f 2010 2011 2140 
f 2010 2139 2140 
f 2139 2140 2269 
f 2139 2268 2269 
f 2268 2269 2398 
f 2268 2397 2398 
f 2397 2398 2527 
f 2397 2526 2527 
f 2526 2527 2656 
f 2526 2655 2656 
f 2655 2656 2785 
f 2655 2784 2785 
f 2784 2785 2914 
f 2784 2913 2914 
f 2913 2914 3043 
f 2913 3042 3043 
f 3042 3043 3172 
f 3042 3171 3172 
f 3171 3172 3301 
f 3171 3300 3301 
f 3300 3301 3430 
f 3300 3429 3430 
f 3429 3430 3559 
f 3429 3558 3559 
f 3558 3559 3688 
f 3558 3687 3688 
f 3687 3688 3817 
f 3687 3816 3817 
f 3816 3817 3946 
f 3816 3945 3946 
f 3945 3946 4075 
f 3945 4074 4075 
f 4074 4075 4204 
f 4074 4203 4204 
f 4203 4204 4333 
f 4203 4332 4333 
f 4332 4333 4462 
f 4332 4461 4462 
f 4461 4462 4591 
f 4461 4590 4591 
f 4590 4591 4720 
f 4590 4719 4720 
f 4719 4720 4849 
f 4719 4848 4849 
f 4848 4849 4978 
f 4848 4977 4978 
f 4977 4978 5107 
f 4977 5106 5107 
f 5106 5107 5236 
f 5106 5235 5236 
f 5235 5236 5365 
f 5235 5364 5365 
f 5364 5365 5494 
f 5364 5493 5494 
f 5493 5494 5623 
f 5493 5622 5623 
f 5622 5623 5752 
f 5622 5751 5752 
f 5751 5752 5881 
f 5751 5880 5881 
f 5880 5881 6010 
f 5880 6009 6010 
f 6009 6010 6139 
f 6009 6138 6139 
f 6138 6139 6268 
f 6138 6267 6268 
f 6267 6268 6397 
f 6267 6396 6397 
f 6396 6397 6526 
f 6396 6525 6526 
f 6525 6526 6655 
f 6525 6654 6655 
f 6654 6655 6784 
f 6654 6783 6784 
f 6783 6784 6913 
f 6783 6912 6913 
f 6912 6913 7042 
f 6912 7041 7042 
f 7041 7042 7171 
f 7041 7170 7171 
f 7170 7171 7300 
f 7170 7299 7300 
f 7299 7300 7429 
f 7299 7428 7429 
f 7428 7429 7558 
f 7428 7557 7558 
f 7557 7558 7687 
f 7557 7686 7687 
f 7686 7687 7816 
f 7686 7815 7816 
f 7815 7816 7945 
f 7815 7944 7945 
f 7944 7945 8074 
f 7944 8073 8074 
f 8073 8074 8203 
f 8073 8202 8203 
f 8202 8203 8332 
f 8202 8331 8332 
f 8331 8332 8461 
f 8331 8460 8461 
f 8460 8461 8590 
f 8460 8589 8590 
f 8589 8590 8719 
f 8589 8718 8719 
f 8718 8719 8848 
f 8718 8847 8848 
f 8847 8848 8977 
f 8847 8976 8977 
f 8976 8977 9106 
f 8976 9105 9106 
f 9105 9106 9235 
f 9105 9234 9235 
f 9234 9235 9364 
f 9234 9363 9364 
f 9363 9364 9493 
f 9363 9492 9493 
f 9492 9493 9622 
f 9492 9621 9622 
f 9621 9622 9751 
f 9621 9750 9751 
f 9750 9751 9880 
f 9750 9879 9880 
f 9879 9880 10009 
f 9879 10008 10009 
f 10008 10009 10138 
f 10008 10137 10138 
f 10137 10138 10267 
f 10137 10266 10267 
f 10266 10267 10396 
f 10266 10395 10396 
f 10395 10396 10525 
f 10395 10524 10525 
f 10524 10525 10654 
f 10524 10653 10654 
f 10653 10654 10783 
f 10653 10782 10783 
f 10782 10783 10912 
f 10782 10911 10912 
f 10911 10912 11041 
f 10911 11040 11041 
f 11040 11041 11170 
f 11040 11169 11170 
f 11169 11170 11299 
f 11169 11298 11299 
f 11298 11299 11428 
f 11298 11427 11428 
f 11427 11428 11557 
f 11427 11556 11557 
f 11556 11557 11686 
f 11556 11685 11686 
f 11685 11686 11815 
f 11685 11814 11815 
f 11814 11815 11944 
f 11814 11943 11944 
f 11943 11944 12073 
f 11943 12072 12073 
f 12072 12073 12202 
f 12072 12201 12202 
f 12201 12202 12331 
f 12201 12330 12331 
f 12330 12331 12460 
f 12330 12459 12460 
f 12459 12460 12589 
f 12459 12588 12589 
f 12588 12589 12718 
f 12588 12717 12718 
f 12717 12718 12847 
f 12717 12846 12847 
f 12846 12847 12976 
f 12846 12975 12976 
f 12975 12976 13105 
f 12975 13104 13105 
f 13104 13105 13234 
f 13104 13233 13234 
f 13233 13234 13363 
f 13233 13362 13363 
f 13362 13363 13492 
f 13362 13491 13492 
f 13491 13492 13621 
f 13491 13620 13621 
f 13620 13621 13750 
f 13620 13749 13750 
f 13749 13750 13879 
f 13749 13878 13879 
f 13878 13879 14008 
f 13878 14007 14008 
f 14007 14008 14137 
f 14007 14136 14137 
f 14136 14137 14266 
f 14136 14265 14266 
f 14265 14266 14395 
f 14265 14394 14395 
f 14394 14395 14524 
f 14394 14523 14524 
f 14523 14524 14653 
f 14523 14652 14653 
f 14652 14653 14782 
f 14652 14781 14782 
f 14781 14782 14911 
f 14781 14910 14911 
f 14910 14911 15040 
f 14910 15039 15040 
f 15039 15040 15169 
f 15039 15168 15169 
f 15168 15169 15298 
f 15168 15297 15298 
f 15297 15298 15427 
f 15297 15426 15427 
f 15426 15427 15556 
f 15426 15555 15556 
f 15555 15556 15685 
f 15555 15684 15685 
f 15684 15685 15814 
f 15684 15813 15814 
f 15813 15814 15943 
f 15813 15942 15943 
f 15942 15943 16072 
f 15942 16071 16072 
f 16071 16072 16201 
f 16071 16200 16201 
f 16200 16201 16330 
f 16200 16329 16330 
f 16329 16330 16459 
f 16329 16458 16459 
f 16458 16459 16588 
f 16458 16587 16588 
f 76 77 206 
f 76 205 206 
f 205 206 335 
f 205 334 335 
f 334 335 464 
f 334 463 464 
f 463 464 593 
f 463 592 593 
f 592 593 722 
f 592 721 722 
f 721 722 851 
f 721 850 851 
f 850 851 980 
f 850 979 980 
f 979 980 1109 
f 979 1108 1109 
f 1108 1109 1238 
f 1108 1237 1238 
f 1237 1238 1367 
f 1237 1366 1367 
f 1366 1367 1496 
f 1366 1495 1496 
f 1495 1496 1625 
f 1495 1624 1625 
f 1624 1625 1754 
f 1624 1753 1754 
f 1753 1754 1883 
f 1753 1882 1883 
f 1882 1883 2012 
f 1882 2011 2012 
f 2011 2012 2141 
f 2011 2140 2141 
f 2140 2141 2270 
f 2140 2269 2270 
f 2269 2270 2399 
f 2269 2398 2399 
f 2398 2399 2528 
f 2398 2527 2528 
f 2527 2528 2657 
f 2527 2656 2657 
f 2656 2657 2786 
f 2656 2785 2786 
f 2785 2786 2915 
f 2785 2914 2915 
f 2914 2915 3044 
f 2914 3043 3044 
f 3043 3044 3173 
f 3043 3172 3173 
f 3172 3173 3302 
f 3172 3301 3302 
f 3301 3302 3431 
f 3301 3430 3431 
f 3430 3431 3560 
f 3430 3559 3560 
f 3559 3560 3689 
f 3559 3688 3689 
f 3688 3689 3818 
f 3688 3817 3818 
f 3817 3818 3947 
f 3817 3946 3947 
f 3946 3947 4076 
f 3946 4075 4076 
f 4075 4076 4205 
f 4075 4204 4205 
f 4204 4205 4334 
f 4204 4333 4334 
f 4333 4334 4463 
f 4333 4462 4463 
f 4462 4463 4592 
f 4462 4591 4592 
f 4591 4592 4721 
f 4591 4720 4721 
f 4720 4721 4850 
f 4720 4849 4850 
f 4849 4850 4979 
f 4849 4978 4979 
f 4978 4979 5108 
f 4978 5107 5108 
f 5107 5108 5237 
f 5107 5236 5237 
f 5236 5237 5366 
f 5236 5365 5366 
f 5365 5366 5495 
f 5365 5494 5495 
f 5494 5495 5624 
f 5494 5623 5624 
f 5623 5624 5753 
f 5623 5752 5753 
f 5752 5753 5882 
f 5752 5881 5882 
f 5881 5882 6011 
f 5881 6010 6011 
f 6010 6011 6140 
f 6010 6139 6140 
f 6139 6140 6269 
f 6139 6268 6269 
f 6268 6269 6398 
f 6268 6397 6398 
f 6397 6398 6527 
f 6397 6526 6527 
f 6526 6527 6656 
f 6526 6655 6656 
f 6655 6656 6785 
f 6655 6784 6785 
f 6784 6785 6914 
f 6784 6913 6914 
f 6913 6914 7043 
f 6913 7042 7043 
f 7042 7043 7172 
f 7042 7171 7172 
f 7171 7172 7301 
f 7171 7300 7301 
f 7300 7301 7430 
f 7300 7429 7430 
f 7429 7430 7559 
f 7429 7558 7559 
f 7558 7559 7688 
f 7558 7687 7688 
f 7687 7688 7817 
f 7687 7816 7817 
f 7816 7817 7946 
f 7816 7945 7946 
f 7945 7946 8075 
f 7945 8074 8075 
f 8074 8075 8204 
f 8074 8203 8204 
f 8203 8204 8333 
f 8203 8332 8333 
f 8332 8333 8462 
f 8332 8461 8462 
f 8461 8462 8591 
f 8461 8590 8591 
f 8590 8591 8720 
f 8590 8719 8720 
f 8719 8720 8849 
f 8719 8848 8849 
f 8848 8849 8978 
f 8848 8977 8978 
f 8977 8978 9107 
f 8977 9106 9107 
f 9106 9107 9236 
f 9106 9235 9236 
f 9235 9236 9365 
f 9235 9364 9365 
f 9364 9365 9494 
f 9364 9493 9494 
f 9493 9494 9623 
f 9493 9622 9623 
f 9622 9623 9752 
f 9622 9751 9752 
f 9751 9752 9881 
f 9751 9880 9881 
f 9880 9881 10010 
f 9880 10009 10010 
f 10009 10010 10139 
f 10009 10138 10139 
f 10138 10139 10268 
f 10138 10267 10268 
f 10267 10268 10397 
f 10267 10396 10397 
f 10396 10397 10526 
f 10396 10525 10526 
f 10525 10526 10655 
f 10525 10654 10655 
f 10654 10655 10784 
f 10654 10783 10784 
f 10783 10784 10913 
f 10783 10912 10913 
f 10912 10913 11042 
f 10912 11041 11042 
f 11041 11042 11171 
f 11041 11170 11171 
f 11170 11171 11300 
f 11170 11299 11300 
f 11299 11300 11429 
f 11299 11428 11429 
f 11428 11429 11558 
f 11428 11557 11558 
f 11557 11558 11687 
f 11557 11686 11687 
f 11686 11687 11816 
f 11686 11815 11816 
f 11815 11816 11945 
f 11815 11944 11945 
f 11944 11945 12074 
f 11944 12073 12074 
f 12073 12074 12203 
f 12073 12202 12203 
f 12202 12203 12332 
f 12202 12331 12332 
f 12331 12332 12461 
f 12331 12460 12461 
f 12460 12461 12590 
f 12460 12589 12590 
f 12589 12590 12719 
f 12589 12718 12719 
f 12718 12719 12848 
f 12718 12847 12848 
f 12847 12848 12977 
f 12847 12976 12977 
f 12976 12977 13106 
f 12976 13105 13106 
f 13105 13106 13235 
f 13105 13234 13235 
f 13234 13235 13364 
f 13234 13363 13364 
f 13363 13364 13493 
f 13363 13492 13493 
f 13492 13493 13622 
f 13492 13621 13622 
f 13621 13622 13751 
f 13621 13750 13751 
f 13750 13751 13880 
f 13750 13879 13880 
f 13879 13880 14009 
f 13879 14008 14009 
f 14008 14009 14138 
f 14008 14137 14138 
f 14137 14138 14267 
f 14137 14266 14267 
f 14266 14267 14396 
f 14266 14395 14396 
f 14395 14396 14525 
f 14395 14524 14525 
f 14524 14525 14654 
f 14524 14653 14654 
f 14653 14654 14783 
f 14653 14782 14783 
f 14782 14783 14912 
f 14782 14911 14912 
f 14911 14912 15041 
f 14911 15040 15041 
f 15040 15041 15170 
f 15040 15169 15170 
f 15169 15170 15299 
f 15169 15298 15299 
f 15298 15299 15428 
f 15298 15427 15428 
f 15427 15428 15557 
f 15427 15556 15557 
f 15556 15557 15686 
f 15556 15685 15686 
f 15685 15686 15815 
f 15685 15814 15815 
f 15814 15815 15944 
f 15814 15943 15944 
f 15943 15944 16073 
f 15943 16072 16073 
f 16072 16073 16202 
f 16072 16201 16202 
f 16201 16202 16331 
f 16201 16330 16331 
f 16330 16331 16460 
f 16330 16459 16460 
f 16459 16460 16589 
f 16459 16588 16589 
f 77 78 207 
f 77 206 207 
f 206 207 336 
f 206 335 336 
f 335 336 465 
f 335 464 465 
f 464 465 594 
f 464 593 594 
f 593 594 723 
f 593 722 723 
f 722 723 852 
f 722 851 852 
f 851 852 981 
f 851 980 981 
f 980 981 1110 
f 980 1109 1110 
f 1109 1110 1239 
f 1109 1238 1239 
f 1238 1239 1368 
f 1238 1367 1368 
f 1367 1368 1497 
f 1367 1496 1497 
f 1496 1497 1626 
f 1496 1625 1626 
f 1625 1626 1755 
f 1625 1754 1755 
f 1754 1755 1884 
f 1754 1883 1884 
f 1883 1884 2013 
f 1883 2012 2013 
f 2012 2013 2142 
f 2012 2141 2142 
f 2141 2142 2271 
f 2141 2270 2271 
f 2270 2271 2400 
f 2270 2399 2400 
f 2399 2400 2529 
f 2399 2528 2529 
f 2528 2529 2658 
f 2528 2657 2658 
f 2657 2658 2787 
f 2657 2786 2787 
f 2786 2787 2916 
f 2786 2915 2916 
f 2915 2916 3045 
f 2915 3044 3045 
f 3044 3045 3174 
f 3044 3173 3174 
f 3173 3174 3303 
f 3173 3302 3303 
f 3302 3303 3432 
f 3302 3431 3432 
f 3431 3432 3561 
f 3431 3560 3561 
f 3560 3561 3690 
f 3560 3689 3690 
f 3689 3690 3819 
f 3689 3818 3819 
f 3818 3819 3948 
f 3818 3947 3948 
f 3947 3948 4077 
f 3947 4076 4077 
f 4076 4077 4206 
f 4076 4205 4206 
f 4205 4206 4335 
f 4205 4334 4335 
f 4334 4335 4464 
f 4334 4463 4464 
f 4463 4464 4593 
f 4463 4592 4593 
f 4592 4593 4722 
f 4592 4721 4722 
f 4721 4722 4851 
f 4721 4850 4851 
f 4850 4851 4980 
f 4850 4979 4980 
f 4979 4980 5109 
f 4979 5108 5109 
f 5108 5109 5238 
f 5108 5237 5238 
f 5237 5238 5367 
f 5237 5366 5367 
f 5366 5367 5496 
f 5366 5495 5496 
f 5495 5496 5625 
f 5495 5624 5625 
f 5624 5625 5754 
f 5624 5753 5754 
f 5753 5754 5883 
f 5753 5882 5883 
f 5882 5883 6012 
f 5882 6011 6012 
f 6011 6012 6141 
f 6011 6140 6141 
f 6140 6141 6270 
f 6140 6269 6270 
f 6269 6270 6399 
f 6269 6398 6399 
f 6398 6399 6528 
f 6398 6527 6528 
f 6527 6528 6657 
f 6527 6656 6657 
f 6656 6657 6786 
f 6656 6785 6786 
f 6785 6786 6915 
f 6785 6914 6915 
f 6914 6915 7044 
f 6914 7043 7044 
f 7043 7044 7173 
f 7043 7172 7173 
f 7172 7173 7302 
f 7172 7301 7302 
f 7301 7302 7431 
f 7301 7430 7431 
f 7430 7431 7560 
f 7430 7559 7560 
f 7559 7560 7689 
f 7559 7688 7689 
f 7688 7689 7818 
f 7688 7817 7818 
f 7817 7818 7947 
f 7817 7946 7947 
f 7946 7947 8076 
f 7946 8075 8076 
f 8075 8076 8205 
f 8075 8204 8205 
f 8204 8205 8334 
f 8204 8333 8334 
f 8333 8334 8463 
f 8333 8462 8463 
f 8462 8463 8592 
f 8462 8591 8592 
f 8591 8592 8721 
f 8591 8720 8721 
f 8720 8721 8850 
f 8720 8849 8850 
f 8849 8850 8979 
f 8849 8978 8979 
f 8978 8979 9108 
f 8978 9107 9108 
f 9107 9108 9237 
f 9107 9236 9237 
f 9236 9237 9366 
f 9236 9365 9366 
f 9365 9366 9495 
f 9365 9494 9495 
f 9494 9495 9624 
f 9494 9623 9624 
f 9623 9624 9753 
f 9623 9752 9753 
f 9752 9753 9882 
f 9752 9881 9882 
f 9881 9882 10011 
f 9881 10010 10011 
f 10010 10011 10140 
f 10010 10139 10140 
f 10139 10140 10269 
f 10139 10268 10269 
f 10268 10269 10398 
f 10268 10397 10398 
f 10397 10398 10527 
f 10397 10526 10527 
f 10526 10527 10656 
f 10526 10655 10656 
f 10655 10656 10785 
f 10655 10784 10785 
f 10784 10785 10914 
f 10784 10913 10914 
f 10913 10914 11043 
f 10913 11042 11043 
f 11042 11043 11172 
f 11042 11171 11172 
f 11171 11172 11301 
f 11171 11300 11301 
f 11300 11301 11430 
f 11300 11429 11430 
f 11429 11430 11559 
f 11429 11558 11559 
f 11558 11559 11688 
f 11558 11687 11688 
f 11687 11688 11817 
f 11687 11816 11817 
f 11816 11817 11946 
f 11816 11945 11946 
f 11945 11946 12075 
f 11945 12074 12075 
f 12074 12075 12204 
f 12074 12203 12204 
f 12203 12204 12333 
f 12203 12332 12333 
f 12332 12333 12462 
f 12332 12461 12462 
f 12461 12462 12591 
f 12461 12590 12591 
f 12590 12591 12720 
f 12590 12719 12720 
f 12719 12720 12849 
f 12719 12848 12849 
f 12848 12849 12978 
f 12848 12977 12978 
f 12977 12978 13107 
f 12977 13106 13107 
f 13106 13107 13236 
f 13106 13235 13236 
f 13235 13236 13365 
f 13235 13364 13365 
f 13364 13365 13494 
f 13364 13493 13494 
f 13493 13494 13623 
f 13493 13622 13623 
f 13622 13623 13752 
f 13622 13751 13752 
f 13751 13752 13881 
f 13751 13880 13881 
f 13880 13881 14010 
f 13880 14009 14010 
f 14009 14010 14139 
f 14009 14138 14139 
f 14138 14139 14268 
f 14138 14267 14268 
f 14267 14268 14397 
f 14267 14396 14397 
f 14396 14397 14526 
f 14396 14525 14526 
f 14525 14526 14655 
f 14525 14654 14655 
f 14654 14655 14784 
f 14654 14783 14784 
f 14783 14784 14913 
f 14783 14912 14913 
f 14912 14913 15042 
f 14912 15041 15042 
f 15041 15042 15171 
f 15041 15170 15171 
f 15170 15171 15300 
f 15170 15299 15300 
f 15299 15300 15429 
f 15299 15428 15429 
f 15428 15429 15558 
f 15428 15557 15558 
f 15557 15558 15687 
f 15557 15686 15687 
f 15686 15687 15816 
f 15686 15815 15816 
f 15815 15816 15945 
f 15815 15944 15945 
f 15944 15945 16074 
f 15944 16073 16074 
f 16073 16074 16203 
f 16073 16202 16203 
f 16202 16203 16332 
f 16202 16331 16332 
f 16331 16332 16461 
f 16331 16460 16461 
f 16460 16461 16590 
f 16460 16589 16590 
f 78 79 208 
f 78 207 208 
f 207 208 337 
f 207 336 337 
f 336 337 466 
f 336 465 466 
f 465 466 595 
f 465 594 595 
f 594 595 724 
f 594 723 724 
f 723 724 853 
f 723 852 853 
f 852 853 982 
f 852 981 982 
f 981 982 1111 
f 981 1110 1111 
f 1110 1111 1240 
f 1110 1239 1240 
f 1239 1240 1369 
f 1239 1368 1369 
f 1368 1369 1498 
f 1368 1497 1498 
f 1497 1498 1627 
f 1497 1626 1627 
f 1626 1627 1756 
f 1626 1755 1756 
f 1755 1756 1885 
f 1755 1884 1885 
f 1884 1885 2014 
f 1884 2013 2014 
f 2013 2014 2143 
f 2013 2142 2143 
f 2142 2143 2272 
f 2142 2271 2272 
f 2271 2272 2401 
f 2271 2400 2401 
f 2400 2401 2530 
f 2400 2529 2530 
f 2529 2530 2659 
f 2529 2658 2659 
f 2658 2659 2788 
f 2658 2787 2788 
f 2787 2788 2917 
f 2787 2916 2917 
f 2916 2917 3046 
f 2916 3045 3046 
f 3045 3046 3175 
f 3045 3174 3175 
f 3174 3175 3304 
f 3174 3303 3304 
f 3303 3304 3433 
f 3303 3432 3433 
f 3432 3433 3562 
f 3432 3561 3562 
f 3561 3562 3691 
f 3561 3690 3691 
f 3690 3691 3820 
f 3690 3819 3820 
f 3819 3820 3949 
f 3819 3948 3949 
f 3948 3949 4078 
f 3948 4077 4078 
f 4077 4078 4207 
f 4077 4206 4207 
f 4206 4207 4336 
f 4206 4335 4336 
f 4335 4336 4465 
f 4335 4464 4465 
f 4464 4465 4594 
f 4464 4593 4594 
f 4593 4594 4723 
f 4593 4722 4723 
f 4722 4723 4852 
f 4722 4851 4852 
f 4851 4852 4981 
f 4851 4980 4981 
f 4980 4981 5110 
f 4980 5109 5110 
f 5109 5110 5239 
f 5109 5238 5239 
f 5238 5239 5368 
f 5238 5367 5368 
f 5367 5368 5497 
f 5367 5496 5497 
f 5496 5497 5626 
f 5496 5625 5626 
f 5625 5626 5755 
f 5625 5754 5755 
f 5754 5755 5884 
f 5754 5883 5884 
f 5883 5884 6013 
f 5883 6012 6013 
f 6012 6013 6142 
f 6012 6141 6142 
f 6141 6142 6271 
f 6141 6270 6271 
f 6270 6271 6400 
f 6270 6399 6400 
f 6399 6400 6529 
f 6399 6528 6529 
f 6528 6529 6658 
f 6528 6657 6658 
f 6657 6658 6787 
f 6657 6786 6787 
f 6786 6787 6916 
f 6786 6915 6916 
f 6915 6916 7045 
f 6915 7044 7045 
f 7044 7045 7174 
f 7044 7173 7174 
f 7173 7174 7303 
f 7173 7302 7303 
f 7302 7303 7432 
f 7302 7431 7432 
f 7431 7432 7561 
f 7431 7560 7561 
f 7560 7561 7690 
f 7560 7689 7690 
f 7689 7690 7819 
f 7689 7818 7819 
f 7818 7819 7948 
f 7818 7947 7948 
f 7947 7948 8077 
f 7947 8076 8077 
f 8076 8077 8206 
f 8076 8205 8206 
f 8205 8206 8335 
f 8205 8334 8335 
f 8334 8335 8464 
f 8334 8463 8464 
f 8463 8464 8593 
f 8463 8592 8593 
f 8592 8593 8722 
f 8592 8721 8722 
f 8721 8722 8851 
f 8721 8850 8851 
f 8850 8851 8980 
f 8850 8979 8980 
f 8979 8980 9109 
f 8979 9108 9109 
f 9108 9109 9238 
f 9108 9237 9238 
f 9237 9238 9367 
f 9237 9366 9367 
f 9366 9367 9496 
f 9366 9495 9496 
f 9495 9496 9625 
f 9495 9624 9625 
f 9624 9625 9754 
f 9624 9753 9754 
f 9753 9754 9883 
f 9753 9882 9883 
f 9882 9883 10012 
f 9882 10011 10012 
f 10011 10012 10141 
f 10011 10140 10141 
f 10140 10141 10270 
f 10140 10269 10270 
f 10269 10270 10399 
f 10269 10398 10399 
f 10398 10399 10528 
f 10398 10527 10528 
f 10527 10528 10657 
f 10527 10656 10657 
f 10656 10657 10786 
f 10656 10785 10786 
f 10785 10786 10915 
f 10785 10914 10915 
f 10914 10915 11044 
f 10914 11043 11044 
f 11043 11044 11173 
f 11043 11172 11173 
f 11172 11173 11302 
f 11172 11301 11302 
f 11301 11302 11431 
f 11301 11430 11431 
f 11430 11431 11560 
f 11430 11559 11560 
f 11559 11560 11689 
f 11559 11688 11689 
f 11688 11689 11818 
f 11688 11817 11818 
f 11817 11818 11947 
f 11817 11946 11947 
f 11946 11947 12076 
f 11946 12075 12076 
f 12075 12076 12205 
f 12075 12204 12205 
f 12204 12205 12334 
f 12204 12333 12334 
f 12333 12334 12463 
f 12333 12462 12463 
f 12462 12463 12592 
f 12462 12591 12592 
f 12591 12592 12721 
f 12591 12720 12721 
f 12720 12721 12850 
f 12720 12849 12850 
f 12849 12850 12979 
f 12849 12978 12979 
f 12978 12979 13108 
f 12978 13107 13108 
f 13107 13108 13237 
f 13107 13236 13237 
f 13236 13237 13366 
f 13236 13365 13366 
f 13365 13366 13495 
f 13365 13494 13495 
f 13494 13495 13624 
f 13494 13623 13624 
f 13623 13624 13753 
f 13623 13752 13753 
f 13752 13753 13882 
f 13752 13881 13882 
f 13881 13882 14011 
f 13881 14010 14011 
f 14010 14011 14140 
f 14010 14139 14140 
f 14139 14140 14269 
f 14139 14268 14269 
f 14268 14269 14398 
f 14268 14397 14398 
f 14397 14398 14527 
f 14397 14526 14527 
f 14526 14527 14656 
f 14526 14655 14656 
f 14655 14656 14785 
f 14655 14784 14785 
f 14784 14785 14914 
f 14784 14913 14914 
f 14913 14914 15043 
f 14913 15042 15043 
f 15042 15043 15172 
f 15042 15171 15172 
f 15171 15172 15301 
f 15171 15300 15301 
f 15300 15301 15430 
f 15300 15429 15430 
f 15429 15430 15559 
f 15429 15558 15559 
f 15558 15559 15688 
f 15558 15687 15688 
f 15687 15688 15817 
f 15687 15816 15817 
f 15816 15817 15946 
f 15816 15945 15946 
f 15945 15946 16075 
f 15945 16074 16075 
f 16074 16075 16204 
f 16074 16203 16204 
f 16203 16204 16333 
f 16203 16332 16333 
f 16332 16333 16462 
f 16332 16461 16462 
f 16461 16462 16591 
f 16461 16590 16591 
f 79 80 209 
f 79 208 209 
f 208 209 338 
f 208 337 338 
f 337 338 467 
f 337 466 467 
f 466 467 596 
f 466 595 596 
f 595 596 725 
f 595 724 725 
f 724 725 854 
f 724 853 854 
f 853 854 983 
f 853 982 983 
f 982 983 1112 
f 982 1111 1112 
f 1111 1112 1241 
f 1111 1240 1241 
f 1240 1241 1370 
f 1240 1369 1370 
f 1369 1370 1499 
f 1369 1498 1499 
f 1498 1499 1628 
f 1498 1627 1628 
f 1627 1628 1757 
f 1627 1756 1757 
f 1756 1757 1886 
f 1756 1885 1886 
f 1885 1886 2015 
f 1885 2014 2015 
f 2014 2015 2144 
f 2014 2143 2144 
f 2143 2144 2273 
f 2143 2272 2273 
f 2272 2273 2402 
f 2272 2401 2402 
f 2401 2402 2531 
f 2401 2530 2531 
f 2530 2531 2660 
f 2530 2659 2660 
f 2659 2660 2789 
f 2659 2788 2789 
f 2788 2789 2918 
f 2788 2917 2918 
f 2917 2918 3047 
f 2917 3046 3047 
f 3046 3047 3176 
f 3046 3175 3176 
f 3175 3176 3305 
f 3175 3304 3305 
f 3304 3305 3434 
f 3304 3433 3434 
f 3433 3434 3563 
f 3433 3562 3563 
f 3562 3563 3692 
f 3562 3691 3692 
f 3691 3692 3821 
f 3691 3820 3821 
f 3820 3821 3950 
f 3820 3949 3950 
f 3949 3950 4079 
f 3949 4078 4079 
f 4078 4079 4208 
f 4078 4207 4208 
f 4207 4208 4337 
f 4207 4336 4337 
f 4336 4337 4466 
f 4336 4465 4466 
f 4465 4466 4595 
f 4465 4594 4595 
f 4594 4595 4724 
f 4594 4723 4724 
f 4723 4724 4853 
f 4723 4852 4853 
f 4852 4853 4982 
f 4852 4981 4982 
f 4981 4982 5111 
f 4981 5110 5111 
f 5110 5111 5240 
f 5110 5239 5240 
f 5239 5240 5369 
f 5239 5368 5369 
f 5368 5369 5498 
f 5368 5497 5498 
f 5497 5498 5627 
f 5497 5626 5627 
f 5626 5627 5756 
f 5626 5755 5756 
f 5755 5756 5885 
f 5755 5884 5885 
f 5884 5885 6014 
f 5884 6013 6014 
f 6013 6014 6143 
f 6013 6142 6143 
f 6142 6143 6272 
f 6142 6271 6272 
f 6271 6272 6401 
f 6271 6400 6401 
f 6400 6401 6530 
f 6400 6529 6530 
f 6529 6530 6659 
f 6529 6658 6659 
f 6658 6659 6788 
f 6658 6787 6788 
f 6787 6788 6917 
f 6787 6916 6917 
f 6916 6917 7046 
f 6916 7045 7046 
f 7045 7046 7175 
f 7045 7174 7175 
f 7174 7175 7304 
f 7174 7303 7304 
f 7303 7304 7433 
f 7303 7432 7433 
f 7432 7433 7562 
f 7432 7561 7562 
f 7561 7562 7691 
f 7561 7690 7691 
f 7690 7691 7820 
f 7690 7819 7820 
f 7819 7820 7949 
f 7819 7948 7949 
f 7948 7949 8078 
f 7948 8077 8078 
f 8077 8078 8207 
f 8077 8206 8207 
f 8206 8207 8336 
f 8206 8335 8336 
f 8335 8336 8465 
f 8335 8464 8465 
f 8464 8465 8594 
f 8464 8593 8594 
f 8593 8594 8723 
f 8593 8722 8723 
f 8722 8723 8852 
f 8722 8851 8852 
f 8851 8852 8981 
f 8851 8980 8981 
f 8980 8981 9110 
f 8980 9109 9110 
f 9109 9110 9239 
f 9109 9238 9239 
f 9238 9239 9368 
f 9238 9367 9368 
f 9367 9368 9497 
f 9367 9496 9497 
f 9496 9497 9626 
f 9496 9625 9626 
f 9625 9626 9755 
f 9625 9754 9755 
f 9754 9755 9884 
f 9754 9883 9884 
f 9883 9884 10013 
f 9883 10012 10013 
f 10012 10013 10142 
f 10012 10141 10142 
f 10141 10142 10271 
f 10141 10270 10271 
f 10270 10271 10400 
f 10270 10399 10400 
f 10399 10400 10529 
f 10399 10528 10529 
f 10528 10529 10658 
f 10528 10657 10658 
f 10657 10658 10787 
f 10657 10786 10787 
f 10786 10787 10916 
f 10786 10915 10916 
f 10915 10916 11045 
f 10915 11044 11045 
f 11044 11045 11174 
f 11044 11173 11174 
f 11173 11174 11303 
f 11173 11302 11303 
f 11302 11303 11432 
f 11302 11431 11432 
f 11431 11432 11561 
f 11431 11560 11561 
f 11560 11561 11690 
f 11560 11689 11690 
f 11689 11690 11819 
f 11689 11818 11819 
f 11818 11819 11948 
f 11818 11947 11948 
f 11947 11948 12077 
f 11947 12076 12077 
f 12076 12077 12206 
f 12076 12205 12206 
f 12205 12206 12335 
f 12205 12334 12335 
f 12334 12335 12464 
f 12334 12463 12464 
f 12463 12464 12593 
f 12463 12592 12593 
f 12592 12593 12722 
f 12592 12721 12722 
f 12721 12722 12851 
f 12721 12850 12851 
f 12850 12851 12980 
f 12850 12979 12980 
f 12979 12980 13109 
f 12979 13108 13109 
f 13108 13109 13238 
f 13108 13237 13238 
f 13237 13238 13367 
f 13237 13366 13367 
f 13366 13367 13496 
f 13366 13495 13496 
f 13495 13496 13625 
f 13495 13624 13625 
f 13624 13625 13754 
f 13624 13753 13754 
f 13753 13754 13883 
f 13753 13882 13883 
f 13882 13883 14012 
f 13882 14011 14012 
f 14011 14012 14141 
f 14011 14140 14141 
f 14140 14141 14270 
f 14140 14269 14270 
f 14269 14270 14399 
f 14269 14398 14399 
f 14398 14399 14528 
f 14398 14527 14528 
f 14527 14528 14657 
f 14527 14656 14657 
f 14656 14657 14786 
f 14656 14785 14786 
f 14785 14786 14915 
f 14785 14914 14915 
f 14914 14915 15044 
f 14914 15043 15044 
f 15043 15044 15173 
f 15043 15172 15173 
f 15172 15173 15302 
f 15172 15301 15302 
f 15301 15302 15431 
f 15301 15430 15431 
f 15430 15431 15560 
f 15430 15559 15560 
f 15559 15560 15689 
f 15559 15688 15689 
f 15688 15689 15818 
f 15688 15817 15818 
f 15817 15818 15947 
f 15817 15946 15947 
f 15946 15947 16076 
f 15946 16075 16076 
f 16075 16076 16205 
f 16075 16204 16205 
f 16204 16205 16334 
f 16204 16333 16334 
f 16333 16334 16463 
f 16333 16462 16463 
f 16462 16463 16592 
f 16462 16591 16592 
f 80 81 210 
f 80 209 210 
f 209 210 339 
f 209 338 339 
f 338 339 468 
f 338 467 468 
f 467 468 597 
f 467 596 597 
f 596 597 726 
f 596 725 726 
f 725 726 855 
f 725 854 855 
f 854 855 984 
f 854 983 984 
f 983 984 1113 
f 983 1112 1113 
f 1112 1113 1242 
f 1112 1241 1242 
f 1241 1242 1371 
f 1241 1370 1371 
f 1370 1371 1500 
f 1370 1499 1500 
f 1499 1500 1629 
f 1499 1628 1629 
f 1628 1629 1758 
f 1628 1757 1758 
f 1757 1758 1887 
f 1757 1886 1887 
f 1886 1887 2016 
f 1886 2015 2016 
f 2015 2016 2145 
f 2015 2144 2145 
f 2144 2145 2274 
f 2144 2273 2274 
f 2273 2274 2403 
f 2273 2402 2403 
f 2402 2403 2532 
f 2402 2531 2532 
f 2531 2532 2661 
f 2531 2660 2661 
f 2660 2661 2790 
f 2660 2789 2790 
f 2789 2790 2919 
f 2789 2918 2919 
f 2918 2919 3048 
f 2918 3047 3048 
f 3047 3048 3177 
f 3047 3176 3177 
f 3176 3177 3306 
f 3176 3305 3306 
f 3305 3306 3435 
f 3305 3434 3435 
f 3434 3435 3564 
f 3434 3563 3564 
f 3563 3564 3693 
f 3563 3692 3693 
f 3692 3693 3822 
f 3692 3821 3822 
f 3821 3822 3951 
f 3821 3950 3951 
f 3950 3951 4080 
f 3950 4079 4080 
f 4079 4080 4209 
f 4079 4208 4209 
f 4208 4209 4338 
f 4208 4337 4338 
f 4337 4338 4467 
f 4337 4466 4467 
f 4466 4467 4596 
f 4466 4595 4596 
f 4595 4596 4725 
f 4595 4724 4725 
f 4724 4725 4854 
f 4724 4853 4854 
f 4853 4854 4983 
f 4853 4982 4983 
f 4982 4983 5112 
f 4982 5111 5112 
f 5111 5112 5241 
f 5111 5240 5241 
f 5240 5241 5370 
f 5240 5369 5370 
f 5369 5370 5499 
f 5369 5498 5499 
f 5498 5499 5628 
f 5498 5627 5628 
f 5627 5628 5757 
f 5627 5756 5757 
f 5756 5757 5886 
f 5756 5885 5886 
f 5885 5886 6015 
f 5885 6014 6015 
f 6014 6015 6144 
f 6014 6143 6144 
f 6143 6144 6273 
f 6143 6272 6273 
f 6272 6273 6402 
f 6272 6401 6402 
f 6401 6402 6531 
f 6401 6530 6531 
f 6530 6531 6660 
f 6530 6659 6660 
f 6659 6660 6789 
f 6659 6788 6789 
f 6788 6789 6918 
f 6788 6917 6918 
f 6917 6918 7047 
f 6917 7046 7047 
f 7046 7047 7176 
f 7046 7175 7176 
f 7175 7176 7305 
f 7175 7304 7305 
f 7304 7305 7434 
f 7304 7433 7434 
f 7433 7434 7563 
f 7433 7562 7563 
f 7562 7563 7692 
f 7562 7691 7692 
f 7691 7692 7821 
f 7691 7820 7821 
f 7820 7821 7950 
f 7820 7949 7950 
f 7949 7950 8079 
f 7949 8078 8079 
f 8078 8079 8208 
f 8078 8207 8208 
f 8207 8208 8337 
f 8207 8336 8337 
f 8336 8337 8466 
f 8336 8465 8466 
f 8465 8466 8595 
f 8465 8594 8595 
f 8594 8595 8724 
f 8594 8723 8724 
f 8723 8724 8853 
f 8723 8852 8853 
f 8852 8853 8982 
f 8852 8981 8982 
f 8981 8982 9111 
f 8981 9110 9111 
f 9110 9111 9240 
f 9110 9239 9240 
f 9239 9240 9369 
f 9239 9368 9369 
f 9368 9369 9498 
f 9368 9497 9498 
f 9497 9498 9627 
f 9497 9626 9627 
f 9626 9627 9756 
f 9626 9755 9756 
f 9755 9756 9885 
f 9755 9884 9885 
f 9884 9885 10014 
f 9884 10013 10014 
f 10013 10014 10143 
f 10013 10142 10143 
f 10142 10143 10272 
f 10142 10271 10272 
f 10271 10272 10401 
f 10271 10400 10401 
f 10400 10401 10530 
f 10400 10529 10530 
f 10529 10530 10659 
f 10529 10658 10659 
f 10658 10659 10788 
f 10658 10787 10788 
f 10787 10788 10917 
f 10787 10916 10917 
f 10916 10917 11046 
f 10916 11045 11046 
f 11045 11046 11175 
f 11045 11174 11175 
f 11174 11175 11304 
f 11174 11303 11304 
f 11303 11304 11433 
f 11303 11432 11433 
f 11432 11433 11562 
f 11432 11561 11562 
f 11561 11562 11691 
f 11561 11690 11691 
f 11690 11691 11820 
f 11690 11819 11820 
f 11819 11820 11949 
f 11819 11948 11949 
f 11948 11949 12078 
f 11948 12077 12078 
f 12077 12078 12207 
f 12077 12206 12207 
f 12206 12207 12336 
f 12206 12335 12336 
f 12335 12336 12465 
f 12335 12464 12465 
f 12464 12465 12594 
f 12464 12593 12594 
f 12593 12594 12723 
f 12593 12722 12723 
f 12722 12723 12852 
f 12722 12851 12852 
f 12851 12852 12981 
f 12851 12980 12981 
f 12980 12981 13110 
f 12980 13109 13110 
f 13109 13110 13239 
f 13109 13238 13239 
f 13238 13239 13368 
f 13238 13367 13368 
f 13367 13368 13497 
f 13367 13496 13497 
f 13496 13497 13626 
f 13496 13625 13626 
f 13625 13626 13755 
f 13625 13754 13755 
f 13754 13755 13884 
f 13754 13883 13884 
f 13883 13884 14013 
f 13883 14012 14013 
f 14012 14013 14142 
f 14012 14141 14142 
f 14141 14142 14271 
f 14141 14270 14271 
f 14270 14271 14400 
f 14270 14399 14400 
f 14399 14400 14529 
f 14399 14528 14529 
f 14528 14529 14658 
f 14528 14657 14658 
f 14657 14658 14787 
f 14657 14786 14787 
f 14786 14787 14916 
f 14786 14915 14916 
f 14915 14916 15045 
f 14915 15044 15045 
f 15044 15045 15174 
f 15044 15173 15174 
f 15173 15174 15303 
f 15173 15302 15303 
f 15302 15303 15432 
f 15302 15431 15432 
f 15431 15432 15561 
f 15431 15560 15561 
f 15560 15561 15690 
f 15560 15689 15690 
f 15689 15690 15819 
f 15689 15818 15819 
f 15818 15819 15948 
f 15818 15947 15948 
f 15947 15948 16077 
f 15947 16076 16077 
f 16076 16077 16206 
f 16076 16205 16206 
f 16205 16206 16335 
f 16205 16334 16335 
f 16334 16335 16464 
f 16334 16463 16464 
f 16463 16464 16593 
f 16463 16592 16593 
f 81 82 211 
f 81 210 211 
f 210 211 340 
f 210 339 340 
f 339 340 469 
f 339 468 469 
f 468 469 598 
f 468 597 598 
f 597 598 727 
f 597 726 727 
f 726 727 856 
f 726 855 856 
f 855 856 985 
f 855 984 985 
f 984 985 1114 
f 984 1113 1114 
f 1113 1114 1243 
f 1113 1242 1243 
f 1242 1243 1372 
f 1242 1371 1372 
f 1371 1372 1501 
f 1371 1500 1501 
f 1500 1501 1630 
f 1500 1629 1630 
f 1629 1630 1759 
f 1629 1758 1759 
f 1758 1759 1888 
f 1758 1887 1888 
f 1887 1888 2017 
f 1887 2016 2017 
f 2016 2017 2146 
f 2016 2145 2146 
f 2145 2146 2275 
f 2145 2274 2275 
f 2274 2275 2404 
f 2274 2403 2404 
f 2403 2404 2533 
f 2403 2532 2533 
f 2532 2533 2662 
f 2532 2661 2662 
f 2661 2662 2791 
f 2661 2790 2791 
f 2790 2791 2920 
f 2790 2919 2920 
f 2919 2920 3049 
f 2919 3048 3049 
f 3048 3049 3178 
f 3048 3177 3178 
f 3177 3178 3307 
f 3177 3306 3307 
f 3306 3307 3436 
f 3306 3435 3436 
f 3435 3436 3565 
f 3435 3564 3565 
f 3564 3565 3694 
f 3564 3693 3694 
f 3693 3694 3823 
f 3693 3822 3823 
f 3822 3823 3952 
f 3822 3951 3952 
f 3951 3952 4081 
f 3951 4080 4081 
f 4080 4081 4210 
f 4080 4209 4210 
f 4209 4210 4339 
f 4209 4338 4339 
f 4338 4339 4468 
f 4338 4467 4468 
f 4467 4468 4597 
f 4467 4596 4597 
f 4596 4597 4726 
f 4596 4725 4726 
f 4725 4726 4855 
f 4725 4854 4855 
f 4854 4855 4984 
f 4854 4983 4984 
f 4983 4984 5113 
f 4983 5112 5113 
f 5112 5113 5242 
f 5112 5241 5242 
f 5241 5242 5371 
f 5241 5370 5371 
f 5370 5371 5500 
f 5370 5499 5500 
f 5499 5500 5629 
f 5499 5628 5629 
f 5628 5629 5758 
f 5628 5757 5758 
f 5757 5758 5887 
f 5757 5886 5887 
f 5886 5887 6016 
f 5886 6015 6016 
f 6015 6016 6145 
f 6015 6144 6145 
f 6144 6145 6274 
f 6144 6273 6274 
f 6273 6274 6403 
f 6273 6402 6403 
f 6402 6403 6532 
f 6402 6531 6532 
f 6531 6532 6661 
f 6531 6660 6661 
f 6660 6661 6790 
f 6660 6789 6790 
f 6789 6790 6919 
f 6789 6918 6919 
f 6918 6919 7048 
f 6918 7047 7048 
f 7047 7048 7177 
f 7047 7176 7177 
f 7176 7177 7306 
f 7176 7305 7306 
f 7305 7306 7435 
f 7305 7434 7435 
f 7434 7435 7564 
f 7434 7563 7564 
f 7563 7564 7693 
f 7563 7692 7693 
f 7692 7693 7822 
f 7692 7821 7822 
f 7821 7822 7951 
f 7821 7950 7951 
f 7950 7951 8080 
f 7950 8079 8080 
f 8079 8080 8209 
f 8079 8208 8209 
f 8208 8209 8338 
f 8208 8337 8338 
f 8337 8338 8467 
f 8337 8466 8467 
f 8466 8467 8596 
f 8466 8595 8596 
f 8595 8596 8725 
f 8595 8724 8725 
f 8724 8725 8854 
f 8724 8853 8854 
f 8853 8854 8983 
f 8853 8982 8983 
f 8982 8983 9112 
f 8982 9111 9112 
f 9111 9112 9241 
f 9111 9240 9241 
f 9240 9241 9370 
f 9240 9369 9370 
f 9369 9370 9499 
f 9369 9498 9499 
f 9498 9499 9628 
f 9498 9627 9628 
f 9627 9628 9757 
f 9627 9756 9757 
f 9756 9757 9886 
f 9756 9885 9886 
f 9885 9886 10015 
f 9885 10014 10015 
f 10014 10015 10144 
f 10014 10143 10144 
f 10143 10144 10273 
f 10143 10272 10273 
f 10272 10273 10402 
f 10272 10401 10402 
f 10401 10402 10531 
f 10401 10530 10531 
f 10530 10531 10660 
f 10530 10659 10660 
f 10659 10660 10789 
f 10659 10788 10789 
f 10788 10789 10918 
f 10788 10917 10918 
f 10917 10918 11047 
f 10917 11046 11047 
f 11046 11047 11176 
f 11046 11175 11176 
f 11175 11176 11305 
f 11175 11304 11305 
f 11304 11305 11434 
f 11304 11433 11434 
f 11433 11434 11563 
f 11433 11562 11563 
f 11562 11563 11692 
f 11562 11691 11692 
f 11691 11692 11821 
f 11691 11820 11821 
f 11820 11821 11950 
f 11820 11949 11950 
f 11949 11950 12079 
f 11949 12078 12079 
f 12078 12079 12208 
f 12078 12207 12208 
f 12207 12208 12337 
f 12207 12336 12337 
f 12336 12337 12466 
f 12336 12465 12466 
f 12465 12466 12595 
f 12465 12594 12595 
f 12594 12595 12724 
f 12594 12723 12724 
f 12723 12724 12853 
f 12723 12852 12853 
f 12852 12853 12982 
f 12852 12981 12982 
f 12981 12982 13111 
f 12981 13110 13111 
f 13110 13111 13240 
f 13110 13239 13240 
f 13239 13240 13369 
f 13239 13368 13369 
f 13368 13369 13498 
f 13368 13497 13498 
f 13497 13498 13627 
f 13497 13626 13627 
f 13626 13627 13756 
f 13626 13755 13756 
f 13755 13756 13885 
f 13755 13884 13885 
f 13884 13885 14014 
f 13884 14013 14014 
f 14013 14014 14143 
f 14013 14142 14143 
f 14142 14143 14272 
f 14142 14271 14272 
f 14271 14272 14401 
f 14271 14400 14401 
f 14400 14401 14530 
f 14400 14529 14530 
f 14529 14530 14659 
f 14529 14658 14659 
f 14658 14659 14788 
f 14658 14787 14788 
f 14787 14788 14917 
f 14787 14916 14917 
f 14916 14917 15046 
f 14916 15045 15046 
f 15045 15046 15175 
f 15045 15174 15175 
f 15174 15175 15304 
f 15174 15303 15304 
f 15303 15304 15433 
f 15303 15432 15433 
f 15432 15433 15562 
f 15432 15561 15562 
f 15561 15562 15691 
f 15561 15690 15691 
f 15690 15691 15820 
f 15690 15819 15820 
f 15819 15820 15949 
f 15819 15948 15949 
f 15948 15949 16078 
f 15948 16077 16078 
f 16077 16078 16207 
f 16077 16206 16207 
f 16206 16207 16336 
f 16206 16335 16336 
f 16335 16336 16465 
f 16335 16464 16465 
f 16464 16465 16594 
f 16464 16593 16594 
f 82 83 212 
f 82 211 212 
f 211 212 341 
f 211 340 341 
f 340 341 470 
f 340 469 470 
f 469 470 599 
f 469 598 599 
f 598 599 728 
f 598 727 728 
f 727 728 857 
f 727 856 857 
f 856 857 986 
f 856 985 986 
f 985 986 1115 
f 985 1114 1115 
f 1114 1115 1244 
f 1114 1243 1244 
f 1243 1244 1373 
f 1243 1372 1373 
f 1372 1373 1502 
f 1372 1501 1502 
f 1501 1502 1631 
f 1501 1630 1631 
f 1630 1631 1760 
f 1630 1759 1760 
f 1759 1760 1889 
f 1759 1888 1889 
f 1888 1889 2018 
f 1888 2017 2018 
f 2017 2018 2147 
f 2017 2146 2147 
f 2146 2147 2276 
f 2146 2275 2276 
f 2275 2276 2405 
f 2275 2404 2405 
f 2404 2405 2534 
f 2404 2533 2534 
f 2533 2534 2663 
f 2533 2662 2663 
f 2662 2663 2792 
f 2662 2791 2792 
f 2791 2792 2921 
f 2791 2920 2921 
f 2920 2921 3050 
f 2920 3049 3050 
f 3049 3050 3179 
f 3049 3178 3179 
f 3178 3179 3308 
f 3178 3307 3308 
f 3307 3308 3437 
f 3307 3436 3437 
f 3436 3437 3566 
f 3436 3565 3566 
f 3565 3566 3695 
f 3565 3694 3695 
f 3694 3695 3824 
f 3694 3823 3824 
f 3823 3824 3953 
f 3823 3952 3953 
f 3952 3953 4082 
f 3952 4081 4082 
f 4081 4082 4211 
f 4081 4210 4211 
f 4210 4211 4340 
f 4210 4339 4340 
f 4339 4340 4469 
f 4339 4468 4469 
f 4468 4469 4598 
f 4468 4597 4598 
f 4597 4598 4727 
f 4597 4726 4727 
f 4726 4727 4856 
f 4726 4855 4856 
f 4855 4856 4985 
f 4855 4984 4985 
f 4984 4985 5114 
f 4984 5113 5114 
f 5113 5114 5243 
f 5113 5242 5243 
f 5242 5243 5372 
f 5242 5371 5372 
f 5371 5372 5501 
f 5371 5500 5501 
f 5500 5501 5630 
f 5500 5629 5630 
f 5629 5630 5759 
f 5629 5758 5759 
f 5758 5759 5888 
f 5758 5887 5888 
f 5887 5888 6017 
f 5887 6016 6017 
f 6016 6017 6146 
f 6016 6145 6146 
f 6145 6146 6275 
f 6145 6274 6275 
f 6274 6275 6404 
f 6274 6403 6404 
f 6403 6404 6533 
f 6403 6532 6533 
f 6532 6533 6662 
f 6532 6661 6662 
f 6661 6662 6791 
f 6661 6790 6791 
f 6790 6791 6920 
f 6790 6919 6920 
f 6919 6920 7049 
f 6919 7048 7049 
f 7048 7049 7178 
f 7048 7177 7178 
f 7177 7178 7307 
f 7177 7306 7307 
f 7306 7307 7436 
f 7306 7435 7436 
f 7435 7436 7565 
f 7435 7564 7565 
f 7564 7565 7694 
f 7564 7693 7694 
f 7693 7694 7823 
f 7693 7822 7823 
f 7822 7823 7952 
f 7822 7951 7952 
f 7951 7952 8081 
f 7951 8080 8081 
f 8080 8081 8210 
f 8080 8209 8210 
f 8209 8210 8339 
f 8209 8338 8339 
f 8338 8339 8468 
f 8338 8467 8468 
f 8467 8468 8597 
f 8467 8596 8597 
f 8596 8597 8726 
f 8596 8725 8726 
f 8725 8726 8855 
f 8725 8854 8855 
f 8854 8855 8984 
f 8854 8983 8984 
f 8983 8984 9113 
f 8983 9112 9113 
f 9112 9113 9242 
f 9112 9241 9242 
f 9241 9242 9371 
f 9241 9370 9371 
f 9370 9371 9500 
f 9370 9499 9500 
f 9499 9500 9629 
f 9499 9628 9629 
f 9628 9629 9758 
f 9628 9757 9758 
f 9757 9758 9887 
f 9757 9886 9887 
f 9886 9887 10016 
f 9886 10015 10016 
f 10015 10016 10145 
f 10015 10144 10145 
f 10144 10145 10274 
f 10144 10273 10274 
f 10273 10274 10403 
f 10273 10402 10403 
f 10402 10403 10532 
f 10402 10531 10532 
f 10531 10532 10661 
f 10531 10660 10661 
f 10660 10661 10790 
f 10660 10789 10790 
f 10789 10790 10919 
f 10789 10918 10919 
f 10918 10919 11048 
f 10918 11047 11048 
f 11047 11048 11177 
f 11047 11176 11177 
f 11176 11177 11306 
f 11176 11305 11306 
f 11305 11306 11435 
f 11305 11434 11435 
f 11434 11435 11564 
f 11434 11563 11564 
f 11563 11564 11693 
f 11563 11692 11693 
f 11692 11693 11822 
f 11692 11821 11822 
f 11821 11822 11951 
f 11821 11950 11951 
f 11950 11951 12080 
f 11950 12079 12080 
f 12079 12080 12209 
f 12079 12208 12209 
f 12208 12209 12338 
f 12208 12337 12338 
f 12337 12338 12467 
f 12337 12466 12467 
f 12466 12467 12596 
f 12466 12595 12596 
f 12595 12596 12725 
f 12595 12724 12725 
f 12724 12725 12854 
f 12724 12853 12854 
f 12853 12854 12983 
f 12853 12982 12983 
f 12982 12983 13112 
f 12982 13111 13112 
f 13111 13112 13241 
f 13111 13240 13241 
f 13240 13241 13370 
f 13240 13369 13370 
f 13369 13370 13499 
f 13369 13498 13499 
f 13498 13499 13628 
f 13498 13627 13628 
f 13627 13628 13757 
f 13627 13756 13757 
f 13756 13757 13886 
f 13756 13885 13886 
f 13885 13886 14015 
f 13885 14014 14015 
f 14014 14015 14144 
f 14014 14143 14144 
f 14143 14144 14273 
f 14143 14272 14273 
f 14272 14273 14402 
f 14272 14401 14402 
f 14401 14402 14531 
f 14401 14530 14531 
f 14530 14531 14660 
f 14530 14659 14660 
f 14659 14660 14789 
f 14659 14788 14789 
f 14788 14789 14918 
f 14788 14917 14918 
f 14917 14918 15047 
f 14917 15046 15047 
f 15046 15047 15176 
f 15046 15175 15176 
f 15175 15176 15305 
f 15175 15304 15305 
f 15304 15305 15434 
f 15304 15433 15434 
f 15433 15434 15563 
f 15433 15562 15563 
f 15562 15563 15692 
f 15562 15691 15692 
f 15691 15692 15821 
f 15691 15820 15821 
f 15820 15821 15950 
f 15820 15949 15950 
f 15949 15950 16079 
f 15949 16078 16079 
f 16078 16079 16208 
f 16078 16207 16208 
f 16207 16208 16337 
f 16207 16336 16337 
f 16336 16337 16466 
f 16336 16465 16466 
f 16465 16466 16595 
f 16465 16594 16595 
f 83 84 213 
f 83 212 213 
f 212 213 342 
f 212 341 342 
f 341 342 471 
f 341 470 471 
f 470 471 600 
f 470 599 600 
f 599 600 729 
f 599 728 729 
f 728 729 858 
f 728 857 858 
f 857 858 987 
f 857 986 987 
f 986 987 1116 
f 986 1115 1116 
f 1115 1116 1245 
f 1115 1244 1245 
f 1244 1245 1374 
f 1244 1373 1374 
f 1373 1374 1503 
f 1373 1502 1503 
f 1502 1503 1632 
f 1502 1631 1632 
f 1631 1632 1761 
f 1631 1760 1761 
f 1760 1761 1890 
f 1760 1889 1890 
f 1889 1890 2019 
f 1889 2018 2019 
f 2018 2019 2148 
f 2018 2147 2148 
f 2147 2148 2277 
f 2147 2276 2277 
f 2276 2277 2406 
f 2276 2405 2406 
f 2405 2406 2535 
f 2405 2534 2535 
f 2534 2535 2664 
f 2534 2663 2664 
f 2663 2664 2793 
f 2663 2792 2793 
f 2792 2793 2922 
f 2792 2921 2922 
f 2921 2922 3051 
f 2921 3050 3051 
f 3050 3051 3180 
f 3050 3179 3180 
f 3179 3180 3309 
f 3179 3308 3309 
f 3308 3309 3438 
f 3308 3437 3438 
f 3437 3438 3567 
f 3437 3566 3567 
f 3566 3567 3696 
f 3566 3695 3696 
f 3695 3696 3825 
f 3695 3824 3825 
f 3824 3825 3954 
f 3824 3953 3954 
f 3953 3954 4083 
f 3953 4082 4083 
f 4082 4083 4212 
f 4082 4211 4212 
f 4211 4212 4341 
f 4211 4340 4341 
f 4340 4341 4470 
f 4340 4469 4470 
f 4469 4470 4599 
f 4469 4598 4599 
f 4598 4599 4728 
f 4598 4727 4728 
f 4727 4728 4857 
f 4727 4856 4857 
f 4856 4857 4986 
f 4856 4985 4986 
f 4985 4986 5115 
f 4985 5114 5115 
f 5114 5115 5244 
f 5114 5243 5244 
f 5243 5244 5373 
f 5243 5372 5373 
f 5372 5373 5502 
f 5372 5501 5502 
f 5501 5502 5631 
f 5501 5630 5631 
f 5630 5631 5760 
f 5630 5759 5760 
f 5759 5760 5889 
f 5759 5888 5889 
f 5888 5889 6018 
f 5888 6017 6018 
f 6017 6018 6147 
f 6017 6146 6147 
f 6146 6147 6276 
f 6146 6275 6276 
f 6275 6276 6405 
f 6275 6404 6405 
f 6404 6405 6534 
f 6404 6533 6534 
f 6533 6534 6663 
f 6533 6662 6663 
f 6662 6663 6792 
f 6662 6791 6792 
f 6791 6792 6921 
f 6791 6920 6921 
f 6920 6921 7050 
f 6920 7049 7050 
f 7049 7050 7179 
f 7049 7178 7179 
f 7178 7179 7308 
f 7178 7307 7308 
f 7307 7308 7437 
f 7307 7436 7437 
f 7436 7437 7566 
f 7436 7565 7566 
f 7565 7566 7695 
f 7565 7694 7695 
f 7694 7695 7824 
f 7694 7823 7824 
f 7823 7824 7953 
f 7823 7952 7953 
f 7952 7953 8082 
f 7952 8081 8082 
f 8081 8082 8211 
f 8081 8210 8211 
f 8210 8211 8340 
f 8210 8339 8340 
f 8339 8340 8469 
f 8339 8468 8469 
f 8468 8469 8598 
f 8468 8597 8598 
f 8597 8598 8727 
f 8597 8726 8727 
f 8726 8727 8856 
f 8726 8855 8856 
f 8855 8856 8985 
f 8855 8984 8985 
f 8984 8985 9114 
f 8984 9113 9114 
f 9113 9114 9243 
f 9113 9242 9243 
f 9242 9243 9372 
f 9242 9371 9372 
f 9371 9372 9501 
f 9371 9500 9501 
f 9500 9501 9630 
f 9500 9629 9630 
f 9629 9630 9759 
f 9629 9758 9759 
f 9758 9759 9888 
f 9758 9887 9888 
f 9887 9888 10017 
f 9887 10016 10017 
f 10016 10017 10146 
f 10016 10145 10146 
f 10145 10146 10275 
f 10145 10274 10275 
f 10274 10275 10404 
f 10274 10403 10404 
f 10403 10404 10533 
f 10403 10532 10533 
f 10532 10533 10662 
f 10532 10661 10662 
f 10661 10662 10791 
f 10661 10790 10791 
f 10790 10791 10920 
f 10790 10919 10920 
f 10919 10920 11049 
f 10919 11048 11049 
f 11048 11049 11178 
f 11048 11177 11178 
f 11177 11178 11307 
f 11177 11306 11307 
f 11306 11307 11436 
f 11306 11435 11436 
f 11435 11436 11565 
f 11435 11564 11565 
f 11564 11565 11694 
f 11564 11693 11694 
f 11693 11694 11823 
f 11693 11822 11823 
f 11822 11823 11952 
f 11822 11951 11952 
f 11951 11952 12081 
f 11951 12080 12081 
f 12080 12081 12210 
f 12080 12209 12210 
f 12209 12210 12339 
f 12209 12338 12339 
f 12338 12339 12468 
f 12338 12467 12468 
f 12467 12468 12597 
f 12467 12596 12597 
f 12596 12597 12726 
f 12596 12725 12726 
f 12725 12726 12855 
f 12725 12854 12855 
f 12854 12855 12984 
f 12854 12983 12984 
f 12983 12984 13113 
f 12983 13112 13113 
f 13112 13113 13242 
f 13112 13241 13242 
f 13241 13242 13371 
f 13241 13370 13371 
f 13370 13371 13500 
f 13370 13499 13500 
f 13499 13500 13629 
f 13499 13628 13629 
f 13628 13629 13758 
f 13628 13757 13758 
f 13757 13758 13887 
f 13757 13886 13887 
f 13886 13887 14016 
f 13886 14015 14016 
f 14015 14016 14145 
f 14015 14144 14145 
f 14144 14145 14274 
f 14144 14273 14274 
f 14273 14274 14403 
f 14273 14402 14403 
f 14402 14403 14532 
f 14402 14531 14532 
f 14531 14532 14661 
f 14531 14660 14661 
f 14660 14661 14790 
f 14660 14789 14790 
f 14789 14790 14919 
f 14789 14918 14919 
f 14918 14919 15048 
f 14918 15047 15048 
f 15047 15048 15177 
f 15047 15176 15177 
f 15176 15177 15306 
f 15176 15305 15306 
f 15305 15306 15435 
f 15305 15434 15435 
f 15434 15435 15564 
f 15434 15563 15564 
f 15563 15564 15693 
f 15563 15692 15693 
f 15692 15693 15822 
f 15692 15821 15822 
f 15821 15822 15951 
f 15821 15950 15951 
f 15950 15951 16080 
f 15950 16079 16080 
f 16079 16080 16209 
f 16079 16208 16209 
f 16208 16209 16338 
f 16208 16337 16338 
f 16337 16338 16467 
f 16337 16466 16467 
f 16466 16467 16596 
f 16466 16595 16596 
f 84 85 214 
f 84 213 214 
f 213 214 343 
f 213 342 343 
f 342 343 472 
f 342 471 472 
f 471 472 601 
f 471 600 601 
f 600 601 730 
f 600 729 730 
f 729 730 859 
f 729 858 859 
f 858 859 988 
f 858 987 988 
f 987 988 1117 
f 987 1116 1117 
f 1116 1117 1246 
f 1116 1245 1246 
f 1245 1246 1375 
f 1245 1374 1375 
f 1374 1375 1504 
f 1374 1503 1504 
f 1503 1504 1633 
f 1503 1632 1633 
f 1632 1633 1762 
f 1632 1761 1762 
f 1761 1762 1891 
f 1761 1890 1891 
f 1890 1891 2020 
f 1890 2019 2020 
f 2019 2020 2149 
f 2019 2148 2149 
f 2148 2149 2278 
f 2148 2277 2278 
f 2277 2278 2407 
f 2277 2406 2407 
f 2406 2407 2536 
f 2406 2535 2536 
f 2535 2536 2665 
f 2535 2664 2665 
f 2664 2665 2794 
f 2664 2793 2794 
f 2793 2794 2923 
f 2793 2922 2923 
f 2922 2923 3052 
f 2922 3051 3052 
f 3051 3052 3181 
f 3051 3180 3181 
f 3180 3181 3310 
f 3180 3309 3310 
f 3309 3310 3439 
f 3309 3438 3439 
f 3438 3439 3568 
f 3438 3567 3568 
f 3567 3568 3697 
f 3567 3696 3697 
f 3696 3697 3826 
f 3696 3825 3826 
f 3825 3826 3955 
f 3825 3954 3955 
f 3954 3955 4084 
f 3954 4083 4084 
f 4083 4084 4213 
f 4083 4212 4213 
f 4212 4213 4342 
f 4212 4341 4342 
f 4341 4342 4471 
f 4341 4470 4471 
f 4470 4471 4600 
f 4470 4599 4600 
f 4599 4600 4729 
f 4599 4728 4729 
f 4728 4729 4858 
f 4728 4857 4858 
f 4857 4858 4987 
f 4857 4986 4987 
f 4986 4987 5116 
f 4986 5115 5116 
f 5115 5116 5245 
f 5115 5244 5245 
f 5244 5245 5374 
f 5244 5373 5374 
f 5373 5374 5503 
f 5373 5502 5503 
f 5502 5503 5632 
f 5502 5631 5632 
f 5631 5632 5761 
f 5631 5760 5761 
f 5760 5761 5890 
f 5760 5889 5890 
f 5889 5890 6019 
f 5889 6018 6019 
f 6018 6019 6148 
f 6018 6147 6148 
f 6147 6148 6277 
f 6147 6276 6277 
f 6276 6277 6406 
f 6276 6405 6406 
f 6405 6406 6535 
f 6405 6534 6535 
f 6534 6535 6664 
f 6534 6663 6664 
f 6663 6664 6793 
f 6663 6792 6793 
f 6792 6793 6922 
f 6792 6921 6922 
f 6921 6922 7051 
f 6921 7050 7051 
f 7050 7051 7180 
f 7050 7179 7180 
f 7179 7180 7309 
f 7179 7308 7309 
f 7308 7309 7438 
f 7308 7437 7438 
f 7437 7438 7567 
f 7437 7566 7567 
f 7566 7567 7696 
f 7566 7695 7696 
f 7695 7696 7825 
f 7695 7824 7825 
f 7824 7825 7954 
f 7824 7953 7954 
f 7953 7954 8083 
f 7953 8082 8083 
f 8082 8083 8212 
f 8082 8211 8212 
f 8211 8212 8341 
f 8211 8340 8341 
f 8340 8341 8470 
f 8340 8469 8470 
f 8469 8470 8599 
f 8469 8598 8599 
f 8598 8599 8728 
f 8598 8727 8728 
f 8727 8728 8857 
f 8727 8856 8857 
f 8856 8857 8986 
f 8856 8985 8986 
f 8985 8986 9115 
f 8985 9114 9115 
f 9114 9115 9244 
f 9114 9243 9244 
f 9243 9244 9373 
f 9243 9372 9373 
f 9372 9373 9502 
f 9372 9501 9502 
f 9501 9502 9631 
f 9501 9630 9631 
f 9630 9631 9760 
f 9630 9759 9760 
f 9759 9760 9889 
f 9759 9888 9889 
f 9888 9889 10018 
f 9888 10017 10018 
f 10017 10018 10147 
f 10017 10146 10147 
f 10146 10147 10276 
f 10146 10275 10276 
f 10275 10276 10405 
f 10275 10404 10405 
f 10404 10405 10534 
f 10404 10533 10534 
f 10533 10534 10663 
f 10533 10662 10663 
f 10662 10663 10792 
f 10662 10791 10792 
f 10791 10792 10921 
f 10791 10920 10921 
f 10920 10921 11050 
f 10920 11049 11050 
f 11049 11050 11179 
f 11049 11178 11179 
f 11178 11179 11308 
f 11178 11307 11308 
f 11307 11308 11437 
f 11307 11436 11437 
f 11436 11437 11566 
f 11436 11565 11566 
f 11565 11566 11695 
f 11565 11694 11695 
f 11694 11695 11824 
f 11694 11823 11824 
f 11823 11824 11953 
f 11823 11952 11953 
f 11952 11953 12082 
f 11952 12081 12082 
f 12081 12082 12211 
f 12081 12210 12211 
f 12210 12211 12340 
f 12210 12339 12340 
f 12339 12340 12469 
f 12339 12468 12469 
f 12468 12469 12598 
f 12468 12597 12598 
f 12597 12598 12727 
f 12597 12726 12727 
f 12726 12727 12856 
f 12726 12855 12856 
f 12855 12856 12985 
f 12855 12984 12985 
f 12984 12985 13114 
f 12984 13113 13114 
f 13113 13114 13243 
f 13113 13242 13243 
f 13242 13243 13372 
f 13242 13371 13372 
f 13371 13372 13501 
f 13371 13500 13501 
f 13500 13501 13630 
f 13500 13629 13630 
f 13629 13630 13759 
f 13629 13758 13759 
f 13758 13759 13888 
f 13758 13887 13888 
f 13887 13888 14017 
f 13887 14016 14017 
f 14016 14017 14146 
f 14016 14145 14146 
f 14145 14146 14275 
f 14145 14274 14275 
f 14274 14275 14404 
f 14274 14403 14404 
f 14403 14404 14533 
f 14403 14532 14533 
f 14532 14533 14662 
f 14532 14661 14662 
f 14661 14662 14791 
f 14661 14790 14791 
f 14790 14791 14920 
f 14790 14919 14920 
f 14919 14920 15049 
f 14919 15048 15049 
f 15048 15049 15178 
f 15048 15177 15178 
f 15177 15178 15307 
f 15177 15306 15307 
f 15306 15307 15436 
f 15306 15435 15436 
f 15435 15436 15565 
f 15435 15564 15565 
f 15564 15565 15694 
f 15564 15693 15694 
f 15693 15694 15823 
f 15693 15822 15823 
f 15822 15823 15952 
f 15822 15951 15952 
f 15951 15952 16081 
f 15951 16080 16081 
f 16080 16081 16210 
f 16080 16209 16210 
f 16209 16210 16339 
f 16209 16338 16339 
f 16338 16339 16468 
f 16338 16467 16468 
f 16467 16468 16597 
f 16467 16596 16597 
f 85 86 215 
f 85 214 215 
f 214 215 344 
f 214 343 344 
f 343 344 473 
f 343 472 473 
f 472 473 602 
f 472 601 602 
f 601 602 731 
f 601 730 731 
f 730 731 860 
f 730 859 860 
f 859 860 989 
f 859 988 989 
f 988 989 1118 
f 988 1117 1118 
f 1117 1118 1247 
f 1117 1246 1247 
f 1246 1247 1376 
f 1246 1375 1376 
f 1375 1376 1505 
f 1375 1504 1505 
f 1504 1505 1634 
f 1504 1633 1634 
f 1633 1634 1763 
f 1633 1762 1763 
f 1762 1763 1892 
f 1762 1891 1892 
f 1891 1892 2021 
f 1891 2020 2021 
f 2020 2021 2150 
f 2020 2149 2150 
f 2149 2150 2279 
f 2149 2278 2279 
f 2278 2279 2408 
f 2278 2407 2408 
f 2407 2408 2537 
f 2407 2536 2537 
f 2536 2537 2666 
f 2536 2665 2666 
f 2665 2666 2795 
f 2665 2794 2795 
f 2794 2795 2924 
f 2794 2923 2924 
f 2923 2924 3053 
f 2923 3052 3053 
f 3052 3053 3182 
f 3052 3181 3182 
f 3181 3182 3311 
f 3181 3310 3311 
f 3310 3311 3440 
f 3310 3439 3440 
f 3439 3440 3569 
f 3439 3568 3569 
f 3568 3569 3698 
f 3568 3697 3698 
f 3697 3698 3827 
f 3697 3826 3827 
f 3826 3827 3956 
f 3826 3955 3956 
f 3955 3956 4085 
f 3955 4084 4085 
f 4084 4085 4214 
f 4084 4213 4214 
f 4213 4214 4343 
f 4213 4342 4343 
f 4342 4343 4472 
f 4342 4471 4472 
f 4471 4472 4601 
f 4471 4600 4601 
f 4600 4601 4730 
f 4600 4729 4730 
f 4729 4730 4859 
f 4729 4858 4859 
f 4858 4859 4988 
f 4858 4987 4988 
f 4987 4988 5117 
f 4987 5116 5117 
f 5116 5117 5246 
f 5116 5245 5246 
f 5245 5246 5375 
f 5245 5374 5375 
f 5374 5375 5504 
f 5374 5503 5504 
f 5503 5504 5633 
f 5503 5632 5633 
f 5632 5633 5762 
f 5632 5761 5762 
f 5761 5762 5891 
f 5761 5890 5891 
f 5890 5891 6020 
f 5890 6019 6020 
f 6019 6020 6149 
f 6019 6148 6149 
f 6148 6149 6278 
f 6148 6277 6278 
f 6277 6278 6407 
f 6277 6406 6407 
f 6406 6407 6536 
f 6406 6535 6536 
f 6535 6536 6665 
f 6535 6664 6665 
f 6664 6665 6794 
f 6664 6793 6794 
f 6793 6794 6923 
f 6793 6922 6923 
f 6922 6923 7052 
f 6922 7051 7052 
f 7051 7052 7181 
f 7051 7180 7181 
f 7180 7181 7310 
f 7180 7309 7310 
f 7309 7310 7439 
f 7309 7438 7439 
f 7438 7439 7568 
f 7438 7567 7568 
f 7567 7568 7697 
f 7567 7696 7697 
f 7696 7697 7826 
f 7696 7825 7826 
f 7825 7826 7955 
f 7825 7954 7955 
f 7954 7955 8084 
f 7954 8083 8084 
f 8083 8084 8213 
f 8083 8212 8213 
f 8212 8213 8342 
f 8212 8341 8342 
f 8341 8342 8471 
f 8341 8470 8471 
f 8470 8471 8600 
f 8470 8599 8600 
f 8599 8600 8729 
f 8599 8728 8729 
f 8728 8729 8858 
f 8728 8857 8858 
f 8857 8858 8987 
f 8857 8986 8987 
f 8986 8987 9116 
f 8986 9115 9116 
f 9115 9116 9245 
f 9115 9244 9245 
f 9244 9245 9374 
f 9244 9373 9374 
f 9373 9374 9503 
f 9373 9502 9503 
f 9502 9503 9632 
f 9502 9631 9632 
f 9631 9632 9761 
f 9631 9760 9761 
f 9760 9761 9890 
f 9760 9889 9890 
f 9889 9890 10019 
f 9889 10018 10019 
f 10018 10019 10148 
f 10018 10147 10148 
f 10147 10148 10277 
f 10147 10276 10277 
f 10276 10277 10406 
f 10276 10405 10406 
f 10405 10406 10535 
f 10405 10534 10535 
f 10534 10535 10664 
f 10534 10663 10664 
f 10663 10664 10793 
f 10663 10792 10793 
f 10792 10793 10922 
f 10792 10921 10922 
f 10921 10922 11051 
f 10921 11050 11051 
f 11050 11051 11180 
f 11050 11179 11180 
f 11179 11180 11309 
f 11179 11308 11309 
f 11308 11309 11438 
f 11308 11437 11438 
f 11437 11438 11567 
f 11437 11566 11567 
f 11566 11567 11696 
f 11566 11695 11696 
f 11695 11696 11825 
f 11695 11824 11825 
f 11824 11825 11954 
f 11824 11953 11954 
f 11953 11954 12083 
f 11953 12082 12083 
f 12082 12083 12212 
f 12082 12211 12212 
f 12211 12212 12341 
f 12211 12340 12341 
f 12340 12341 12470 
f 12340 12469 12470 
f 12469 12470 12599 
f 12469 12598 12599 
f 12598 12599 12728 
f 12598 12727 12728 
f 12727 12728 12857 
f 12727 12856 12857 
f 12856 12857 12986 
f 12856 12985 12986 
f 12985 12986 13115 
f 12985 13114 13115 
f 13114 13115 13244 
f 13114 13243 13244 
f 13243 13244 13373 
f 13243 13372 13373 
f 13372 13373 13502 
f 13372 13501 13502 
f 13501 13502 13631 
f 13501 13630 13631 
f 13630 13631 13760 
f 13630 13759 13760 
f 13759 13760 13889 
f 13759 13888 13889 
f 13888 13889 14018 
f 13888 14017 14018 
f 14017 14018 14147 
f 14017 14146 14147 
f 14146 14147 14276 
f 14146 14275 14276 
f 14275 14276 14405 
f 14275 14404 14405 
f 14404 14405 14534 
f 14404 14533 14534 
f 14533 14534 14663 
f 14533 14662 14663 
f 14662 14663 14792 
f 14662 14791 14792 
f 14791 14792 14921 
f 14791 14920 14921 
f 14920 14921 15050 
f 14920 15049 15050 
f 15049 15050 15179 
f 15049 15178 15179 
f 15178 15179 15308 
f 15178 15307 15308 
f 15307 15308 15437 
f 15307 15436 15437 
f 15436 15437 15566 
f 15436 15565 15566 
f 15565 15566 15695 
f 15565 15694 15695 
f 15694 15695 15824 
f 15694 15823 15824 
f 15823 15824 15953 
f 15823 15952 15953 
f 15952 15953 16082 
f 15952 16081 16082 
f 16081 16082 16211 
f 16081 16210 16211 
f 16210 16211 16340 
f 16210 16339 16340 
f 16339 16340 16469 
f 16339 16468 16469 
f 16468 16469 16598 
f 16468 16597 16598 
f 86 87 216 
f 86 215 216 
f 215 216 345 
f 215 344 345 
f 344 345 474 
f 344 473 474 
f 473 474 603 
f 473 602 603 
f 602 603 732 
f 602 731 732 
f 731 732 861 
f 731 860 861 
f 860 861 990 
f 860 989 990 
f 989 990 1119 
f 989 1118 1119 
f 1118 1119 1248 
f 1118 1247 1248 
f 1247 1248 1377 
f 1247 1376 1377 
f 1376 1377 1506 
f 1376 1505 1506 
f 1505 1506 1635 
f 1505 1634 1635 
f 1634 1635 1764 
f 1634 1763 1764 
f 1763 1764 1893 
f 1763 1892 1893 
f 1892 1893 2022 
f 1892 2021 2022 
f 2021 2022 2151 
f 2021 2150 2151 
f 2150 2151 2280 
f 2150 2279 2280 
f 2279 2280 2409 
f 2279 2408 2409 
f 2408 2409 2538 
f 2408 2537 2538 
f 2537 2538 2667 
f 2537 2666 2667 
f 2666 2667 2796 
f 2666 2795 2796 
f 2795 2796 2925 
f 2795 2924 2925 
f 2924 2925 3054 
f 2924 3053 3054 
f 3053 3054 3183 
f 3053 3182 3183 
f 3182 3183 3312 
f 3182 3311 3312 
f 3311 3312 3441 
f 3311 3440 3441 
f 3440 3441 3570 
f 3440 3569 3570 
f 3569 3570 3699 
f 3569 3698 3699 
f 3698 3699 3828 
f 3698 3827 3828 
f 3827 3828 3957 
f 3827 3956 3957 
f 3956 3957 4086 
f 3956 4085 4086 
f 4085 4086 4215 
f 4085 4214 4215 
f 4214 4215 4344 
f 4214 4343 4344 
f 4343 4344 4473 
f 4343 4472 4473 
f 4472 4473 4602 
f 4472 4601 4602 
f 4601 4602 4731 
f 4601 4730 4731 
f 4730 4731 4860 
f 4730 4859 4860 
f 4859 4860 4989 
f 4859 4988 4989 
f 4988 4989 5118 
f 4988 5117 5118 
f 5117 5118 5247 
f 5117 5246 5247 
f 5246 5247 5376 
f 5246 5375 5376 
f 5375 5376 5505 
f 5375 5504 5505 
f 5504 5505 5634 
f 5504 5633 5634 
f 5633 5634 5763 
f 5633 5762 5763 
f 5762 5763 5892 
f 5762 5891 5892 
f 5891 5892 6021 
f 5891 6020 6021 
f 6020 6021 6150 
f 6020 6149 6150 
f 6149 6150 6279 
f 6149 6278 6279 
f 6278 6279 6408 
f 6278 6407 6408 
f 6407 6408 6537 
f 6407 6536 6537 
f 6536 6537 6666 
f 6536 6665 6666 
f 6665 6666 6795 
f 6665 6794 6795 
f 6794 6795 6924 
f 6794 6923 6924 
f 6923 6924 7053 
f 6923 7052 7053 
f 7052 7053 7182 
f 7052 7181 7182 
f 7181 7182 7311 
f 7181 7310 7311 
f 7310 7311 7440 
f 7310 7439 7440 
f 7439 7440 7569 
f 7439 7568 7569 
f 7568 7569 7698 
f 7568 7697 7698 
f 7697 7698 7827 
f 7697 7826 7827 
f 7826 7827 7956 
f 7826 7955 7956 
f 7955 7956 8085 
f 7955 8084 8085 
f 8084 8085 8214 
f 8084 8213 8214 
f 8213 8214 8343 
f 8213 8342 8343 
f 8342 8343 8472 
f 8342 8471 8472 
f 8471 8472 8601 
f 8471 8600 8601 
f 8600 8601 8730 
f 8600 8729 8730 
f 8729 8730 8859 
f 8729 8858 8859 
f 8858 8859 8988 
f 8858 8987 8988 
f 8987 8988 9117 
f 8987 9116 9117 
f 9116 9117 9246 
f 9116 9245 9246 
f 9245 9246 9375 
f 9245 9374 9375 
f 9374 9375 9504 
f 9374 9503 9504 
f 9503 9504 9633 
f 9503 9632 9633 
f 9632 9633 9762 
f 9632 9761 9762 
f 9761 9762 9891 
f 9761 9890 9891 
f 9890 9891 10020 
f 9890 10019 10020 
f 10019 10020 10149 
f 10019 10148 10149 
f 10148 10149 10278 
f 10148 10277 10278 
f 10277 10278 10407 
f 10277 10406 10407 
f 10406 10407 10536 
f 10406 10535 10536 
f 10535 10536 10665 
f 10535 10664 10665 
f 10664 10665 10794 
f 10664 10793 10794 
f 10793 10794 10923 
f 10793 10922 10923 
f 10922 10923 11052 
f 10922 11051 11052 
f 11051 11052 11181 
f 11051 11180 11181 
f 11180 11181 11310 
f 11180 11309 11310 
f 11309 11310 11439 
f 11309 11438 11439 
f 11438 11439 11568 
f 11438 11567 11568 
f 11567 11568 11697 
f 11567 11696 11697 
f 11696 11697 11826 
f 11696 11825 11826 
f 11825 11826 11955 
f 11825 11954 11955 
f 11954 11955 12084 
f 11954 12083 12084 
f 12083 12084 12213 
f 12083 12212 12213 
f 12212 12213 12342 
f 12212 12341 12342 
f 12341 12342 12471 
f 12341 12470 12471 
f 12470 12471 12600 
f 12470 12599 12600 
f 12599 12600 12729 
f 12599 12728 12729 
f 12728 12729 12858 
f 12728 12857 12858 
f 12857 12858 12987 
f 12857 12986 12987 
f 12986 12987 13116 
f 12986 13115 13116 
f 13115 13116 13245 
f 13115 13244 13245 
f 13244 13245 13374 
f 13244 13373 13374 
f 13373 13374 13503 
f 13373 13502 13503 
f 13502 13503 13632 
f 13502 13631 13632 
f 13631 13632 13761 
f 13631 13760 13761 
f 13760 13761 13890 
f 13760 13889 13890 
f 13889 13890 14019 
f 13889 14018 14019 
f 14018 14019 14148 
f 14018 14147 14148 
f 14147 14148 14277 
f 14147 14276 14277 
f 14276 14277 14406 
f 14276 14405 14406 
f 14405 14406 14535 
f 14405 14534 14535 
f 14534 14535 14664 
f 14534 14663 14664 
f 14663 14664 14793 
f 14663 14792 14793 
f 14792 14793 14922 
f 14792 14921 14922 
f 14921 14922 15051 
f 14921 15050 15051 
f 15050 15051 15180 
f 15050 15179 15180 
f 15179 15180 15309 
f 15179 15308 15309 
f 15308 15309 15438 
f 15308 15437 15438 
f 15437 15438 15567 
f 15437 15566 15567 
f 15566 15567 15696 
f 15566 15695 15696 
f 15695 15696 15825 
f 15695 15824 15825 
f 15824 15825 15954 
f 15824 15953 15954 
f 15953 15954 16083 
f 15953 16082 16083 
f 16082 16083 16212 
f 16082 16211 16212 
f 16211 16212 16341 
f 16211 16340 16341 
f 16340 16341 16470 
f 16340 16469 16470 
f 16469 16470 16599 
f 16469 16598 16599 
f 87 88 217 
f 87 216 217 
f 216 217 346 
f 216 345 346 
f 345 346 475 
f 345 474 475 
f 474 475 604 
f 474 603 604 
f 603 604 733 
f 603 732 733 
f 732 733 862 
f 732 861 862 
f 861 862 991 
f 861 990 991 
f 990 991 1120 
f 990 1119 1120 
f 1119 1120 1249 
f 1119 1248 1249 
f 1248 1249 1378 
f 1248 1377 1378 
f 1377 1378 1507 
f 1377 1506 1507 
f 1506 1507 1636 
f 1506 1635 1636 
f 1635 1636 1765 
f 1635 1764 1765 
f 1764 1765 1894 
f 1764 1893 1894 
f 1893 1894 2023 
f 1893 2022 2023 
f 2022 2023 2152 
f 2022 2151 2152 
f 2151 2152 2281 
f 2151 2280 2281 
f 2280 2281 2410 
f 2280 2409 2410 
f 2409 2410 2539 
f 2409 2538 2539 
f 2538 2539 2668 
f 2538 2667 2668 
f 2667 2668 2797 
f 2667 2796 2797 
f 2796 2797 2926 
f 2796 2925 2926 
f 2925 2926 3055 
f 2925 3054 3055 
f 3054 3055 3184 
f 3054 3183 3184 
f 3183 3184 3313 
f 3183 3312 3313 
f 3312 3313 3442 
f 3312 3441 3442 
f 3441 3442 3571 
f 3441 3570 3571 
f 3570 3571 3700 
f 3570 3699 3700 
f 3699 3700 3829 
f 3699 3828 3829 
f 3828 3829 3958 
f 3828 3957 3958 
f 3957 3958 4087 
f 3957 4086 4087 
f 4086 4087 4216 
f 4086 4215 4216 
f 4215 4216 4345 
f 4215 4344 4345 
f 4344 4345 4474 
f 4344 4473 4474 
f 4473 4474 4603 
f 4473 4602 4603 
f 4602 4603 4732 
f 4602 4731 4732 
f 4731 4732 4861 
f 4731 4860 4861 
f 4860 4861 4990 
f 4860 4989 4990 
f 4989 4990 5119 
f 4989 5118 5119 
f 5118 5119 5248 
f 5118 5247 5248 
f 5247 5248 5377 
f 5247 5376 5377 
f 5376 5377 5506 
f 5376 5505 5506 
f 5505 5506 5635 
f 5505 5634 5635 
f 5634 5635 5764 
f 5634 5763 5764 
f 5763 5764 5893 
f 5763 5892 5893 
f 5892 5893 6022 
f 5892 6021 6022 
f 6021 6022 6151 
f 6021 6150 6151 
f 6150 6151 6280 
f 6150 6279 6280 
f 6279 6280 6409 
f 6279 6408 6409 
f 6408 6409 6538 
f 6408 6537 6538 
f 6537 6538 6667 
f 6537 6666 6667 
f 6666 6667 6796 
f 6666 6795 6796 
f 6795 6796 6925 
f 6795 6924 6925 
f 6924 6925 7054 
f 6924 7053 7054 
f 7053 7054 7183 
f 7053 7182 7183 
f 7182 7183 7312 
f 7182 7311 7312 
f 7311 7312 7441 
f 7311 7440 7441 
f 7440 7441 7570 
f 7440 7569 7570 
f 7569 7570 7699 
f 7569 7698 7699 
f 7698 7699 7828 
f 7698 7827 7828 
f 7827 7828 7957 
f 7827 7956 7957 
f 7956 7957 8086 
f 7956 8085 8086 
f 8085 8086 8215 
f 8085 8214 8215 
f 8214 8215 8344 
f 8214 8343 8344 
f 8343 8344 8473 
f 8343 8472 8473 
f 8472 8473 8602 
f 8472 8601 8602 
f 8601 8602 8731 
f 8601 8730 8731 
f 8730 8731 8860 
f 8730 8859 8860 
f 8859 8860 8989 
f 8859 8988 8989 
f 8988 8989 9118 
f 8988 9117 9118 
f 9117 9118 9247 
f 9117 9246 9247 
f 9246 9247 9376 
f 9246 9375 9376 
f 9375 9376 9505 
f 9375 9504 9505 
f 9504 9505 9634 
f 9504 9633 9634 
f 9633 9634 9763 
f 9633 9762 9763 
f 9762 9763 9892 
f 9762 9891 9892 
f 9891 9892 10021 
f 9891 10020 10021 
f 10020 10021 10150 
f 10020 10149 10150 
f 10149 10150 10279 
f 10149 10278 10279 
f 10278 10279 10408 
f 10278 10407 10408 
f 10407 10408 10537 
f 10407 10536 10537 
f 10536 10537 10666 
f 10536 10665 10666 
f 10665 10666 10795 
f 10665 10794 10795 
f 10794 10795 10924 
f 10794 10923 10924 
f 10923 10924 11053 
f 10923 11052 11053 
f 11052 11053 11182 
f 11052 11181 11182 
f 11181 11182 11311 
f 11181 11310 11311 
f 11310 11311 11440 
f 11310 11439 11440 
f 11439 11440 11569 
f 11439 11568 11569 
f 11568 11569 11698 
f 11568 11697 11698 
f 11697 11698 11827 
f 11697 11826 11827 
f 11826 11827 11956 
f 11826 11955 11956 
f 11955 11956 12085 
f 11955 12084 12085 
f 12084 12085 12214 
f 12084 12213 12214 
f 12213 12214 12343 
f 12213 12342 12343 
f 12342 12343 12472 
f 12342 12471 12472 
f 12471 12472 12601 
f 12471 12600 12601 
f 12600 12601 12730 
f 12600 12729 12730 
f 12729 12730 12859 
f 12729 12858 12859 
f 12858 12859 12988 
f 12858 12987 12988 
f 12987 12988 13117 
f 12987 13116 13117 
f 13116 13117 13246 
f 13116 13245 13246 
f 13245 13246 13375 
f 13245 13374 13375 
f 13374 13375 13504 
f 13374 13503 13504 
f 13503 13504 13633 
f 13503 13632 13633 
f 13632 13633 13762 
f 13632 13761 13762 
f 13761 13762 13891 
f 13761 13890 13891 
f 13890 13891 14020 
f 13890 14019 14020 
f 14019 14020 14149 
f 14019 14148 14149 
f 14148 14149 14278 
f 14148 14277 14278 
f 14277 14278 14407 
f 14277 14406 14407 
f 14406 14407 14536 
f 14406 14535 14536 
f 14535 14536 14665 
f 14535 14664 14665 
f 14664 14665 14794 
f 14664 14793 14794 
f 14793 14794 14923 
f 14793 14922 14923 
f 14922 14923 15052 
f 14922 15051 15052 
f 15051 15052 15181 
f 15051 15180 15181 
f 15180 15181 15310 
f 15180 15309 15310 
f 15309 15310 15439 
f 15309 15438 15439 
f 15438 15439 15568 
f 15438 15567 15568 
f 15567 15568 15697 
f 15567 15696 15697 
f 15696 15697 15826 
f 15696 15825 15826 
f 15825 15826 15955 
f 15825 15954 15955 
f 15954 15955 16084 
f 15954 16083 16084 
f 16083 16084 16213 
f 16083 16212 16213 
f 16212 16213 16342 
f 16212 16341 16342 
f 16341 16342 16471 
f 16341 16470 16471 
f 16470 16471 16600 
f 16470 16599 16600 
f 88 89 218 
f 88 217 218 
f 217 218 347 
f 217 346 347 
f 346 347 476 
f 346 475 476 
f 475 476 605 
f 475 604 605 
f 604 605 734 
f 604 733 734 
f 733 734 863 
f 733 862 863 
f 862 863 992 
f 862 991 992 
f 991 992 1121 
f 991 1120 1121 
f 1120 1121 1250 
f 1120 1249 1250 
f 1249 1250 1379 
f 1249 1378 1379 
f 1378 1379 1508 
f 1378 1507 1508 
f 1507 1508 1637 
f 1507 1636 1637 
f 1636 1637 1766 
f 1636 1765 1766 
f 1765 1766 1895 
f 1765 1894 1895 
f 1894 1895 2024 
f 1894 2023 2024 
f 2023 2024 2153 
f 2023 2152 2153 
f 2152 2153 2282 
f 2152 2281 2282 
f 2281 2282 2411 
f 2281 2410 2411 
f 2410 2411 2540 
f 2410 2539 2540 
f 2539 2540 2669 
f 2539 2668 2669 
f 2668 2669 2798 
f 2668 2797 2798 
f 2797 2798 2927 
f 2797 2926 2927 
f 2926 2927 3056 
f 2926 3055 3056 
f 3055 3056 3185 
f 3055 3184 3185 
f 3184 3185 3314 
f 3184 3313 3314 
f 3313 3314 3443 
f 3313 3442 3443 
f 3442 3443 3572 
f 3442 3571 3572 
f 3571 3572 3701 
f 3571 3700 3701 
f 3700 3701 3830 
f 3700 3829 3830 
f 3829 3830 3959 
f 3829 3958 3959 
f 3958 3959 4088 
f 3958 4087 4088 
f 4087 4088 4217 
f 4087 4216 4217 
f 4216 4217 4346 
f 4216 4345 4346 
f 4345 4346 4475 
f 4345 4474 4475 
f 4474 4475 4604 
f 4474 4603 4604 
f 4603 4604 4733 
f 4603 4732 4733 
f 4732 4733 4862 
f 4732 4861 4862 
f 4861 4862 4991 
f 4861 4990 4991 
f 4990 4991 5120 
f 4990 5119 5120 
f 5119 5120 5249 
f 5119 5248 5249 
f 5248 5249 5378 
f 5248 5377 5378 
f 5377 5378 5507 
f 5377 5506 5507 
f 5506 5507 5636 
f 5506 5635 5636 
f 5635 5636 5765 
f 5635 5764 5765 
f 5764 5765 5894 
f 5764 5893 5894 
f 5893 5894 6023 
f 5893 6022 6023 
f 6022 6023 6152 
f 6022 6151 6152 
f 6151 6152 6281 
f 6151 6280 6281 
f 6280 6281 6410 
f 6280 6409 6410 
f 6409 6410 6539 
f 6409 6538 6539 
f 6538 6539 6668 
f 6538 6667 6668 
f 6667 6668 6797 
f 6667 6796 6797 
f 6796 6797 6926 
f 6796 6925 6926 
f 6925 6926 7055 
f 6925 7054 7055 
f 7054 7055 7184 
f 7054 7183 7184 
f 7183 7184 7313 
f 7183 7312 7313 
f 7312 7313 7442 
f 7312 7441 7442 
f 7441 7442 7571 
f 7441 7570 7571 
f 7570 7571 7700 
f 7570 7699 7700 
f 7699 7700 7829 
f 7699 7828 7829 
f 7828 7829 7958 
f 7828 7957 7958 
f 7957 7958 8087 
f 7957 8086 8087 
f 8086 8087 8216 
f 8086 8215 8216 
f 8215 8216 8345 
f 8215 8344 8345 
f 8344 8345 8474 
f 8344 8473 8474 
f 8473 8474 8603 
f 8473 8602 8603 
f 8602 8603 8732 
f 8602 8731 8732 
f 8731 8732 8861 
f 8731 8860 8861 
f 8860 8861 8990 
f 8860 8989 8990 
f 8989 8990 9119 
f 8989 9118 9119 
f 9118 9119 9248 
f 9118 9247 9248 
f 9247 9248 9377 
f 9247 9376 9377 
f 9376 9377 9506 
f 9376 9505 9506 
f 9505 9506 9635 
f 9505 9634 9635 
f 9634 9635 9764 
f 9634 9763 9764 
f 9763 9764 9893 
f 9763 9892 9893 
f 9892 9893 10022 
f 9892 10021 10022 
f 10021 10022 10151 
f 10021 10150 10151 
f 10150 10151 10280 
f 10150 10279 10280 
f 10279 10280 10409 
f 10279 10408 10409 
f 10408 10409 10538 
f 10408 10537 10538 
f 10537 10538 10667 
f 10537 10666 10667 
f 10666 10667 10796 
f 10666 10795 10796 
f 10795 10796 10925 
f 10795 10924 10925 
f 10924 10925 11054 
f 10924 11053 11054 
f 11053 11054 11183 
f 11053 11182 11183 
f 11182 11183 11312 
f 11182 11311 11312 
f 11311 11312 11441 
f 11311 11440 11441 
f 11440 11441 11570 
f 11440 11569 11570 
f 11569 11570 11699 
f 11569 11698 11699 
f 11698 11699 11828 
f 11698 11827 11828 
f 11827 11828 11957 
f 11827 11956 11957 
f 11956 11957 12086 
f 11956 12085 12086 
f 12085 12086 12215 
f 12085 12214 12215 
f 12214 12215 12344 
f 12214 12343 12344 
f 12343 12344 12473 
f 12343 12472 12473 
f 12472 12473 12602 
f 12472 12601 12602 
f 12601 12602 12731 
f 12601 12730 12731 
f 12730 12731 12860 
f 12730 12859 12860 
f 12859 12860 12989 
f 12859 12988 12989 
f 12988 12989 13118 
f 12988 13117 13118 
f 13117 13118 13247 
f 13117 13246 13247 
f 13246 13247 13376 
f 13246 13375 13376 
f 13375 13376 13505 
f 13375 13504 13505 
f 13504 13505 13634 
f 13504 13633 13634 
f 13633 13634 13763 
f 13633 13762 13763 
f 13762 13763 13892 
f 13762 13891 13892 
f 13891 13892 14021 
f 13891 14020 14021 
f 14020 14021 14150 
f 14020 14149 14150 
f 14149 14150 14279 
f 14149 14278 14279 
f 14278 14279 14408 
f 14278 14407 14408 
f 14407 14408 14537 
f 14407 14536 14537 
f 14536 14537 14666 
f 14536 14665 14666 
f 14665 14666 14795 
f 14665 14794 14795 
f 14794 14795 14924 
f 14794 14923 14924 
f 14923 14924 15053 
f 14923 15052 15053 
f 15052 15053 15182 
f 15052 15181 15182 
f 15181 15182 15311 
f 15181 15310 15311 
f 15310 15311 15440 
f 15310 15439 15440 
f 15439 15440 15569 
f 15439 15568 15569 
f 15568 15569 15698 
f 15568 15697 15698 
f 15697 15698 15827 
f 15697 15826 15827 
f 15826 15827 15956 
f 15826 15955 15956 
f 15955 15956 16085 
f 15955 16084 16085 
f 16084 16085 16214 
f 16084 16213 16214 
f 16213 16214 16343 
f 16213 16342 16343 
f 16342 16343 16472 
f 16342 16471 16472 
f 16471 16472 16601 
f 16471 16600 16601 
f 89 90 219 
f 89 218 219 
f 218 219 348 
f 218 347 348 
f 347 348 477 
f 347 476 477 
f 476 477 606 
f 476 605 606 
f 605 606 735 
f 605 734 735 
f 734 735 864 
f 734 863 864 
f 863 864 993 
f 863 992 993 
f 992 993 1122 
f 992 1121 1122 
f 1121 1122 1251 
f 1121 1250 1251 
f 1250 1251 1380 
f 1250 1379 1380 
f 1379 1380 1509 
f 1379 1508 1509 
f 1508 1509 1638 
f 1508 1637 1638 
f 1637 1638 1767 
f 1637 1766 1767 
f 1766 1767 1896 
f 1766 1895 1896 
f 1895 1896 2025 
f 1895 2024 2025 
f 2024 2025 2154 
f 2024 2153 2154 
f 2153 2154 2283 
f 2153 2282 2283 
f 2282 2283 2412 
f 2282 2411 2412 
f 2411 2412 2541 
f 2411 2540 2541 
f 2540 2541 2670 
f 2540 2669 2670 
f 2669 2670 2799 
f 2669 2798 2799 
f 2798 2799 2928 
f 2798 2927 2928 
f 2927 2928 3057 
f 2927 3056 3057 
f 3056 3057 3186 
f 3056 3185 3186 
f 3185 3186 3315 
f 3185 3314 3315 
f 3314 3315 3444 
f 3314 3443 3444 
f 3443 3444 3573 
f 3443 3572 3573 
f 3572 3573 3702 
f 3572 3701 3702 
f 3701 3702 3831 
f 3701 3830 3831 
f 3830 3831 3960 
f 3830 3959 3960 
f 3959 3960 4089 
f 3959 4088 4089 
f 4088 4089 4218 
f 4088 4217 4218 
f 4217 4218 4347 
f 4217 4346 4347 
f 4346 4347 4476 
f 4346 4475 4476 
f 4475 4476 4605 
f 4475 4604 4605 
f 4604 4605 4734 
f 4604 4733 4734 
f 4733 4734 4863 
f 4733 4862 4863 
f 4862 4863 4992 
f 4862 4991 4992 
f 4991 4992 5121 
f 4991 5120 5121 
f 5120 5121 5250 
f 5120 5249 5250 
f 5249 5250 5379 
f 5249 5378 5379 
f 5378 5379 5508 
f 5378 5507 5508 
f 5507 5508 5637 
f 5507 5636 5637 
f 5636 5637 5766 
f 5636 5765 5766 
f 5765 5766 5895 
f 5765 5894 5895 
f 5894 5895 6024 
f 5894 6023 6024 
f 6023 6024 6153 
f 6023 6152 6153 
f 6152 6153 6282 
f 6152 6281 6282 
f 6281 6282 6411 
f 6281 6410 6411 
f 6410 6411 6540 
f 6410 6539 6540 
f 6539 6540 6669 
f 6539 6668 6669 
f 6668 6669 6798 
f 6668 6797 6798 
f 6797 6798 6927 
f 6797 6926 6927 
f 6926 6927 7056 
f 6926 7055 7056 
f 7055 7056 7185 
f 7055 7184 7185 
f 7184 7185 7314 
f 7184 7313 7314 
f 7313 7314 7443 
f 7313 7442 7443 
f 7442 7443 7572 
f 7442 7571 7572 
f 7571 7572 7701 
f 7571 7700 7701 
f 7700 7701 7830 
f 7700 7829 7830 
f 7829 7830 7959 
f 7829 7958 7959 
f 7958 7959 8088 
f 7958 8087 8088 
f 8087 8088 8217 
f 8087 8216 8217 
f 8216 8217 8346 
f 8216 8345 8346 
f 8345 8346 8475 
f 8345 8474 8475 
f 8474 8475 8604 
f 8474 8603 8604 
f 8603 8604 8733 
f 8603 8732 8733 
f 8732 8733 8862 
f 8732 8861 8862 
f 8861 8862 8991 
f 8861 8990 8991 
f 8990 8991 9120 
f 8990 9119 9120 
f 9119 9120 9249 
f 9119 9248 9249 
f 9248 9249 9378 
f 9248 9377 9378 
f 9377 9378 9507 
f 9377 9506 9507 
f 9506 9507 9636 
f 9506 9635 9636 
f 9635 9636 9765 
f 9635 9764 9765 
f 9764 9765 9894 
f 9764 9893 9894 
f 9893 9894 10023 
f 9893 10022 10023 
f 10022 10023 10152 
f 10022 10151 10152 
f 10151 10152 10281 
f 10151 10280 10281 
f 10280 10281 10410 
f 10280 10409 10410 
f 10409 10410 10539 
f 10409 10538 10539 
f 10538 10539 10668 
f 10538 10667 10668 
f 10667 10668 10797 
f 10667 10796 10797 
f 10796 10797 10926 
f 10796 10925 10926 
f 10925 10926 11055 
f 10925 11054 11055 
f 11054 11055 11184 
f 11054 11183 11184 
f 11183 11184 11313 
f 11183 11312 11313 
f 11312 11313 11442 
f 11312 11441 11442 
f 11441 11442 11571 
f 11441 11570 11571 
f 11570 11571 11700 
f 11570 11699 11700 
f 11699 11700 11829 
f 11699 11828 11829 
f 11828 11829 11958 
f 11828 11957 11958 
f 11957 11958 12087 
f 11957 12086 12087 
f 12086 12087 12216 
f 12086 12215 12216 
f 12215 12216 12345 
f 12215 12344 12345 
f 12344 12345 12474 
f 12344 12473 12474 
f 12473 12474 12603 
f 12473 12602 12603 
f 12602 12603 12732 
f 12602 12731 12732 
f 12731 12732 12861 
f 12731 12860 12861 
f 12860 12861 12990 
f 12860 12989 12990 
f 12989 12990 13119 
f 12989 13118 13119 
f 13118 13119 13248 
f 13118 13247 13248 
f 13247 13248 13377 
f 13247 13376 13377 
f 13376 13377 13506 
f 13376 13505 13506 
f 13505 13506 13635 
f 13505 13634 13635 
f 13634 13635 13764 
f 13634 13763 13764 
f 13763 13764 13893 
f 13763 13892 13893 
f 13892 13893 14022 
f 13892 14021 14022 
f 14021 14022 14151 
f 14021 14150 14151 
f 14150 14151 14280 
f 14150 14279 14280 
f 14279 14280 14409 
f 14279 14408 14409 
f 14408 14409 14538 
f 14408 14537 14538 
f 14537 14538 14667 
f 14537 14666 14667 
f 14666 14667 14796 
f 14666 14795 14796 
f 14795 14796 14925 
f 14795 14924 14925 
f 14924 14925 15054 
f 14924 15053 15054 
f 15053 15054 15183 
f 15053 15182 15183 
f 15182 15183 15312 
f 15182 15311 15312 
f 15311 15312 15441 
f 15311 15440 15441 
f 15440 15441 15570 
f 15440 15569 15570 
f 15569 15570 15699 
f 15569 15698 15699 
f 15698 15699 15828 
f 15698 15827 15828 
f 15827 15828 15957 
f 15827 15956 15957 
f 15956 15957 16086 
f 15956 16085 16086 
f 16085 16086 16215 
f 16085 16214 16215 
f 16214 16215 16344 
f 16214 16343 16344 
f 16343 16344 16473 
f 16343 16472 16473 
f 16472 16473 16602 
f 16472 16601 16602 
f 90 91 220 
f 90 219 220 
f 219 220 349 
f 219 348 349 
f 348 349 478 
f 348 477 478 
f 477 478 607 
f 477 606 607 
f 606 607 736 
f 606 735 736 
f 735 736 865 
f 735 864 865 
f 864 865 994 
f 864 993 994 
f 993 994 1123 
f 993 1122 1123 
f 1122 1123 1252 
f 1122 1251 1252 
f 1251 1252 1381 
f 1251 1380 1381 
f 1380 1381 1510 
f 1380 1509 1510 
f 1509 1510 1639 
f 1509 1638 1639 
f 1638 1639 1768 
f 1638 1767 1768 
f 1767 1768 1897 
f 1767 1896 1897 
f 1896 1897 2026 
f 1896 2025 2026 
f 2025 2026 2155 
f 2025 2154 2155 
f 2154 2155 2284 
f 2154 2283 2284 
f 2283 2284 2413 
f 2283 2412 2413 
f 2412 2413 2542 
f 2412 2541 2542 
f 2541 2542 2671 
f 2541 2670 2671 
f 2670 2671 2800 
f 2670 2799 2800 
f 2799 2800 2929 
f 2799 2928 2929 
f 2928 2929 3058 
f 2928 3057 3058 
f 3057 3058 3187 
f 3057 3186 3187 
f 3186 3187 3316 
f 3186 3315 3316 
f 3315 3316 3445 
f 3315 3444 3445 
f 3444 3445 3574 
f 3444 3573 3574 
f 3573 3574 3703 
f 3573 3702 3703 
f 3702 3703 3832 
f 3702 3831 3832 
f 3831 3832 3961 
f 3831 3960 3961 
f 3960 3961 4090 
f 3960 4089 4090 
f 4089 4090 4219 
f 4089 4218 4219 
f 4218 4219 4348 
f 4218 4347 4348 
f 4347 4348 4477 
f 4347 4476 4477 
f 4476 4477 4606 
f 4476 4605 4606 
f 4605 4606 4735 
f 4605 4734 4735 
f 4734 4735 4864 
f 4734 4863 4864 
f 4863 4864 4993 
f 4863 4992 4993 
f 4992 4993 5122 
f 4992 5121 5122 
f 5121 5122 5251 
f 5121 5250 5251 
f 5250 5251 5380 
f 5250 5379 5380 
f 5379 5380 5509 
f 5379 5508 5509 
f 5508 5509 5638 
f 5508 5637 5638 
f 5637 5638 5767 
f 5637 5766 5767 
f 5766 5767 5896 
f 5766 5895 5896 
f 5895 5896 6025 
f 5895 6024 6025 
f 6024 6025 6154 
f 6024 6153 6154 
f 6153 6154 6283 
f 6153 6282 6283 
f 6282 6283 6412 
f 6282 6411 6412 
f 6411 6412 6541 
f 6411 6540 6541 
f 6540 6541 6670 
f 6540 6669 6670 
f 6669 6670 6799 
f 6669 6798 6799 
f 6798 6799 6928 
f 6798 6927 6928 
f 6927 6928 7057 
f 6927 7056 7057 
f 7056 7057 7186 
f 7056 7185 7186 
f 7185 7186 7315 
f 7185 7314 7315 
f 7314 7315 7444 
f 7314 7443 7444 
f 7443 7444 7573 
f 7443 7572 7573 
f 7572 7573 7702 
f 7572 7701 7702 
f 7701 7702 7831 
f 7701 7830 7831 
f 7830 7831 7960 
f 7830 7959 7960 
f 7959 7960 8089 
f 7959 8088 8089 
f 8088 8089 8218 
f 8088 8217 8218 
f 8217 8218 8347 
f 8217 8346 8347 
f 8346 8347 8476 
f 8346 8475 8476 
f 8475 8476 8605 
f 8475 8604 8605 
f 8604 8605 8734 
f 8604 8733 8734 
f 8733 8734 8863 
f 8733 8862 8863 
f 8862 8863 8992 
f 8862 8991 8992 
f 8991 8992 9121 
f 8991 9120 9121 
f 9120 9121 9250 
f 9120 9249 9250 
f 9249 9250 9379 
f 9249 9378 9379 
f 9378 9379 9508 
f 9378 9507 9508 
f 9507 9508 9637 
f 9507 9636 9637 
f 9636 9637 9766 
f 9636 9765 9766 
f 9765 9766 9895 
f 9765 9894 9895 
f 9894 9895 10024 
f 9894 10023 10024 
f 10023 10024 10153 
f 10023 10152 10153 
f 10152 10153 10282 
f 10152 10281 10282 
f 10281 10282 10411 
f 10281 10410 10411 
f 10410 10411 10540 
f 10410 10539 10540 
f 10539 10540 10669 
f 10539 10668 10669 
f 10668 10669 10798 
f 10668 10797 10798 
f 10797 10798 10927 
f 10797 10926 10927 
f 10926 10927 11056 
f 10926 11055 11056 
f 11055 11056 11185 
f 11055 11184 11185 
f 11184 11185 11314 
f 11184 11313 11314 
f 11313 11314 11443 
f 11313 11442 11443 
f 11442 11443 11572 
f 11442 11571 11572 
f 11571 11572 11701 
f 11571 11700 11701 
f 11700 11701 11830 
f 11700 11829 11830 
f 11829 11830 11959 
f 11829 11958 11959 
f 11958 11959 12088 
f 11958 12087 12088 
f 12087 12088 12217 
f 12087 12216 12217 
f 12216 12217 12346 
f 12216 12345 12346 
f 12345 12346 12475 
f 12345 12474 12475 
f 12474 12475 12604 
f 12474 12603 12604 
f 12603 12604 12733 
f 12603 12732 12733 
f 12732 12733 12862 
f 12732 12861 12862 
f 12861 12862 12991 
f 12861 12990 12991 
f 12990 12991 13120 
f 12990 13119 13120 
f 13119 13120 13249 
f 13119 13248 13249 
f 13248 13249 13378 
f 13248 13377 13378 
f 13377 13378 13507 
f 13377 13506 13507 
f 13506 13507 13636 
f 13506 13635 13636 
f 13635 13636 13765 
f 13635 13764 13765 
f 13764 13765 13894 
f 13764 13893 13894 
f 13893 13894 14023 
f 13893 14022 14023 
f 14022 14023 14152 
f 14022 14151 14152 
f 14151 14152 14281 
f 14151 14280 14281 
f 14280 14281 14410 
f 14280 14409 14410 
f 14409 14410 14539 
f 14409 14538 14539 
f 14538 14539 14668 
f 14538 14667 14668 
f 14667 14668 14797 
f 14667 14796 14797 
f 14796 14797 14926 
f 14796 14925 14926 
f 14925 14926 15055 
f 14925 15054 15055 
f 15054 15055 15184 
f 15054 15183 15184 
f 15183 15184 15313 
f 15183 15312 15313 
f 15312 15313 15442 
f 15312 15441 15442 
f 15441 15442 15571 
f 15441 15570 15571 
f 15570 15571 15700 
f 15570 15699 15700 
f 15699 15700 15829 
f 15699 15828 15829 
f 15828 15829 15958 
f 15828 15957 15958 
f 15957 15958 16087 
f 15957 16086 16087 
f 16086 16087 16216 
f 16086 16215 16216 
f 16215 16216 16345 
f 16215 16344 16345 
f 16344 16345 16474 
f 16344 16473 16474 
f 16473 16474 16603 
f 16473 16602 16603 
f 91 92 221 
f 91 220 221 
f 220 221 350 
f 220 349 350 
f 349 350 479 
f 349 478 479 
f 478 479 608 
f 478 607 608 
f 607 608 737 
f 607 736 737 
f 736 737 866 
f 736 865 866 
f 865 866 995 
f 865 994 995 
f 994 995 1124 
f 994 1123 1124 
f 1123 1124 1253 
f 1123 1252 1253 
f 1252 1253 1382 
f 1252 1381 1382 
f 1381 1382 1511 
f 1381 1510 1511 
f 1510 1511 1640 
f 1510 1639 1640 
f 1639 1640 1769 
f 1639 1768 1769 
f 1768 1769 1898 
f 1768 1897 1898 
f 1897 1898 2027 
f 1897 2026 2027 
f 2026 2027 2156 
f 2026 2155 2156 
f 2155 2156 2285 
f 2155 2284 2285 
f 2284 2285 2414 
f 2284 2413 2414 
f 2413 2414 2543 
f 2413 2542 2543 
f 2542 2543 2672 
f 2542 2671 2672 
f 2671 2672 2801 
f 2671 2800 2801 
f 2800 2801 2930 
f 2800 2929 2930 
f 2929 2930 3059 
f 2929 3058 3059 
f 3058 3059 3188 
f 3058 3187 3188 
f 3187 3188 3317 
f 3187 3316 3317 
f 3316 3317 3446 
f 3316 3445 3446 
f 3445 3446 3575 
f 3445 3574 3575 
f 3574 3575 3704 
f 3574 3703 3704 
f 3703 3704 3833 
f 3703 3832 3833 
f 3832 3833 3962 
f 3832 3961 3962 
f 3961 3962 4091 
f 3961 4090 4091 
f 4090 4091 4220 
f 4090 4219 4220 
f 4219 4220 4349 
f 4219 4348 4349 
f 4348 4349 4478 
f 4348 4477 4478 
f 4477 4478 4607 
f 4477 4606 4607 
f 4606 4607 4736 
f 4606 4735 4736 
f 4735 4736 4865 
f 4735 4864 4865 
f 4864 4865 4994 
f 4864 4993 4994 
f 4993 4994 5123 
f 4993 5122 5123 
f 5122 5123 5252 
f 5122 5251 5252 
f 5251 5252 5381 
f 5251 5380 5381 
f 5380 5381 5510 
f 5380 5509 5510 
f 5509 5510 5639 
f 5509 5638 5639 
f 5638 5639 5768 
f 5638 5767 5768 
f 5767 5768 5897 
f 5767 5896 5897 
f 5896 5897 6026 
f 5896 6025 6026 
f 6025 6026 6155 
f 6025 6154 6155 
f 6154 6155 6284 
f 6154 6283 6284 
f 6283 6284 6413 
f 6283 6412 6413 
f 6412 6413 6542 
f 6412 6541 6542 
f 6541 6542 6671 
f 6541 6670 6671 
f 6670 6671 6800 
f 6670 6799 6800 
f 6799 6800 6929 
f 6799 6928 6929 
f 6928 6929 7058 
f 6928 7057 7058 
f 7057 7058 7187 
f 7057 7186 7187 
f 7186 7187 7316 
f 7186 7315 7316 
f 7315 7316 7445 
f 7315 7444 7445 
f 7444 7445 7574 
f 7444 7573 7574 
f 7573 7574 7703 
f 7573 7702 7703 
f 7702 7703 7832 
f 7702 7831 7832 
f 7831 7832 7961 
f 7831 7960 7961 
f 7960 7961 8090 
f 7960 8089 8090 
f 8089 8090 8219 
f 8089 8218 8219 
f 8218 8219 8348 
f 8218 8347 8348 
f 8347 8348 8477 
f 8347 8476 8477 
f 8476 8477 8606 
f 8476 8605 8606 
f 8605 8606 8735 
f 8605 8734 8735 
f 8734 8735 8864 
f 8734 8863 8864 
f 8863 8864 8993 
f 8863 8992 8993 
f 8992 8993 9122 
f 8992 9121 9122 
f 9121 9122 9251 
f 9121 9250 9251 
f 9250 9251 9380 
f 9250 9379 9380 
f 9379 9380 9509 
f 9379 9508 9509 
f 9508 9509 9638 
f 9508 9637 9638 
f 9637 9638 9767 
f 9637 9766 9767 
f 9766 9767 9896 
f 9766 9895 9896 
f 9895 9896 10025 
f 9895 10024 10025 
f 10024 10025 10154 
f 10024 10153 10154 
f 10153 10154 10283 
f 10153 10282 10283 
f 10282 10283 10412 
f 10282 10411 10412 
f 10411 10412 10541 
f 10411 10540 10541 
f 10540 10541 10670 
f 10540 10669 10670 
f 10669 10670 10799 
f 10669 10798 10799 
f 10798 10799 10928 
f 10798 10927 10928 
f 10927 10928 11057 
f 10927 11056 11057 
f 11056 11057 11186 
f 11056 11185 11186 
f 11185 11186 11315 
f 11185 11314 11315 
f 11314 11315 11444 
f 11314 11443 11444 
f 11443 11444 11573 
f 11443 11572 11573 
f 11572 11573 11702 
f 11572 11701 11702 
f 11701 11702 11831 
f 11701 11830 11831 
f 11830 11831 11960 
f 11830 11959 11960 
f 11959 11960 12089 
f 11959 12088 12089 
f 12088 12089 12218 
f 12088 12217 12218 
f 12217 12218 12347 
f 12217 12346 12347 
f 12346 12347 12476 
f 12346 12475 12476 
f 12475 12476 12605 
f 12475 12604 12605 
f 12604 12605 12734 
f 12604 12733 12734 
f 12733 12734 12863 
f 12733 12862 12863 
f 12862 12863 12992 
f 12862 12991 12992 
f 12991 12992 13121 
f 12991 13120 13121 
f 13120 13121 13250 
f 13120 13249 13250 
f 13249 13250 13379 
f 13249 13378 13379 
f 13378 13379 13508 
f 13378 13507 13508 
f 13507 13508 13637 
f 13507 13636 13637 
f 13636 13637 13766 
f 13636 13765 13766 
f 13765 13766 13895 
f 13765 13894 13895 
f 13894 13895 14024 
f 13894 14023 14024 
f 14023 14024 14153 
f 14023 14152 14153 
f 14152 14153 14282 
f 14152 14281 14282 
f 14281 14282 14411 
f 14281 14410 14411 
f 14410 14411 14540 
f 14410 14539 14540 
f 14539 14540 14669 
f 14539 14668 14669 
f 14668 14669 14798 
f 14668 14797 14798 
f 14797 14798 14927 
f 14797 14926 14927 
f 14926 14927 15056 
f 14926 15055 15056 
f 15055 15056 15185 
f 15055 15184 15185 
f 15184 15185 15314 
f 15184 15313 15314 
f 15313 15314 15443 
f 15313 15442 15443 
f 15442 15443 15572 
f 15442 15571 15572 
f 15571 15572 15701 
f 15571 15700 15701 
f 15700 15701 15830 
f 15700 15829 15830 
f 15829 15830 15959 
f 15829 15958 15959 
f 15958 15959 16088 
f 15958 16087 16088 
f 16087 16088 16217 
f 16087 16216 16217 
f 16216 16217 16346 
f 16216 16345 16346 
f 16345 16346 16475 
f 16345 16474 16475 
f 16474 16475 16604 
f 16474 16603 16604 
f 92 93 222 
f 92 221 222 
f 221 222 351 
f 221 350 351 
f 350 351 480 
f 350 479 480 
f 479 480 609 
f 479 608 609 
f 608 609 738 
f 608 737 738 
f 737 738 867 
f 737 866 867 
f 866 867 996 
f 866 995 996 
f 995 996 1125 
f 995 1124 1125 
f 1124 1125 1254 
f 1124 1253 1254 
f 1253 1254 1383 
f 1253 1382 1383 
f 1382 1383 1512 
f 1382 1511 1512 
f 1511 1512 1641 
f 1511 1640 1641 
f 1640 1641 1770 
f 1640 1769 1770 
f 1769 1770 1899 
f 1769 1898 1899 
f 1898 1899 2028 
f 1898 2027 2028 
f 2027 2028 2157 
f 2027 2156 2157 
f 2156 2157 2286 
f 2156 2285 2286 
f 2285 2286 2415 
f 2285 2414 2415 
f 2414 2415 2544 
f 2414 2543 2544 
f 2543 2544 2673 
f 2543 2672 2673 
f 2672 2673 2802 
f 2672 2801 2802 
f 2801 2802 2931 
f 2801 2930 2931 
f 2930 2931 3060 
f 2930 3059 3060 
f 3059 3060 3189 
f 3059 3188 3189 
f 3188 3189 3318 
f 3188 3317 3318 
f 3317 3318 3447 
f 3317 3446 3447 
f 3446 3447 3576 
f 3446 3575 3576 
f 3575 3576 3705 
f 3575 3704 3705 
f 3704 3705 3834 
f 3704 3833 3834 
f 3833 3834 3963 
f 3833 3962 3963 
f 3962 3963 4092 
f 3962 4091 4092 
f 4091 4092 4221 
f 4091 4220 4221 
f 4220 4221 4350 
f 4220 4349 4350 
f 4349 4350 4479 
f 4349 4478 4479 
f 4478 4479 4608 
f 4478 4607 4608 
f 4607 4608 4737 
f 4607 4736 4737 
f 4736 4737 4866 
f 4736 4865 4866 
f 4865 4866 4995 
f 4865 4994 4995 
f 4994 4995 5124 
f 4994 5123 5124 
f 5123 5124 5253 
f 5123 5252 5253 
f 5252 5253 5382 
f 5252 5381 5382 
f 5381 5382 5511 
f 5381 5510 5511 
f 5510 5511 5640 
f 5510 5639 5640 
f 5639 5640 5769 
f 5639 5768 5769 
f 5768 5769 5898 
f 5768 5897 5898 
f 5897 5898 6027 
f 5897 6026 6027 
f 6026 6027 6156 
f 6026 6155 6156 
f 6155 6156 6285 
f 6155 6284 6285 
f 6284 6285 6414 
f 6284 6413 6414 
f 6413 6414 6543 
f 6413 6542 6543 
f 6542 6543 6672 
f 6542 6671 6672 
f 6671 6672 6801 
f 6671 6800 6801 
f 6800 6801 6930 
f 6800 6929 6930 
f 6929 6930 7059 
f 6929 7058 7059 
f 7058 7059 7188 
f 7058 7187 7188 
f 7187 7188 7317 
f 7187 7316 7317 
f 7316 7317 7446 
f 7316 7445 7446 
f 7445 7446 7575 
f 7445 7574 7575 
f 7574 7575 7704 
f 7574 7703 7704 
f 7703 7704 7833 
f 7703 7832 7833 
f 7832 7833 7962 
f 7832 7961 7962 
f 7961 7962 8091 
f 7961 8090 8091 
f 8090 8091 8220 
f 8090 8219 8220 
f 8219 8220 8349 
f 8219 8348 8349 
f 8348 8349 8478 
f 8348 8477 8478 
f 8477 8478 8607 
f 8477 8606 8607 
f 8606 8607 8736 
f 8606 8735 8736 
f 8735 8736 8865 
f 8735 8864 8865 
f 8864 8865 8994 
f 8864 8993 8994 
f 8993 8994 9123 
f 8993 9122 9123 
f 9122 9123 9252 
f 9122 9251 9252 
f 9251 9252 9381 
f 9251 9380 9381 
f 9380 9381 9510 
f 9380 9509 9510 
f 9509 9510 9639 
f 9509 9638 9639 
f 9638 9639 9768 
f 9638 9767 9768 
f 9767 9768 9897 
f 9767 9896 9897 
f 9896 9897 10026 
f 9896 10025 10026 
f 10025 10026 10155 
f 10025 10154 10155 
f 10154 10155 10284 
f 10154 10283 10284 
f 10283 10284 10413 
f 10283 10412 10413 
f 10412 10413 10542 
f 10412 10541 10542 
f 10541 10542 10671 
f 10541 10670 10671 
f 10670 10671 10800 
f 10670 10799 10800 
f 10799 10800 10929 
f 10799 10928 10929 
f 10928 10929 11058 
f 10928 11057 11058 
f 11057 11058 11187 
f 11057 11186 11187 
f 11186 11187 11316 
f 11186 11315 11316 
f 11315 11316 11445 
f 11315 11444 11445 
f 11444 11445 11574 
f 11444 11573 11574 
f 11573 11574 11703 
f 11573 11702 11703 
f 11702 11703 11832 
f 11702 11831 11832 
f 11831 11832 11961 
f 11831 11960 11961 
f 11960 11961 12090 
f 11960 12089 12090 
f 12089 12090 12219 
f 12089 12218 12219 
f 12218 12219 12348 
f 12218 12347 12348 
f 12347 12348 12477 
f 12347 12476 12477 
f 12476 12477 12606 
f 12476 12605 12606 
f 12605 12606 12735 
f 12605 12734 12735 
f 12734 12735 12864 
f 12734 12863 12864 
f 12863 12864 12993 
f 12863 12992 12993 
f 12992 12993 13122 
f 12992 13121 13122 
f 13121 13122 13251 
f 13121 13250 13251 
f 13250 13251 13380 
f 13250 13379 13380 
f 13379 13380 13509 
f 13379 13508 13509 
f 13508 13509 13638 
f 13508 13637 13638 
f 13637 13638 13767 
f 13637 13766 13767 
f 13766 13767 13896 
f 13766 13895 13896 
f 13895 13896 14025 
f 13895 14024 14025 
f 14024 14025 14154 
f 14024 14153 14154 
f 14153 14154 14283 
f 14153 14282 14283 
f 14282 14283 14412 
f 14282 14411 14412 
f 14411 14412 14541 
f 14411 14540 14541 
f 14540 14541 14670 
f 14540 14669 14670 
f 14669 14670 14799 
f 14669 14798 14799 
f 14798 14799 14928 
f 14798 14927 14928 
f 14927 14928 15057 
f 14927 15056 15057 
f 15056 15057 15186 
f 15056 15185 15186 
f 15185 15186 15315 
f 15185 15314 15315 
f 15314 15315 15444 
f 15314 15443 15444 
f 15443 15444 15573 
f 15443 15572 15573 
f 15572 15573 15702 
f 15572 15701 15702 
f 15701 15702 15831 
f 15701 15830 15831 
f 15830 15831 15960 
f 15830 15959 15960 
f 15959 15960 16089 
f 15959 16088 16089 
f 16088 16089 16218 
f 16088 16217 16218 
f 16217 16218 16347 
f 16217 16346 16347 
f 16346 16347 16476 
f 16346 16475 16476 
f 16475 16476 16605 
f 16475 16604 16605 
f 93 94 223 
f 93 222 223 
f 222 223 352 
f 222 351 352 
f 351 352 481 
f 351 480 481 
f 480 481 610 
f 480 609 610 
f 609 610 739 
f 609 738 739 
f 738 739 868 
f 738 867 868 
f 867 868 997 
f 867 996 997 
f 996 997 1126 
f 996 1125 1126 
f 1125 1126 1255 
f 1125 1254 1255 
f 1254 1255 1384 
f 1254 1383 1384 
f 1383 1384 1513 
f 1383 1512 1513 
f 1512 1513 1642 
f 1512 1641 1642 
f 1641 1642 1771 
f 1641 1770 1771 
f 1770 1771 1900 
f 1770 1899 1900 
f 1899 1900 2029 
f 1899 2028 2029 
f 2028 2029 2158 
f 2028 2157 2158 
f 2157 2158 2287 
f 2157 2286 2287 
f 2286 2287 2416 
f 2286 2415 2416 
f 2415 2416 2545 
f 2415 2544 2545 
f 2544 2545 2674 
f 2544 2673 2674 
f 2673 2674 2803 
f 2673 2802 2803 
f 2802 2803 2932 
f 2802 2931 2932 
f 2931 2932 3061 
f 2931 3060 3061 
f 3060 3061 3190 
f 3060 3189 3190 
f 3189 3190 3319 
f 3189 3318 3319 
f 3318 3319 3448 
f 3318 3447 3448 
f 3447 3448 3577 
f 3447 3576 3577 
f 3576 3577 3706 
f 3576 3705 3706 
f 3705 3706 3835 
f 3705 3834 3835 
f 3834 3835 3964 
f 3834 3963 3964 
f 3963 3964 4093 
f 3963 4092 4093 
f 4092 4093 4222 
f 4092 4221 4222 
f 4221 4222 4351 
f 4221 4350 4351 
f 4350 4351 4480 
f 4350 4479 4480 
f 4479 4480 4609 
f 4479 4608 4609 
f 4608 4609 4738 
f 4608 4737 4738 
f 4737 4738 4867 
f 4737 4866 4867 
f 4866 4867 4996 
f 4866 4995 4996 
f 4995 4996 5125 
f 4995 5124 5125 
f 5124 5125 5254 
f 5124 5253 5254 
f 5253 5254 5383 
f 5253 5382 5383 
f 5382 5383 5512 
f 5382 5511 5512 
f 5511 5512 5641 
f 5511 5640 5641 
f 5640 5641 5770 
f 5640 5769 5770 
f 5769 5770 5899 
f 5769 5898 5899 
f 5898 5899 6028 
f 5898 6027 6028 
f 6027 6028 6157 
f 6027 6156 6157 
f 6156 6157 6286 
f 6156 6285 6286 
f 6285 6286 6415 
f 6285 6414 6415 
f 6414 6415 6544 
f 6414 6543 6544 
f 6543 6544 6673 
f 6543 6672 6673 
f 6672 6673 6802 
f 6672 6801 6802 
f 6801 6802 6931 
f 6801 6930 6931 
f 6930 6931 7060 
f 6930 7059 7060 
f 7059 7060 7189 
f 7059 7188 7189 
f 7188 7189 7318 
f 7188 7317 7318 
f 7317 7318 7447 
f 7317 7446 7447 
f 7446 7447 7576 
f 7446 7575 7576 
f 7575 7576 7705 
f 7575 7704 7705 
f 7704 7705 7834 
f 7704 7833 7834 
f 7833 7834 7963 
f 7833 7962 7963 
f 7962 7963 8092 
f 7962 8091 8092 
f 8091 8092 8221 
f 8091 8220 8221 
f 8220 8221 8350 
f 8220 8349 8350 
f 8349 8350 8479 
f 8349 8478 8479 
f 8478 8479 8608 
f 8478 8607 8608 
f 8607 8608 8737 
f 8607 8736 8737 
f 8736 8737 8866 
f 8736 8865 8866 
f 8865 8866 8995 
f 8865 8994 8995 
f 8994 8995 9124 
f 8994 9123 9124 
f 9123 9124 9253 
f 9123 9252 9253 
f 9252 9253 9382 
f 9252 9381 9382 
f 9381 9382 9511 
f 9381 9510 9511 
f 9510 9511 9640 
f 9510 9639 9640 
f 9639 9640 9769 
f 9639 9768 9769 
f 9768 9769 9898 
f 9768 9897 9898 
f 9897 9898 10027 
f 9897 10026 10027 
f 10026 10027 10156 
f 10026 10155 10156 
f 10155 10156 10285 
f 10155 10284 10285 
f 10284 10285 10414 
f 10284 10413 10414 
f 10413 10414 10543 
f 10413 10542 10543 
f 10542 10543 10672 
f 10542 10671 10672 
f 10671 10672 10801 
f 10671 10800 10801 
f 10800 10801 10930 
f 10800 10929 10930 
f 10929 10930 11059 
f 10929 11058 11059 
f 11058 11059 11188 
f 11058 11187 11188 
f 11187 11188 11317 
f 11187 11316 11317 
f 11316 11317 11446 
f 11316 11445 11446 
f 11445 11446 11575 
f 11445 11574 11575 
f 11574 11575 11704 
f 11574 11703 11704 
f 11703 11704 11833 
f 11703 11832 11833 
f 11832 11833 11962 
f 11832 11961 11962 
f 11961 11962 12091 
f 11961 12090 12091 
f 12090 12091 12220 
f 12090 12219 12220 
f 12219 12220 12349 
f 12219 12348 12349 
f 12348 12349 12478 
f 12348 12477 12478 
f 12477 12478 12607 
f 12477 12606 12607 
f 12606 12607 12736 
f 12606 12735 12736 
f 12735 12736 12865 
f 12735 12864 12865 
f 12864 12865 12994 
f 12864 12993 12994 
f 12993 12994 13123 
f 12993 13122 13123 
f 13122 13123 13252 
f 13122 13251 13252 
f 13251 13252 13381 
f 13251 13380 13381 
f 13380 13381 13510 
f 13380 13509 13510 
f 13509 13510 13639 
f 13509 13638 13639 
f 13638 13639 13768 
f 13638 13767 13768 
f 13767 13768 13897 
f 13767 13896 13897 
f 13896 13897 14026 
f 13896 14025 14026 
f 14025 14026 14155 
f 14025 14154 14155 
f 14154 14155 14284 
f 14154 14283 14284 
f 14283 14284 14413 
f 14283 14412 14413 
f 14412 14413 14542 
f 14412 14541 14542 
f 14541 14542 14671 
f 14541 14670 14671 
f 14670 14671 14800 
f 14670 14799 14800 
f 14799 14800 14929 
f 14799 14928 14929 
f 14928 14929 15058 
f 14928 15057 15058 
f 15057 15058 15187 
f 15057 15186 15187 
f 15186 15187 15316 
f 15186 15315 15316 
f 15315 15316 15445 
f 15315 15444 15445 
f 15444 15445 15574 
f 15444 15573 15574 
f 15573 15574 15703 
f 15573 15702 15703 
f 15702 15703 15832 
f 15702 15831 15832 
f 15831 15832 15961 
f 15831 15960 15961 
f 15960 15961 16090 
f 15960 16089 16090 
f 16089 16090 16219 
f 16089 16218 16219 
f 16218 16219 16348 
f 16218 16347 16348 
f 16347 16348 16477 
f 16347 16476 16477 
f 16476 16477 16606 
f 16476 16605 16606 
f 94 95 224 
f 94 223 224 
f 223 224 353 
f 223 352 353 
f 352 353 482 
f 352 481 482 
f 481 482 611 
f 481 610 611 
f 610 611 740 
f 610 739 740 
f 739 740 869 
f 739 868 869 
f 868 869 998 
f 868 997 998 
f 997 998 1127 
f 997 1126 1127 
f 1126 1127 1256 
f 1126 1255 1256 
f 1255 1256 1385 
f 1255 1384 1385 
f 1384 1385 1514 
f 1384 1513 1514 
f 1513 1514 1643 
f 1513 1642 1643 
f 1642 1643 1772 
f 1642 1771 1772 
f 1771 1772 1901 
f 1771 1900 1901 
f 1900 1901 2030 
f 1900 2029 2030 
f 2029 2030 2159 
f 2029 2158 2159 
f 2158 2159 2288 
f 2158 2287 2288 
f 2287 2288 2417 
f 2287 2416 2417 
f 2416 2417 2546 
f 2416 2545 2546 
f 2545 2546 2675 
f 2545 2674 2675 
f 2674 2675 2804 
f 2674 2803 2804 
f 2803 2804 2933 
f 2803 2932 2933 
f 2932 2933 3062 
f 2932 3061 3062 
f 3061 3062 3191 
f 3061 3190 3191 
f 3190 3191 3320 
f 3190 3319 3320 
f 3319 3320 3449 
f 3319 3448 3449 
f 3448 3449 3578 
f 3448 3577 3578 
f 3577 3578 3707 
f 3577 3706 3707 
f 3706 3707 3836 
f 3706 3835 3836 
f 3835 3836 3965 
f 3835 3964 3965 
f 3964 3965 4094 
f 3964 4093 4094 
f 4093 4094 4223 
f 4093 4222 4223 
f 4222 4223 4352 
f 4222 4351 4352 
f 4351 4352 4481 
f 4351 4480 4481 
f 4480 4481 4610 
f 4480 4609 4610 
f 4609 4610 4739 
f 4609 4738 4739 
f 4738 4739 4868 
f 4738 4867 4868 
f 4867 4868 4997 
f 4867 4996 4997 
f 4996 4997 5126 
f 4996 5125 5126 
f 5125 5126 5255 
f 5125 5254 5255 
f 5254 5255 5384 
f 5254 5383 5384 
f 5383 5384 5513 
f 5383 5512 5513 
f 5512 5513 5642 
f 5512 5641 5642 
f 5641 5642 5771 
f 5641 5770 5771 
f 5770 5771 5900 
f 5770 5899 5900 
f 5899 5900 6029 
f 5899 6028 6029 
f 6028 6029 6158 
f 6028 6157 6158 
f 6157 6158 6287 
f 6157 6286 6287 
f 6286 6287 6416 
f 6286 6415 6416 
f 6415 6416 6545 
f 6415 6544 6545 
f 6544 6545 6674 
f 6544 6673 6674 
f 6673 6674 6803 
f 6673 6802 6803 
f 6802 6803 6932 
f 6802 6931 6932 
f 6931 6932 7061 
f 6931 7060 7061 
f 7060 7061 7190 
f 7060 7189 7190 
f 7189 7190 7319 
f 7189 7318 7319 
f 7318 7319 7448 
f 7318 7447 7448 
f 7447 7448 7577 
f 7447 7576 7577 
f 7576 7577 7706 
f 7576 7705 7706 
f 7705 7706 7835 
f 7705 7834 7835 
f 7834 7835 7964 
f 7834 7963 7964 
f 7963 7964 8093 
f 7963 8092 8093 
f 8092 8093 8222 
f 8092 8221 8222 
f 8221 8222 8351 
f 8221 8350 8351 
f 8350 8351 8480 
f 8350 8479 8480 
f 8479 8480 8609 
f 8479 8608 8609 
f 8608 8609 8738 
f 8608 8737 8738 
f 8737 8738 8867 
f 8737 8866 8867 
f 8866 8867 8996 
f 8866 8995 8996 
f 8995 8996 9125 
f 8995 9124 9125 
f 9124 9125 9254 
f 9124 9253 9254 
f 9253 9254 9383 
f 9253 9382 9383 
f 9382 9383 9512 
f 9382 9511 9512 
f 9511 9512 9641 
f 9511 9640 9641 
f 9640 9641 9770 
f 9640 9769 9770 
f 9769 9770 9899 
f 9769 9898 9899 
f 9898 9899 10028 
f 9898 10027 10028 
f 10027 10028 10157 
f 10027 10156 10157 
f 10156 10157 10286 
f 10156 10285 10286 
f 10285 10286 10415 
f 10285 10414 10415 
f 10414 10415 10544 
f 10414 10543 10544 
f 10543 10544 10673 
f 10543 10672 10673 
f 10672 10673 10802 
f 10672 10801 10802 
f 10801 10802 10931 
f 10801 10930 10931 
f 10930 10931 11060 
f 10930 11059 11060 
f 11059 11060 11189 
f 11059 11188 11189 
f 11188 11189 11318 
f 11188 11317 11318 
f 11317 11318 11447 
f 11317 11446 11447 
f 11446 11447 11576 
f 11446 11575 11576 
f 11575 11576 11705 
f 11575 11704 11705 
f 11704 11705 11834 
f 11704 11833 11834 
f 11833 11834 11963 
f 11833 11962 11963 
f 11962 11963 12092 
f 11962 12091 12092 
f 12091 12092 12221 
f 12091 12220 12221 
f 12220 12221 12350 
f 12220 12349 12350 
f 12349 12350 12479 
f 12349 12478 12479 
f 12478 12479 12608 
f 12478 12607 12608 
f 12607 12608 12737 
f 12607 12736 12737 
f 12736 12737 12866 
f 12736 12865 12866 
f 12865 12866 12995 
f 12865 12994 12995 
f 12994 12995 13124 
f 12994 13123 13124 
f 13123 13124 13253 
f 13123 13252 13253 
f 13252 13253 13382 
f 13252 13381 13382 
f 13381 13382 13511 
f 13381 13510 13511 
f 13510 13511 13640 
f 13510 13639 13640 
f 13639 13640 13769 
f 13639 13768 13769 
f 13768 13769 13898 
f 13768 13897 13898 
f 13897 13898 14027 
f 13897 14026 14027 
f 14026 14027 14156 
f 14026 14155 14156 
f 14155 14156 14285 
f 14155 14284 14285 
f 14284 14285 14414 
f 14284 14413 14414 
f 14413 14414 14543 
f 14413 14542 14543 
f 14542 14543 14672 
f 14542 14671 14672 
f 14671 14672 14801 
f 14671 14800 14801 
f 14800 14801 14930 
f 14800 14929 14930 
f 14929 14930 15059 
f 14929 15058 15059 
f 15058 15059 15188 
f 15058 15187 15188 
f 15187 15188 15317 
f 15187 15316 15317 
f 15316 15317 15446 
f 15316 15445 15446 
f 15445 15446 15575 
f 15445 15574 15575 
f 15574 15575 15704 
f 15574 15703 15704 
f 15703 15704 15833 
f 15703 15832 15833 
f 15832 15833 15962 
f 15832 15961 15962 
f 15961 15962 16091 
f 15961 16090 16091 
f 16090 16091 16220 
f 16090 16219 16220 
f 16219 16220 16349 
f 16219 16348 16349 
f 16348 16349 16478 
f 16348 16477 16478 
f 16477 16478 16607 
f 16477 16606 16607 
f 95 96 225 
f 95 224 225 
f 224 225 354 
f 224 353 354 
f 353 354 483 
f 353 482 483 
f 482 483 612 
f 482 611 612 
f 611 612 741 
f 611 740 741 
f 740 741 870 
f 740 869 870 
f 869 870 999 
f 869 998 999 
f 998 999 1128 
f 998 1127 1128 
f 1127 1128 1257 
f 1127 1256 1257 
f 1256 1257 1386 
f 1256 1385 1386 
f 1385 1386 1515 
f 1385 1514 1515 
f 1514 1515 1644 
f 1514 1643 1644 
f 1643 1644 1773 
f 1643 1772 1773 
f 1772 1773 1902 
f 1772 1901 1902 
f 1901 1902 2031 
f 1901 2030 2031 
f 2030 2031 2160 
f 2030 2159 2160 
f 2159 2160 2289 
f 2159 2288 2289 
f 2288 2289 2418 
f 2288 2417 2418 
f 2417 2418 2547 
f 2417 2546 2547 
f 2546 2547 2676 
f 2546 2675 2676 
f 2675 2676 2805 
f 2675 2804 2805 
f 2804 2805 2934 
f 2804 2933 2934 
f 2933 2934 3063 
f 2933 3062 3063 
f 3062 3063 3192 
f 3062 3191 3192 
f 3191 3192 3321 
f 3191 3320 3321 
f 3320 3321 3450 
f 3320 3449 3450 
f 3449 3450 3579 
f 3449 3578 3579 
f 3578 3579 3708 
f 3578 3707 3708 
f 3707 3708 3837 
f 3707 3836 3837 
f 3836 3837 3966 
f 3836 3965 3966 
f 3965 3966 4095 
f 3965 4094 4095 
f 4094 4095 4224 
f 4094 4223 4224 
f 4223 4224 4353 
f 4223 4352 4353 
f 4352 4353 4482 
f 4352 4481 4482 
f 4481 4482 4611 
f 4481 4610 4611 
f 4610 4611 4740 
f 4610 4739 4740 
f 4739 4740 4869 
f 4739 4868 4869 
f 4868 4869 4998 
f 4868 4997 4998 
f 4997 4998 5127 
f 4997 5126 5127 
f 5126 5127 5256 
f 5126 5255 5256 
f 5255 5256 5385 
f 5255 5384 5385 
f 5384 5385 5514 
f 5384 5513 5514 
f 5513 5514 5643 
f 5513 5642 5643 
f 5642 5643 5772 
f 5642 5771 5772 
f 5771 5772 5901 
f 5771 5900 5901 
f 5900 5901 6030 
f 5900 6029 6030 
f 6029 6030 6159 
f 6029 6158 6159 
f 6158 6159 6288 
f 6158 6287 6288 
f 6287 6288 6417 
f 6287 6416 6417 
f 6416 6417 6546 
f 6416 6545 6546 
f 6545 6546 6675 
f 6545 6674 6675 
f 6674 6675 6804 
f 6674 6803 6804 
f 6803 6804 6933 
f 6803 6932 6933 
f 6932 6933 7062 
f 6932 7061 7062 
f 7061 7062 7191 
f 7061 7190 7191 
f 7190 7191 7320 
f 7190 7319 7320 
f 7319 7320 7449 
f 7319 7448 7449 
f 7448 7449 7578 
f 7448 7577 7578 
f 7577 7578 7707 
f 7577 7706 7707 
f 7706 7707 7836 
f 7706 7835 7836 
f 7835 7836 7965 
f 7835 7964 7965 
f 7964 7965 8094 
f 7964 8093 8094 
f 8093 8094 8223 
f 8093 8222 8223 
f 8222 8223 8352 
f 8222 8351 8352 
f 8351 8352 8481 
f 8351 8480 8481 
f 8480 8481 8610 
f 8480 8609 8610 
f 8609 8610 8739 
f 8609 8738 8739 
f 8738 8739 8868 
f 8738 8867 8868 
f 8867 8868 8997 
f 8867 8996 8997 
f 8996 8997 9126 
f 8996 9125 9126 
f 9125 9126 9255 
f 9125 9254 9255 
f 9254 9255 9384 
f 9254 9383 9384 
f 9383 9384 9513 
f 9383 9512 9513 
f 9512 9513 9642 
f 9512 9641 9642 
f 9641 9642 9771 
f 9641 9770 9771 
f 9770 9771 9900 
f 9770 9899 9900 
f 9899 9900 10029 
f 9899 10028 10029 
f 10028 10029 10158 
f 10028 10157 10158 
f 10157 10158 10287 
f 10157 10286 10287 
f 10286 10287 10416 
f 10286 10415 10416 
f 10415 10416 10545 
f 10415 10544 10545 
f 10544 10545 10674 
f 10544 10673 10674 
f 10673 10674 10803 
f 10673 10802 10803 
f 10802 10803 10932 
f 10802 10931 10932 
f 10931 10932 11061 
f 10931 11060 11061 
f 11060 11061 11190 
f 11060 11189 11190 
f 11189 11190 11319 
f 11189 11318 11319 
f 11318 11319 11448 
f 11318 11447 11448 
f 11447 11448 11577 
f 11447 11576 11577 
f 11576 11577 11706 
f 11576 11705 11706 
f 11705 11706 11835 
f 11705 11834 11835 
f 11834 11835 11964 
f 11834 11963 11964 
f 11963 11964 12093 
f 11963 12092 12093 
f 12092 12093 12222 
f 12092 12221 12222 
f 12221 12222 12351 
f 12221 12350 12351 
f 12350 12351 12480 
f 12350 12479 12480 
f 12479 12480 12609 
f 12479 12608 12609 
f 12608 12609 12738 
f 12608 12737 12738 
f 12737 12738 12867 
f 12737 12866 12867 
f 12866 12867 12996 
f 12866 12995 12996 
f 12995 12996 13125 
f 12995 13124 13125 
f 13124 13125 13254 
f 13124 13253 13254 
f 13253 13254 13383 
f 13253 13382 13383 
f 13382 13383 13512 
f 13382 13511 13512 
f 13511 13512 13641 
f 13511 13640 13641 
f 13640 13641 13770 
f 13640 13769 13770 
f 13769 13770 13899 
f 13769 13898 13899 
f 13898 13899 14028 
f 13898 14027 14028 
f 14027 14028 14157 
f 14027 14156 14157 
f 14156 14157 14286 
f 14156 14285 14286 
f 14285 14286 14415 
f 14285 14414 14415 
f 14414 14415 14544 
f 14414 14543 14544 
f 14543 14544 14673 
f 14543 14672 14673 
f 14672 14673 14802 
f 14672 14801 14802 
f 14801 14802 14931 
f 14801 14930 14931 
f 14930 14931 15060 
f 14930 15059 15060 
f 15059 15060 15189 
f 15059 15188 15189 
f 15188 15189 15318 
f 15188 15317 15318 
f 15317 15318 15447 
f 15317 15446 15447 
f 15446 15447 15576 
f 15446 15575 15576 
f 15575 15576 15705 
f 15575 15704 15705 
f 15704 15705 15834 
f 15704 15833 15834 
f 15833 15834 15963 
f 15833 15962 15963 
f 15962 15963 16092 
f 15962 16091 16092 
f 16091 16092 16221 
f 16091 16220 16221 
f 16220 16221 16350 
f 16220 16349 16350 
f 16349 16350 16479 
f 16349 16478 16479 
f 16478 16479 16608 
f 16478 16607 16608 
f 96 97 226 
f 96 225 226 
f 225 226 355 
f 225 354 355 
f 354 355 484 
f 354 483 484 
f 483 484 613 
f 483 612 613 
f 612 613 742 
f 612 741 742 
f 741 742 871 
f 741 870 871 
f 870 871 1000 
f 870 999 1000 
f 999 1000 1129 
f 999 1128 1129 
f 1128 1129 1258 
f 1128 1257 1258 
f 1257 1258 1387 
f 1257 1386 1387 
f 1386 1387 1516 
f 1386 1515 1516 
f 1515 1516 1645 
f 1515 1644 1645 
f 1644 1645 1774 
f 1644 1773 1774 
f 1773 1774 1903 
f 1773 1902 1903 
f 1902 1903 2032 
f 1902 2031 2032 
f 2031 2032 2161 
f 2031 2160 2161 
f 2160 2161 2290 
f 2160 2289 2290 
f 2289 2290 2419 
f 2289 2418 2419 
f 2418 2419 2548 
f 2418 2547 2548 
f 2547 2548 2677 
f 2547 2676 2677 
f 2676 2677 2806 
f 2676 2805 2806 
f 2805 2806 2935 
f 2805 2934 2935 
f 2934 2935 3064 
f 2934 3063 3064 
f 3063 3064 3193 
f 3063 3192 3193 
f 3192 3193 3322 
f 3192 3321 3322 
f 3321 3322 3451 
f 3321 3450 3451 
f 3450 3451 3580 
f 3450 3579 3580 
f 3579 3580 3709 
f 3579 3708 3709 
f 3708 3709 3838 
f 3708 3837 3838 
f 3837 3838 3967 
f 3837 3966 3967 
f 3966 3967 4096 
f 3966 4095 4096 
f 4095 4096 4225 
f 4095 4224 4225 
f 4224 4225 4354 
f 4224 4353 4354 
f 4353 4354 4483 
f 4353 4482 4483 
f 4482 4483 4612 
f 4482 4611 4612 
f 4611 4612 4741 
f 4611 4740 4741 
f 4740 4741 4870 
f 4740 4869 4870 
f 4869 4870 4999 
f 4869 4998 4999 
f 4998 4999 5128 
f 4998 5127 5128 
f 5127 5128 5257 
f 5127 5256 5257 
f 5256 5257 5386 
f 5256 5385 5386 
f 5385 5386 5515 
f 5385 5514 5515 
f 5514 5515 5644 
f 5514 5643 5644 
f 5643 5644 5773 
f 5643 5772 5773 
f 5772 5773 5902 
f 5772 5901 5902 
f 5901 5902 6031 
f 5901 6030 6031 
f 6030 6031 6160 
f 6030 6159 6160 
f 6159 6160 6289 
f 6159 6288 6289 
f 6288 6289 6418 
f 6288 6417 6418 
f 6417 6418 6547 
f 6417 6546 6547 
f 6546 6547 6676 
f 6546 6675 6676 
f 6675 6676 6805 
f 6675 6804 6805 
f 6804 6805 6934 
f 6804 6933 6934 
f 6933 6934 7063 
f 6933 7062 7063 
f 7062 7063 7192 
f 7062 7191 7192 
f 7191 7192 7321 
f 7191 7320 7321 
f 7320 7321 7450 
f 7320 7449 7450 
f 7449 7450 7579 
f 7449 7578 7579 
f 7578 7579 7708 
f 7578 7707 7708 
f 7707 7708 7837 
f 7707 7836 7837 
f 7836 7837 7966 
f 7836 7965 7966 
f 7965 7966 8095 
f 7965 8094 8095 
f 8094 8095 8224 
f 8094 8223 8224 
f 8223 8224 8353 
f 8223 8352 8353 
f 8352 8353 8482 
f 8352 8481 8482 
f 8481 8482 8611 
f 8481 8610 8611 
f 8610 8611 8740 
f 8610 8739 8740 
f 8739 8740 8869 
f 8739 8868 8869 
f 8868 8869 8998 
f 8868 8997 8998 
f 8997 8998 9127 
f 8997 9126 9127 
f 9126 9127 9256 
f 9126 9255 9256 
f 9255 9256 9385 
f 9255 9384 9385 
f 9384 9385 9514 
f 9384 9513 9514 
f 9513 9514 9643 
f 9513 9642 9643 
f 9642 9643 9772 
f 9642 9771 9772 
f 9771 9772 9901 
f 9771 9900 9901 
f 9900 9901 10030 
f 9900 10029 10030 
f 10029 10030 10159 
f 10029 10158 10159 
f 10158 10159 10288 
f 10158 10287 10288 
f 10287 10288 10417 
f 10287 10416 10417 
f 10416 10417 10546 
f 10416 10545 10546 
f 10545 10546 10675 
f 10545 10674 10675 
f 10674 10675 10804 
f 10674 10803 10804 
f 10803 10804 10933 
f 10803 10932 10933 
f 10932 10933 11062 
f 10932 11061 11062 
f 11061 11062 11191 
f 11061 11190 11191 
f 11190 11191 11320 
f 11190 11319 11320 
f 11319 11320 11449 
f 11319 11448 11449 
f 11448 11449 11578 
f 11448 11577 11578 
f 11577 11578 11707 
f 11577 11706 11707 
f 11706 11707 11836 
f 11706 11835 11836 
f 11835 11836 11965 
f 11835 11964 11965 
f 11964 11965 12094 
f 11964 12093 12094 
f 12093 12094 12223 
f 12093 12222 12223 
f 12222 12223 12352 
f 12222 12351 12352 
f 12351 12352 12481 
f 12351 12480 12481 
f 12480 12481 12610 
f 12480 12609 12610 
f 12609 12610 12739 
f 12609 12738 12739 
f 12738 12739 12868 
f 12738 12867 12868 
f 12867 12868 12997 
f 12867 12996 12997 
f 12996 12997 13126 
f 12996 13125 13126 
f 13125 13126 13255 
f 13125 13254 13255 
f 13254 13255 13384 
f 13254 13383 13384 
f 13383 13384 13513 
f 13383 13512 13513 
f 13512 13513 13642 
f 13512 13641 13642 
f 13641 13642 13771 
f 13641 13770 13771 
f 13770 13771 13900 
f 13770 13899 13900 
f 13899 13900 14029 
f 13899 14028 14029 
f 14028 14029 14158 
f 14028 14157 14158 
f 14157 14158 14287 
f 14157 14286 14287 
f 14286 14287 14416 
f 14286 14415 14416 
f 14415 14416 14545 
f 14415 14544 14545 
f 14544 14545 14674 
f 14544 14673 14674 
f 14673 14674 14803 
f 14673 14802 14803 
f 14802 14803 14932 
f 14802 14931 14932 
f 14931 14932 15061 
f 14931 15060 15061 
f 15060 15061 15190 
f 15060 15189 15190 
f 15189 15190 15319 
f 15189 15318 15319 
f 15318 15319 15448 
f 15318 15447 15448 
f 15447 15448 15577 
f 15447 15576 15577 
f 15576 15577 15706 
f 15576 15705 15706 
f 15705 15706 15835 
f 15705 15834 15835 
f 15834 15835 15964 
f 15834 15963 15964 
f 15963 15964 16093 
f 15963 16092 16093 
f 16092 16093 16222 
f 16092 16221 16222 
f 16221 16222 16351 
f 16221 16350 16351 
f 16350 16351 16480 
f 16350 16479 16480 
f 16479 16480 16609 
f 16479 16608 16609 
f 97 98 227 
f 97 226 227 
f 226 227 356 
f 226 355 356 
f 355 356 485 
f 355 484 485 
f 484 485 614 
f 484 613 614 
f 613 614 743 
f 613 742 743 
f 742 743 872 
f 742 871 872 
f 871 872 1001 
f 871 1000 1001 
f 1000 1001 1130 
f 1000 1129 1130 
f 1129 1130 1259 
f 1129 1258 1259 
f 1258 1259 1388 
f 1258 1387 1388 
f 1387 1388 1517 
f 1387 1516 1517 
f 1516 1517 1646 
f 1516 1645 1646 
f 1645 1646 1775 
f 1645 1774 1775 
f 1774 1775 1904 
f 1774 1903 1904 
f 1903 1904 2033 
f 1903 2032 2033 
f 2032 2033 2162 
f 2032 2161 2162 
f 2161 2162 2291 
f 2161 2290 2291 
f 2290 2291 2420 
f 2290 2419 2420 
f 2419 2420 2549 
f 2419 2548 2549 
f 2548 2549 2678 
f 2548 2677 2678 
f 2677 2678 2807 
f 2677 2806 2807 
f 2806 2807 2936 
f 2806 2935 2936 
f 2935 2936 3065 
f 2935 3064 3065 
f 3064 3065 3194 
f 3064 3193 3194 
f 3193 3194 3323 
f 3193 3322 3323 
f 3322 3323 3452 
f 3322 3451 3452 
f 3451 3452 3581 
f 3451 3580 3581 
f 3580 3581 3710 
f 3580 3709 3710 
f 3709 3710 3839 
f 3709 3838 3839 
f 3838 3839 3968 
f 3838 3967 3968 
f 3967 3968 4097 
f 3967 4096 4097 
f 4096 4097 4226 
f 4096 4225 4226 
f 4225 4226 4355 
f 4225 4354 4355 
f 4354 4355 4484 
f 4354 4483 4484 
f 4483 4484 4613 
f 4483 4612 4613 
f 4612 4613 4742 
f 4612 4741 4742 
f 4741 4742 4871 
f 4741 4870 4871 
f 4870 4871 5000 
f 4870 4999 5000 
f 4999 5000 5129 
f 4999 5128 5129 
f 5128 5129 5258 
f 5128 5257 5258 
f 5257 5258 5387 
f 5257 5386 5387 
f 5386 5387 5516 
f 5386 5515 5516 
f 5515 5516 5645 
f 5515 5644 5645 
f 5644 5645 5774 
f 5644 5773 5774 
f 5773 5774 5903 
f 5773 5902 5903 
f 5902 5903 6032 
f 5902 6031 6032 
f 6031 6032 6161 
f 6031 6160 6161 
f 6160 6161 6290 
f 6160 6289 6290 
f 6289 6290 6419 
f 6289 6418 6419 
f 6418 6419 6548 
f 6418 6547 6548 
f 6547 6548 6677 
f 6547 6676 6677 
f 6676 6677 6806 
f 6676 6805 6806 
f 6805 6806 6935 
f 6805 6934 6935 
f 6934 6935 7064 
f 6934 7063 7064 
f 7063 7064 7193 
f 7063 7192 7193 
f 7192 7193 7322 
f 7192 7321 7322 
f 7321 7322 7451 
f 7321 7450 7451 
f 7450 7451 7580 
f 7450 7579 7580 
f 7579 7580 7709 
f 7579 7708 7709 
f 7708 7709 7838 
f 7708 7837 7838 
f 7837 7838 7967 
f 7837 7966 7967 
f 7966 7967 8096 
f 7966 8095 8096 
f 8095 8096 8225 
f 8095 8224 8225 
f 8224 8225 8354 
f 8224 8353 8354 
f 8353 8354 8483 
f 8353 8482 8483 
f 8482 8483 8612 
f 8482 8611 8612 
f 8611 8612 8741 
f 8611 8740 8741 
f 8740 8741 8870 
f 8740 8869 8870 
f 8869 8870 8999 
f 8869 8998 8999 
f 8998 8999 9128 
f 8998 9127 9128 
f 9127 9128 9257 
f 9127 9256 9257 
f 9256 9257 9386 
f 9256 9385 9386 
f 9385 9386 9515 
f 9385 9514 9515 
f 9514 9515 9644 
f 9514 9643 9644 
f 9643 9644 9773 
f 9643 9772 9773 
f 9772 9773 9902 
f 9772 9901 9902 
f 9901 9902 10031 
f 9901 10030 10031 
f 10030 10031 10160 
f 10030 10159 10160 
f 10159 10160 10289 
f 10159 10288 10289 
f 10288 10289 10418 
f 10288 10417 10418 
f 10417 10418 10547 
f 10417 10546 10547 
f 10546 10547 10676 
f 10546 10675 10676 
f 10675 10676 10805 
f 10675 10804 10805 
f 10804 10805 10934 
f 10804 10933 10934 
f 10933 10934 11063 
f 10933 11062 11063 
f 11062 11063 11192 
f 11062 11191 11192 
f 11191 11192 11321 
f 11191 11320 11321 
f 11320 11321 11450 
f 11320 11449 11450 
f 11449 11450 11579 
f 11449 11578 11579 
f 11578 11579 11708 
f 11578 11707 11708 
f 11707 11708 11837 
f 11707 11836 11837 
f 11836 11837 11966 
f 11836 11965 11966 
f 11965 11966 12095 
f 11965 12094 12095 
f 12094 12095 12224 
f 12094 12223 12224 
f 12223 12224 12353 
f 12223 12352 12353 
f 12352 12353 12482 
f 12352 12481 12482 
f 12481 12482 12611 
f 12481 12610 12611 
f 12610 12611 12740 
f 12610 12739 12740 
f 12739 12740 12869 
f 12739 12868 12869 
f 12868 12869 12998 
f 12868 12997 12998 
f 12997 12998 13127 
f 12997 13126 13127 
f 13126 13127 13256 
f 13126 13255 13256 
f 13255 13256 13385 
f 13255 13384 13385 
f 13384 13385 13514 
f 13384 13513 13514 
f 13513 13514 13643 
f 13513 13642 13643 
f 13642 13643 13772 
f 13642 13771 13772 
f 13771 13772 13901 
f 13771 13900 13901 
f 13900 13901 14030 
f 13900 14029 14030 
f 14029 14030 14159 
f 14029 14158 14159 
f 14158 14159 14288 
f 14158 14287 14288 
f 14287 14288 14417 
f 14287 14416 14417 
f 14416 14417 14546 
f 14416 14545 14546 
f 14545 14546 14675 
f 14545 14674 14675 
f 14674 14675 14804 
f 14674 14803 14804 
f 14803 14804 14933 
f 14803 14932 14933 
f 14932 14933 15062 
f 14932 15061 15062 
f 15061 15062 15191 
f 15061 15190 15191 
f 15190 15191 15320 
f 15190 15319 15320 
f 15319 15320 15449 
f 15319 15448 15449 
f 15448 15449 15578 
f 15448 15577 15578 
f 15577 15578 15707 
f 15577 15706 15707 
f 15706 15707 15836 
f 15706 15835 15836 
f 15835 15836 15965 
f 15835 15964 15965 
f 15964 15965 16094 
f 15964 16093 16094 
f 16093 16094 16223 
f 16093 16222 16223 
f 16222 16223 16352 
f 16222 16351 16352 
f 16351 16352 16481 
f 16351 16480 16481 
f 16480 16481 16610 
f 16480 16609 16610 
f 98 99 228 
f 98 227 228 
f 227 228 357 
f 227 356 357 
f 356 357 486 
f 356 485 486 
f 485 486 615 
f 485 614 615 
f 614 615 744 
f 614 743 744 
f 743 744 873 
f 743 872 873 
f 872 873 1002 
f 872 1001 1002 
f 1001 1002 1131 
f 1001 1130 1131 
f 1130 1131 1260 
f 1130 1259 1260 
f 1259 1260 1389 
f 1259 1388 1389 
f 1388 1389 1518 
f 1388 1517 1518 
f 1517 1518 1647 
f 1517 1646 1647 
f 1646 1647 1776 
f 1646 1775 1776 
f 1775 1776 1905 
f 1775 1904 1905 
f 1904 1905 2034 
f 1904 2033 2034 
f 2033 2034 2163 
f 2033 2162 2163 
f 2162 2163 2292 
f 2162 2291 2292 
f 2291 2292 2421 
f 2291 2420 2421 
f 2420 2421 2550 
f 2420 2549 2550 
f 2549 2550 2679 
f 2549 2678 2679 
f 2678 2679 2808 
f 2678 2807 2808 
f 2807 2808 2937 
f 2807 2936 2937 
f 2936 2937 3066 
f 2936 3065 3066 
f 3065 3066 3195 
f 3065 3194 3195 
f 3194 3195 3324 
f 3194 3323 3324 
f 3323 3324 3453 
f 3323 3452 3453 
f 3452 3453 3582 
f 3452 3581 3582 
f 3581 3582 3711 
f 3581 3710 3711 
f 3710 3711 3840 
f 3710 3839 3840 
f 3839 3840 3969 
f 3839 3968 3969 
f 3968 3969 4098 
f 3968 4097 4098 
f 4097 4098 4227 
f 4097 4226 4227 
f 4226 4227 4356 
f 4226 4355 4356 
f 4355 4356 4485 
f 4355 4484 4485 
f 4484 4485 4614 
f 4484 4613 4614 
f 4613 4614 4743 
f 4613 4742 4743 
f 4742 4743 4872 
f 4742 4871 4872 
f 4871 4872 5001 
f 4871 5000 5001 
f 5000 5001 5130 
f 5000 5129 5130 
f 5129 5130 5259 
f 5129 5258 5259 
f 5258 5259 5388 
f 5258 5387 5388 
f 5387 5388 5517 
f 5387 5516 5517 
f 5516 5517 5646 
f 5516 5645 5646 
f 5645 5646 5775 
f 5645 5774 5775 
f 5774 5775 5904 
f 5774 5903 5904 
f 5903 5904 6033 
f 5903 6032 6033 
f 6032 6033 6162 
f 6032 6161 6162 
f 6161 6162 6291 
f 6161 6290 6291 
f 6290 6291 6420 
f 6290 6419 6420 
f 6419 6420 6549 
f 6419 6548 6549 
f 6548 6549 6678 
f 6548 6677 6678 
f 6677 6678 6807 
f 6677 6806 6807 
f 6806 6807 6936 
f 6806 6935 6936 
f 6935 6936 7065 
f 6935 7064 7065 
f 7064 7065 7194 
f 7064 7193 7194 
f 7193 7194 7323 
f 7193 7322 7323 
f 7322 7323 7452 
f 7322 7451 7452 
f 7451 7452 7581 
f 7451 7580 7581 
f 7580 7581 7710 
f 7580 7709 7710 
f 7709 7710 7839 
f 7709 7838 7839 
f 7838 7839 7968 
f 7838 7967 7968 
f 7967 7968 8097 
f 7967 8096 8097 
f 8096 8097 8226 
f 8096 8225 8226 
f 8225 8226 8355 
f 8225 8354 8355 
f 8354 8355 8484 
f 8354 8483 8484 
f 8483 8484 8613 
f 8483 8612 8613 
f 8612 8613 8742 
f 8612 8741 8742 
f 8741 8742 8871 
f 8741 8870 8871 
f 8870 8871 9000 
f 8870 8999 9000 
f 8999 9000 9129 
f 8999 9128 9129 
f 9128 9129 9258 
f 9128 9257 9258 
f 9257 9258 9387 
f 9257 9386 9387 
f 9386 9387 9516 
f 9386 9515 9516 
f 9515 9516 9645 
f 9515 9644 9645 
f 9644 9645 9774 
f 9644 9773 9774 
f 9773 9774 9903 
f 9773 9902 9903 
f 9902 9903 10032 
f 9902 10031 10032 
f 10031 10032 10161 
f 10031 10160 10161 
f 10160 10161 10290 
f 10160 10289 10290 
f 10289 10290 10419 
f 10289 10418 10419 
f 10418 10419 10548 
f 10418 10547 10548 
f 10547 10548 10677 
f 10547 10676 10677 
f 10676 10677 10806 
f 10676 10805 10806 
f 10805 10806 10935 
f 10805 10934 10935 
f 10934 10935 11064 
f 10934 11063 11064 
f 11063 11064 11193 
f 11063 11192 11193 
f 11192 11193 11322 
f 11192 11321 11322 
f 11321 11322 11451 
f 11321 11450 11451 
f 11450 11451 11580 
f 11450 11579 11580 
f 11579 11580 11709 
f 11579 11708 11709 
f 11708 11709 11838 
f 11708 11837 11838 
f 11837 11838 11967 
f 11837 11966 11967 
f 11966 11967 12096 
f 11966 12095 12096 
f 12095 12096 12225 
f 12095 12224 12225 
f 12224 12225 12354 
f 12224 12353 12354 
f 12353 12354 12483 
f 12353 12482 12483 
f 12482 12483 12612 
f 12482 12611 12612 
f 12611 12612 12741 
f 12611 12740 12741 
f 12740 12741 12870 
f 12740 12869 12870 
f 12869 12870 12999 
f 12869 12998 12999 
f 12998 12999 13128 
f 12998 13127 13128 
f 13127 13128 13257 
f 13127 13256 13257 
f 13256 13257 13386 
f 13256 13385 13386 
f 13385 13386 13515 
f 13385 13514 13515 
f 13514 13515 13644 
f 13514 13643 13644 
f 13643 13644 13773 
f 13643 13772 13773 
f 13772 13773 13902 
f 13772 13901 13902 
f 13901 13902 14031 
f 13901 14030 14031 
f 14030 14031 14160 
f 14030 14159 14160 
f 14159 14160 14289 
f 14159 14288 14289 
f 14288 14289 14418 
f 14288 14417 14418 
f 14417 14418 14547 
f 14417 14546 14547 
f 14546 14547 14676 
f 14546 14675 14676 
f 14675 14676 14805 
f 14675 14804 14805 
f 14804 14805 14934 
f 14804 14933 14934 
f 14933 14934 15063 
f 14933 15062 15063 
f 15062 15063 15192 
f 15062 15191 15192 
f 15191 15192 15321 
f 15191 15320 15321 
f 15320 15321 15450 
f 15320 15449 15450 
f 15449 15450 15579 
f 15449 15578 15579 
f 15578 15579 15708 
f 15578 15707 15708 
f 15707 15708 15837 
f 15707 15836 15837 
f 15836 15837 15966 
f 15836 15965 15966 
f 15965 15966 16095 
f 15965 16094 16095 
f 16094 16095 16224 
f 16094 16223 16224 
f 16223 16224 16353 
f 16223 16352 16353 
f 16352 16353 16482 
f 16352 16481 16482 
f 16481 16482 16611 
f 16481 16610 16611 
f 99 100 229 
f 99 228 229 
f 228 229 358 
f 228 357 358 
f 357 358 487 
f 357 486 487 
f 486 487 616 
f 486 615 616 
f 615 616 745 
f 615 744 745 
f 744 745 874 
f 744 873 874 
f 873 874 1003 
f 873 1002 1003 
f 1002 1003 1132 
f 1002 1131 1132 
f 1131 1132 1261 
f 1131 1260 1261 
f 1260 1261 1390 
f 1260 1389 1390 
f 1389 1390 1519 
f 1389 1518 1519 
f 1518 1519 1648 
f 1518 1647 1648 
f 1647 1648 1777 
f 1647 1776 1777 
f 1776 1777 1906 
f 1776 1905 1906 
f 1905 1906 2035 
f 1905 2034 2035 
f 2034 2035 2164 
f 2034 2163 2164 
f 2163 2164 2293 
f 2163 2292 2293 
f 2292 2293 2422 
f 2292 2421 2422 
f 2421 2422 2551 
f 2421 2550 2551 
f 2550 2551 2680 
f 2550 2679 2680 
f 2679 2680 2809 
f 2679 2808 2809 
f 2808 2809 2938 
f 2808 2937 2938 
f 2937 2938 3067 
f 2937 3066 3067 
f 3066 3067 3196 
f 3066 3195 3196 
f 3195 3196 3325 
f 3195 3324 3325 
f 3324 3325 3454 
f 3324 3453 3454 
f 3453 3454 3583 
f 3453 3582 3583 
f 3582 3583 3712 
f 3582 3711 3712 
f 3711 3712 3841 
f 3711 3840 3841 
f 3840 3841 3970 
f 3840 3969 3970 
f 3969 3970 4099 
f 3969 4098 4099 
f 4098 4099 4228 
f 4098 4227 4228 
f 4227 4228 4357 
f 4227 4356 4357 
f 4356 4357 4486 
f 4356 4485 4486 
f 4485 4486 4615 
f 4485 4614 4615 
f 4614 4615 4744 
f 4614 4743 4744 
f 4743 4744 4873 
f 4743 4872 4873 
f 4872 4873 5002 
f 4872 5001 5002 
f 5001 5002 5131 
f 5001 5130 5131 
f 5130 5131 5260 
f 5130 5259 5260 
f 5259 5260 5389 
f 5259 5388 5389 
f 5388 5389 5518 
f 5388 5517 5518 
f 5517 5518 5647 
f 5517 5646 5647 
f 5646 5647 5776 
f 5646 5775 5776 
f 5775 5776 5905 
f 5775 5904 5905 
f 5904 5905 6034 
f 5904 6033 6034 
f 6033 6034 6163 
f 6033 6162 6163 
f 6162 6163 6292 
f 6162 6291 6292 
f 6291 6292 6421 
f 6291 6420 6421 
f 6420 6421 6550 
f 6420 6549 6550 
f 6549 6550 6679 
f 6549 6678 6679 
f 6678 6679 6808 
f 6678 6807 6808 
f 6807 6808 6937 
f 6807 6936 6937 
f 6936 6937 7066 
f 6936 7065 7066 
f 7065 7066 7195 
f 7065 7194 7195 
f 7194 7195 7324 
f 7194 7323 7324 
f 7323 7324 7453 
f 7323 7452 7453 
f 7452 7453 7582 
f 7452 7581 7582 
f 7581 7582 7711 
f 7581 7710 7711 
f 7710 7711 7840 
f 7710 7839 7840 
f 7839 7840 7969 
f 7839 7968 7969 
f 7968 7969 8098 
f 7968 8097 8098 
f 8097 8098 8227 
f 8097 8226 8227 
f 8226 8227 8356 
f 8226 8355 8356 
f 8355 8356 8485 
f 8355 8484 8485 
f 8484 8485 8614 
f 8484 8613 8614 
f 8613 8614 8743 
f 8613 8742 8743 
f 8742 8743 8872 
f 8742 8871 8872 
f 8871 8872 9001 
f 8871 9000 9001 
f 9000 9001 9130 
f 9000 9129 9130 
f 9129 9130 9259 
f 9129 9258 9259 
f 9258 9259 9388 
f 9258 9387 9388 
f 9387 9388 9517 
f 9387 9516 9517 
f 9516 9517 9646 
f 9516 9645 9646 
f 9645 9646 9775 
f 9645 9774 9775 
f 9774 9775 9904 
f 9774 9903 9904 
f 9903 9904 10033 
f 9903 10032 10033 
f 10032 10033 10162 
f 10032 10161 10162 
f 10161 10162 10291 
f 10161 10290 10291 
f 10290 10291 10420 
f 10290 10419 10420 
f 10419 10420 10549 
f 10419 10548 10549 
f 10548 10549 10678 
f 10548 10677 10678 
f 10677 10678 10807 
f 10677 10806 10807 
f 10806 10807 10936 
f 10806 10935 10936 
f 10935 10936 11065 
f 10935 11064 11065 
f 11064 11065 11194 
f 11064 11193 11194 
f 11193 11194 11323 
f 11193 11322 11323 
f 11322 11323 11452 
f 11322 11451 11452 
f 11451 11452 11581 
f 11451 11580 11581 
f 11580 11581 11710 
f 11580 11709 11710 
f 11709 11710 11839 
f 11709 11838 11839 
f 11838 11839 11968 
f 11838 11967 11968 
f 11967 11968 12097 
f 11967 12096 12097 
f 12096 12097 12226 
f 12096 12225 12226 
f 12225 12226 12355 
f 12225 12354 12355 
f 12354 12355 12484 
f 12354 12483 12484 
f 12483 12484 12613 
f 12483 12612 12613 
f 12612 12613 12742 
f 12612 12741 12742 
f 12741 12742 12871 
f 12741 12870 12871 
f 12870 12871 13000 
f 12870 12999 13000 
f 12999 13000 13129 
f 12999 13128 13129 
f 13128 13129 13258 
f 13128 13257 13258 
f 13257 13258 13387 
f 13257 13386 13387 
f 13386 13387 13516 
f 13386 13515 13516 
f 13515 13516 13645 
f 13515 13644 13645 
f 13644 13645 13774 
f 13644 13773 13774 
f 13773 13774 13903 
f 13773 13902 13903 
f 13902 13903 14032 
f 13902 14031 14032 
f 14031 14032 14161 
f 14031 14160 14161 
f 14160 14161 14290 
f 14160 14289 14290 
f 14289 14290 14419 
f 14289 14418 14419 
f 14418 14419 14548 
f 14418 14547 14548 
f 14547 14548 14677 
f 14547 14676 14677 
f 14676 14677 14806 
f 14676 14805 14806 
f 14805 14806 14935 
f 14805 14934 14935 
f 14934 14935 15064 
f 14934 15063 15064 
f 15063 15064 15193 
f 15063 15192 15193 
f 15192 15193 15322 
f 15192 15321 15322 
f 15321 15322 15451 
f 15321 15450 15451 
f 15450 15451 15580 
f 15450 15579 15580 
f 15579 15580 15709 
f 15579 15708 15709 
f 15708 15709 15838 
f 15708 15837 15838 
f 15837 15838 15967 
f 15837 15966 15967 
f 15966 15967 16096 
f 15966 16095 16096 
f 16095 16096 16225 
f 16095 16224 16225 
f 16224 16225 16354 
f 16224 16353 16354 
f 16353 16354 16483 
f 16353 16482 16483 
f 16482 16483 16612 
f 16482 16611 16612 
f 100 101 230 
f 100 229 230 
f 229 230 359 
f 229 358 359 
f 358 359 488 
f 358 487 488 
f 487 488 617 
f 487 616 617 
f 616 617 746 
f 616 745 746 
f 745 746 875 
f 745 874 875 
f 874 875 1004 
f 874 1003 1004 
f 1003 1004 1133 
f 1003 1132 1133 
f 1132 1133 1262 
f 1132 1261 1262 
f 1261 1262 1391 
f 1261 1390 1391 
f 1390 1391 1520 
f 1390 1519 1520 
f 1519 1520 1649 
f 1519 1648 1649 
f 1648 1649 1778 
f 1648 1777 1778 
f 1777 1778 1907 
f 1777 1906 1907 
f 1906 1907 2036 
f 1906 2035 2036 
f 2035 2036 2165 
f 2035 2164 2165 
f 2164 2165 2294 
f 2164 2293 2294 
f 2293 2294 2423 
f 2293 2422 2423 
f 2422 2423 2552 
f 2422 2551 2552 
f 2551 2552 2681 
f 2551 2680 2681 
f 2680 2681 2810 
f 2680 2809 2810 
f 2809 2810 2939 
f 2809 2938 2939 
f 2938 2939 3068 
f 2938 3067 3068 
f 3067 3068 3197 
f 3067 3196 3197 
f 3196 3197 3326 
f 3196 3325 3326 
f 3325 3326 3455 
f 3325 3454 3455 
f 3454 3455 3584 
f 3454 3583 3584 
f 3583 3584 3713 
f 3583 3712 3713 
f 3712 3713 3842 
f 3712 3841 3842 
f 3841 3842 3971 
f 3841 3970 3971 
f 3970 3971 4100 
f 3970 4099 4100 
f 4099 4100 4229 
f 4099 4228 4229 
f 4228 4229 4358 
f 4228 4357 4358 
f 4357 4358 4487 
f 4357 4486 4487 
f 4486 4487 4616 
f 4486 4615 4616 
f 4615 4616 4745 
f 4615 4744 4745 
f 4744 4745 4874 
f 4744 4873 4874 
f 4873 4874 5003 
f 4873 5002 5003 
f 5002 5003 5132 
f 5002 5131 5132 
f 5131 5132 5261 
f 5131 5260 5261 
f 5260 5261 5390 
f 5260 5389 5390 
f 5389 5390 5519 
f 5389 5518 5519 
f 5518 5519 5648 
f 5518 5647 5648 
f 5647 5648 5777 
f 5647 5776 5777 
f 5776 5777 5906 
f 5776 5905 5906 
f 5905 5906 6035 
f 5905 6034 6035 
f 6034 6035 6164 
f 6034 6163 6164 
f 6163 6164 6293 
f 6163 6292 6293 
f 6292 6293 6422 
f 6292 6421 6422 
f 6421 6422 6551 
f 6421 6550 6551 
f 6550 6551 6680 
f 6550 6679 6680 
f 6679 6680 6809 
f 6679 6808 6809 
f 6808 6809 6938 
f 6808 6937 6938 
f 6937 6938 7067 
f 6937 7066 7067 
f 7066 7067 7196 
f 7066 7195 7196 
f 7195 7196 7325 
f 7195 7324 7325 
f 7324 7325 7454 
f 7324 7453 7454 
f 7453 7454 7583 
f 7453 7582 7583 
f 7582 7583 7712 
f 7582 7711 7712 
f 7711 7712 7841 
f 7711 7840 7841 
f 7840 7841 7970 
f 7840 7969 7970 
f 7969 7970 8099 
f 7969 8098 8099 
f 8098 8099 8228 
f 8098 8227 8228 
f 8227 8228 8357 
f 8227 8356 8357 
f 8356 8357 8486 
f 8356 8485 8486 
f 8485 8486 8615 
f 8485 8614 8615 
f 8614 8615 8744 
f 8614 8743 8744 
f 8743 8744 8873 
f 8743 8872 8873 
f 8872 8873 9002 
f 8872 9001 9002 
f 9001 9002 9131 
f 9001 9130 9131 
f 9130 9131 9260 
f 9130 9259 9260 
f 9259 9260 9389 
f 9259 9388 9389 
f 9388 9389 9518 
f 9388 9517 9518 
f 9517 9518 9647 
f 9517 9646 9647 
f 9646 9647 9776 
f 9646 9775 9776 
f 9775 9776 9905 
f 9775 9904 9905 
f 9904 9905 10034 
f 9904 10033 10034 
f 10033 10034 10163 
f 10033 10162 10163 
f 10162 10163 10292 
f 10162 10291 10292 
f 10291 10292 10421 
f 10291 10420 10421 
f 10420 10421 10550 
f 10420 10549 10550 
f 10549 10550 10679 
f 10549 10678 10679 
f 10678 10679 10808 
f 10678 10807 10808 
f 10807 10808 10937 
f 10807 10936 10937 
f 10936 10937 11066 
f 10936 11065 11066 
f 11065 11066 11195 
f 11065 11194 11195 
f 11194 11195 11324 
f 11194 11323 11324 
f 11323 11324 11453 
f 11323 11452 11453 
f 11452 11453 11582 
f 11452 11581 11582 
f 11581 11582 11711 
f 11581 11710 11711 
f 11710 11711 11840 
f 11710 11839 11840 
f 11839 11840 11969 
f 11839 11968 11969 
f 11968 11969 12098 
f 11968 12097 12098 
f 12097 12098 12227 
f 12097 12226 12227 
f 12226 12227 12356 
f 12226 12355 12356 
f 12355 12356 12485 
f 12355 12484 12485 
f 12484 12485 12614 
f 12484 12613 12614 
f 12613 12614 12743 
f 12613 12742 12743 
f 12742 12743 12872 
f 12742 12871 12872 
f 12871 12872 13001 
f 12871 13000 13001 
f 13000 13001 13130 
f 13000 13129 13130 
f 13129 13130 13259 
f 13129 13258 13259 
f 13258 13259 13388 
f 13258 13387 13388 
f 13387 13388 13517 
f 13387 13516 13517 
f 13516 13517 13646 
f 13516 13645 13646 
f 13645 13646 13775 
f 13645 13774 13775 
f 13774 13775 13904 
f 13774 13903 13904 
f 13903 13904 14033 
f 13903 14032 14033 
f 14032 14033 14162 
f 14032 14161 14162 
f 14161 14162 14291 
f 14161 14290 14291 
f 14290 14291 14420 
f 14290 14419 14420 
f 14419 14420 14549 
f 14419 14548 14549 
f 14548 14549 14678 
f 14548 14677 14678 
f 14677 14678 14807 
f 14677 14806 14807 
f 14806 14807 14936 
f 14806 14935 14936 
f 14935 14936 15065 
f 14935 15064 15065 
f 15064 15065 15194 
f 15064 15193 15194 
f 15193 15194 15323 
f 15193 15322 15323 
f 15322 15323 15452 
f 15322 15451 15452 
f 15451 15452 15581 
f 15451 15580 15581 
f 15580 15581 15710 
f 15580 15709 15710 
f 15709 15710 15839 
f 15709 15838 15839 
f 15838 15839 15968 
f 15838 15967 15968 
f 15967 15968 16097 
f 15967 16096 16097 
f 16096 16097 16226 
f 16096 16225 16226 
f 16225 16226 16355 
f 16225 16354 16355 
f 16354 16355 16484 
f 16354 16483 16484 
f 16483 16484 16613 
f 16483 16612 16613 
f 101 102 231 
f 101 230 231 
f 230 231 360 
f 230 359 360 
f 359 360 489 
f 359 488 489 
f 488 489 618 
f 488 617 618 
f 617 618 747 
f 617 746 747 
f 746 747 876 
f 746 875 876 
f 875 876 1005 
f 875 1004 1005 
f 1004 1005 1134 
f 1004 1133 1134 
f 1133 1134 1263 
f 1133 1262 1263 
f 1262 1263 1392 
f 1262 1391 1392 
f 1391 1392 1521 
f 1391 1520 1521 
f 1520 1521 1650 
f 1520 1649 1650 
f 1649 1650 1779 
f 1649 1778 1779 
f 1778 1779 1908 
f 1778 1907 1908 
f 1907 1908 2037 
f 1907 2036 2037 
f 2036 2037 2166 
f 2036 2165 2166 
f 2165 2166 2295 
f 2165 2294 2295 
f 2294 2295 2424 
f 2294 2423 2424 
f 2423 2424 2553 
f 2423 2552 2553 
f 2552 2553 2682 
f 2552 2681 2682 
f 2681 2682 2811 
f 2681 2810 2811 
f 2810 2811 2940 
f 2810 2939 2940 
f 2939 2940 3069 
f 2939 3068 3069 
f 3068 3069 3198 
f 3068 3197 3198 
f 3197 3198 3327 
f 3197 3326 3327 
f 3326 3327 3456 
f 3326 3455 3456 
f 3455 3456 3585 
f 3455 3584 3585 
f 3584 3585 3714 
f 3584 3713 3714 
f 3713 3714 3843 
f 3713 3842 3843 
f 3842 3843 3972 
f 3842 3971 3972 
f 3971 3972 4101 
f 3971 4100 4101 
f 4100 4101 4230 
f 4100 4229 4230 
f 4229 4230 4359 
f 4229 4358 4359 
f 4358 4359 4488 
f 4358 4487 4488 
f 4487 4488 4617 
f 4487 4616 4617 
f 4616 4617 4746 
f 4616 4745 4746 
f 4745 4746 4875 
f 4745 4874 4875 
f 4874 4875 5004 
f 4874 5003 5004 
f 5003 5004 5133 
f 5003 5132 5133 
f 5132 5133 5262 
f 5132 5261 5262 
f 5261 5262 5391 
f 5261 5390 5391 
f 5390 5391 5520 
f 5390 5519 5520 
f 5519 5520 5649 
f 5519 5648 5649 
f 5648 5649 5778 
f 5648 5777 5778 
f 5777 5778 5907 
f 5777 5906 5907 
f 5906 5907 6036 
f 5906 6035 6036 
f 6035 6036 6165 
f 6035 6164 6165 
f 6164 6165 6294 
f 6164 6293 6294 
f 6293 6294 6423 
f 6293 6422 6423 
f 6422 6423 6552 
f 6422 6551 6552 
f 6551 6552 6681 
f 6551 6680 6681 
f 6680 6681 6810 
f 6680 6809 6810 
f 6809 6810 6939 
f 6809 6938 6939 
f 6938 6939 7068 
f 6938 7067 7068 
f 7067 7068 7197 
f 7067 7196 7197 
f 7196 7197 7326 
f 7196 7325 7326 
f 7325 7326 7455 
f 7325 7454 7455 
f 7454 7455 7584 
f 7454 7583 7584 
f 7583 7584 7713 
f 7583 7712 7713 
f 7712 7713 7842 
f 7712 7841 7842 
f 7841 7842 7971 
f 7841 7970 7971 
f 7970 7971 8100 
f 7970 8099 8100 
f 8099 8100 8229 
f 8099 8228 8229 
f 8228 8229 8358 
f 8228 8357 8358 
f 8357 8358 8487 
f 8357 8486 8487 
f 8486 8487 8616 
f 8486 8615 8616 
f 8615 8616 8745 
f 8615 8744 8745 
f 8744 8745 8874 
f 8744 8873 8874 
f 8873 8874 9003 
f 8873 9002 9003 
f 9002 9003 9132 
f 9002 9131 9132 
f 9131 9132 9261 
f 9131 9260 9261 
f 9260 9261 9390 
f 9260 9389 9390 
f 9389 9390 9519 
f 9389 9518 9519 
f 9518 9519 9648 
f 9518 9647 9648 
f 9647 9648 9777 
f 9647 9776 9777 
f 9776 9777 9906 
f 9776 9905 9906 
f 9905 9906 10035 
f 9905 10034 10035 
f 10034 10035 10164 
f 10034 10163 10164 
f 10163 10164 10293 
f 10163 10292 10293 
f 10292 10293 10422 
f 10292 10421 10422 
f 10421 10422 10551 
f 10421 10550 10551 
f 10550 10551 10680 
f 10550 10679 10680 
f 10679 10680 10809 
f 10679 10808 10809 
f 10808 10809 10938 
f 10808 10937 10938 
f 10937 10938 11067 
f 10937 11066 11067 
f 11066 11067 11196 
f 11066 11195 11196 
f 11195 11196 11325 
f 11195 11324 11325 
f 11324 11325 11454 
f 11324 11453 11454 
f 11453 11454 11583 
f 11453 11582 11583 
f 11582 11583 11712 
f 11582 11711 11712 
f 11711 11712 11841 
f 11711 11840 11841 
f 11840 11841 11970 
f 11840 11969 11970 
f 11969 11970 12099 
f 11969 12098 12099 
f 12098 12099 12228 
f 12098 12227 12228 
f 12227 12228 12357 
f 12227 12356 12357 
f 12356 12357 12486 
f 12356 12485 12486 
f 12485 12486 12615 
f 12485 12614 12615 
f 12614 12615 12744 
f 12614 12743 12744 
f 12743 12744 12873 
f 12743 12872 12873 
f 12872 12873 13002 
f 12872 13001 13002 
f 13001 13002 13131 
f 13001 13130 13131 
f 13130 13131 13260 
f 13130 13259 13260 
f 13259 13260 13389 
f 13259 13388 13389 
f 13388 13389 13518 
f 13388 13517 13518 
f 13517 13518 13647 
f 13517 13646 13647 
f 13646 13647 13776 
f 13646 13775 13776 
f 13775 13776 13905 
f 13775 13904 13905 
f 13904 13905 14034 
f 13904 14033 14034 
f 14033 14034 14163 
f 14033 14162 14163 
f 14162 14163 14292 
f 14162 14291 14292 
f 14291 14292 14421 
f 14291 14420 14421 
f 14420 14421 14550 
f 14420 14549 14550 
f 14549 14550 14679 
f 14549 14678 14679 
f 14678 14679 14808 
f 14678 14807 14808 
f 14807 14808 14937 
f 14807 14936 14937 
f 14936 14937 15066 
f 14936 15065 15066 
f 15065 15066 15195 
f 15065 15194 15195 
f 15194 15195 15324 
f 15194 15323 15324 
f 15323 15324 15453 
f 15323 15452 15453 
f 15452 15453 15582 
f 15452 15581 15582 
f 15581 15582 15711 
f 15581 15710 15711 
f 15710 15711 15840 
f 15710 15839 15840 
f 15839 15840 15969 
f 15839 15968 15969 
f 15968 15969 16098 
f 15968 16097 16098 
f 16097 16098 16227 
f 16097 16226 16227 
f 16226 16227 16356 
f 16226 16355 16356 
f 16355 16356 16485 
f 16355 16484 16485 
f 16484 16485 16614 
f 16484 16613 16614 
f 102 103 232 
f 102 231 232 
f 231 232 361 
f 231 360 361 
f 360 361 490 
f 360 489 490 
f 489 490 619 
f 489 618 619 
f 618 619 748 
f 618 747 748 
f 747 748 877 
f 747 876 877 
f 876 877 1006 
f 876 1005 1006 
f 1005 1006 1135 
f 1005 1134 1135 
f 1134 1135 1264 
f 1134 1263 1264 
f 1263 1264 1393 
f 1263 1392 1393 
f 1392 1393 1522 
f 1392 1521 1522 
f 1521 1522 1651 
f 1521 1650 1651 
f 1650 1651 1780 
f 1650 1779 1780 
f 1779 1780 1909 
f 1779 1908 1909 
f 1908 1909 2038 
f 1908 2037 2038 
f 2037 2038 2167 
f 2037 2166 2167 
f 2166 2167 2296 
f 2166 2295 2296 
f 2295 2296 2425 
f 2295 2424 2425 
f 2424 2425 2554 
f 2424 2553 2554 
f 2553 2554 2683 
f 2553 2682 2683 
f 2682 2683 2812 
f 2682 2811 2812 
f 2811 2812 2941 
f 2811 2940 2941 
f 2940 2941 3070 
f 2940 3069 3070 
f 3069 3070 3199 
f 3069 3198 3199 
f 3198 3199 3328 
f 3198 3327 3328 
f 3327 3328 3457 
f 3327 3456 3457 
f 3456 3457 3586 
f 3456 3585 3586 
f 3585 3586 3715 
f 3585 3714 3715 
f 3714 3715 3844 
f 3714 3843 3844 
f 3843 3844 3973 
f 3843 3972 3973 
f 3972 3973 4102 
f 3972 4101 4102 
f 4101 4102 4231 
f 4101 4230 4231 
f 4230 4231 4360 
f 4230 4359 4360 
f 4359 4360 4489 
f 4359 4488 4489 
f 4488 4489 4618 
f 4488 4617 4618 
f 4617 4618 4747 
f 4617 4746 4747 
f 4746 4747 4876 
f 4746 4875 4876 
f 4875 4876 5005 
f 4875 5004 5005 
f 5004 5005 5134 
f 5004 5133 5134 
f 5133 5134 5263 
f 5133 5262 5263 
f 5262 5263 5392 
f 5262 5391 5392 
f 5391 5392 5521 
f 5391 5520 5521 
f 5520 5521 5650 
f 5520 5649 5650 
f 5649 5650 5779 
f 5649 5778 5779 
f 5778 5779 5908 
f 5778 5907 5908 
f 5907 5908 6037 
f 5907 6036 6037 
f 6036 6037 6166 
f 6036 6165 6166 
f 6165 6166 6295 
f 6165 6294 6295 
f 6294 6295 6424 
f 6294 6423 6424 
f 6423 6424 6553 
f 6423 6552 6553 
f 6552 6553 6682 
f 6552 6681 6682 
f 6681 6682 6811 
f 6681 6810 6811 
f 6810 6811 6940 
f 6810 6939 6940 
f 6939 6940 7069 
f 6939 7068 7069 
f 7068 7069 7198 
f 7068 7197 7198 
f 7197 7198 7327 
f 7197 7326 7327 
f 7326 7327 7456 
f 7326 7455 7456 
f 7455 7456 7585 
f 7455 7584 7585 
f 7584 7585 7714 
f 7584 7713 7714 
f 7713 7714 7843 
f 7713 7842 7843 
f 7842 7843 7972 
f 7842 7971 7972 
f 7971 7972 8101 
f 7971 8100 8101 
f 8100 8101 8230 
f 8100 8229 8230 
f 8229 8230 8359 
f 8229 8358 8359 
f 8358 8359 8488 
f 8358 8487 8488 
f 8487 8488 8617 
f 8487 8616 8617 
f 8616 8617 8746 
f 8616 8745 8746 
f 8745 8746 8875 
f 8745 8874 8875 
f 8874 8875 9004 
f 8874 9003 9004 
f 9003 9004 9133 
f 9003 9132 9133 
f 9132 9133 9262 
f 9132 9261 9262 
f 9261 9262 9391 
f 9261 9390 9391 
f 9390 9391 9520 
f 9390 9519 9520 
f 9519 9520 9649 
f 9519 9648 9649 
f 9648 9649 9778 
f 9648 9777 9778 
f 9777 9778 9907 
f 9777 9906 9907 
f 9906 9907 10036 
f 9906 10035 10036 
f 10035 10036 10165 
f 10035 10164 10165 
f 10164 10165 10294 
f 10164 10293 10294 
f 10293 10294 10423 
f 10293 10422 10423 
f 10422 10423 10552 
f 10422 10551 10552 
f 10551 10552 10681 
f 10551 10680 10681 
f 10680 10681 10810 
f 10680 10809 10810 
f 10809 10810 10939 
f 10809 10938 10939 
f 10938 10939 11068 
f 10938 11067 11068 
f 11067 11068 11197 
f 11067 11196 11197 
f 11196 11197 11326 
f 11196 11325 11326 
f 11325 11326 11455 
f 11325 11454 11455 
f 11454 11455 11584 
f 11454 11583 11584 
f 11583 11584 11713 
f 11583 11712 11713 
f 11712 11713 11842 
f 11712 11841 11842 
f 11841 11842 11971 
f 11841 11970 11971 
f 11970 11971 12100 
f 11970 12099 12100 
f 12099 12100 12229 
f 12099 12228 12229 
f 12228 12229 12358 
f 12228 12357 12358 
f 12357 12358 12487 
f 12357 12486 12487 
f 12486 12487 12616 
f 12486 12615 12616 
f 12615 12616 12745 
f 12615 12744 12745 
f 12744 12745 12874 
f 12744 12873 12874 
f 12873 12874 13003 
f 12873 13002 13003 
f 13002 13003 13132 
f 13002 13131 13132 
f 13131 13132 13261 
f 13131 13260 13261 
f 13260 13261 13390 
f 13260 13389 13390 
f 13389 13390 13519 
f 13389 13518 13519 
f 13518 13519 13648 
f 13518 13647 13648 
f 13647 13648 13777 
f 13647 13776 13777 
f 13776 13777 13906 
f 13776 13905 13906 
f 13905 13906 14035 
f 13905 14034 14035 
f 14034 14035 14164 
f 14034 14163 14164 
f 14163 14164 14293 
f 14163 14292 14293 
f 14292 14293 14422 
f 14292 14421 14422 
f 14421 14422 14551 
f 14421 14550 14551 
f 14550 14551 14680 
f 14550 14679 14680 
f 14679 14680 14809 
f 14679 14808 14809 
f 14808 14809 14938 
f 14808 14937 14938 
f 14937 14938 15067 
f 14937 15066 15067 
f 15066 15067 15196 
f 15066 15195 15196 
f 15195 15196 15325 
f 15195 15324 15325 
f 15324 15325 15454 
f 15324 15453 15454 
f 15453 15454 15583 
f 15453 15582 15583 
f 15582 15583 15712 
f 15582 15711 15712 
f 15711 15712 15841 
f 15711 15840 15841 
f 15840 15841 15970 
f 15840 15969 15970 
f 15969 15970 16099 
f 15969 16098 16099 
f 16098 16099 16228 
f 16098 16227 16228 
f 16227 16228 16357 
f 16227 16356 16357 
f 16356 16357 16486 
f 16356 16485 16486 
f 16485 16486 16615 
f 16485 16614 16615 
f 103 104 233 
f 103 232 233 
f 232 233 362 
f 232 361 362 
f 361 362 491 
f 361 490 491 
f 490 491 620 
f 490 619 620 
f 619 620 749 
f 619 748 749 
f 748 749 878 
f 748 877 878 
f 877 878 1007 
f 877 1006 1007 
f 1006 1007 1136 
f 1006 1135 1136 
f 1135 1136 1265 
f 1135 1264 1265 
f 1264 1265 1394 
f 1264 1393 1394 
f 1393 1394 1523 
f 1393 1522 1523 
f 1522 1523 1652 
f 1522 1651 1652 
f 1651 1652 1781 
f 1651 1780 1781 
f 1780 1781 1910 
f 1780 1909 1910 
f 1909 1910 2039 
f 1909 2038 2039 
f 2038 2039 2168 
f 2038 2167 2168 
f 2167 2168 2297 
f 2167 2296 2297 
f 2296 2297 2426 
f 2296 2425 2426 
f 2425 2426 2555 
f 2425 2554 2555 
f 2554 2555 2684 
f 2554 2683 2684 
f 2683 2684 2813 
f 2683 2812 2813 
f 2812 2813 2942 
f 2812 2941 2942 
f 2941 2942 3071 
f 2941 3070 3071 
f 3070 3071 3200 
f 3070 3199 3200 
f 3199 3200 3329 
f 3199 3328 3329 
f 3328 3329 3458 
f 3328 3457 3458 
f 3457 3458 3587 
f 3457 3586 3587 
f 3586 3587 3716 
f 3586 3715 3716 
f 3715 3716 3845 
f 3715 3844 3845 
f 3844 3845 3974 
f 3844 3973 3974 
f 3973 3974 4103 
f 3973 4102 4103 
f 4102 4103 4232 
f 4102 4231 4232 
f 4231 4232 4361 
f 4231 4360 4361 
f 4360 4361 4490 
f 4360 4489 4490 
f 4489 4490 4619 
f 4489 4618 4619 
f 4618 4619 4748 
f 4618 4747 4748 
f 4747 4748 4877 
f 4747 4876 4877 
f 4876 4877 5006 
f 4876 5005 5006 
f 5005 5006 5135 
f 5005 5134 5135 
f 5134 5135 5264 
f 5134 5263 5264 
f 5263 5264 5393 
f 5263 5392 5393 
f 5392 5393 5522 
f 5392 5521 5522 
f 5521 5522 5651 
f 5521 5650 5651 
f 5650 5651 5780 
f 5650 5779 5780 
f 5779 5780 5909 
f 5779 5908 5909 
f 5908 5909 6038 
f 5908 6037 6038 
f 6037 6038 6167 
f 6037 6166 6167 
f 6166 6167 6296 
f 6166 6295 6296 
f 6295 6296 6425 
f 6295 6424 6425 
f 6424 6425 6554 
f 6424 6553 6554 
f 6553 6554 6683 
f 6553 6682 6683 
f 6682 6683 6812 
f 6682 6811 6812 
f 6811 6812 6941 
f 6811 6940 6941 
f 6940 6941 7070 
f 6940 7069 7070 
f 7069 7070 7199 
f 7069 7198 7199 
f 7198 7199 7328 
f 7198 7327 7328 
f 7327 7328 7457 
f 7327 7456 7457 
f 7456 7457 7586 
f 7456 7585 7586 
f 7585 7586 7715 
f 7585 7714 7715 
f 7714 7715 7844 
f 7714 7843 7844 
f 7843 7844 7973 
f 7843 7972 7973 
f 7972 7973 8102 
f 7972 8101 8102 
f 8101 8102 8231 
f 8101 8230 8231 
f 8230 8231 8360 
f 8230 8359 8360 
f 8359 8360 8489 
f 8359 8488 8489 
f 8488 8489 8618 
f 8488 8617 8618 
f 8617 8618 8747 
f 8617 8746 8747 
f 8746 8747 8876 
f 8746 8875 8876 
f 8875 8876 9005 
f 8875 9004 9005 
f 9004 9005 9134 
f 9004 9133 9134 
f 9133 9134 9263 
f 9133 9262 9263 
f 9262 9263 9392 
f 9262 9391 9392 
f 9391 9392 9521 
f 9391 9520 9521 
f 9520 9521 9650 
f 9520 9649 9650 
f 9649 9650 9779 
f 9649 9778 9779 
f 9778 9779 9908 
f 9778 9907 9908 
f 9907 9908 10037 
f 9907 10036 10037 
f 10036 10037 10166 
f 10036 10165 10166 
f 10165 10166 10295 
f 10165 10294 10295 
f 10294 10295 10424 
f 10294 10423 10424 
f 10423 10424 10553 
f 10423 10552 10553 
f 10552 10553 10682 
f 10552 10681 10682 
f 10681 10682 10811 
f 10681 10810 10811 
f 10810 10811 10940 
f 10810 10939 10940 
f 10939 10940 11069 
f 10939 11068 11069 
f 11068 11069 11198 
f 11068 11197 11198 
f 11197 11198 11327 
f 11197 11326 11327 
f 11326 11327 11456 
f 11326 11455 11456 
f 11455 11456 11585 
f 11455 11584 11585 
f 11584 11585 11714 
f 11584 11713 11714 
f 11713 11714 11843 
f 11713 11842 11843 
f 11842 11843 11972 
f 11842 11971 11972 
f 11971 11972 12101 
f 11971 12100 12101 
f 12100 12101 12230 
f 12100 12229 12230 
f 12229 12230 12359 
f 12229 12358 12359 
f 12358 12359 12488 
f 12358 12487 12488 
f 12487 12488 12617 
f 12487 12616 12617 
f 12616 12617 12746 
f 12616 12745 12746 
f 12745 12746 12875 
f 12745 12874 12875 
f 12874 12875 13004 
f 12874 13003 13004 
f 13003 13004 13133 
f 13003 13132 13133 
f 13132 13133 13262 
f 13132 13261 13262 
f 13261 13262 13391 
f 13261 13390 13391 
f 13390 13391 13520 
f 13390 13519 13520 
f 13519 13520 13649 
f 13519 13648 13649 
f 13648 13649 13778 
f 13648 13777 13778 
f 13777 13778 13907 
f 13777 13906 13907 
f 13906 13907 14036 
f 13906 14035 14036 
f 14035 14036 14165 
f 14035 14164 14165 
f 14164 14165 14294 
f 14164 14293 14294 
f 14293 14294 14423 
f 14293 14422 14423 
f 14422 14423 14552 
f 14422 14551 14552 
f 14551 14552 14681 
f 14551 14680 14681 
f 14680 14681 14810 
f 14680 14809 14810 
f 14809 14810 14939 
f 14809 14938 14939 
f 14938 14939 15068 
f 14938 15067 15068 
f 15067 15068 15197 
f 15067 15196 15197 
f 15196 15197 15326 
f 15196 15325 15326 
f 15325 15326 15455 
f 15325 15454 15455 
f 15454 15455 15584 
f 15454 15583 15584 
f 15583 15584 15713 
f 15583 15712 15713 
f 15712 15713 15842 
f 15712 15841 15842 
f 15841 15842 15971 
f 15841 15970 15971 
f 15970 15971 16100 
f 15970 16099 16100 
f 16099 16100 16229 
f 16099 16228 16229 
f 16228 16229 16358 
f 16228 16357 16358 
f 16357 16358 16487 
f 16357 16486 16487 
f 16486 16487 16616 
f 16486 16615 16616 
f 104 105 234 
f 104 233 234 
f 233 234 363 
f 233 362 363 
f 362 363 492 
f 362 491 492 
f 491 492 621 
f 491 620 621 
f 620 621 750 
f 620 749 750 
f 749 750 879 
f 749 878 879 
f 878 879 1008 
f 878 1007 1008 
f 1007 1008 1137 
f 1007 1136 1137 
f 1136 1137 1266 
f 1136 1265 1266 
f 1265 1266 1395 
f 1265 1394 1395 
f 1394 1395 1524 
f 1394 1523 1524 
f 1523 1524 1653 
f 1523 1652 1653 
f 1652 1653 1782 
f 1652 1781 1782 
f 1781 1782 1911 
f 1781 1910 1911 
f 1910 1911 2040 
f 1910 2039 2040 
f 2039 2040 2169 
f 2039 2168 2169 
f 2168 2169 2298 
f 2168 2297 2298 
f 2297 2298 2427 
f 2297 2426 2427 
f 2426 2427 2556 
f 2426 2555 2556 
f 2555 2556 2685 
f 2555 2684 2685 
f 2684 2685 2814 
f 2684 2813 2814 
f 2813 2814 2943 
f 2813 2942 2943 
f 2942 2943 3072 
f 2942 3071 3072 
f 3071 3072 3201 
f 3071 3200 3201 
f 3200 3201 3330 
f 3200 3329 3330 
f 3329 3330 3459 
f 3329 3458 3459 
f 3458 3459 3588 
f 3458 3587 3588 
f 3587 3588 3717 
f 3587 3716 3717 
f 3716 3717 3846 
f 3716 3845 3846 
f 3845 3846 3975 
f 3845 3974 3975 
f 3974 3975 4104 
f 3974 4103 4104 
f 4103 4104 4233 
f 4103 4232 4233 
f 4232 4233 4362 
f 4232 4361 4362 
f 4361 4362 4491 
f 4361 4490 4491 
f 4490 4491 4620 
f 4490 4619 4620 
f 4619 4620 4749 
f 4619 4748 4749 
f 4748 4749 4878 
f 4748 4877 4878 
f 4877 4878 5007 
f 4877 5006 5007 
f 5006 5007 5136 
f 5006 5135 5136 
f 5135 5136 5265 
f 5135 5264 5265 
f 5264 5265 5394 
f 5264 5393 5394 
f 5393 5394 5523 
f 5393 5522 5523 
f 5522 5523 5652 
f 5522 5651 5652 
f 5651 5652 5781 
f 5651 5780 5781 
f 5780 5781 5910 
f 5780 5909 5910 
f 5909 5910 6039 
f 5909 6038 6039 
f 6038 6039 6168 
f 6038 6167 6168 
f 6167 6168 6297 
f 6167 6296 6297 
f 6296 6297 6426 
f 6296 6425 6426 
f 6425 6426 6555 
f 6425 6554 6555 
f 6554 6555 6684 
f 6554 6683 6684 
f 6683 6684 6813 
f 6683 6812 6813 
f 6812 6813 6942 
f 6812 6941 6942 
f 6941 6942 7071 
f 6941 7070 7071 
f 7070 7071 7200 
f 7070 7199 7200 
f 7199 7200 7329 
f 7199 7328 7329 
f 7328 7329 7458 
f 7328 7457 7458 
f 7457 7458 7587 
f 7457 7586 7587 
f 7586 7587 7716 
f 7586 7715 7716 
f 7715 7716 7845 
f 7715 7844 7845 
f 7844 7845 7974 
f 7844 7973 7974 
f 7973 7974 8103 
f 7973 8102 8103 
f 8102 8103 8232 
f 8102 8231 8232 
f 8231 8232 8361 
f 8231 8360 8361 
f 8360 8361 8490 
f 8360 8489 8490 
f 8489 8490 8619 
f 8489 8618 8619 
f 8618 8619 8748 
f 8618 8747 8748 
f 8747 8748 8877 
f 8747 8876 8877 
f 8876 8877 9006 
f 8876 9005 9006 
f 9005 9006 9135 
f 9005 9134 9135 
f 9134 9135 9264 
f 9134 9263 9264 
f 9263 9264 9393 
f 9263 9392 9393 
f 9392 9393 9522 
f 9392 9521 9522 
f 9521 9522 9651 
f 9521 9650 9651 
f 9650 9651 9780 
f 9650 9779 9780 
f 9779 9780 9909 
f 9779 9908 9909 
f 9908 9909 10038 
f 9908 10037 10038 
f 10037 10038 10167 
f 10037 10166 10167 
f 10166 10167 10296 
f 10166 10295 10296 
f 10295 10296 10425 
f 10295 10424 10425 
f 10424 10425 10554 
f 10424 10553 10554 
f 10553 10554 10683 
f 10553 10682 10683 
f 10682 10683 10812 
f 10682 10811 10812 
f 10811 10812 10941 
f 10811 10940 10941 
f 10940 10941 11070 
f 10940 11069 11070 
f 11069 11070 11199 
f 11069 11198 11199 
f 11198 11199 11328 
f 11198 11327 11328 
f 11327 11328 11457 
f 11327 11456 11457 
f 11456 11457 11586 
f 11456 11585 11586 
f 11585 11586 11715 
f 11585 11714 11715 
f 11714 11715 11844 
f 11714 11843 11844 
f 11843 11844 11973 
f 11843 11972 11973 
f 11972 11973 12102 
f 11972 12101 12102 
f 12101 12102 12231 
f 12101 12230 12231 
f 12230 12231 12360 
f 12230 12359 12360 
f 12359 12360 12489 
f 12359 12488 12489 
f 12488 12489 12618 
f 12488 12617 12618 
f 12617 12618 12747 
f 12617 12746 12747 
f 12746 12747 12876 
f 12746 12875 12876 
f 12875 12876 13005 
f 12875 13004 13005 
f 13004 13005 13134 
f 13004 13133 13134 
f 13133 13134 13263 
f 13133 13262 13263 
f 13262 13263 13392 
f 13262 13391 13392 
f 13391 13392 13521 
f 13391 13520 13521 
f 13520 13521 13650 
f 13520 13649 13650 
f 13649 13650 13779 
f 13649 13778 13779 
f 13778 13779 13908 
f 13778 13907 13908 
f 13907 13908 14037 
f 13907 14036 14037 
f 14036 14037 14166 
f 14036 14165 14166 
f 14165 14166 14295 
f 14165 14294 14295 
f 14294 14295 14424 
f 14294 14423 14424 
f 14423 14424 14553 
f 14423 14552 14553 
f 14552 14553 14682 
f 14552 14681 14682 
f 14681 14682 14811 
f 14681 14810 14811 
f 14810 14811 14940 
f 14810 14939 14940 
f 14939 14940 15069 
f 14939 15068 15069 
f 15068 15069 15198 
f 15068 15197 15198 
f 15197 15198 15327 
f 15197 15326 15327 
f 15326 15327 15456 
f 15326 15455 15456 
f 15455 15456 15585 
f 15455 15584 15585 
f 15584 15585 15714 
f 15584 15713 15714 
f 15713 15714 15843 
f 15713 15842 15843 
f 15842 15843 15972 
f 15842 15971 15972 
f 15971 15972 16101 
f 15971 16100 16101 
f 16100 16101 16230 
f 16100 16229 16230 
f 16229 16230 16359 
f 16229 16358 16359 
f 16358 16359 16488 
f 16358 16487 16488 
f 16487 16488 16617 
f 16487 16616 16617 
f 105 106 235 
f 105 234 235 
f 234 235 364 
f 234 363 364 
f 363 364 493 
f 363 492 493 
f 492 493 622 
f 492 621 622 
f 621 622 751 
f 621 750 751 
f 750 751 880 
f 750 879 880 
f 879 880 1009 
f 879 1008 1009 
f 1008 1009 1138 
f 1008 1137 1138 
f 1137 1138 1267 
f 1137 1266 1267 
f 1266 1267 1396 
f 1266 1395 1396 
f 1395 1396 1525 
f 1395 1524 1525 
f 1524 1525 1654 
f 1524 1653 1654 
f 1653 1654 1783 
f 1653 1782 1783 
f 1782 1783 1912 
f 1782 1911 1912 
f 1911 1912 2041 
f 1911 2040 2041 
f 2040 2041 2170 
f 2040 2169 2170 
f 2169 2170 2299 
f 2169 2298 2299 
f 2298 2299 2428 
f 2298 2427 2428 
f 2427 2428 2557 
f 2427 2556 2557 
f 2556 2557 2686 
f 2556 2685 2686 
f 2685 2686 2815 
f 2685 2814 2815 
f 2814 2815 2944 
f 2814 2943 2944 
f 2943 2944 3073 
f 2943 3072 3073 
f 3072 3073 3202 
f 3072 3201 3202 
f 3201 3202 3331 
f 3201 3330 3331 
f 3330 3331 3460 
f 3330 3459 3460 
f 3459 3460 3589 
f 3459 3588 3589 
f 3588 3589 3718 
f 3588 3717 3718 
f 3717 3718 3847 
f 3717 3846 3847 
f 3846 3847 3976 
f 3846 3975 3976 
f 3975 3976 4105 
f 3975 4104 4105 
f 4104 4105 4234 
f 4104 4233 4234 
f 4233 4234 4363 
f 4233 4362 4363 
f 4362 4363 4492 
f 4362 4491 4492 
f 4491 4492 4621 
f 4491 4620 4621 
f 4620 4621 4750 
f 4620 4749 4750 
f 4749 4750 4879 
f 4749 4878 4879 
f 4878 4879 5008 
f 4878 5007 5008 
f 5007 5008 5137 
f 5007 5136 5137 
f 5136 5137 5266 
f 5136 5265 5266 
f 5265 5266 5395 
f 5265 5394 5395 
f 5394 5395 5524 
f 5394 5523 5524 
f 5523 5524 5653 
f 5523 5652 5653 
f 5652 5653 5782 
f 5652 5781 5782 
f 5781 5782 5911 
f 5781 5910 5911 
f 5910 5911 6040 
f 5910 6039 6040 
f 6039 6040 6169 
f 6039 6168 6169 
f 6168 6169 6298 
f 6168 6297 6298 
f 6297 6298 6427 
f 6297 6426 6427 
f 6426 6427 6556 
f 6426 6555 6556 
f 6555 6556 6685 
f 6555 6684 6685 
f 6684 6685 6814 
f 6684 6813 6814 
f 6813 6814 6943 
f 6813 6942 6943 
f 6942 6943 7072 
f 6942 7071 7072 
f 7071 7072 7201 
f 7071 7200 7201 
f 7200 7201 7330 
f 7200 7329 7330 
f 7329 7330 7459 
f 7329 7458 7459 
f 7458 7459 7588 
f 7458 7587 7588 
f 7587 7588 7717 
f 7587 7716 7717 
f 7716 7717 7846 
f 7716 7845 7846 
f 7845 7846 7975 
f 7845 7974 7975 
f 7974 7975 8104 
f 7974 8103 8104 
f 8103 8104 8233 
f 8103 8232 8233 
f 8232 8233 8362 
f 8232 8361 8362 
f 8361 8362 8491 
f 8361 8490 8491 
f 8490 8491 8620 
f 8490 8619 8620 
f 8619 8620 8749 
f 8619 8748 8749 
f 8748 8749 8878 
f 8748 8877 8878 
f 8877 8878 9007 
f 8877 9006 9007 
f 9006 9007 9136 
f 9006 9135 9136 
f 9135 9136 9265 
f 9135 9264 9265 
f 9264 9265 9394 
f 9264 9393 9394 
f 9393 9394 9523 
f 9393 9522 9523 
f 9522 9523 9652 
f 9522 9651 9652 
f 9651 9652 9781 
f 9651 9780 9781 
f 9780 9781 9910 
f 9780 9909 9910 
f 9909 9910 10039 
f 9909 10038 10039 
f 10038 10039 10168 
f 10038 10167 10168 
f 10167 10168 10297 
f 10167 10296 10297 
f 10296 10297 10426 
f 10296 10425 10426 
f 10425 10426 10555 
f 10425 10554 10555 
f 10554 10555 10684 
f 10554 10683 10684 
f 10683 10684 10813 
f 10683 10812 10813 
f 10812 10813 10942 
f 10812 10941 10942 
f 10941 10942 11071 
f 10941 11070 11071 
f 11070 11071 11200 
f 11070 11199 11200 
f 11199 11200 11329 
f 11199 11328 11329 
f 11328 11329 11458 
f 11328 11457 11458 
f 11457 11458 11587 
f 11457 11586 11587 
f 11586 11587 11716 
f 11586 11715 11716 
f 11715 11716 11845 
f 11715 11844 11845 
f 11844 11845 11974 
f 11844 11973 11974 
f 11973 11974 12103 
f 11973 12102 12103 
f 12102 12103 12232 
f 12102 12231 12232 
f 12231 12232 12361 
f 12231 12360 12361 
f 12360 12361 12490 
f 12360 12489 12490 
f 12489 12490 12619 
f 12489 12618 12619 
f 12618 12619 12748 
f 12618 12747 12748 
f 12747 12748 12877 
f 12747 12876 12877 
f 12876 12877 13006 
f 12876 13005 13006 
f 13005 13006 13135 
f 13005 13134 13135 
f 13134 13135 13264 
f 13134 13263 13264 
f 13263 13264 13393 
f 13263 13392 13393 
f 13392 13393 13522 
f 13392 13521 13522 
f 13521 13522 13651 
f 13521 13650 13651 
f 13650 13651 13780 
f 13650 13779 13780 
f 13779 13780 13909 
f 13779 13908 13909 
f 13908 13909 14038 
f 13908 14037 14038 
f 14037 14038 14167 
f 14037 14166 14167 
f 14166 14167 14296 
f 14166 14295 14296 
f 14295 14296 14425 
f 14295 14424 14425 
f 14424 14425 14554 
f 14424 14553 14554 
f 14553 14554 14683 
f 14553 14682 14683 
f 14682 14683 14812 
f 14682 14811 14812 
f 14811 14812 14941 
f 14811 14940 14941 
f 14940 14941 15070 
f 14940 15069 15070 
f 15069 15070 15199 
f 15069 15198 15199 
f 15198 15199 15328 
f 15198 15327 15328 
f 15327 15328 15457 
f 15327 15456 15457 
f 15456 15457 15586 
f 15456 15585 15586 
f 15585 15586 15715 
f 15585 15714 15715 
f 15714 15715 15844 
f 15714 15843 15844 
f 15843 15844 15973 
f 15843 15972 15973 
f 15972 15973 16102 
f 15972 16101 16102 
f 16101 16102 16231 
f 16101 16230 16231 
f 16230 16231 16360 
f 16230 16359 16360 
f 16359 16360 16489 
f 16359 16488 16489 
f 16488 16489 16618 
f 16488 16617 16618 
f 106 107 236 
f 106 235 236 
f 235 236 365 
f 235 364 365 
f 364 365 494 
f 364 493 494 
f 493 494 623 
f 493 622 623 
f 622 623 752 
f 622 751 752 
f 751 752 881 
f 751 880 881 
f 880 881 1010 
f 880 1009 1010 
f 1009 1010 1139 
f 1009 1138 1139 
f 1138 1139 1268 
f 1138 1267 1268 
f 1267 1268 1397 
f 1267 1396 1397 
f 1396 1397 1526 
f 1396 1525 1526 
f 1525 1526 1655 
f 1525 1654 1655 
f 1654 1655 1784 
f 1654 1783 1784 
f 1783 1784 1913 
f 1783 1912 1913 
f 1912 1913 2042 
f 1912 2041 2042 
f 2041 2042 2171 
f 2041 2170 2171 
f 2170 2171 2300 
f 2170 2299 2300 
f 2299 2300 2429 
f 2299 2428 2429 
f 2428 2429 2558 
f 2428 2557 2558 
f 2557 2558 2687 
f 2557 2686 2687 
f 2686 2687 2816 
f 2686 2815 2816 
f 2815 2816 2945 
f 2815 2944 2945 
f 2944 2945 3074 
f 2944 3073 3074 
f 3073 3074 3203 
f 3073 3202 3203 
f 3202 3203 3332 
f 3202 3331 3332 
f 3331 3332 3461 
f 3331 3460 3461 
f 3460 3461 3590 
f 3460 3589 3590 
f 3589 3590 3719 
f 3589 3718 3719 
f 3718 3719 3848 
f 3718 3847 3848 
f 3847 3848 3977 
f 3847 3976 3977 
f 3976 3977 4106 
f 3976 4105 4106 
f 4105 4106 4235 
f 4105 4234 4235 
f 4234 4235 4364 
f 4234 4363 4364 
f 4363 4364 4493 
f 4363 4492 4493 
f 4492 4493 4622 
f 4492 4621 4622 
f 4621 4622 4751 
f 4621 4750 4751 
f 4750 4751 4880 
f 4750 4879 4880 
f 4879 4880 5009 
f 4879 5008 5009 
f 5008 5009 5138 
f 5008 5137 5138 
f 5137 5138 5267 
f 5137 5266 5267 
f 5266 5267 5396 
f 5266 5395 5396 
f 5395 5396 5525 
f 5395 5524 5525 
f 5524 5525 5654 
f 5524 5653 5654 
f 5653 5654 5783 
f 5653 5782 5783 
f 5782 5783 5912 
f 5782 5911 5912 
f 5911 5912 6041 
f 5911 6040 6041 
f 6040 6041 6170 
f 6040 6169 6170 
f 6169 6170 6299 
f 6169 6298 6299 
f 6298 6299 6428 
f 6298 6427 6428 
f 6427 6428 6557 
f 6427 6556 6557 
f 6556 6557 6686 
f 6556 6685 6686 
f 6685 6686 6815 
f 6685 6814 6815 
f 6814 6815 6944 
f 6814 6943 6944 
f 6943 6944 7073 
f 6943 7072 7073 
f 7072 7073 7202 
f 7072 7201 7202 
f 7201 7202 7331 
f 7201 7330 7331 
f 7330 7331 7460 
f 7330 7459 7460 
f 7459 7460 7589 
f 7459 7588 7589 
f 7588 7589 7718 
f 7588 7717 7718 
f 7717 7718 7847 
f 7717 7846 7847 
f 7846 7847 7976 
f 7846 7975 7976 
f 7975 7976 8105 
f 7975 8104 8105 
f 8104 8105 8234 
f 8104 8233 8234 
f 8233 8234 8363 
f 8233 8362 8363 
f 8362 8363 8492 
f 8362 8491 8492 
f 8491 8492 8621 
f 8491 8620 8621 
f 8620 8621 8750 
f 8620 8749 8750 
f 8749 8750 8879 
f 8749 8878 8879 
f 8878 8879 9008 
f 8878 9007 9008 
f 9007 9008 9137 
f 9007 9136 9137 
f 9136 9137 9266 
f 9136 9265 9266 
f 9265 9266 9395 
f 9265 9394 9395 
f 9394 9395 9524 
f 9394 9523 9524 
f 9523 9524 9653 
f 9523 9652 9653 
f 9652 9653 9782 
f 9652 9781 9782 
f 9781 9782 9911 
f 9781 9910 9911 
f 9910 9911 10040 
f 9910 10039 10040 
f 10039 10040 10169 
f 10039 10168 10169 
f 10168 10169 10298 
f 10168 10297 10298 
f 10297 10298 10427 
f 10297 10426 10427 
f 10426 10427 10556 
f 10426 10555 10556 
f 10555 10556 10685 
f 10555 10684 10685 
f 10684 10685 10814 
f 10684 10813 10814 
f 10813 10814 10943 
f 10813 10942 10943 
f 10942 10943 11072 
f 10942 11071 11072 
f 11071 11072 11201 
f 11071 11200 11201 
f 11200 11201 11330 
f 11200 11329 11330 
f 11329 11330 11459 
f 11329 11458 11459 
f 11458 11459 11588 
f 11458 11587 11588 
f 11587 11588 11717 
f 11587 11716 11717 
f 11716 11717 11846 
f 11716 11845 11846 
f 11845 11846 11975 
f 11845 11974 11975 
f 11974 11975 12104 
f 11974 12103 12104 
f 12103 12104 12233 
f 12103 12232 12233 
f 12232 12233 12362 
f 12232 12361 12362 
f 12361 12362 12491 
f 12361 12490 12491 
f 12490 12491 12620 
f 12490 12619 12620 
f 12619 12620 12749 
f 12619 12748 12749 
f 12748 12749 12878 
f 12748 12877 12878 
f 12877 12878 13007 
f 12877 13006 13007 
f 13006 13007 13136 
f 13006 13135 13136 
f 13135 13136 13265 
f 13135 13264 13265 
f 13264 13265 13394 
f 13264 13393 13394 
f 13393 13394 13523 
f 13393 13522 13523 
f 13522 13523 13652 
f 13522 13651 13652 
f 13651 13652 13781 
f 13651 13780 13781 
f 13780 13781 13910 
f 13780 13909 13910 
f 13909 13910 14039 
f 13909 14038 14039 
f 14038 14039 14168 
f 14038 14167 14168 
f 14167 14168 14297 
f 14167 14296 14297 
f 14296 14297 14426 
f 14296 14425 14426 
f 14425 14426 14555 
f 14425 14554 14555 
f 14554 14555 14684 
f 14554 14683 14684 
f 14683 14684 14813 
f 14683 14812 14813 
f 14812 14813 14942 
f 14812 14941 14942 
f 14941 14942 15071 
f 14941 15070 15071 
f 15070 15071 15200 
f 15070 15199 15200 
f 15199 15200 15329 
f 15199 15328 15329 
f 15328 15329 15458 
f 15328 15457 15458 
f 15457 15458 15587 
f 15457 15586 15587 
f 15586 15587 15716 
f 15586 15715 15716 
f 15715 15716 15845 
f 15715 15844 15845 
f 15844 15845 15974 
f 15844 15973 15974 
f 15973 15974 16103 
f 15973 16102 16103 
f 16102 16103 16232 
f 16102 16231 16232 
f 16231 16232 16361 
f 16231 16360 16361 
f 16360 16361 16490 
f 16360 16489 16490 
f 16489 16490 16619 
f 16489 16618 16619 
f 107 108 237 
f 107 236 237 
f 236 237 366 
f 236 365 366 
f 365 366 495 
f 365 494 495 
f 494 495 624 
f 494 623 624 
f 623 624 753 
f 623 752 753 
f 752 753 882 
f 752 881 882 
f 881 882 1011 
f 881 1010 1011 
f 1010 1011 1140 
f 1010 1139 1140 
f 1139 1140 1269 
f 1139 1268 1269 
f 1268 1269 1398 
f 1268 1397 1398 
f 1397 1398 1527 
f 1397 1526 1527 
f 1526 1527 1656 
f 1526 1655 1656 
f 1655 1656 1785 
f 1655 1784 1785 
f 1784 1785 1914 
f 1784 1913 1914 
f 1913 1914 2043 
f 1913 2042 2043 
f 2042 2043 2172 
f 2042 2171 2172 
f 2171 2172 2301 
f 2171 2300 2301 
f 2300 2301 2430 
f 2300 2429 2430 
f 2429 2430 2559 
f 2429 2558 2559 
f 2558 2559 2688 
f 2558 2687 2688 
f 2687 2688 2817 
f 2687 2816 2817 
f 2816 2817 2946 
f 2816 2945 2946 
f 2945 2946 3075 
f 2945 3074 3075 
f 3074 3075 3204 
f 3074 3203 3204 
f 3203 3204 3333 
f 3203 3332 3333 
f 3332 3333 3462 
f 3332 3461 3462 
f 3461 3462 3591 
f 3461 3590 3591 
f 3590 3591 3720 
f 3590 3719 3720 
f 3719 3720 3849 
f 3719 3848 3849 
f 3848 3849 3978 
f 3848 3977 3978 
f 3977 3978 4107 
f 3977 4106 4107 
f 4106 4107 4236 
f 4106 4235 4236 
f 4235 4236 4365 
f 4235 4364 4365 
f 4364 4365 4494 
f 4364 4493 4494 
f 4493 4494 4623 
f 4493 4622 4623 
f 4622 4623 4752 
f 4622 4751 4752 
f 4751 4752 4881 
f 4751 4880 4881 
f 4880 4881 5010 
f 4880 5009 5010 
f 5009 5010 5139 
f 5009 5138 5139 
f 5138 5139 5268 
f 5138 5267 5268 
f 5267 5268 5397 
f 5267 5396 5397 
f 5396 5397 5526 
f 5396 5525 5526 
f 5525 5526 5655 
f 5525 5654 5655 
f 5654 5655 5784 
f 5654 5783 5784 
f 5783 5784 5913 
f 5783 5912 5913 
f 5912 5913 6042 
f 5912 6041 6042 
f 6041 6042 6171 
f 6041 6170 6171 
f 6170 6171 6300 
f 6170 6299 6300 
f 6299 6300 6429 
f 6299 6428 6429 
f 6428 6429 6558 
f 6428 6557 6558 
f 6557 6558 6687 
f 6557 6686 6687 
f 6686 6687 6816 
f 6686 6815 6816 
f 6815 6816 6945 
f 6815 6944 6945 
f 6944 6945 7074 
f 6944 7073 7074 
f 7073 7074 7203 
f 7073 7202 7203 
f 7202 7203 7332 
f 7202 7331 7332 
f 7331 7332 7461 
f 7331 7460 7461 
f 7460 7461 7590 
f 7460 7589 7590 
f 7589 7590 7719 
f 7589 7718 7719 
f 7718 7719 7848 
f 7718 7847 7848 
f 7847 7848 7977 
f 7847 7976 7977 
f 7976 7977 8106 
f 7976 8105 8106 
f 8105 8106 8235 
f 8105 8234 8235 
f 8234 8235 8364 
f 8234 8363 8364 
f 8363 8364 8493 
f 8363 8492 8493 
f 8492 8493 8622 
f 8492 8621 8622 
f 8621 8622 8751 
f 8621 8750 8751 
f 8750 8751 8880 
f 8750 8879 8880 
f 8879 8880 9009 
f 8879 9008 9009 
f 9008 9009 9138 
f 9008 9137 9138 
f 9137 9138 9267 
f 9137 9266 9267 
f 9266 9267 9396 
f 9266 9395 9396 
f 9395 9396 9525 
f 9395 9524 9525 
f 9524 9525 9654 
f 9524 9653 9654 
f 9653 9654 9783 
f 9653 9782 9783 
f 9782 9783 9912 
f 9782 9911 9912 
f 9911 9912 10041 
f 9911 10040 10041 
f 10040 10041 10170 
f 10040 10169 10170 
f 10169 10170 10299 
f 10169 10298 10299 
f 10298 10299 10428 
f 10298 10427 10428 
f 10427 10428 10557 
f 10427 10556 10557 
f 10556 10557 10686 
f 10556 10685 10686 
f 10685 10686 10815 
f 10685 10814 10815 
f 10814 10815 10944 
f 10814 10943 10944 
f 10943 10944 11073 
f 10943 11072 11073 
f 11072 11073 11202 
f 11072 11201 11202 
f 11201 11202 11331 
f 11201 11330 11331 
f 11330 11331 11460 
f 11330 11459 11460 
f 11459 11460 11589 
f 11459 11588 11589 
f 11588 11589 11718 
f 11588 11717 11718 
f 11717 11718 11847 
f 11717 11846 11847 
f 11846 11847 11976 
f 11846 11975 11976 
f 11975 11976 12105 
f 11975 12104 12105 
f 12104 12105 12234 
f 12104 12233 12234 
f 12233 12234 12363 
f 12233 12362 12363 
f 12362 12363 12492 
f 12362 12491 12492 
f 12491 12492 12621 
f 12491 12620 12621 
f 12620 12621 12750 
f 12620 12749 12750 
f 12749 12750 12879 
f 12749 12878 12879 
f 12878 12879 13008 
f 12878 13007 13008 
f 13007 13008 13137 
f 13007 13136 13137 
f 13136 13137 13266 
f 13136 13265 13266 
f 13265 13266 13395 
f 13265 13394 13395 
f 13394 13395 13524 
f 13394 13523 13524 
f 13523 13524 13653 
f 13523 13652 13653 
f 13652 13653 13782 
f 13652 13781 13782 
f 13781 13782 13911 
f 13781 13910 13911 
f 13910 13911 14040 
f 13910 14039 14040 
f 14039 14040 14169 
f 14039 14168 14169 
f 14168 14169 14298 
f 14168 14297 14298 
f 14297 14298 14427 
f 14297 14426 14427 
f 14426 14427 14556 
f 14426 14555 14556 
f 14555 14556 14685 
f 14555 14684 14685 
f 14684 14685 14814 
f 14684 14813 14814 
f 14813 14814 14943 
f 14813 14942 14943 
f 14942 14943 15072 
f 14942 15071 15072 
f 15071 15072 15201 
f 15071 15200 15201 
f 15200 15201 15330 
f 15200 15329 15330 
f 15329 15330 15459 
f 15329 15458 15459 
f 15458 15459 15588 
f 15458 15587 15588 
f 15587 15588 15717 
f 15587 15716 15717 
f 15716 15717 15846 
f 15716 15845 15846 
f 15845 15846 15975 
f 15845 15974 15975 
f 15974 15975 16104 
f 15974 16103 16104 
f 16103 16104 16233 
f 16103 16232 16233 
f 16232 16233 16362 
f 16232 16361 16362 
f 16361 16362 16491 
f 16361 16490 16491 
f 16490 16491 16620 
f 16490 16619 16620 
f 108 109 238 
f 108 237 238 
f 237 238 367 
f 237 366 367 
f 366 367 496 
f 366 495 496 
f 495 496 625 
f 495 624 625 
f 624 625 754 
f 624 753 754 
f 753 754 883 
f 753 882 883 
f 882 883 1012 
f 882 1011 1012 
f 1011 1012 1141 
f 1011 1140 1141 
f 1140 1141 1270 
f 1140 1269 1270 
f 1269 1270 1399 
f 1269 1398 1399 
f 1398 1399 1528 
f 1398 1527 1528 
f 1527 1528 1657 
f 1527 1656 1657 
f 1656 1657 1786 
f 1656 1785 1786 
f 1785 1786 1915 
f 1785 1914 1915 
f 1914 1915 2044 
f 1914 2043 2044 
f 2043 2044 2173 
f 2043 2172 2173 
f 2172 2173 2302 
f 2172 2301 2302 
f 2301 2302 2431 
f 2301 2430 2431 
f 2430 2431 2560 
f 2430 2559 2560 
f 2559 2560 2689 
f 2559 2688 2689 
f 2688 2689 2818 
f 2688 2817 2818 
f 2817 2818 2947 
f 2817 2946 2947 
f 2946 2947 3076 
f 2946 3075 3076 
f 3075 3076 3205 
f 3075 3204 3205 
f 3204 3205 3334 
f 3204 3333 3334 
f 3333 3334 3463 
f 3333 3462 3463 
f 3462 3463 3592 
f 3462 3591 3592 
f 3591 3592 3721 
f 3591 3720 3721 
f 3720 3721 3850 
f 3720 3849 3850 
f 3849 3850 3979 
f 3849 3978 3979 
f 3978 3979 4108 
f 3978 4107 4108 
f 4107 4108 4237 
f 4107 4236 4237 
f 4236 4237 4366 
f 4236 4365 4366 
f 4365 4366 4495 
f 4365 4494 4495 
f 4494 4495 4624 
f 4494 4623 4624 
f 4623 4624 4753 
f 4623 4752 4753 
f 4752 4753 4882 
f 4752 4881 4882 
f 4881 4882 5011 
f 4881 5010 5011 
f 5010 5011 5140 
f 5010 5139 5140 
f 5139 5140 5269 
f 5139 5268 5269 
f 5268 5269 5398 
f 5268 5397 5398 
f 5397 5398 5527 
f 5397 5526 5527 
f 5526 5527 5656 
f 5526 5655 5656 
f 5655 5656 5785 
f 5655 5784 5785 
f 5784 5785 5914 
f 5784 5913 5914 
f 5913 5914 6043 
f 5913 6042 6043 
f 6042 6043 6172 
f 6042 6171 6172 
f 6171 6172 6301 
f 6171 6300 6301 
f 6300 6301 6430 
f 6300 6429 6430 
f 6429 6430 6559 
f 6429 6558 6559 
f 6558 6559 6688 
f 6558 6687 6688 
f 6687 6688 6817 
f 6687 6816 6817 
f 6816 6817 6946 
f 6816 6945 6946 
f 6945 6946 7075 
f 6945 7074 7075 
f 7074 7075 7204 
f 7074 7203 7204 
f 7203 7204 7333 
f 7203 7332 7333 
f 7332 7333 7462 
f 7332 7461 7462 
f 7461 7462 7591 
f 7461 7590 7591 
f 7590 7591 7720 
f 7590 7719 7720 
f 7719 7720 7849 
f 7719 7848 7849 
f 7848 7849 7978 
f 7848 7977 7978 
f 7977 7978 8107 
f 7977 8106 8107 
f 8106 8107 8236 
f 8106 8235 8236 
f 8235 8236 8365 
f 8235 8364 8365 
f 8364 8365 8494 
f 8364 8493 8494 
f 8493 8494 8623 
f 8493 8622 8623 
f 8622 8623 8752 
f 8622 8751 8752 
f 8751 8752 8881 
f 8751 8880 8881 
f 8880 8881 9010 
f 8880 9009 9010 
f 9009 9010 9139 
f 9009 9138 9139 
f 9138 9139 9268 
f 9138 9267 9268 
f 9267 9268 9397 
f 9267 9396 9397 
f 9396 9397 9526 
f 9396 9525 9526 
f 9525 9526 9655 
f 9525 9654 9655 
f 9654 9655 9784 
f 9654 9783 9784 
f 9783 9784 9913 
f 9783 9912 9913 
f 9912 9913 10042 
f 9912 10041 10042 
f 10041 10042 10171 
f 10041 10170 10171 
f 10170 10171 10300 
f 10170 10299 10300 
f 10299 10300 10429 
f 10299 10428 10429 
f 10428 10429 10558 
f 10428 10557 10558 
f 10557 10558 10687 
f 10557 10686 10687 
f 10686 10687 10816 
f 10686 10815 10816 
f 10815 10816 10945 
f 10815 10944 10945 
f 10944 10945 11074 
f 10944 11073 11074 
f 11073 11074 11203 
f 11073 11202 11203 
f 11202 11203 11332 
f 11202 11331 11332 
f 11331 11332 11461 
f 11331 11460 11461 
f 11460 11461 11590 
f 11460 11589 11590 
f 11589 11590 11719 
f 11589 11718 11719 
f 11718 11719 11848 
f 11718 11847 11848 
f 11847 11848 11977 
f 11847 11976 11977 
f 11976 11977 12106 
f 11976 12105 12106 
f 12105 12106 12235 
f 12105 12234 12235 
f 12234 12235 12364 
f 12234 12363 12364 
f 12363 12364 12493 
f 12363 12492 12493 
f 12492 12493 12622 
f 12492 12621 12622 
f 12621 12622 12751 
f 12621 12750 12751 
f 12750 12751 12880 
f 12750 12879 12880 
f 12879 12880 13009 
f 12879 13008 13009 
f 13008 13009 13138 
f 13008 13137 13138 
f 13137 13138 13267 
f 13137 13266 13267 
f 13266 13267 13396 
f 13266 13395 13396 
f 13395 13396 13525 
f 13395 13524 13525 
f 13524 13525 13654 
f 13524 13653 13654 
f 13653 13654 13783 
f 13653 13782 13783 
f 13782 13783 13912 
f 13782 13911 13912 
f 13911 13912 14041 
f 13911 14040 14041 
f 14040 14041 14170 
f 14040 14169 14170 
f 14169 14170 14299 
f 14169 14298 14299 
f 14298 14299 14428 
f 14298 14427 14428 
f 14427 14428 14557 
f 14427 14556 14557 
f 14556 14557 14686 
f 14556 14685 14686 
f 14685 14686 14815 
f 14685 14814 14815 
f 14814 14815 14944 
f 14814 14943 14944 
f 14943 14944 15073 
f 14943 15072 15073 
f 15072 15073 15202 
f 15072 15201 15202 
f 15201 15202 15331 
f 15201 15330 15331 
f 15330 15331 15460 
f 15330 15459 15460 
f 15459 15460 15589 
f 15459 15588 15589 
f 15588 15589 15718 
f 15588 15717 15718 
f 15717 15718 15847 
f 15717 15846 15847 
f 15846 15847 15976 
f 15846 15975 15976 
f 15975 15976 16105 
f 15975 16104 16105 
f 16104 16105 16234 
f 16104 16233 16234 
f 16233 16234 16363 
f 16233 16362 16363 
f 16362 16363 16492 
f 16362 16491 16492 
f 16491 16492 16621 
f 16491 16620 16621 
f 109 110 239 
f 109 238 239 
f 238 239 368 
f 238 367 368 
f 367 368 497 
f 367 496 497 
f 496 497 626 
f 496 625 626 
f 625 626 755 
f 625 754 755 
f 754 755 884 
f 754 883 884 
f 883 884 1013 
f 883 1012 1013 
f 1012 1013 1142 
f 1012 1141 1142 
f 1141 1142 1271 
f 1141 1270 1271 
f 1270 1271 1400 
f 1270 1399 1400 
f 1399 1400 1529 
f 1399 1528 1529 
f 1528 1529 1658 
f 1528 1657 1658 
f 1657 1658 1787 
f 1657 1786 1787 
f 1786 1787 1916 
f 1786 1915 1916 
f 1915 1916 2045 
f 1915 2044 2045 
f 2044 2045 2174 
f 2044 2173 2174 
f 2173 2174 2303 
f 2173 2302 2303 
f 2302 2303 2432 
f 2302 2431 2432 
f 2431 2432 2561 
f 2431 2560 2561 
f 2560 2561 2690 
f 2560 2689 2690 
f 2689 2690 2819 
f 2689 2818 2819 
f 2818 2819 2948 
f 2818 2947 2948 
f 2947 2948 3077 
f 2947 3076 3077 
f 3076 3077 3206 
f 3076 3205 3206 
f 3205 3206 3335 
f 3205 3334 3335 
f 3334 3335 3464 
f 3334 3463 3464 
f 3463 3464 3593 
f 3463 3592 3593 
f 3592 3593 3722 
f 3592 3721 3722 
f 3721 3722 3851 
f 3721 3850 3851 
f 3850 3851 3980 
f 3850 3979 3980 
f 3979 3980 4109 
f 3979 4108 4109 
f 4108 4109 4238 
f 4108 4237 4238 
f 4237 4238 4367 
f 4237 4366 4367 
f 4366 4367 4496 
f 4366 4495 4496 
f 4495 4496 4625 
f 4495 4624 4625 
f 4624 4625 4754 
f 4624 4753 4754 
f 4753 4754 4883 
f 4753 4882 4883 
f 4882 4883 5012 
f 4882 5011 5012 
f 5011 5012 5141 
f 5011 5140 5141 
f 5140 5141 5270 
f 5140 5269 5270 
f 5269 5270 5399 
f 5269 5398 5399 
f 5398 5399 5528 
f 5398 5527 5528 
f 5527 5528 5657 
f 5527 5656 5657 
f 5656 5657 5786 
f 5656 5785 5786 
f 5785 5786 5915 
f 5785 5914 5915 
f 5914 5915 6044 
f 5914 6043 6044 
f 6043 6044 6173 
f 6043 6172 6173 
f 6172 6173 6302 
f 6172 6301 6302 
f 6301 6302 6431 
f 6301 6430 6431 
f 6430 6431 6560 
f 6430 6559 6560 
f 6559 6560 6689 
f 6559 6688 6689 
f 6688 6689 6818 
f 6688 6817 6818 
f 6817 6818 6947 
f 6817 6946 6947 
f 6946 6947 7076 
f 6946 7075 7076 
f 7075 7076 7205 
f 7075 7204 7205 
f 7204 7205 7334 
f 7204 7333 7334 
f 7333 7334 7463 
f 7333 7462 7463 
f 7462 7463 7592 
f 7462 7591 7592 
f 7591 7592 7721 
f 7591 7720 7721 
f 7720 7721 7850 
f 7720 7849 7850 
f 7849 7850 7979 
f 7849 7978 7979 
f 7978 7979 8108 
f 7978 8107 8108 
f 8107 8108 8237 
f 8107 8236 8237 
f 8236 8237 8366 
f 8236 8365 8366 
f 8365 8366 8495 
f 8365 8494 8495 
f 8494 8495 8624 
f 8494 8623 8624 
f 8623 8624 8753 
f 8623 8752 8753 
f 8752 8753 8882 
f 8752 8881 8882 
f 8881 8882 9011 
f 8881 9010 9011 
f 9010 9011 9140 
f 9010 9139 9140 
f 9139 9140 9269 
f 9139 9268 9269 
f 9268 9269 9398 
f 9268 9397 9398 
f 9397 9398 9527 
f 9397 9526 9527 
f 9526 9527 9656 
f 9526 9655 9656 
f 9655 9656 9785 
f 9655 9784 9785 
f 9784 9785 9914 
f 9784 9913 9914 
f 9913 9914 10043 
f 9913 10042 10043 
f 10042 10043 10172 
f 10042 10171 10172 
f 10171 10172 10301 
f 10171 10300 10301 
f 10300 10301 10430 
f 10300 10429 10430 
f 10429 10430 10559 
f 10429 10558 10559 
f 10558 10559 10688 
f 10558 10687 10688 
f 10687 10688 10817 
f 10687 10816 10817 
f 10816 10817 10946 
f 10816 10945 10946 
f 10945 10946 11075 
f 10945 11074 11075 
f 11074 11075 11204 
f 11074 11203 11204 
f 11203 11204 11333 
f 11203 11332 11333 
f 11332 11333 11462 
f 11332 11461 11462 
f 11461 11462 11591 
f 11461 11590 11591 
f 11590 11591 11720 
f 11590 11719 11720 
f 11719 11720 11849 
f 11719 11848 11849 
f 11848 11849 11978 
f 11848 11977 11978 
f 11977 11978 12107 
f 11977 12106 12107 
f 12106 12107 12236 
f 12106 12235 12236 
f 12235 12236 12365 
f 12235 12364 12365 
f 12364 12365 12494 
f 12364 12493 12494 
f 12493 12494 12623 
f 12493 12622 12623 
f 12622 12623 12752 
f 12622 12751 12752 
f 12751 12752 12881 
f 12751 12880 12881 
f 12880 12881 13010 
f 12880 13009 13010 
f 13009 13010 13139 
f 13009 13138 13139 
f 13138 13139 13268 
f 13138 13267 13268 
f 13267 13268 13397 
f 13267 13396 13397 
f 13396 13397 13526 
f 13396 13525 13526 
f 13525 13526 13655 
f 13525 13654 13655 
f 13654 13655 13784 
f 13654 13783 13784 
f 13783 13784 13913 
f 13783 13912 13913 
f 13912 13913 14042 
f 13912 14041 14042 
f 14041 14042 14171 
f 14041 14170 14171 
f 14170 14171 14300 
f 14170 14299 14300 
f 14299 14300 14429 
f 14299 14428 14429 
f 14428 14429 14558 
f 14428 14557 14558 
f 14557 14558 14687 
f 14557 14686 14687 
f 14686 14687 14816 
f 14686 14815 14816 
f 14815 14816 14945 
f 14815 14944 14945 
f 14944 14945 15074 
f 14944 15073 15074 
f 15073 15074 15203 
f 15073 15202 15203 
f 15202 15203 15332 
f 15202 15331 15332 
f 15331 15332 15461 
f 15331 15460 15461 
f 15460 15461 15590 
f 15460 15589 15590 
f 15589 15590 15719 
f 15589 15718 15719 
f 15718 15719 15848 
f 15718 15847 15848 
f 15847 15848 15977 
f 15847 15976 15977 
f 15976 15977 16106 
f 15976 16105 16106 
f 16105 16106 16235 
f 16105 16234 16235 
f 16234 16235 16364 
f 16234 16363 16364 
f 16363 16364 16493 
f 16363 16492 16493 
f 16492 16493 16622 
f 16492 16621 16622 
f 110 111 240 
f 110 239 240 
f 239 240 369 
f 239 368 369 
f 368 369 498 
f 368 497 498 
f 497 498 627 
f 497 626 627 
f 626 627 756 
f 626 755 756 
f 755 756 885 
f 755 884 885 
f 884 885 1014 
f 884 1013 1014 
f 1013 1014 1143 
f 1013 1142 1143 
f 1142 1143 1272 
f 1142 1271 1272 
f 1271 1272 1401 
f 1271 1400 1401 
f 1400 1401 1530 
f 1400 1529 1530 
f 1529 1530 1659 
f 1529 1658 1659 
f 1658 1659 1788 
f 1658 1787 1788 
f 1787 1788 1917 
f 1787 1916 1917 
f 1916 1917 2046 
f 1916 2045 2046 
f 2045 2046 2175 
f 2045 2174 2175 
f 2174 2175 2304 
f 2174 2303 2304 
f 2303 2304 2433 
f 2303 2432 2433 
f 2432 2433 2562 
f 2432 2561 2562 
f 2561 2562 2691 
f 2561 2690 2691 
f 2690 2691 2820 
f 2690 2819 2820 
f 2819 2820 2949 
f 2819 2948 2949 
f 2948 2949 3078 
f 2948 3077 3078 
f 3077 3078 3207 
f 3077 3206 3207 
f 3206 3207 3336 
f 3206 3335 3336 
f 3335 3336 3465 
f 3335 3464 3465 
f 3464 3465 3594 
f 3464 3593 3594 
f 3593 3594 3723 
f 3593 3722 3723 
f 3722 3723 3852 
f 3722 3851 3852 
f 3851 3852 3981 
f 3851 3980 3981 
f 3980 3981 4110 
f 3980 4109 4110 
f 4109 4110 4239 
f 4109 4238 4239 
f 4238 4239 4368 
f 4238 4367 4368 
f 4367 4368 4497 
f 4367 4496 4497 
f 4496 4497 4626 
f 4496 4625 4626 
f 4625 4626 4755 
f 4625 4754 4755 
f 4754 4755 4884 
f 4754 4883 4884 
f 4883 4884 5013 
f 4883 5012 5013 
f 5012 5013 5142 
f 5012 5141 5142 
f 5141 5142 5271 
f 5141 5270 5271 
f 5270 5271 5400 
f 5270 5399 5400 
f 5399 5400 5529 
f 5399 5528 5529 
f 5528 5529 5658 
f 5528 5657 5658 
f 5657 5658 5787 
f 5657 5786 5787 
f 5786 5787 5916 
f 5786 5915 5916 
f 5915 5916 6045 
f 5915 6044 6045 
f 6044 6045 6174 
f 6044 6173 6174 
f 6173 6174 6303 
f 6173 6302 6303 
f 6302 6303 6432 
f 6302 6431 6432 
f 6431 6432 6561 
f 6431 6560 6561 
f 6560 6561 6690 
f 6560 6689 6690 
f 6689 6690 6819 
f 6689 6818 6819 
f 6818 6819 6948 
f 6818 6947 6948 
f 6947 6948 7077 
f 6947 7076 7077 
f 7076 7077 7206 
f 7076 7205 7206 
f 7205 7206 7335 
f 7205 7334 7335 
f 7334 7335 7464 
f 7334 7463 7464 
f 7463 7464 7593 
f 7463 7592 7593 
f 7592 7593 7722 
f 7592 7721 7722 
f 7721 7722 7851 
f 7721 7850 7851 
f 7850 7851 7980 
f 7850 7979 7980 
f 7979 7980 8109 
f 7979 8108 8109 
f 8108 8109 8238 
f 8108 8237 8238 
f 8237 8238 8367 
f 8237 8366 8367 
f 8366 8367 8496 
f 8366 8495 8496 
f 8495 8496 8625 
f 8495 8624 8625 
f 8624 8625 8754 
f 8624 8753 8754 
f 8753 8754 8883 
f 8753 8882 8883 
f 8882 8883 9012 
f 8882 9011 9012 
f 9011 9012 9141 
f 9011 9140 9141 
f 9140 9141 9270 
f 9140 9269 9270 
f 9269 9270 9399 
f 9269 9398 9399 
f 9398 9399 9528 
f 9398 9527 9528 
f 9527 9528 9657 
f 9527 9656 9657 
f 9656 9657 9786 
f 9656 9785 9786 
f 9785 9786 9915 
f 9785 9914 9915 
f 9914 9915 10044 
f 9914 10043 10044 
f 10043 10044 10173 
f 10043 10172 10173 
f 10172 10173 10302 
f 10172 10301 10302 
f 10301 10302 10431 
f 10301 10430 10431 
f 10430 10431 10560 
f 10430 10559 10560 
f 10559 10560 10689 
f 10559 10688 10689 
f 10688 10689 10818 
f 10688 10817 10818 
f 10817 10818 10947 
f 10817 10946 10947 
f 10946 10947 11076 
f 10946 11075 11076 
f 11075 11076 11205 
f 11075 11204 11205 
f 11204 11205 11334 
f 11204 11333 11334 
f 11333 11334 11463 
f 11333 11462 11463 
f 11462 11463 11592 
f 11462 11591 11592 
f 11591 11592 11721 
f 11591 11720 11721 
f 11720 11721 11850 
f 11720 11849 11850 
f 11849 11850 11979 
f 11849 11978 11979 
f 11978 11979 12108 
f 11978 12107 12108 
f 12107 12108 12237 
f 12107 12236 12237 
f 12236 12237 12366 
f 12236 12365 12366 
f 12365 12366 12495 
f 12365 12494 12495 
f 12494 12495 12624 
f 12494 12623 12624 
f 12623 12624 12753 
f 12623 12752 12753 
f 12752 12753 12882 
f 12752 12881 12882 
f 12881 12882 13011 
f 12881 13010 13011 
f 13010 13011 13140 
f 13010 13139 13140 
f 13139 13140 13269 
f 13139 13268 13269 
f 13268 13269 13398 
f 13268 13397 13398 
f 13397 13398 13527 
f 13397 13526 13527 
f 13526 13527 13656 
f 13526 13655 13656 
f 13655 13656 13785 
f 13655 13784 13785 
f 13784 13785 13914 
f 13784 13913 13914 
f 13913 13914 14043 
f 13913 14042 14043 
f 14042 14043 14172 
f 14042 14171 14172 
f 14171 14172 14301 
f 14171 14300 14301 
f 14300 14301 14430 
f 14300 14429 14430 
f 14429 14430 14559 
f 14429 14558 14559 
f 14558 14559 14688 
f 14558 14687 14688 
f 14687 14688 14817 
f 14687 14816 14817 
f 14816 14817 14946 
f 14816 14945 14946 
f 14945 14946 15075 
f 14945 15074 15075 
f 15074 15075 15204 
f 15074 15203 15204 
f 15203 15204 15333 
f 15203 15332 15333 
f 15332 15333 15462 
f 15332 15461 15462 
f 15461 15462 15591 
f 15461 15590 15591 
f 15590 15591 15720 
f 15590 15719 15720 
f 15719 15720 15849 
f 15719 15848 15849 
f 15848 15849 15978 
f 15848 15977 15978 
f 15977 15978 16107 
f 15977 16106 16107 
f 16106 16107 16236 
f 16106 16235 16236 
f 16235 16236 16365 
f 16235 16364 16365 
f 16364 16365 16494 
f 16364 16493 16494 
f 16493 16494 16623 
f 16493 16622 16623 
f 111 112 241 
f 111 240 241 
f 240 241 370 
f 240 369 370 
f 369 370 499 
f 369 498 499 
f 498 499 628 
f 498 627 628 
f 627 628 757 
f 627 756 757 
f 756 757 886 
f 756 885 886 
f 885 886 1015 
f 885 1014 1015 
f 1014 1015 1144 
f 1014 1143 1144 
f 1143 1144 1273 
f 1143 1272 1273 
f 1272 1273 1402 
f 1272 1401 1402 
f 1401 1402 1531 
f 1401 1530 1531 
f 1530 1531 1660 
f 1530 1659 1660 
f 1659 1660 1789 
f 1659 1788 1789 
f 1788 1789 1918 
f 1788 1917 1918 
f 1917 1918 2047 
f 1917 2046 2047 
f 2046 2047 2176 
f 2046 2175 2176 
f 2175 2176 2305 
f 2175 2304 2305 
f 2304 2305 2434 
f 2304 2433 2434 
f 2433 2434 2563 
f 2433 2562 2563 
f 2562 2563 2692 
f 2562 2691 2692 
f 2691 2692 2821 
f 2691 2820 2821 
f 2820 2821 2950 
f 2820 2949 2950 
f 2949 2950 3079 
f 2949 3078 3079 
f 3078 3079 3208 
f 3078 3207 3208 
f 3207 3208 3337 
f 3207 3336 3337 
f 3336 3337 3466 
f 3336 3465 3466 
f 3465 3466 3595 
f 3465 3594 3595 
f 3594 3595 3724 
f 3594 3723 3724 
f 3723 3724 3853 
f 3723 3852 3853 
f 3852 3853 3982 
f 3852 3981 3982 
f 3981 3982 4111 
f 3981 4110 4111 
f 4110 4111 4240 
f 4110 4239 4240 
f 4239 4240 4369 
f 4239 4368 4369 
f 4368 4369 4498 
f 4368 4497 4498 
f 4497 4498 4627 
f 4497 4626 4627 
f 4626 4627 4756 
f 4626 4755 4756 
f 4755 4756 4885 
f 4755 4884 4885 
f 4884 4885 5014 
f 4884 5013 5014 
f 5013 5014 5143 
f 5013 5142 5143 
f 5142 5143 5272 
f 5142 5271 5272 
f 5271 5272 5401 
f 5271 5400 5401 
f 5400 5401 5530 
f 5400 5529 5530 
f 5529 5530 5659 
f 5529 5658 5659 
f 5658 5659 5788 
f 5658 5787 5788 
f 5787 5788 5917 
f 5787 5916 5917 
f 5916 5917 6046 
f 5916 6045 6046 
f 6045 6046 6175 
f 6045 6174 6175 
f 6174 6175 6304 
f 6174 6303 6304 
f 6303 6304 6433 
f 6303 6432 6433 
f 6432 6433 6562 
f 6432 6561 6562 
f 6561 6562 6691 
f 6561 6690 6691 
f 6690 6691 6820 
f 6690 6819 6820 
f 6819 6820 6949 
f 6819 6948 6949 
f 6948 6949 7078 
f 6948 7077 7078 
f 7077 7078 7207 
f 7077 7206 7207 
f 7206 7207 7336 
f 7206 7335 7336 
f 7335 7336 7465 
f 7335 7464 7465 
f 7464 7465 7594 
f 7464 7593 7594 
f 7593 7594 7723 
f 7593 7722 7723 
f 7722 7723 7852 
f 7722 7851 7852 
f 7851 7852 7981 
f 7851 7980 7981 
f 7980 7981 8110 
f 7980 8109 8110 
f 8109 8110 8239 
f 8109 8238 8239 
f 8238 8239 8368 
f 8238 8367 8368 
f 8367 8368 8497 
f 8367 8496 8497 
f 8496 8497 8626 
f 8496 8625 8626 
f 8625 8626 8755 
f 8625 8754 8755 
f 8754 8755 8884 
f 8754 8883 8884 
f 8883 8884 9013 
f 8883 9012 9013 
f 9012 9013 9142 
f 9012 9141 9142 
f 9141 9142 9271 
f 9141 9270 9271 
f 9270 9271 9400 
f 9270 9399 9400 
f 9399 9400 9529 
f 9399 9528 9529 
f 9528 9529 9658 
f 9528 9657 9658 
f 9657 9658 9787 
f 9657 9786 9787 
f 9786 9787 9916 
f 9786 9915 9916 
f 9915 9916 10045 
f 9915 10044 10045 
f 10044 10045 10174 
f 10044 10173 10174 
f 10173 10174 10303 
f 10173 10302 10303 
f 10302 10303 10432 
f 10302 10431 10432 
f 10431 10432 10561 
f 10431 10560 10561 
f 10560 10561 10690 
f 10560 10689 10690 
f 10689 10690 10819 
f 10689 10818 10819 
f 10818 10819 10948 
f 10818 10947 10948 
f 10947 10948 11077 
f 10947 11076 11077 
f 11076 11077 11206 
f 11076 11205 11206 
f 11205 11206 11335 
f 11205 11334 11335 
f 11334 11335 11464 
f 11334 11463 11464 
f 11463 11464 11593 
f 11463 11592 11593 
f 11592 11593 11722 
f 11592 11721 11722 
f 11721 11722 11851 
f 11721 11850 11851 
f 11850 11851 11980 
f 11850 11979 11980 
f 11979 11980 12109 
f 11979 12108 12109 
f 12108 12109 12238 
f 12108 12237 12238 
f 12237 12238 12367 
f 12237 12366 12367 
f 12366 12367 12496 
f 12366 12495 12496 
f 12495 12496 12625 
f 12495 12624 12625 
f 12624 12625 12754 
f 12624 12753 12754 
f 12753 12754 12883 
f 12753 12882 12883 
f 12882 12883 13012 
f 12882 13011 13012 
f 13011 13012 13141 
f 13011 13140 13141 
f 13140 13141 13270 
f 13140 13269 13270 
f 13269 13270 13399 
f 13269 13398 13399 
f 13398 13399 13528 
f 13398 13527 13528 
f 13527 13528 13657 
f 13527 13656 13657 
f 13656 13657 13786 
f 13656 13785 13786 
f 13785 13786 13915 
f 13785 13914 13915 
f 13914 13915 14044 
f 13914 14043 14044 
f 14043 14044 14173 
f 14043 14172 14173 
f 14172 14173 14302 
f 14172 14301 14302 
f 14301 14302 14431 
f 14301 14430 14431 
f 14430 14431 14560 
f 14430 14559 14560 
f 14559 14560 14689 
f 14559 14688 14689 
f 14688 14689 14818 
f 14688 14817 14818 
f 14817 14818 14947 
f 14817 14946 14947 
f 14946 14947 15076 
f 14946 15075 15076 
f 15075 15076 15205 
f 15075 15204 15205 
f 15204 15205 15334 
f 15204 15333 15334 
f 15333 15334 15463 
f 15333 15462 15463 
f 15462 15463 15592 
f 15462 15591 15592 
f 15591 15592 15721 
f 15591 15720 15721 
f 15720 15721 15850 
f 15720 15849 15850 
f 15849 15850 15979 
f 15849 15978 15979 
f 15978 15979 16108 
f 15978 16107 16108 
f 16107 16108 16237 
f 16107 16236 16237 
f 16236 16237 16366 
f 16236 16365 16366 
f 16365 16366 16495 
f 16365 16494 16495 
f 16494 16495 16624 
f 16494 16623 16624 
f 112 113 242 
f 112 241 242 
f 241 242 371 
f 241 370 371 
f 370 371 500 
f 370 499 500 
f 499 500 629 
f 499 628 629 
f 628 629 758 
f 628 757 758 
f 757 758 887 
f 757 886 887 
f 886 887 1016 
f 886 1015 1016 
f 1015 1016 1145 
f 1015 1144 1145 
f 1144 1145 1274 
f 1144 1273 1274 
f 1273 1274 1403 
f 1273 1402 1403 
f 1402 1403 1532 
f 1402 1531 1532 
f 1531 1532 1661 
f 1531 1660 1661 
f 1660 1661 1790 
f 1660 1789 1790 
f 1789 1790 1919 
f 1789 1918 1919 
f 1918 1919 2048 
f 1918 2047 2048 
f 2047 2048 2177 
f 2047 2176 2177 
f 2176 2177 2306 
f 2176 2305 2306 
f 2305 2306 2435 
f 2305 2434 2435 
f 2434 2435 2564 
f 2434 2563 2564 
f 2563 2564 2693 
f 2563 2692 2693 
f 2692 2693 2822 
f 2692 2821 2822 
f 2821 2822 2951 
f 2821 2950 2951 
f 2950 2951 3080 
f 2950 3079 3080 
f 3079 3080 3209 
f 3079 3208 3209 
f 3208 3209 3338 
f 3208 3337 3338 
f 3337 3338 3467 
f 3337 3466 3467 
f 3466 3467 3596 
f 3466 3595 3596 
f 3595 3596 3725 
f 3595 3724 3725 
f 3724 3725 3854 
f 3724 3853 3854 
f 3853 3854 3983 
f 3853 3982 3983 
f 3982 3983 4112 
f 3982 4111 4112 
f 4111 4112 4241 
f 4111 4240 4241 
f 4240 4241 4370 
f 4240 4369 4370 
f 4369 4370 4499 
f 4369 4498 4499 
f 4498 4499 4628 
f 4498 4627 4628 
f 4627 4628 4757 
f 4627 4756 4757 
f 4756 4757 4886 
f 4756 4885 4886 
f 4885 4886 5015 
f 4885 5014 5015 
f 5014 5015 5144 
f 5014 5143 5144 
f 5143 5144 5273 
f 5143 5272 5273 
f 5272 5273 5402 
f 5272 5401 5402 
f 5401 5402 5531 
f 5401 5530 5531 
f 5530 5531 5660 
f 5530 5659 5660 
f 5659 5660 5789 
f 5659 5788 5789 
f 5788 5789 5918 
f 5788 5917 5918 
f 5917 5918 6047 
f 5917 6046 6047 
f 6046 6047 6176 
f 6046 6175 6176 
f 6175 6176 6305 
f 6175 6304 6305 
f 6304 6305 6434 
f 6304 6433 6434 
f 6433 6434 6563 
f 6433 6562 6563 
f 6562 6563 6692 
f 6562 6691 6692 
f 6691 6692 6821 
f 6691 6820 6821 
f 6820 6821 6950 
f 6820 6949 6950 
f 6949 6950 7079 
f 6949 7078 7079 
f 7078 7079 7208 
f 7078 7207 7208 
f 7207 7208 7337 
f 7207 7336 7337 
f 7336 7337 7466 
f 7336 7465 7466 
f 7465 7466 7595 
f 7465 7594 7595 
f 7594 7595 7724 
f 7594 7723 7724 
f 7723 7724 7853 
f 7723 7852 7853 
f 7852 7853 7982 
f 7852 7981 7982 
f 7981 7982 8111 
f 7981 8110 8111 
f 8110 8111 8240 
f 8110 8239 8240 
f 8239 8240 8369 
f 8239 8368 8369 
f 8368 8369 8498 
f 8368 8497 8498 
f 8497 8498 8627 
f 8497 8626 8627 
f 8626 8627 8756 
f 8626 8755 8756 
f 8755 8756 8885 
f 8755 8884 8885 
f 8884 8885 9014 
f 8884 9013 9014 
f 9013 9014 9143 
f 9013 9142 9143 
f 9142 9143 9272 
f 9142 9271 9272 
f 9271 9272 9401 
f 9271 9400 9401 
f 9400 9401 9530 
f 9400 9529 9530 
f 9529 9530 9659 
f 9529 9658 9659 
f 9658 9659 9788 
f 9658 9787 9788 
f 9787 9788 9917 
f 9787 9916 9917 
f 9916 9917 10046 
f 9916 10045 10046 
f 10045 10046 10175 
f 10045 10174 10175 
f 10174 10175 10304 
f 10174 10303 10304 
f 10303 10304 10433 
f 10303 10432 10433 
f 10432 10433 10562 
f 10432 10561 10562 
f 10561 10562 10691 
f 10561 10690 10691 
f 10690 10691 10820 
f 10690 10819 10820 
f 10819 10820 10949 
f 10819 10948 10949 
f 10948 10949 11078 
f 10948 11077 11078 
f 11077 11078 11207 
f 11077 11206 11207 
f 11206 11207 11336 
f 11206 11335 11336 
f 11335 11336 11465 
f 11335 11464 11465 
f 11464 11465 11594 
f 11464 11593 11594 
f 11593 11594 11723 
f 11593 11722 11723 
f 11722 11723 11852 
f 11722 11851 11852 
f 11851 11852 11981 
f 11851 11980 11981 
f 11980 11981 12110 
f 11980 12109 12110 
f 12109 12110 12239 
f 12109 12238 12239 
f 12238 12239 12368 
f 12238 12367 12368 
f 12367 12368 12497 
f 12367 12496 12497 
f 12496 12497 12626 
f 12496 12625 12626 
f 12625 12626 12755 
f 12625 12754 12755 
f 12754 12755 12884 
f 12754 12883 12884 
f 12883 12884 13013 
f 12883 13012 13013 
f 13012 13013 13142 
f 13012 13141 13142 
f 13141 13142 13271 
f 13141 13270 13271 
f 13270 13271 13400 
f 13270 13399 13400 
f 13399 13400 13529 
f 13399 13528 13529 
f 13528 13529 13658 
f 13528 13657 13658 
f 13657 13658 13787 
f 13657 13786 13787 
f 13786 13787 13916 
f 13786 13915 13916 
f 13915 13916 14045 
f 13915 14044 14045 
f 14044 14045 14174 
f 14044 14173 14174 
f 14173 14174 14303 
f 14173 14302 14303 
f 14302 14303 14432 
f 14302 14431 14432 
f 14431 14432 14561 
f 14431 14560 14561 
f 14560 14561 14690 
f 14560 14689 14690 
f 14689 14690 14819 
f 14689 14818 14819 
f 14818 14819 14948 
f 14818 14947 14948 
f 14947 14948 15077 
f 14947 15076 15077 
f 15076 15077 15206 
f 15076 15205 15206 
f 15205 15206 15335 
f 15205 15334 15335 
f 15334 15335 15464 
f 15334 15463 15464 
f 15463 15464 15593 
f 15463 15592 15593 
f 15592 15593 15722 
f 15592 15721 15722 
f 15721 15722 15851 
f 15721 15850 15851 
f 15850 15851 15980 
f 15850 15979 15980 
f 15979 15980 16109 
f 15979 16108 16109 
f 16108 16109 16238 
f 16108 16237 16238 
f 16237 16238 16367 
f 16237 16366 16367 
f 16366 16367 16496 
f 16366 16495 16496 
f 16495 16496 16625 
f 16495 16624 16625 
f 113 114 243 
f 113 242 243 
f 242 243 372 
f 242 371 372 
f 371 372 501 
f 371 500 501 
f 500 501 630 
f 500 629 630 
f 629 630 759 
f 629 758 759 
f 758 759 888 
f 758 887 888 
f 887 888 1017 
f 887 1016 1017 
f 1016 1017 1146 
f 1016 1145 1146 
f 1145 1146 1275 
f 1145 1274 1275 
f 1274 1275 1404 
f 1274 1403 1404 
f 1403 1404 1533 
f 1403 1532 1533 
f 1532 1533 1662 
f 1532 1661 1662 
f 1661 1662 1791 
f 1661 1790 1791 
f 1790 1791 1920 
f 1790 1919 1920 
f 1919 1920 2049 
f 1919 2048 2049 
f 2048 2049 2178 
f 2048 2177 2178 
f 2177 2178 2307 
f 2177 2306 2307 
f 2306 2307 2436 
f 2306 2435 2436 
f 2435 2436 2565 
f 2435 2564 2565 
f 2564 2565 2694 
f 2564 2693 2694 
f 2693 2694 2823 
f 2693 2822 2823 
f 2822 2823 2952 
f 2822 2951 2952 
f 2951 2952 3081 
f 2951 3080 3081 
f 3080 3081 3210 
f 3080 3209 3210 
f 3209 3210 3339 
f 3209 3338 3339 
f 3338 3339 3468 
f 3338 3467 3468 
f 3467 3468 3597 
f 3467 3596 3597 
f 3596 3597 3726 
f 3596 3725 3726 
f 3725 3726 3855 
f 3725 3854 3855 
f 3854 3855 3984 
f 3854 3983 3984 
f 3983 3984 4113 
f 3983 4112 4113 
f 4112 4113 4242 
f 4112 4241 4242 
f 4241 4242 4371 
f 4241 4370 4371 
f 4370 4371 4500 
f 4370 4499 4500 
f 4499 4500 4629 
f 4499 4628 4629 
f 4628 4629 4758 
f 4628 4757 4758 
f 4757 4758 4887 
f 4757 4886 4887 
f 4886 4887 5016 
f 4886 5015 5016 
f 5015 5016 5145 
f 5015 5144 5145 
f 5144 5145 5274 
f 5144 5273 5274 
f 5273 5274 5403 
f 5273 5402 5403 
f 5402 5403 5532 
f 5402 5531 5532 
f 5531 5532 5661 
f 5531 5660 5661 
f 5660 5661 5790 
f 5660 5789 5790 
f 5789 5790 5919 
f 5789 5918 5919 
f 5918 5919 6048 
f 5918 6047 6048 
f 6047 6048 6177 
f 6047 6176 6177 
f 6176 6177 6306 
f 6176 6305 6306 
f 6305 6306 6435 
f 6305 6434 6435 
f 6434 6435 6564 
f 6434 6563 6564 
f 6563 6564 6693 
f 6563 6692 6693 
f 6692 6693 6822 
f 6692 6821 6822 
f 6821 6822 6951 
f 6821 6950 6951 
f 6950 6951 7080 
f 6950 7079 7080 
f 7079 7080 7209 
f 7079 7208 7209 
f 7208 7209 7338 
f 7208 7337 7338 
f 7337 7338 7467 
f 7337 7466 7467 
f 7466 7467 7596 
f 7466 7595 7596 
f 7595 7596 7725 
f 7595 7724 7725 
f 7724 7725 7854 
f 7724 7853 7854 
f 7853 7854 7983 
f 7853 7982 7983 
f 7982 7983 8112 
f 7982 8111 8112 
f 8111 8112 8241 
f 8111 8240 8241 
f 8240 8241 8370 
f 8240 8369 8370 
f 8369 8370 8499 
f 8369 8498 8499 
f 8498 8499 8628 
f 8498 8627 8628 
f 8627 8628 8757 
f 8627 8756 8757 
f 8756 8757 8886 
f 8756 8885 8886 
f 8885 8886 9015 
f 8885 9014 9015 
f 9014 9015 9144 
f 9014 9143 9144 
f 9143 9144 9273 
f 9143 9272 9273 
f 9272 9273 9402 
f 9272 9401 9402 
f 9401 9402 9531 
f 9401 9530 9531 
f 9530 9531 9660 
f 9530 9659 9660 
f 9659 9660 9789 
f 9659 9788 9789 
f 9788 9789 9918 
f 9788 9917 9918 
f 9917 9918 10047 
f 9917 10046 10047 
f 10046 10047 10176 
f 10046 10175 10176 
f 10175 10176 10305 
f 10175 10304 10305 
f 10304 10305 10434 
f 10304 10433 10434 
f 10433 10434 10563 
f 10433 10562 10563 
f 10562 10563 10692 
f 10562 10691 10692 
f 10691 10692 10821 
f 10691 10820 10821 
f 10820 10821 10950 
f 10820 10949 10950 
f 10949 10950 11079 
f 10949 11078 11079 
f 11078 11079 11208 
f 11078 11207 11208 
f 11207 11208 11337 
f 11207 11336 11337 
f 11336 11337 11466 
f 11336 11465 11466 
f 11465 11466 11595 
f 11465 11594 11595 
f 11594 11595 11724 
f 11594 11723 11724 
f 11723 11724 11853 
f 11723 11852 11853 
f 11852 11853 11982 
f 11852 11981 11982 
f 11981 11982 12111 
f 11981 12110 12111 
f 12110 12111 12240 
f 12110 12239 12240 
f 12239 12240 12369 
f 12239 12368 12369 
f 12368 12369 12498 
f 12368 12497 12498 
f 12497 12498 12627 
f 12497 12626 12627 
f 12626 12627 12756 
f 12626 12755 12756 
f 12755 12756 12885 
f 12755 12884 12885 
f 12884 12885 13014 
f 12884 13013 13014 
f 13013 13014 13143 
f 13013 13142 13143 
f 13142 13143 13272 
f 13142 13271 13272 
f 13271 13272 13401 
f 13271 13400 13401 
f 13400 13401 13530 
f 13400 13529 13530 
f 13529 13530 13659 
f 13529 13658 13659 
f 13658 13659 13788 
f 13658 13787 13788 
f 13787 13788 13917 
f 13787 13916 13917 
f 13916 13917 14046 
f 13916 14045 14046 
f 14045 14046 14175 
f 14045 14174 14175 
f 14174 14175 14304 
f 14174 14303 14304 
f 14303 14304 14433 
f 14303 14432 14433 
f 14432 14433 14562 
f 14432 14561 14562 
f 14561 14562 14691 
f 14561 14690 14691 
f 14690 14691 14820 
f 14690 14819 14820 
f 14819 14820 14949 
f 14819 14948 14949 
f 14948 14949 15078 
f 14948 15077 15078 
f 15077 15078 15207 
f 15077 15206 15207 
f 15206 15207 15336 
f 15206 15335 15336 
f 15335 15336 15465 
f 15335 15464 15465 
f 15464 15465 15594 
f 15464 15593 15594 
f 15593 15594 15723 
f 15593 15722 15723 
f 15722 15723 15852 
f 15722 15851 15852 
f 15851 15852 15981 
f 15851 15980 15981 
f 15980 15981 16110 
f 15980 16109 16110 
f 16109 16110 16239 
f 16109 16238 16239 
f 16238 16239 16368 
f 16238 16367 16368 
f 16367 16368 16497 
f 16367 16496 16497 
f 16496 16497 16626 
f 16496 16625 16626 
f 114 115 244 
f 114 243 244 
f 243 244 373 
f 243 372 373 
f 372 373 502 
f 372 501 502 
f 501 502 631 
f 501 630 631 
f 630 631 760 
f 630 759 760 
f 759 760 889 
f 759 888 889 
f 888 889 1018 
f 888 1017 1018 
f 1017 1018 1147 
f 1017 1146 1147 
f 1146 1147 1276 
f 1146 1275 1276 
f 1275 1276 1405 
f 1275 1404 1405 
f 1404 1405 1534 
f 1404 1533 1534 
f 1533 1534 1663 
f 1533 1662 1663 
f 1662 1663 1792 
f 1662 1791 1792 
f 1791 1792 1921 
f 1791 1920 1921 
f 1920 1921 2050 
f 1920 2049 2050 
f 2049 2050 2179 
f 2049 2178 2179 
f 2178 2179 2308 
f 2178 2307 2308 
f 2307 2308 2437 
f 2307 2436 2437 
f 2436 2437 2566 
f 2436 2565 2566 
f 2565 2566 2695 
f 2565 2694 2695 
f 2694 2695 2824 
f 2694 2823 2824 
f 2823 2824 2953 
f 2823 2952 2953 
f 2952 2953 3082 
f 2952 3081 3082 
f 3081 3082 3211 
f 3081 3210 3211 
f 3210 3211 3340 
f 3210 3339 3340 
f 3339 3340 3469 
f 3339 3468 3469 
f 3468 3469 3598 
f 3468 3597 3598 
f 3597 3598 3727 
f 3597 3726 3727 
f 3726 3727 3856 
f 3726 3855 3856 
f 3855 3856 3985 
f 3855 3984 3985 
f 3984 3985 4114 
f 3984 4113 4114 
f 4113 4114 4243 
f 4113 4242 4243 
f 4242 4243 4372 
f 4242 4371 4372 
f 4371 4372 4501 
f 4371 4500 4501 
f 4500 4501 4630 
f 4500 4629 4630 
f 4629 4630 4759 
f 4629 4758 4759 
f 4758 4759 4888 
f 4758 4887 4888 
f 4887 4888 5017 
f 4887 5016 5017 
f 5016 5017 5146 
f 5016 5145 5146 
f 5145 5146 5275 
f 5145 5274 5275 
f 5274 5275 5404 
f 5274 5403 5404 
f 5403 5404 5533 
f 5403 5532 5533 
f 5532 5533 5662 
f 5532 5661 5662 
f 5661 5662 5791 
f 5661 5790 5791 
f 5790 5791 5920 
f 5790 5919 5920 
f 5919 5920 6049 
f 5919 6048 6049 
f 6048 6049 6178 
f 6048 6177 6178 
f 6177 6178 6307 
f 6177 6306 6307 
f 6306 6307 6436 
f 6306 6435 6436 
f 6435 6436 6565 
f 6435 6564 6565 
f 6564 6565 6694 
f 6564 6693 6694 
f 6693 6694 6823 
f 6693 6822 6823 
f 6822 6823 6952 
f 6822 6951 6952 
f 6951 6952 7081 
f 6951 7080 7081 
f 7080 7081 7210 
f 7080 7209 7210 
f 7209 7210 7339 
f 7209 7338 7339 
f 7338 7339 7468 
f 7338 7467 7468 
f 7467 7468 7597 
f 7467 7596 7597 
f 7596 7597 7726 
f 7596 7725 7726 
f 7725 7726 7855 
f 7725 7854 7855 
f 7854 7855 7984 
f 7854 7983 7984 
f 7983 7984 8113 
f 7983 8112 8113 
f 8112 8113 8242 
f 8112 8241 8242 
f 8241 8242 8371 
f 8241 8370 8371 
f 8370 8371 8500 
f 8370 8499 8500 
f 8499 8500 8629 
f 8499 8628 8629 
f 8628 8629 8758 
f 8628 8757 8758 
f 8757 8758 8887 
f 8757 8886 8887 
f 8886 8887 9016 
f 8886 9015 9016 
f 9015 9016 9145 
f 9015 9144 9145 
f 9144 9145 9274 
f 9144 9273 9274 
f 9273 9274 9403 
f 9273 9402 9403 
f 9402 9403 9532 
f 9402 9531 9532 
f 9531 9532 9661 
f 9531 9660 9661 
f 9660 9661 9790 
f 9660 9789 9790 
f 9789 9790 9919 
f 9789 9918 9919 
f 9918 9919 10048 
f 9918 10047 10048 
f 10047 10048 10177 
f 10047 10176 10177 
f 10176 10177 10306 
f 10176 10305 10306 
f 10305 10306 10435 
f 10305 10434 10435 
f 10434 10435 10564 
f 10434 10563 10564 
f 10563 10564 10693 
f 10563 10692 10693 
f 10692 10693 10822 
f 10692 10821 10822 
f 10821 10822 10951 
f 10821 10950 10951 
f 10950 10951 11080 
f 10950 11079 11080 
f 11079 11080 11209 
f 11079 11208 11209 
f 11208 11209 11338 
f 11208 11337 11338 
f 11337 11338 11467 
f 11337 11466 11467 
f 11466 11467 11596 
f 11466 11595 11596 
f 11595 11596 11725 
f 11595 11724 11725 
f 11724 11725 11854 
f 11724 11853 11854 
f 11853 11854 11983 
f 11853 11982 11983 
f 11982 11983 12112 
f 11982 12111 12112 
f 12111 12112 12241 
f 12111 12240 12241 
f 12240 12241 12370 
f 12240 12369 12370 
f 12369 12370 12499 
f 12369 12498 12499 
f 12498 12499 12628 
f 12498 12627 12628 
f 12627 12628 12757 
f 12627 12756 12757 
f 12756 12757 12886 
f 12756 12885 12886 
f 12885 12886 13015 
f 12885 13014 13015 
f 13014 13015 13144 
f 13014 13143 13144 
f 13143 13144 13273 
f 13143 13272 13273 
f 13272 13273 13402 
f 13272 13401 13402 
f 13401 13402 13531 
f 13401 13530 13531 
f 13530 13531 13660 
f 13530 13659 13660 
f 13659 13660 13789 
f 13659 13788 13789 
f 13788 13789 13918 
f 13788 13917 13918 
f 13917 13918 14047 
f 13917 14046 14047 
f 14046 14047 14176 
f 14046 14175 14176 
f 14175 14176 14305 
f 14175 14304 14305 
f 14304 14305 14434 
f 14304 14433 14434 
f 14433 14434 14563 
f 14433 14562 14563 
f 14562 14563 14692 
f 14562 14691 14692 
f 14691 14692 14821 
f 14691 14820 14821 
f 14820 14821 14950 
f 14820 14949 14950 
f 14949 14950 15079 
f 14949 15078 15079 
f 15078 15079 15208 
f 15078 15207 15208 
f 15207 15208 15337 
f 15207 15336 15337 
f 15336 15337 15466 
f 15336 15465 15466 
f 15465 15466 15595 
f 15465 15594 15595 
f 15594 15595 15724 
f 15594 15723 15724 
f 15723 15724 15853 
f 15723 15852 15853 
f 15852 15853 15982 
f 15852 15981 15982 
f 15981 15982 16111 
f 15981 16110 16111 
f 16110 16111 16240 
f 16110 16239 16240 
f 16239 16240 16369 
f 16239 16368 16369 
f 16368 16369 16498 
f 16368 16497 16498 
f 16497 16498 16627 
f 16497 16626 16627 
f 115 116 245 
f 115 244 245 
f 244 245 374 
f 244 373 374 
f 373 374 503 
f 373 502 503 
f 502 503 632 
f 502 631 632 
f 631 632 761 
f 631 760 761 
f 760 761 890 
f 760 889 890 
f 889 890 1019 
f 889 1018 1019 
f 1018 1019 1148 
f 1018 1147 1148 
f 1147 1148 1277 
f 1147 1276 1277 
f 1276 1277 1406 
f 1276 1405 1406 
f 1405 1406 1535 
f 1405 1534 1535 
f 1534 1535 1664 
f 1534 1663 1664 
f 1663 1664 1793 
f 1663 1792 1793 
f 1792 1793 1922 
f 1792 1921 1922 
f 1921 1922 2051 
f 1921 2050 2051 
f 2050 2051 2180 
f 2050 2179 2180 
f 2179 2180 2309 
f 2179 2308 2309 
f 2308 2309 2438 
f 2308 2437 2438 
f 2437 2438 2567 
f 2437 2566 2567 
f 2566 2567 2696 
f 2566 2695 2696 
f 2695 2696 2825 
f 2695 2824 2825 
f 2824 2825 2954 
f 2824 2953 2954 
f 2953 2954 3083 
f 2953 3082 3083 
f 3082 3083 3212 
f 3082 3211 3212 
f 3211 3212 3341 
f 3211 3340 3341 
f 3340 3341 3470 
f 3340 3469 3470 
f 3469 3470 3599 
f 3469 3598 3599 
f 3598 3599 3728 
f 3598 3727 3728 
f 3727 3728 3857 
f 3727 3856 3857 
f 3856 3857 3986 
f 3856 3985 3986 
f 3985 3986 4115 
f 3985 4114 4115 
f 4114 4115 4244 
f 4114 4243 4244 
f 4243 4244 4373 
f 4243 4372 4373 
f 4372 4373 4502 
f 4372 4501 4502 
f 4501 4502 4631 
f 4501 4630 4631 
f 4630 4631 4760 
f 4630 4759 4760 
f 4759 4760 4889 
f 4759 4888 4889 
f 4888 4889 5018 
f 4888 5017 5018 
f 5017 5018 5147 
f 5017 5146 5147 
f 5146 5147 5276 
f 5146 5275 5276 
f 5275 5276 5405 
f 5275 5404 5405 
f 5404 5405 5534 
f 5404 5533 5534 
f 5533 5534 5663 
f 5533 5662 5663 
f 5662 5663 5792 
f 5662 5791 5792 
f 5791 5792 5921 
f 5791 5920 5921 
f 5920 5921 6050 
f 5920 6049 6050 
f 6049 6050 6179 
f 6049 6178 6179 
f 6178 6179 6308 
f 6178 6307 6308 
f 6307 6308 6437 
f 6307 6436 6437 
f 6436 6437 6566 
f 6436 6565 6566 
f 6565 6566 6695 
f 6565 6694 6695 
f 6694 6695 6824 
f 6694 6823 6824 
f 6823 6824 6953 
f 6823 6952 6953 
f 6952 6953 7082 
f 6952 7081 7082 
f 7081 7082 7211 
f 7081 7210 7211 
f 7210 7211 7340 
f 7210 7339 7340 
f 7339 7340 7469 
f 7339 7468 7469 
f 7468 7469 7598 
f 7468 7597 7598 
f 7597 7598 7727 
f 7597 7726 7727 
f 7726 7727 7856 
f 7726 7855 7856 
f 7855 7856 7985 
f 7855 7984 7985 
f 7984 7985 8114 
f 7984 8113 8114 
f 8113 8114 8243 
f 8113 8242 8243 
f 8242 8243 8372 
f 8242 8371 8372 
f 8371 8372 8501 
f 8371 8500 8501 
f 8500 8501 8630 
f 8500 8629 8630 
f 8629 8630 8759 
f 8629 8758 8759 
f 8758 8759 8888 
f 8758 8887 8888 
f 8887 8888 9017 
f 8887 9016 9017 
f 9016 9017 9146 
f 9016 9145 9146 
f 9145 9146 9275 
f 9145 9274 9275 
f 9274 9275 9404 
f 9274 9403 9404 
f 9403 9404 9533 
f 9403 9532 9533 
f 9532 9533 9662 
f 9532 9661 9662 
f 9661 9662 9791 
f 9661 9790 9791 
f 9790 9791 9920 
f 9790 9919 9920 
f 9919 9920 10049 
f 9919 10048 10049 
f 10048 10049 10178 
f 10048 10177 10178 
f 10177 10178 10307 
f 10177 10306 10307 
f 10306 10307 10436 
f 10306 10435 10436 
f 10435 10436 10565 
f 10435 10564 10565 
f 10564 10565 10694 
f 10564 10693 10694 
f 10693 10694 10823 
f 10693 10822 10823 
f 10822 10823 10952 
f 10822 10951 10952 
f 10951 10952 11081 
f 10951 11080 11081 
f 11080 11081 11210 
f 11080 11209 11210 
f 11209 11210 11339 
f 11209 11338 11339 
f 11338 11339 11468 
f 11338 11467 11468 
f 11467 11468 11597 
f 11467 11596 11597 
f 11596 11597 11726 
f 11596 11725 11726 
f 11725 11726 11855 
f 11725 11854 11855 
f 11854 11855 11984 
f 11854 11983 11984 
f 11983 11984 12113 
f 11983 12112 12113 
f 12112 12113 12242 
f 12112 12241 12242 
f 12241 12242 12371 
f 12241 12370 12371 
f 12370 12371 12500 
f 12370 12499 12500 
f 12499 12500 12629 
f 12499 12628 12629 
f 12628 12629 12758 
f 12628 12757 12758 
f 12757 12758 12887 
f 12757 12886 12887 
f 12886 12887 13016 
f 12886 13015 13016 
f 13015 13016 13145 
f 13015 13144 13145 
f 13144 13145 13274 
f 13144 13273 13274 
f 13273 13274 13403 
f 13273 13402 13403 
f 13402 13403 13532 
f 13402 13531 13532 
f 13531 13532 13661 
f 13531 13660 13661 
f 13660 13661 13790 
f 13660 13789 13790 
f 13789 13790 13919 
f 13789 13918 13919 
f 13918 13919 14048 
f 13918 14047 14048 
f 14047 14048 14177 
f 14047 14176 14177 
f 14176 14177 14306 
f 14176 14305 14306 
f 14305 14306 14435 
f 14305 14434 14435 
f 14434 14435 14564 
f 14434 14563 14564 
f 14563 14564 14693 
f 14563 14692 14693 
f 14692 14693 14822 
f 14692 14821 14822 
f 14821 14822 14951 
f 14821 14950 14951 
f 14950 14951 15080 
f 14950 15079 15080 
f 15079 15080 15209 
f 15079 15208 15209 
f 15208 15209 15338 
f 15208 15337 15338 
f 15337 15338 15467 
f 15337 15466 15467 
f 15466 15467 15596 
f 15466 15595 15596 
f 15595 15596 15725 
f 15595 15724 15725 
f 15724 15725 15854 
f 15724 15853 15854 
f 15853 15854 15983 
f 15853 15982 15983 
f 15982 15983 16112 
f 15982 16111 16112 
f 16111 16112 16241 
f 16111 16240 16241 
f 16240 16241 16370 
f 16240 16369 16370 
f 16369 16370 16499 
f 16369 16498 16499 
f 16498 16499 16628 
f 16498 16627 16628 
f 116 117 246 
f 116 245 246 
f 245 246 375 
f 245 374 375 
f 374 375 504 
f 374 503 504 
f 503 504 633 
f 503 632 633 
f 632 633 762 
f 632 761 762 
f 761 762 891 
f 761 890 891 
f 890 891 1020 
f 890 1019 1020 
f 1019 1020 1149 
f 1019 1148 1149 
f 1148 1149 1278 
f 1148 1277 1278 
f 1277 1278 1407 
f 1277 1406 1407 
f 1406 1407 1536 
f 1406 1535 1536 
f 1535 1536 1665 
f 1535 1664 1665 
f 1664 1665 1794 
f 1664 1793 1794 
f 1793 1794 1923 
f 1793 1922 1923 
f 1922 1923 2052 
f 1922 2051 2052 
f 2051 2052 2181 
f 2051 2180 2181 
f 2180 2181 2310 
f 2180 2309 2310 
f 2309 2310 2439 
f 2309 2438 2439 
f 2438 2439 2568 
f 2438 2567 2568 
f 2567 2568 2697 
f 2567 2696 2697 
f 2696 2697 2826 
f 2696 2825 2826 
f 2825 2826 2955 
f 2825 2954 2955 
f 2954 2955 3084 
f 2954 3083 3084 
f 3083 3084 3213 
f 3083 3212 3213 
f 3212 3213 3342 
f 3212 3341 3342 
f 3341 3342 3471 
f 3341 3470 3471 
f 3470 3471 3600 
f 3470 3599 3600 
f 3599 3600 3729 
f 3599 3728 3729 
f 3728 3729 3858 
f 3728 3857 3858 
f 3857 3858 3987 
f 3857 3986 3987 
f 3986 3987 4116 
f 3986 4115 4116 
f 4115 4116 4245 
f 4115 4244 4245 
f 4244 4245 4374 
f 4244 4373 4374 
f 4373 4374 4503 
f 4373 4502 4503 
f 4502 4503 4632 
f 4502 4631 4632 
f 4631 4632 4761 
f 4631 4760 4761 
f 4760 4761 4890 
f 4760 4889 4890 
f 4889 4890 5019 
f 4889 5018 5019 
f 5018 5019 5148 
f 5018 5147 5148 
f 5147 5148 5277 
f 5147 5276 5277 
f 5276 5277 5406 
f 5276 5405 5406 
f 5405 5406 5535 
f 5405 5534 5535 
f 5534 5535 5664 
f 5534 5663 5664 
f 5663 5664 5793 
f 5663 5792 5793 
f 5792 5793 5922 
f 5792 5921 5922 
f 5921 5922 6051 
f 5921 6050 6051 
f 6050 6051 6180 
f 6050 6179 6180 
f 6179 6180 6309 
f 6179 6308 6309 
f 6308 6309 6438 
f 6308 6437 6438 
f 6437 6438 6567 
f 6437 6566 6567 
f 6566 6567 6696 
f 6566 6695 6696 
f 6695 6696 6825 
f 6695 6824 6825 
f 6824 6825 6954 
f 6824 6953 6954 
f 6953 6954 7083 
f 6953 7082 7083 
f 7082 7083 7212 
f 7082 7211 7212 
f 7211 7212 7341 
f 7211 7340 7341 
f 7340 7341 7470 
f 7340 7469 7470 
f 7469 7470 7599 
f 7469 7598 7599 
f 7598 7599 7728 
f 7598 7727 7728 
f 7727 7728 7857 
f 7727 7856 7857 
f 7856 7857 7986 
f 7856 7985 7986 
f 7985 7986 8115 
f 7985 8114 8115 
f 8114 8115 8244 
f 8114 8243 8244 
f 8243 8244 8373 
f 8243 8372 8373 
f 8372 8373 8502 
f 8372 8501 8502 
f 8501 8502 8631 
f 8501 8630 8631 
f 8630 8631 8760 
f 8630 8759 8760 
f 8759 8760 8889 
f 8759 8888 8889 
f 8888 8889 9018 
f 8888 9017 9018 
f 9017 9018 9147 
f 9017 9146 9147 
f 9146 9147 9276 
f 9146 9275 9276 
f 9275 9276 9405 
f 9275 9404 9405 
f 9404 9405 9534 
f 9404 9533 9534 
f 9533 9534 9663 
f 9533 9662 9663 
f 9662 9663 9792 
f 9662 9791 9792 
f 9791 9792 9921 
f 9791 9920 9921 
f 9920 9921 10050 
f 9920 10049 10050 
f 10049 10050 10179 
f 10049 10178 10179 
f 10178 10179 10308 
f 10178 10307 10308 
f 10307 10308 10437 
f 10307 10436 10437 
f 10436 10437 10566 
f 10436 10565 10566 
f 10565 10566 10695 
f 10565 10694 10695 
f 10694 10695 10824 
f 10694 10823 10824 
f 10823 10824 10953 
f 10823 10952 10953 
f 10952 10953 11082 
f 10952 11081 11082 
f 11081 11082 11211 
f 11081 11210 11211 
f 11210 11211 11340 
f 11210 11339 11340 
f 11339 11340 11469 
f 11339 11468 11469 
f 11468 11469 11598 
f 11468 11597 11598 
f 11597 11598 11727 
f 11597 11726 11727 
f 11726 11727 11856 
f 11726 11855 11856 
f 11855 11856 11985 
f 11855 11984 11985 
f 11984 11985 12114 
f 11984 12113 12114 
f 12113 12114 12243 
f 12113 12242 12243 
f 12242 12243 12372 
f 12242 12371 12372 
f 12371 12372 12501 
f 12371 12500 12501 
f 12500 12501 12630 
f 12500 12629 12630 
f 12629 12630 12759 
f 12629 12758 12759 
f 12758 12759 12888 
f 12758 12887 12888 
f 12887 12888 13017 
f 12887 13016 13017 
f 13016 13017 13146 
f 13016 13145 13146 
f 13145 13146 13275 
f 13145 13274 13275 
f 13274 13275 13404 
f 13274 13403 13404 
f 13403 13404 13533 
f 13403 13532 13533 
f 13532 13533 13662 
f 13532 13661 13662 
f 13661 13662 13791 
f 13661 13790 13791 
f 13790 13791 13920 
f 13790 13919 13920 
f 13919 13920 14049 
f 13919 14048 14049 
f 14048 14049 14178 
f 14048 14177 14178 
f 14177 14178 14307 
f 14177 14306 14307 
f 14306 14307 14436 
f 14306 14435 14436 
f 14435 14436 14565 
f 14435 14564 14565 
f 14564 14565 14694 
f 14564 14693 14694 
f 14693 14694 14823 
f 14693 14822 14823 
f 14822 14823 14952 
f 14822 14951 14952 
f 14951 14952 15081 
f 14951 15080 15081 
f 15080 15081 15210 
f 15080 15209 15210 
f 15209 15210 15339 
f 15209 15338 15339 
f 15338 15339 15468 
f 15338 15467 15468 
f 15467 15468 15597 
f 15467 15596 15597 
f 15596 15597 15726 
f 15596 15725 15726 
f 15725 15726 15855 
f 15725 15854 15855 
f 15854 15855 15984 
f 15854 15983 15984 
f 15983 15984 16113 
f 15983 16112 16113 
f 16112 16113 16242 
f 16112 16241 16242 
f 16241 16242 16371 
f 16241 16370 16371 
f 16370 16371 16500 
f 16370 16499 16500 
f 16499 16500 16629 
f 16499 16628 16629 
f 117 118 247 
f 117 246 247 
f 246 247 376 
f 246 375 376 
f 375 376 505 
f 375 504 505 
f 504 505 634 
f 504 633 634 
f 633 634 763 
f 633 762 763 
f 762 763 892 
f 762 891 892 
f 891 892 1021 
f 891 1020 1021 
f 1020 1021 1150 
f 1020 1149 1150 
f 1149 1150 1279 
f 1149 1278 1279 
f 1278 1279 1408 
f 1278 1407 1408 
f 1407 1408 1537 
f 1407 1536 1537 
f 1536 1537 1666 
f 1536 1665 1666 
f 1665 1666 1795 
f 1665 1794 1795 
f 1794 1795 1924 
f 1794 1923 1924 
f 1923 1924 2053 
f 1923 2052 2053 
f 2052 2053 2182 
f 2052 2181 2182 
f 2181 2182 2311 
f 2181 2310 2311 
f 2310 2311 2440 
f 2310 2439 2440 
f 2439 2440 2569 
f 2439 2568 2569 
f 2568 2569 2698 
f 2568 2697 2698 
f 2697 2698 2827 
f 2697 2826 2827 
f 2826 2827 2956 
f 2826 2955 2956 
f 2955 2956 3085 
f 2955 3084 3085 
f 3084 3085 3214 
f 3084 3213 3214 
f 3213 3214 3343 
f 3213 3342 3343 
f 3342 3343 3472 
f 3342 3471 3472 
f 3471 3472 3601 
f 3471 3600 3601 
f 3600 3601 3730 
f 3600 3729 3730 
f 3729 3730 3859 
f 3729 3858 3859 
f 3858 3859 3988 
f 3858 3987 3988 
f 3987 3988 4117 
f 3987 4116 4117 
f 4116 4117 4246 
f 4116 4245 4246 
f 4245 4246 4375 
f 4245 4374 4375 
f 4374 4375 4504 
f 4374 4503 4504 
f 4503 4504 4633 
f 4503 4632 4633 
f 4632 4633 4762 
f 4632 4761 4762 
f 4761 4762 4891 
f 4761 4890 4891 
f 4890 4891 5020 
f 4890 5019 5020 
f 5019 5020 5149 
f 5019 5148 5149 
f 5148 5149 5278 
f 5148 5277 5278 
f 5277 5278 5407 
f 5277 5406 5407 
f 5406 5407 5536 
f 5406 5535 5536 
f 5535 5536 5665 
f 5535 5664 5665 
f 5664 5665 5794 
f 5664 5793 5794 
f 5793 5794 5923 
f 5793 5922 5923 
f 5922 5923 6052 
f 5922 6051 6052 
f 6051 6052 6181 
f 6051 6180 6181 
f 6180 6181 6310 
f 6180 6309 6310 
f 6309 6310 6439 
f 6309 6438 6439 
f 6438 6439 6568 
f 6438 6567 6568 
f 6567 6568 6697 
f 6567 6696 6697 
f 6696 6697 6826 
f 6696 6825 6826 
f 6825 6826 6955 
f 6825 6954 6955 
f 6954 6955 7084 
f 6954 7083 7084 
f 7083 7084 7213 
f 7083 7212 7213 
f 7212 7213 7342 
f 7212 7341 7342 
f 7341 7342 7471 
f 7341 7470 7471 
f 7470 7471 7600 
f 7470 7599 7600 
f 7599 7600 7729 
f 7599 7728 7729 
f 7728 7729 7858 
f 7728 7857 7858 
f 7857 7858 7987 
f 7857 7986 7987 
f 7986 7987 8116 
f 7986 8115 8116 
f 8115 8116 8245 
f 8115 8244 8245 
f 8244 8245 8374 
f 8244 8373 8374 
f 8373 8374 8503 
f 8373 8502 8503 
f 8502 8503 8632 
f 8502 8631 8632 
f 8631 8632 8761 
f 8631 8760 8761 
f 8760 8761 8890 
f 8760 8889 8890 
f 8889 8890 9019 
f 8889 9018 9019 
f 9018 9019 9148 
f 9018 9147 9148 
f 9147 9148 9277 
f 9147 9276 9277 
f 9276 9277 9406 
f 9276 9405 9406 
f 9405 9406 9535 
f 9405 9534 9535 
f 9534 9535 9664 
f 9534 9663 9664 
f 9663 9664 9793 
f 9663 9792 9793 
f 9792 9793 9922 
f 9792 9921 9922 
f 9921 9922 10051 
f 9921 10050 10051 
f 10050 10051 10180 
f 10050 10179 10180 
f 10179 10180 10309 
f 10179 10308 10309 
f 10308 10309 10438 
f 10308 10437 10438 
f 10437 10438 10567 
f 10437 10566 10567 
f 10566 10567 10696 
f 10566 10695 10696 
f 10695 10696 10825 
f 10695 10824 10825 
f 10824 10825 10954 
f 10824 10953 10954 
f 10953 10954 11083 
f 10953 11082 11083 
f 11082 11083 11212 
f 11082 11211 11212 
f 11211 11212 11341 
f 11211 11340 11341 
f 11340 11341 11470 
f 11340 11469 11470 
f 11469 11470 11599 
f 11469 11598 11599 
f 11598 11599 11728 
f 11598 11727 11728 
f 11727 11728 11857 
f 11727 11856 11857 
f 11856 11857 11986 
f 11856 11985 11986 
f 11985 11986 12115 
f 11985 12114 12115 
f 12114 12115 12244 
f 12114 12243 12244 
f 12243 12244 12373 
f 12243 12372 12373 
f 12372 12373 12502 
f 12372 12501 12502 
f 12501 12502 12631 
f 12501 12630 12631 
f 12630 12631 12760 
f 12630 12759 12760 
f 12759 12760 12889 
f 12759 12888 12889 
f 12888 12889 13018 
f 12888 13017 13018 
f 13017 13018 13147 
f 13017 13146 13147 
f 13146 13147 13276 
f 13146 13275 13276 
f 13275 13276 13405 
f 13275 13404 13405 
f 13404 13405 13534 
f 13404 13533 13534 
f 13533 13534 13663 
f 13533 13662 13663 
f 13662 13663 13792 
f 13662 13791 13792 
f 13791 13792 13921 
f 13791 13920 13921 
f 13920 13921 14050 
f 13920 14049 14050 
f 14049 14050 14179 
f 14049 14178 14179 
f 14178 14179 14308 
f 14178 14307 14308 
f 14307 14308 14437 
f 14307 14436 14437 
f 14436 14437 14566 
f 14436 14565 14566 
f 14565 14566 14695 
f 14565 14694 14695 
f 14694 14695 14824 
f 14694 14823 14824 
f 14823 14824 14953 
f 14823 14952 14953 
f 14952 14953 15082 
f 14952 15081 15082 
f 15081 15082 15211 
f 15081 15210 15211 
f 15210 15211 15340 
f 15210 15339 15340 
f 15339 15340 15469 
f 15339 15468 15469 
f 15468 15469 15598 
f 15468 15597 15598 
f 15597 15598 15727 
f 15597 15726 15727 
f 15726 15727 15856 
f 15726 15855 15856 
f 15855 15856 15985 
f 15855 15984 15985 
f 15984 15985 16114 
f 15984 16113 16114 
f 16113 16114 16243 
f 16113 16242 16243 
f 16242 16243 16372 
f 16242 16371 16372 
f 16371 16372 16501 
f 16371 16500 16501 
f 16500 16501 16630 
f 16500 16629 16630 
f 118 119 248 
f 118 247 248 
f 247 248 377 
f 247 376 377 
f 376 377 506 
f 376 505 506 
f 505 506 635 
f 505 634 635 
f 634 635 764 
f 634 763 764 
f 763 764 893 
f 763 892 893 
f 892 893 1022 
f 892 1021 1022 
f 1021 1022 1151 
f 1021 1150 1151 
f 1150 1151 1280 
f 1150 1279 1280 
f 1279 1280 1409 
f 1279 1408 1409 
f 1408 1409 1538 
f 1408 1537 1538 
f 1537 1538 1667 
f 1537 1666 1667 
f 1666 1667 1796 
f 1666 1795 1796 
f 1795 1796 1925 
f 1795 1924 1925 
f 1924 1925 2054 
f 1924 2053 2054 
f 2053 2054 2183 
f 2053 2182 2183 
f 2182 2183 2312 
f 2182 2311 2312 
f 2311 2312 2441 
f 2311 2440 2441 
f 2440 2441 2570 
f 2440 2569 2570 
f 2569 2570 2699 
f 2569 2698 2699 
f 2698 2699 2828 
f 2698 2827 2828 
f 2827 2828 2957 
f 2827 2956 2957 
f 2956 2957 3086 
f 2956 3085 3086 
f 3085 3086 3215 
f 3085 3214 3215 
f 3214 3215 3344 
f 3214 3343 3344 
f 3343 3344 3473 
f 3343 3472 3473 
f 3472 3473 3602 
f 3472 3601 3602 
f 3601 3602 3731 
f 3601 3730 3731 
f 3730 3731 3860 
f 3730 3859 3860 
f 3859 3860 3989 
f 3859 3988 3989 
f 3988 3989 4118 
f 3988 4117 4118 
f 4117 4118 4247 
f 4117 4246 4247 
f 4246 4247 4376 
f 4246 4375 4376 
f 4375 4376 4505 
f 4375 4504 4505 
f 4504 4505 4634 
f 4504 4633 4634 
f 4633 4634 4763 
f 4633 4762 4763 
f 4762 4763 4892 
f 4762 4891 4892 
f 4891 4892 5021 
f 4891 5020 5021 
f 5020 5021 5150 
f 5020 5149 5150 
f 5149 5150 5279 
f 5149 5278 5279 
f 5278 5279 5408 
f 5278 5407 5408 
f 5407 5408 5537 
f 5407 5536 5537 
f 5536 5537 5666 
f 5536 5665 5666 
f 5665 5666 5795 
f 5665 5794 5795 
f 5794 5795 5924 
f 5794 5923 5924 
f 5923 5924 6053 
f 5923 6052 6053 
f 6052 6053 6182 
f 6052 6181 6182 
f 6181 6182 6311 
f 6181 6310 6311 
f 6310 6311 6440 
f 6310 6439 6440 
f 6439 6440 6569 
f 6439 6568 6569 
f 6568 6569 6698 
f 6568 6697 6698 
f 6697 6698 6827 
f 6697 6826 6827 
f 6826 6827 6956 
f 6826 6955 6956 
f 6955 6956 7085 
f 6955 7084 7085 
f 7084 7085 7214 
f 7084 7213 7214 
f 7213 7214 7343 
f 7213 7342 7343 
f 7342 7343 7472 
f 7342 7471 7472 
f 7471 7472 7601 
f 7471 7600 7601 
f 7600 7601 7730 
f 7600 7729 7730 
f 7729 7730 7859 
f 7729 7858 7859 
f 7858 7859 7988 
f 7858 7987 7988 
f 7987 7988 8117 
f 7987 8116 8117 
f 8116 8117 8246 
f 8116 8245 8246 
f 8245 8246 8375 
f 8245 8374 8375 
f 8374 8375 8504 
f 8374 8503 8504 
f 8503 8504 8633 
f 8503 8632 8633 
f 8632 8633 8762 
f 8632 8761 8762 
f 8761 8762 8891 
f 8761 8890 8891 
f 8890 8891 9020 
f 8890 9019 9020 
f 9019 9020 9149 
f 9019 9148 9149 
f 9148 9149 9278 
f 9148 9277 9278 
f 9277 9278 9407 
f 9277 9406 9407 
f 9406 9407 9536 
f 9406 9535 9536 
f 9535 9536 9665 
f 9535 9664 9665 
f 9664 9665 9794 
f 9664 9793 9794 
f 9793 9794 9923 
f 9793 9922 9923 
f 9922 9923 10052 
f 9922 10051 10052 
f 10051 10052 10181 
f 10051 10180 10181 
f 10180 10181 10310 
f 10180 10309 10310 
f 10309 10310 10439 
f 10309 10438 10439 
f 10438 10439 10568 
f 10438 10567 10568 
f 10567 10568 10697 
f 10567 10696 10697 
f 10696 10697 10826 
f 10696 10825 10826 
f 10825 10826 10955 
f 10825 10954 10955 
f 10954 10955 11084 
f 10954 11083 11084 
f 11083 11084 11213 
f 11083 11212 11213 
f 11212 11213 11342 
f 11212 11341 11342 
f 11341 11342 11471 
f 11341 11470 11471 
f 11470 11471 11600 
f 11470 11599 11600 
f 11599 11600 11729 
f 11599 11728 11729 
f 11728 11729 11858 
f 11728 11857 11858 
f 11857 11858 11987 
f 11857 11986 11987 
f 11986 11987 12116 
f 11986 12115 12116 
f 12115 12116 12245 
f 12115 12244 12245 
f 12244 12245 12374 
f 12244 12373 12374 
f 12373 12374 12503 
f 12373 12502 12503 
f 12502 12503 12632 
f 12502 12631 12632 
f 12631 12632 12761 
f 12631 12760 12761 
f 12760 12761 12890 
f 12760 12889 12890 
f 12889 12890 13019 
f 12889 13018 13019 
f 13018 13019 13148 
f 13018 13147 13148 
f 13147 13148 13277 
f 13147 13276 13277 
f 13276 13277 13406 
f 13276 13405 13406 
f 13405 13406 13535 
f 13405 13534 13535 
f 13534 13535 13664 
f 13534 13663 13664 
f 13663 13664 13793 
f 13663 13792 13793 
f 13792 13793 13922 
f 13792 13921 13922 
f 13921 13922 14051 
f 13921 14050 14051 
f 14050 14051 14180 
f 14050 14179 14180 
f 14179 14180 14309 
f 14179 14308 14309 
f 14308 14309 14438 
f 14308 14437 14438 
f 14437 14438 14567 
f 14437 14566 14567 
f 14566 14567 14696 
f 14566 14695 14696 
f 14695 14696 14825 
f 14695 14824 14825 
f 14824 14825 14954 
f 14824 14953 14954 
f 14953 14954 15083 
f 14953 15082 15083 
f 15082 15083 15212 
f 15082 15211 15212 
f 15211 15212 15341 
f 15211 15340 15341 
f 15340 15341 15470 
f 15340 15469 15470 
f 15469 15470 15599 
f 15469 15598 15599 
f 15598 15599 15728 
f 15598 15727 15728 
f 15727 15728 15857 
f 15727 15856 15857 
f 15856 15857 15986 
f 15856 15985 15986 
f 15985 15986 16115 
f 15985 16114 16115 
f 16114 16115 16244 
f 16114 16243 16244 
f 16243 16244 16373 
f 16243 16372 16373 
f 16372 16373 16502 
f 16372 16501 16502 
f 16501 16502 16631 
f 16501 16630 16631 
f 119 120 249 
f 119 248 249 
f 248 249 378 
f 248 377 378 
f 377 378 507 
f 377 506 507 
f 506 507 636 
f 506 635 636 
f 635 636 765 
f 635 764 765 
f 764 765 894 
f 764 893 894 
f 893 894 1023 
f 893 1022 1023 
f 1022 1023 1152 
f 1022 1151 1152 
f 1151 1152 1281 
f 1151 1280 1281 
f 1280 1281 1410 
f 1280 1409 1410 
f 1409 1410 1539 
f 1409 1538 1539 
f 1538 1539 1668 
f 1538 1667 1668 
f 1667 1668 1797 
f 1667 1796 1797 
f 1796 1797 1926 
f 1796 1925 1926 
f 1925 1926 2055 
f 1925 2054 2055 
f 2054 2055 2184 
f 2054 2183 2184 
f 2183 2184 2313 
f 2183 2312 2313 
f 2312 2313 2442 
f 2312 2441 2442 
f 2441 2442 2571 
f 2441 2570 2571 
f 2570 2571 2700 
f 2570 2699 2700 
f 2699 2700 2829 
f 2699 2828 2829 
f 2828 2829 2958 
f 2828 2957 2958 
f 2957 2958 3087 
f 2957 3086 3087 
f 3086 3087 3216 
f 3086 3215 3216 
f 3215 3216 3345 
f 3215 3344 3345 
f 3344 3345 3474 
f 3344 3473 3474 
f 3473 3474 3603 
f 3473 3602 3603 
f 3602 3603 3732 
f 3602 3731 3732 
f 3731 3732 3861 
f 3731 3860 3861 
f 3860 3861 3990 
f 3860 3989 3990 
f 3989 3990 4119 
f 3989 4118 4119 
f 4118 4119 4248 
f 4118 4247 4248 
f 4247 4248 4377 
f 4247 4376 4377 
f 4376 4377 4506 
f 4376 4505 4506 
f 4505 4506 4635 
f 4505 4634 4635 
f 4634 4635 4764 
f 4634 4763 4764 
f 4763 4764 4893 
f 4763 4892 4893 
f 4892 4893 5022 
f 4892 5021 5022 
f 5021 5022 5151 
f 5021 5150 5151 
f 5150 5151 5280 
f 5150 5279 5280 
f 5279 5280 5409 
f 5279 5408 5409 
f 5408 5409 5538 
f 5408 5537 5538 
f 5537 5538 5667 
f 5537 5666 5667 
f 5666 5667 5796 
f 5666 5795 5796 
f 5795 5796 5925 
f 5795 5924 5925 
f 5924 5925 6054 
f 5924 6053 6054 
f 6053 6054 6183 
f 6053 6182 6183 
f 6182 6183 6312 
f 6182 6311 6312 
f 6311 6312 6441 
f 6311 6440 6441 
f 6440 6441 6570 
f 6440 6569 6570 
f 6569 6570 6699 
f 6569 6698 6699 
f 6698 6699 6828 
f 6698 6827 6828 
f 6827 6828 6957 
f 6827 6956 6957 
f 6956 6957 7086 
f 6956 7085 7086 
f 7085 7086 7215 
f 7085 7214 7215 
f 7214 7215 7344 
f 7214 7343 7344 
f 7343 7344 7473 
f 7343 7472 7473 
f 7472 7473 7602 
f 7472 7601 7602 
f 7601 7602 7731 
f 7601 7730 7731 
f 7730 7731 7860 
f 7730 7859 7860 
f 7859 7860 7989 
f 7859 7988 7989 
f 7988 7989 8118 
f 7988 8117 8118 
f 8117 8118 8247 
f 8117 8246 8247 
f 8246 8247 8376 
f 8246 8375 8376 
f 8375 8376 8505 
f 8375 8504 8505 
f 8504 8505 8634 
f 8504 8633 8634 
f 8633 8634 8763 
f 8633 8762 8763 
f 8762 8763 8892 
f 8762 8891 8892 
f 8891 8892 9021 
f 8891 9020 9021 
f 9020 9021 9150 
f 9020 9149 9150 
f 9149 9150 9279 
f 9149 9278 9279 
f 9278 9279 9408 
f 9278 9407 9408 
f 9407 9408 9537 
f 9407 9536 9537 
f 9536 9537 9666 
f 9536 9665 9666 
f 9665 9666 9795 
f 9665 9794 9795 
f 9794 9795 9924 
f 9794 9923 9924 
f 9923 9924 10053 
f 9923 10052 10053 
f 10052 10053 10182 
f 10052 10181 10182 
f 10181 10182 10311 
f 10181 10310 10311 
f 10310 10311 10440 
f 10310 10439 10440 
f 10439 10440 10569 
f 10439 10568 10569 
f 10568 10569 10698 
f 10568 10697 10698 
f 10697 10698 10827 
f 10697 10826 10827 
f 10826 10827 10956 
f 10826 10955 10956 
f 10955 10956 11085 
f 10955 11084 11085 
f 11084 11085 11214 
f 11084 11213 11214 
f 11213 11214 11343 
f 11213 11342 11343 
f 11342 11343 11472 
f 11342 11471 11472 
f 11471 11472 11601 
f 11471 11600 11601 
f 11600 11601 11730 
f 11600 11729 11730 
f 11729 11730 11859 
f 11729 11858 11859 
f 11858 11859 11988 
f 11858 11987 11988 
f 11987 11988 12117 
f 11987 12116 12117 
f 12116 12117 12246 
f 12116 12245 12246 
f 12245 12246 12375 
f 12245 12374 12375 
f 12374 12375 12504 
f 12374 12503 12504 
f 12503 12504 12633 
f 12503 12632 12633 
f 12632 12633 12762 
f 12632 12761 12762 
f 12761 12762 12891 
f 12761 12890 12891 
f 12890 12891 13020 
f 12890 13019 13020 
f 13019 13020 13149 
f 13019 13148 13149 
f 13148 13149 13278 
f 13148 13277 13278 
f 13277 13278 13407 
f 13277 13406 13407 
f 13406 13407 13536 
f 13406 13535 13536 
f 13535 13536 13665 
f 13535 13664 13665 
f 13664 13665 13794 
f 13664 13793 13794 
f 13793 13794 13923 
f 13793 13922 13923 
f 13922 13923 14052 
f 13922 14051 14052 
f 14051 14052 14181 
f 14051 14180 14181 
f 14180 14181 14310 
f 14180 14309 14310 
f 14309 14310 14439 
f 14309 14438 14439 
f 14438 14439 14568 
f 14438 14567 14568 
f 14567 14568 14697 
f 14567 14696 14697 
f 14696 14697 14826 
f 14696 14825 14826 
f 14825 14826 14955 
f 14825 14954 14955 
f 14954 14955 15084 
f 14954 15083 15084 
f 15083 15084 15213 
f 15083 15212 15213 
f 15212 15213 15342 
f 15212 15341 15342 
f 15341 15342 15471 
f 15341 15470 15471 
f 15470 15471 15600 
f 15470 15599 15600 
f 15599 15600 15729 
f 15599 15728 15729 
f 15728 15729 15858 
f 15728 15857 15858 
f 15857 15858 15987 
f 15857 15986 15987 
f 15986 15987 16116 
f 15986 16115 16116 
f 16115 16116 16245 
f 16115 16244 16245 
f 16244 16245 16374 
f 16244 16373 16374 
f 16373 16374 16503 
f 16373 16502 16503 
f 16502 16503 16632 
f 16502 16631 16632 
f 120 121 250 
f 120 249 250 
f 249 250 379 
f 249 378 379 
f 378 379 508 
f 378 507 508 
f 507 508 637 
f 507 636 637 
f 636 637 766 
f 636 765 766 
f 765 766 895 
f 765 894 895 
f 894 895 1024 
f 894 1023 1024 
f 1023 1024 1153 
f 1023 1152 1153 
f 1152 1153 1282 
f 1152 1281 1282 
f 1281 1282 1411 
f 1281 1410 1411 
f 1410 1411 1540 
f 1410 1539 1540 
f 1539 1540 1669 
f 1539 1668 1669 
f 1668 1669 1798 
f 1668 1797 1798 
f 1797 1798 1927 
f 1797 1926 1927 
f 1926 1927 2056 
f 1926 2055 2056 
f 2055 2056 2185 
f 2055 2184 2185 
f 2184 2185 2314 
f 2184 2313 2314 
f 2313 2314 2443 
f 2313 2442 2443 
f 2442 2443 2572 
f 2442 2571 2572 
f 2571 2572 2701 
f 2571 2700 2701 
f 2700 2701 2830 
f 2700 2829 2830 
f 2829 2830 2959 
f 2829 2958 2959 
f 2958 2959 3088 
f 2958 3087 3088 
f 3087 3088 3217 
f 3087 3216 3217 
f 3216 3217 3346 
f 3216 3345 3346 
f 3345 3346 3475 
f 3345 3474 3475 
f 3474 3475 3604 
f 3474 3603 3604 
f 3603 3604 3733 
f 3603 3732 3733 
f 3732 3733 3862 
f 3732 3861 3862 
f 3861 3862 3991 
f 3861 3990 3991 
f 3990 3991 4120 
f 3990 4119 4120 
f 4119 4120 4249 
f 4119 4248 4249 
f 4248 4249 4378 
f 4248 4377 4378 
f 4377 4378 4507 
f 4377 4506 4507 
f 4506 4507 4636 
f 4506 4635 4636 
f 4635 4636 4765 
f 4635 4764 4765 
f 4764 4765 4894 
f 4764 4893 4894 
f 4893 4894 5023 
f 4893 5022 5023 
f 5022 5023 5152 
f 5022 5151 5152 
f 5151 5152 5281 
f 5151 5280 5281 
f 5280 5281 5410 
f 5280 5409 5410 
f 5409 5410 5539 
f 5409 5538 5539 
f 5538 5539 5668 
f 5538 5667 5668 
f 5667 5668 5797 
f 5667 5796 5797 
f 5796 5797 5926 
f 5796 5925 5926 
f 5925 5926 6055 
f 5925 6054 6055 
f 6054 6055 6184 
f 6054 6183 6184 
f 6183 6184 6313 
f 6183 6312 6313 
f 6312 6313 6442 
f 6312 6441 6442 
f 6441 6442 6571 
f 6441 6570 6571 
f 6570 6571 6700 
f 6570 6699 6700 
f 6699 6700 6829 
f 6699 6828 6829 
f 6828 6829 6958 
f 6828 6957 6958 
f 6957 6958 7087 
f 6957 7086 7087 
f 7086 7087 7216 
f 7086 7215 7216 
f 7215 7216 7345 
f 7215 7344 7345 
f 7344 7345 7474 
f 7344 7473 7474 
f 7473 7474 7603 
f 7473 7602 7603 
f 7602 7603 7732 
f 7602 7731 7732 
f 7731 7732 7861 
f 7731 7860 7861 
f 7860 7861 7990 
f 7860 7989 7990 
f 7989 7990 8119 
f 7989 8118 8119 
f 8118 8119 8248 
f 8118 8247 8248 
f 8247 8248 8377 
f 8247 8376 8377 
f 8376 8377 8506 
f 8376 8505 8506 
f 8505 8506 8635 
f 8505 8634 8635 
f 8634 8635 8764 
f 8634 8763 8764 
f 8763 8764 8893 
f 8763 8892 8893 
f 8892 8893 9022 
f 8892 9021 9022 
f 9021 9022 9151 
f 9021 9150 9151 
f 9150 9151 9280 
f 9150 9279 9280 
f 9279 9280 9409 
f 9279 9408 9409 
f 9408 9409 9538 
f 9408 9537 9538 
f 9537 9538 9667 
f 9537 9666 9667 
f 9666 9667 9796 
f 9666 9795 9796 
f 9795 9796 9925 
f 9795 9924 9925 
f 9924 9925 10054 
f 9924 10053 10054 
f 10053 10054 10183 
f 10053 10182 10183 
f 10182 10183 10312 
f 10182 10311 10312 
f 10311 10312 10441 
f 10311 10440 10441 
f 10440 10441 10570 
f 10440 10569 10570 
f 10569 10570 10699 
f 10569 10698 10699 
f 10698 10699 10828 
f 10698 10827 10828 
f 10827 10828 10957 
f 10827 10956 10957 
f 10956 10957 11086 
f 10956 11085 11086 
f 11085 11086 11215 
f 11085 11214 11215 
f 11214 11215 11344 
f 11214 11343 11344 
f 11343 11344 11473 
f 11343 11472 11473 
f 11472 11473 11602 
f 11472 11601 11602 
f 11601 11602 11731 
f 11601 11730 11731 
f 11730 11731 11860 
f 11730 11859 11860 
f 11859 11860 11989 
f 11859 11988 11989 
f 11988 11989 12118 
f 11988 12117 12118 
f 12117 12118 12247 
f 12117 12246 12247 
f 12246 12247 12376 
f 12246 12375 12376 
f 12375 12376 12505 
f 12375 12504 12505 
f 12504 12505 12634 
f 12504 12633 12634 
f 12633 12634 12763 
f 12633 12762 12763 
f 12762 12763 12892 
f 12762 12891 12892 
f 12891 12892 13021 
f 12891 13020 13021 
f 13020 13021 13150 
f 13020 13149 13150 
f 13149 13150 13279 
f 13149 13278 13279 
f 13278 13279 13408 
f 13278 13407 13408 
f 13407 13408 13537 
f 13407 13536 13537 
f 13536 13537 13666 
f 13536 13665 13666 
f 13665 13666 13795 
f 13665 13794 13795 
f 13794 13795 13924 
f 13794 13923 13924 
f 13923 13924 14053 
f 13923 14052 14053 
f 14052 14053 14182 
f 14052 14181 14182 
f 14181 14182 14311 
f 14181 14310 14311 
f 14310 14311 14440 
f 14310 14439 14440 
f 14439 14440 14569 
f 14439 14568 14569 
f 14568 14569 14698 
f 14568 14697 14698 
f 14697 14698 14827 
f 14697 14826 14827 
f 14826 14827 14956 
f 14826 14955 14956 
f 14955 14956 15085 
f 14955 15084 15085 
f 15084 15085 15214 
f 15084 15213 15214 
f 15213 15214 15343 
f 15213 15342 15343 
f 15342 15343 15472 
f 15342 15471 15472 
f 15471 15472 15601 
f 15471 15600 15601 
f 15600 15601 15730 
f 15600 15729 15730 
f 15729 15730 15859 
f 15729 15858 15859 
f 15858 15859 15988 
f 15858 15987 15988 
f 15987 15988 16117 
f 15987 16116 16117 
f 16116 16117 16246 
f 16116 16245 16246 
f 16245 16246 16375 
f 16245 16374 16375 
f 16374 16375 16504 
f 16374 16503 16504 
f 16503 16504 16633 
f 16503 16632 16633 
f 121 122 251 
f 121 250 251 
f 250 251 380 
f 250 379 380 
f 379 380 509 
f 379 508 509 
f 508 509 638 
f 508 637 638 
f 637 638 767 
f 637 766 767 
f 766 767 896 
f 766 895 896 
f 895 896 1025 
f 895 1024 1025 
f 1024 1025 1154 
f 1024 1153 1154 
f 1153 1154 1283 
f 1153 1282 1283 
f 1282 1283 1412 
f 1282 1411 1412 
f 1411 1412 1541 
f 1411 1540 1541 
f 1540 1541 1670 
f 1540 1669 1670 
f 1669 1670 1799 
f 1669 1798 1799 
f 1798 1799 1928 
f 1798 1927 1928 
f 1927 1928 2057 
f 1927 2056 2057 
f 2056 2057 2186 
f 2056 2185 2186 
f 2185 2186 2315 
f 2185 2314 2315 
f 2314 2315 2444 
f 2314 2443 2444 
f 2443 2444 2573 
f 2443 2572 2573 
f 2572 2573 2702 
f 2572 2701 2702 
f 2701 2702 2831 
f 2701 2830 2831 
f 2830 2831 2960 
f 2830 2959 2960 
f 2959 2960 3089 
f 2959 3088 3089 
f 3088 3089 3218 
f 3088 3217 3218 
f 3217 3218 3347 
f 3217 3346 3347 
f 3346 3347 3476 
f 3346 3475 3476 
f 3475 3476 3605 
f 3475 3604 3605 
f 3604 3605 3734 
f 3604 3733 3734 
f 3733 3734 3863 
f 3733 3862 3863 
f 3862 3863 3992 
f 3862 3991 3992 
f 3991 3992 4121 
f 3991 4120 4121 
f 4120 4121 4250 
f 4120 4249 4250 
f 4249 4250 4379 
f 4249 4378 4379 
f 4378 4379 4508 
f 4378 4507 4508 
f 4507 4508 4637 
f 4507 4636 4637 
f 4636 4637 4766 
f 4636 4765 4766 
f 4765 4766 4895 
f 4765 4894 4895 
f 4894 4895 5024 
f 4894 5023 5024 
f 5023 5024 5153 
f 5023 5152 5153 
f 5152 5153 5282 
f 5152 5281 5282 
f 5281 5282 5411 
f 5281 5410 5411 
f 5410 5411 5540 
f 5410 5539 5540 
f 5539 5540 5669 
f 5539 5668 5669 
f 5668 5669 5798 
f 5668 5797 5798 
f 5797 5798 5927 
f 5797 5926 5927 
f 5926 5927 6056 
f 5926 6055 6056 
f 6055 6056 6185 
f 6055 6184 6185 
f 6184 6185 6314 
f 6184 6313 6314 
f 6313 6314 6443 
f 6313 6442 6443 
f 6442 6443 6572 
f 6442 6571 6572 
f 6571 6572 6701 
f 6571 6700 6701 
f 6700 6701 6830 
f 6700 6829 6830 
f 6829 6830 6959 
f 6829 6958 6959 
f 6958 6959 7088 
f 6958 7087 7088 
f 7087 7088 7217 
f 7087 7216 7217 
f 7216 7217 7346 
f 7216 7345 7346 
f 7345 7346 7475 
f 7345 7474 7475 
f 7474 7475 7604 
f 7474 7603 7604 
f 7603 7604 7733 
f 7603 7732 7733 
f 7732 7733 7862 
f 7732 7861 7862 
f 7861 7862 7991 
f 7861 7990 7991 
f 7990 7991 8120 
f 7990 8119 8120 
f 8119 8120 8249 
f 8119 8248 8249 
f 8248 8249 8378 
f 8248 8377 8378 
f 8377 8378 8507 
f 8377 8506 8507 
f 8506 8507 8636 
f 8506 8635 8636 
f 8635 8636 8765 
f 8635 8764 8765 
f 8764 8765 8894 
f 8764 8893 8894 
f 8893 8894 9023 
f 8893 9022 9023 
f 9022 9023 9152 
f 9022 9151 9152 
f 9151 9152 9281 
f 9151 9280 9281 
f 9280 9281 9410 
f 9280 9409 9410 
f 9409 9410 9539 
f 9409 9538 9539 
f 9538 9539 9668 
f 9538 9667 9668 
f 9667 9668 9797 
f 9667 9796 9797 
f 9796 9797 9926 
f 9796 9925 9926 
f 9925 9926 10055 
f 9925 10054 10055 
f 10054 10055 10184 
f 10054 10183 10184 
f 10183 10184 10313 
f 10183 10312 10313 
f 10312 10313 10442 
f 10312 10441 10442 
f 10441 10442 10571 
f 10441 10570 10571 
f 10570 10571 10700 
f 10570 10699 10700 
f 10699 10700 10829 
f 10699 10828 10829 
f 10828 10829 10958 
f 10828 10957 10958 
f 10957 10958 11087 
f 10957 11086 11087 
f 11086 11087 11216 
f 11086 11215 11216 
f 11215 11216 11345 
f 11215 11344 11345 
f 11344 11345 11474 
f 11344 11473 11474 
f 11473 11474 11603 
f 11473 11602 11603 
f 11602 11603 11732 
f 11602 11731 11732 
f 11731 11732 11861 
f 11731 11860 11861 
f 11860 11861 11990 
f 11860 11989 11990 
f 11989 11990 12119 
f 11989 12118 12119 
f 12118 12119 12248 
f 12118 12247 12248 
f 12247 12248 12377 
f 12247 12376 12377 
f 12376 12377 12506 
f 12376 12505 12506 
f 12505 12506 12635 
f 12505 12634 12635 
f 12634 12635 12764 
f 12634 12763 12764 
f 12763 12764 12893 
f 12763 12892 12893 
f 12892 12893 13022 
f 12892 13021 13022 
f 13021 13022 13151 
f 13021 13150 13151 
f 13150 13151 13280 
f 13150 13279 13280 
f 13279 13280 13409 
f 13279 13408 13409 
f 13408 13409 13538 
f 13408 13537 13538 
f 13537 13538 13667 
f 13537 13666 13667 
f 13666 13667 13796 
f 13666 13795 13796 
f 13795 13796 13925 
f 13795 13924 13925 
f 13924 13925 14054 
f 13924 14053 14054 
f 14053 14054 14183 
f 14053 14182 14183 
f 14182 14183 14312 
f 14182 14311 14312 
f 14311 14312 14441 
f 14311 14440 14441 
f 14440 14441 14570 
f 14440 14569 14570 
f 14569 14570 14699 
f 14569 14698 14699 
f 14698 14699 14828 
f 14698 14827 14828 
f 14827 14828 14957 
f 14827 14956 14957 
f 14956 14957 15086 
f 14956 15085 15086 
f 15085 15086 15215 
f 15085 15214 15215 
f 15214 15215 15344 
f 15214 15343 15344 
f 15343 15344 15473 
f 15343 15472 15473 
f 15472 15473 15602 
f 15472 15601 15602 
f 15601 15602 15731 
f 15601 15730 15731 
f 15730 15731 15860 
f 15730 15859 15860 
f 15859 15860 15989 
f 15859 15988 15989 
f 15988 15989 16118 
f 15988 16117 16118 
f 16117 16118 16247 
f 16117 16246 16247 
f 16246 16247 16376 
f 16246 16375 16376 
f 16375 16376 16505 
f 16375 16504 16505 
f 16504 16505 16634 
f 16504 16633 16634 
f 122 123 252 
f 122 251 252 
f 251 252 381 
f 251 380 381 
f 380 381 510 
f 380 509 510 
f 509 510 639 
f 509 638 639 
f 638 639 768 
f 638 767 768 
f 767 768 897 
f 767 896 897 
f 896 897 1026 
f 896 1025 1026 
f 1025 1026 1155 
f 1025 1154 1155 
f 1154 1155 1284 
f 1154 1283 1284 
f 1283 1284 1413 
f 1283 1412 1413 
f 1412 1413 1542 
f 1412 1541 1542 
f 1541 1542 1671 
f 1541 1670 1671 
f 1670 1671 1800 
f 1670 1799 1800 
f 1799 1800 1929 
f 1799 1928 1929 
f 1928 1929 2058 
f 1928 2057 2058 
f 2057 2058 2187 
f 2057 2186 2187 
f 2186 2187 2316 
f 2186 2315 2316 
f 2315 2316 2445 
f 2315 2444 2445 
f 2444 2445 2574 
f 2444 2573 2574 
f 2573 2574 2703 
f 2573 2702 2703 
f 2702 2703 2832 
f 2702 2831 2832 
f 2831 2832 2961 
f 2831 2960 2961 
f 2960 2961 3090 
f 2960 3089 3090 
f 3089 3090 3219 
f 3089 3218 3219 
f 3218 3219 3348 
f 3218 3347 3348 
f 3347 3348 3477 
f 3347 3476 3477 
f 3476 3477 3606 
f 3476 3605 3606 
f 3605 3606 3735 
f 3605 3734 3735 
f 3734 3735 3864 
f 3734 3863 3864 
f 3863 3864 3993 
f 3863 3992 3993 
f 3992 3993 4122 
f 3992 4121 4122 
f 4121 4122 4251 
f 4121 4250 4251 
f 4250 4251 4380 
f 4250 4379 4380 
f 4379 4380 4509 
f 4379 4508 4509 
f 4508 4509 4638 
f 4508 4637 4638 
f 4637 4638 4767 
f 4637 4766 4767 
f 4766 4767 4896 
f 4766 4895 4896 
f 4895 4896 5025 
f 4895 5024 5025 
f 5024 5025 5154 
f 5024 5153 5154 
f 5153 5154 5283 
f 5153 5282 5283 
f 5282 5283 5412 
f 5282 5411 5412 
f 5411 5412 5541 
f 5411 5540 5541 
f 5540 5541 5670 
f 5540 5669 5670 
f 5669 5670 5799 
f 5669 5798 5799 
f 5798 5799 5928 
f 5798 5927 5928 
f 5927 5928 6057 
f 5927 6056 6057 
f 6056 6057 6186 
f 6056 6185 6186 
f 6185 6186 6315 
f 6185 6314 6315 
f 6314 6315 6444 
f 6314 6443 6444 
f 6443 6444 6573 
f 6443 6572 6573 
f 6572 6573 6702 
f 6572 6701 6702 
f 6701 6702 6831 
f 6701 6830 6831 
f 6830 6831 6960 
f 6830 6959 6960 
f 6959 6960 7089 
f 6959 7088 7089 
f 7088 7089 7218 
f 7088 7217 7218 
f 7217 7218 7347 
f 7217 7346 7347 
f 7346 7347 7476 
f 7346 7475 7476 
f 7475 7476 7605 
f 7475 7604 7605 
f 7604 7605 7734 
f 7604 7733 7734 
f 7733 7734 7863 
f 7733 7862 7863 
f 7862 7863 7992 
f 7862 7991 7992 
f 7991 7992 8121 
f 7991 8120 8121 
f 8120 8121 8250 
f 8120 8249 8250 
f 8249 8250 8379 
f 8249 8378 8379 
f 8378 8379 8508 
f 8378 8507 8508 
f 8507 8508 8637 
f 8507 8636 8637 
f 8636 8637 8766 
f 8636 8765 8766 
f 8765 8766 8895 
f 8765 8894 8895 
f 8894 8895 9024 
f 8894 9023 9024 
f 9023 9024 9153 
f 9023 9152 9153 
f 9152 9153 9282 
f 9152 9281 9282 
f 9281 9282 9411 
f 9281 9410 9411 
f 9410 9411 9540 
f 9410 9539 9540 
f 9539 9540 9669 
f 9539 9668 9669 
f 9668 9669 9798 
f 9668 9797 9798 
f 9797 9798 9927 
f 9797 9926 9927 
f 9926 9927 10056 
f 9926 10055 10056 
f 10055 10056 10185 
f 10055 10184 10185 
f 10184 10185 10314 
f 10184 10313 10314 
f 10313 10314 10443 
f 10313 10442 10443 
f 10442 10443 10572 
f 10442 10571 10572 
f 10571 10572 10701 
f 10571 10700 10701 
f 10700 10701 10830 
f 10700 10829 10830 
f 10829 10830 10959 
f 10829 10958 10959 
f 10958 10959 11088 
f 10958 11087 11088 
f 11087 11088 11217 
f 11087 11216 11217 
f 11216 11217 11346 
f 11216 11345 11346 
f 11345 11346 11475 
f 11345 11474 11475 
f 11474 11475 11604 
f 11474 11603 11604 
f 11603 11604 11733 
f 11603 11732 11733 
f 11732 11733 11862 
f 11732 11861 11862 
f 11861 11862 11991 
f 11861 11990 11991 
f 11990 11991 12120 
f 11990 12119 12120 
f 12119 12120 12249 
f 12119 12248 12249 
f 12248 12249 12378 
f 12248 12377 12378 
f 12377 12378 12507 
f 12377 12506 12507 
f 12506 12507 12636 
f 12506 12635 12636 
f 12635 12636 12765 
f 12635 12764 12765 
f 12764 12765 12894 
f 12764 12893 12894 
f 12893 12894 13023 
f 12893 13022 13023 
f 13022 13023 13152 
f 13022 13151 13152 
f 13151 13152 13281 
f 13151 13280 13281 
f 13280 13281 13410 
f 13280 13409 13410 
f 13409 13410 13539 
f 13409 13538 13539 
f 13538 13539 13668 
f 13538 13667 13668 
f 13667 13668 13797 
f 13667 13796 13797 
f 13796 13797 13926 
f 13796 13925 13926 
f 13925 13926 14055 
f 13925 14054 14055 
f 14054 14055 14184 
f 14054 14183 14184 
f 14183 14184 14313 
f 14183 14312 14313 
f 14312 14313 14442 
f 14312 14441 14442 
f 14441 14442 14571 
f 14441 14570 14571 
f 14570 14571 14700 
f 14570 14699 14700 
f 14699 14700 14829 
f 14699 14828 14829 
f 14828 14829 14958 
f 14828 14957 14958 
f 14957 14958 15087 
f 14957 15086 15087 
f 15086 15087 15216 
f 15086 15215 15216 
f 15215 15216 15345 
f 15215 15344 15345 
f 15344 15345 15474 
f 15344 15473 15474 
f 15473 15474 15603 
f 15473 15602 15603 
f 15602 15603 15732 
f 15602 15731 15732 
f 15731 15732 15861 
f 15731 15860 15861 
f 15860 15861 15990 
f 15860 15989 15990 
f 15989 15990 16119 
f 15989 16118 16119 
f 16118 16119 16248 
f 16118 16247 16248 
f 16247 16248 16377 
f 16247 16376 16377 
f 16376 16377 16506 
f 16376 16505 16506 
f 16505 16506 16635 
f 16505 16634 16635 
f 123 124 253 
f 123 252 253 
f 252 253 382 
f 252 381 382 
f 381 382 511 
f 381 510 511 
f 510 511 640 
f 510 639 640 
f 639 640 769 
f 639 768 769 
f 768 769 898 
f 768 897 898 
f 897 898 1027 
f 897 1026 1027 
f 1026 1027 1156 
f 1026 1155 1156 
f 1155 1156 1285 
f 1155 1284 1285 
f 1284 1285 1414 
f 1284 1413 1414 
f 1413 1414 1543 
f 1413 1542 1543 
f 1542 1543 1672 
f 1542 1671 1672 
f 1671 1672 1801 
f 1671 1800 1801 
f 1800 1801 1930 
f 1800 1929 1930 
f 1929 1930 2059 
f 1929 2058 2059 
f 2058 2059 2188 
f 2058 2187 2188 
f 2187 2188 2317 
f 2187 2316 2317 
f 2316 2317 2446 
f 2316 2445 2446 
f 2445 2446 2575 
f 2445 2574 2575 
f 2574 2575 2704 
f 2574 2703 2704 
f 2703 2704 2833 
f 2703 2832 2833 
f 2832 2833 2962 
f 2832 2961 2962 
f 2961 2962 3091 
f 2961 3090 3091 
f 3090 3091 3220 
f 3090 3219 3220 
f 3219 3220 3349 
f 3219 3348 3349 
f 3348 3349 3478 
f 3348 3477 3478 
f 3477 3478 3607 
f 3477 3606 3607 
f 3606 3607 3736 
f 3606 3735 3736 
f 3735 3736 3865 
f 3735 3864 3865 
f 3864 3865 3994 
f 3864 3993 3994 
f 3993 3994 4123 
f 3993 4122 4123 
f 4122 4123 4252 
f 4122 4251 4252 
f 4251 4252 4381 
f 4251 4380 4381 
f 4380 4381 4510 
f 4380 4509 4510 
f 4509 4510 4639 
f 4509 4638 4639 
f 4638 4639 4768 
f 4638 4767 4768 
f 4767 4768 4897 
f 4767 4896 4897 
f 4896 4897 5026 
f 4896 5025 5026 
f 5025 5026 5155 
f 5025 5154 5155 
f 5154 5155 5284 
f 5154 5283 5284 
f 5283 5284 5413 
f 5283 5412 5413 
f 5412 5413 5542 
f 5412 5541 5542 
f 5541 5542 5671 
f 5541 5670 5671 
f 5670 5671 5800 
f 5670 5799 5800 
f 5799 5800 5929 
f 5799 5928 5929 
f 5928 5929 6058 
f 5928 6057 6058 
f 6057 6058 6187 
f 6057 6186 6187 
f 6186 6187 6316 
f 6186 6315 6316 
f 6315 6316 6445 
f 6315 6444 6445 
f 6444 6445 6574 
f 6444 6573 6574 
f 6573 6574 6703 
f 6573 6702 6703 
f 6702 6703 6832 
f 6702 6831 6832 
f 6831 6832 6961 
f 6831 6960 6961 
f 6960 6961 7090 
f 6960 7089 7090 
f 7089 7090 7219 
f 7089 7218 7219 
f 7218 7219 7348 
f 7218 7347 7348 
f 7347 7348 7477 
f 7347 7476 7477 
f 7476 7477 7606 
f 7476 7605 7606 
f 7605 7606 7735 
f 7605 7734 7735 
f 7734 7735 7864 
f 7734 7863 7864 
f 7863 7864 7993 
f 7863 7992 7993 
f 7992 7993 8122 
f 7992 8121 8122 
f 8121 8122 8251 
f 8121 8250 8251 
f 8250 8251 8380 
f 8250 8379 8380 
f 8379 8380 8509 
f 8379 8508 8509 
f 8508 8509 8638 
f 8508 8637 8638 
f 8637 8638 8767 
f 8637 8766 8767 
f 8766 8767 8896 
f 8766 8895 8896 
f 8895 8896 9025 
f 8895 9024 9025 
f 9024 9025 9154 
f 9024 9153 9154 
f 9153 9154 9283 
f 9153 9282 9283 
f 9282 9283 9412 
f 9282 9411 9412 
f 9411 9412 9541 
f 9411 9540 9541 
f 9540 9541 9670 
f 9540 9669 9670 
f 9669 9670 9799 
f 9669 9798 9799 
f 9798 9799 9928 
f 9798 9927 9928 
f 9927 9928 10057 
f 9927 10056 10057 
f 10056 10057 10186 
f 10056 10185 10186 
f 10185 10186 10315 
f 10185 10314 10315 
f 10314 10315 10444 
f 10314 10443 10444 
f 10443 10444 10573 
f 10443 10572 10573 
f 10572 10573 10702 
f 10572 10701 10702 
f 10701 10702 10831 
f 10701 10830 10831 
f 10830 10831 10960 
f 10830 10959 10960 
f 10959 10960 11089 
f 10959 11088 11089 
f 11088 11089 11218 
f 11088 11217 11218 
f 11217 11218 11347 
f 11217 11346 11347 
f 11346 11347 11476 
f 11346 11475 11476 
f 11475 11476 11605 
f 11475 11604 11605 
f 11604 11605 11734 
f 11604 11733 11734 
f 11733 11734 11863 
f 11733 11862 11863 
f 11862 11863 11992 
f 11862 11991 11992 
f 11991 11992 12121 
f 11991 12120 12121 
f 12120 12121 12250 
f 12120 12249 12250 
f 12249 12250 12379 
f 12249 12378 12379 
f 12378 12379 12508 
f 12378 12507 12508 
f 12507 12508 12637 
f 12507 12636 12637 
f 12636 12637 12766 
f 12636 12765 12766 
f 12765 12766 12895 
f 12765 12894 12895 
f 12894 12895 13024 
f 12894 13023 13024 
f 13023 13024 13153 
f 13023 13152 13153 
f 13152 13153 13282 
f 13152 13281 13282 
f 13281 13282 13411 
f 13281 13410 13411 
f 13410 13411 13540 
f 13410 13539 13540 
f 13539 13540 13669 
f 13539 13668 13669 
f 13668 13669 13798 
f 13668 13797 13798 
f 13797 13798 13927 
f 13797 13926 13927 
f 13926 13927 14056 
f 13926 14055 14056 
f 14055 14056 14185 
f 14055 14184 14185 
f 14184 14185 14314 
f 14184 14313 14314 
f 14313 14314 14443 
f 14313 14442 14443 
f 14442 14443 14572 
f 14442 14571 14572 
f 14571 14572 14701 
f 14571 14700 14701 
f 14700 14701 14830 
f 14700 14829 14830 
f 14829 14830 14959 
f 14829 14958 14959 
f 14958 14959 15088 
f 14958 15087 15088 
f 15087 15088 15217 
f 15087 15216 15217 
f 15216 15217 15346 
f 15216 15345 15346 
f 15345 15346 15475 
f 15345 15474 15475 
f 15474 15475 15604 
f 15474 15603 15604 
f 15603 15604 15733 
f 15603 15732 15733 
f 15732 15733 15862 
f 15732 15861 15862 
f 15861 15862 15991 
f 15861 15990 15991 
f 15990 15991 16120 
f 15990 16119 16120 
f 16119 16120 16249 
f 16119 16248 16249 
f 16248 16249 16378 
f 16248 16377 16378 
f 16377 16378 16507 
f 16377 16506 16507 
f 16506 16507 16636 
f 16506 16635 16636 
f 124 125 254 
f 124 253 254 
f 253 254 383 
f 253 382 383 
f 382 383 512 
f 382 511 512 
f 511 512 641 
f 511 640 641 
f 640 641 770 
f 640 769 770 
f 769 770 899 
f 769 898 899 
f 898 899 1028 
f 898 1027 1028 
f 1027 1028 1157 
f 1027 1156 1157 
f 1156 1157 1286 
f 1156 1285 1286 
f 1285 1286 1415 
f 1285 1414 1415 
f 1414 1415 1544 
f 1414 1543 1544 
f 1543 1544 1673 
f 1543 1672 1673 
f 1672 1673 1802 
f 1672 1801 1802 
f 1801 1802 1931 
f 1801 1930 1931 
f 1930 1931 2060 
f 1930 2059 2060 
f 2059 2060 2189 
f 2059 2188 2189 
f 2188 2189 2318 
f 2188 2317 2318 
f 2317 2318 2447 
f 2317 2446 2447 
f 2446 2447 2576 
f 2446 2575 2576 
f 2575 2576 2705 
f 2575 2704 2705 
f 2704 2705 2834 
f 2704 2833 2834 
f 2833 2834 2963 
f 2833 2962 2963 
f 2962 2963 3092 
f 2962 3091 3092 
f 3091 3092 3221 
f 3091 3220 3221 
f 3220 3221 3350 
f 3220 3349 3350 
f 3349 3350 3479 
f 3349 3478 3479 
f 3478 3479 3608 
f 3478 3607 3608 
f 3607 3608 3737 
f 3607 3736 3737 
f 3736 3737 3866 
f 3736 3865 3866 
f 3865 3866 3995 
f 3865 3994 3995 
f 3994 3995 4124 
f 3994 4123 4124 
f 4123 4124 4253 
f 4123 4252 4253 
f 4252 4253 4382 
f 4252 4381 4382 
f 4381 4382 4511 
f 4381 4510 4511 
f 4510 4511 4640 
f 4510 4639 4640 
f 4639 4640 4769 
f 4639 4768 4769 
f 4768 4769 4898 
f 4768 4897 4898 
f 4897 4898 5027 
f 4897 5026 5027 
f 5026 5027 5156 
f 5026 5155 5156 
f 5155 5156 5285 
f 5155 5284 5285 
f 5284 5285 5414 
f 5284 5413 5414 
f 5413 5414 5543 
f 5413 5542 5543 
f 5542 5543 5672 
f 5542 5671 5672 
f 5671 5672 5801 
f 5671 5800 5801 
f 5800 5801 5930 
f 5800 5929 5930 
f 5929 5930 6059 
f 5929 6058 6059 
f 6058 6059 6188 
f 6058 6187 6188 
f 6187 6188 6317 
f 6187 6316 6317 
f 6316 6317 6446 
f 6316 6445 6446 
f 6445 6446 6575 
f 6445 6574 6575 
f 6574 6575 6704 
f 6574 6703 6704 
f 6703 6704 6833 
f 6703 6832 6833 
f 6832 6833 6962 
f 6832 6961 6962 
f 6961 6962 7091 
f 6961 7090 7091 
f 7090 7091 7220 
f 7090 7219 7220 
f 7219 7220 7349 
f 7219 7348 7349 
f 7348 7349 7478 
f 7348 7477 7478 
f 7477 7478 7607 
f 7477 7606 7607 
f 7606 7607 7736 
f 7606 7735 7736 
f 7735 7736 7865 
f 7735 7864 7865 
f 7864 7865 7994 
f 7864 7993 7994 
f 7993 7994 8123 
f 7993 8122 8123 
f 8122 8123 8252 
f 8122 8251 8252 
f 8251 8252 8381 
f 8251 8380 8381 
f 8380 8381 8510 
f 8380 8509 8510 
f 8509 8510 8639 
f 8509 8638 8639 
f 8638 8639 8768 
f 8638 8767 8768 
f 8767 8768 8897 
f 8767 8896 8897 
f 8896 8897 9026 
f 8896 9025 9026 
f 9025 9026 9155 
f 9025 9154 9155 
f 9154 9155 9284 
f 9154 9283 9284 
f 9283 9284 9413 
f 9283 9412 9413 
f 9412 9413 9542 
f 9412 9541 9542 
f 9541 9542 9671 
f 9541 9670 9671 
f 9670 9671 9800 
f 9670 9799 9800 
f 9799 9800 9929 
f 9799 9928 9929 
f 9928 9929 10058 
f 9928 10057 10058 
f 10057 10058 10187 
f 10057 10186 10187 
f 10186 10187 10316 
f 10186 10315 10316 
f 10315 10316 10445 
f 10315 10444 10445 
f 10444 10445 10574 
f 10444 10573 10574 
f 10573 10574 10703 
f 10573 10702 10703 
f 10702 10703 10832 
f 10702 10831 10832 
f 10831 10832 10961 
f 10831 10960 10961 
f 10960 10961 11090 
f 10960 11089 11090 
f 11089 11090 11219 
f 11089 11218 11219 
f 11218 11219 11348 
f 11218 11347 11348 
f 11347 11348 11477 
f 11347 11476 11477 
f 11476 11477 11606 
f 11476 11605 11606 
f 11605 11606 11735 
f 11605 11734 11735 
f 11734 11735 11864 
f 11734 11863 11864 
f 11863 11864 11993 
f 11863 11992 11993 
f 11992 11993 12122 
f 11992 12121 12122 
f 12121 12122 12251 
f 12121 12250 12251 
f 12250 12251 12380 
f 12250 12379 12380 
f 12379 12380 12509 
f 12379 12508 12509 
f 12508 12509 12638 
f 12508 12637 12638 
f 12637 12638 12767 
f 12637 12766 12767 
f 12766 12767 12896 
f 12766 12895 12896 
f 12895 12896 13025 
f 12895 13024 13025 
f 13024 13025 13154 
f 13024 13153 13154 
f 13153 13154 13283 
f 13153 13282 13283 
f 13282 13283 13412 
f 13282 13411 13412 
f 13411 13412 13541 
f 13411 13540 13541 
f 13540 13541 13670 
f 13540 13669 13670 
f 13669 13670 13799 
f 13669 13798 13799 
f 13798 13799 13928 
f 13798 13927 13928 
f 13927 13928 14057 
f 13927 14056 14057 
f 14056 14057 14186 
f 14056 14185 14186 
f 14185 14186 14315 
f 14185 14314 14315 
f 14314 14315 14444 
f 14314 14443 14444 
f 14443 14444 14573 
f 14443 14572 14573 
f 14572 14573 14702 
f 14572 14701 14702 
f 14701 14702 14831 
f 14701 14830 14831 
f 14830 14831 14960 
f 14830 14959 14960 
f 14959 14960 15089 
f 14959 15088 15089 
f 15088 15089 15218 
f 15088 15217 15218 
f 15217 15218 15347 
f 15217 15346 15347 
f 15346 15347 15476 
f 15346 15475 15476 
f 15475 15476 15605 
f 15475 15604 15605 
f 15604 15605 15734 
f 15604 15733 15734 
f 15733 15734 15863 
f 15733 15862 15863 
f 15862 15863 15992 
f 15862 15991 15992 
f 15991 15992 16121 
f 15991 16120 16121 
f 16120 16121 16250 
f 16120 16249 16250 
f 16249 16250 16379 
f 16249 16378 16379 
f 16378 16379 16508 
f 16378 16507 16508 
f 16507 16508 16637 
f 16507 16636 16637 
f 125 126 255 
f 125 254 255 
f 254 255 384 
f 254 383 384 
f 383 384 513 
f 383 512 513 
f 512 513 642 
f 512 641 642 
f 641 642 771 
f 641 770 771 
f 770 771 900 
f 770 899 900 
f 899 900 1029 
f 899 1028 1029 
f 1028 1029 1158 
f 1028 1157 1158 
f 1157 1158 1287 
f 1157 1286 1287 
f 1286 1287 1416 
f 1286 1415 1416 
f 1415 1416 1545 
f 1415 1544 1545 
f 1544 1545 1674 
f 1544 1673 1674 
f 1673 1674 1803 
f 1673 1802 1803 
f 1802 1803 1932 
f 1802 1931 1932 
f 1931 1932 2061 
f 1931 2060 2061 
f 2060 2061 2190 
f 2060 2189 2190 
f 2189 2190 2319 
f 2189 2318 2319 
f 2318 2319 2448 
f 2318 2447 2448 
f 2447 2448 2577 
f 2447 2576 2577 
f 2576 2577 2706 
f 2576 2705 2706 
f 2705 2706 2835 
f 2705 2834 2835 
f 2834 2835 2964 
f 2834 2963 2964 
f 2963 2964 3093 
f 2963 3092 3093 
f 3092 3093 3222 
f 3092 3221 3222 
f 3221 3222 3351 
f 3221 3350 3351 
f 3350 3351 3480 
f 3350 3479 3480 
f 3479 3480 3609 
f 3479 3608 3609 
f 3608 3609 3738 
f 3608 3737 3738 
f 3737 3738 3867 
f 3737 3866 3867 
f 3866 3867 3996 
f 3866 3995 3996 
f 3995 3996 4125 
f 3995 4124 4125 
f 4124 4125 4254 
f 4124 4253 4254 
f 4253 4254 4383 
f 4253 4382 4383 
f 4382 4383 4512 
f 4382 4511 4512 
f 4511 4512 4641 
f 4511 4640 4641 
f 4640 4641 4770 
f 4640 4769 4770 
f 4769 4770 4899 
f 4769 4898 4899 
f 4898 4899 5028 
f 4898 5027 5028 
f 5027 5028 5157 
f 5027 5156 5157 
f 5156 5157 5286 
f 5156 5285 5286 
f 5285 5286 5415 
f 5285 5414 5415 
f 5414 5415 5544 
f 5414 5543 5544 
f 5543 5544 5673 
f 5543 5672 5673 
f 5672 5673 5802 
f 5672 5801 5802 
f 5801 5802 5931 
f 5801 5930 5931 
f 5930 5931 6060 
f 5930 6059 6060 
f 6059 6060 6189 
f 6059 6188 6189 
f 6188 6189 6318 
f 6188 6317 6318 
f 6317 6318 6447 
f 6317 6446 6447 
f 6446 6447 6576 
f 6446 6575 6576 
f 6575 6576 6705 
f 6575 6704 6705 
f 6704 6705 6834 
f 6704 6833 6834 
f 6833 6834 6963 
f 6833 6962 6963 
f 6962 6963 7092 
f 6962 7091 7092 
f 7091 7092 7221 
f 7091 7220 7221 
f 7220 7221 7350 
f 7220 7349 7350 
f 7349 7350 7479 
f 7349 7478 7479 
f 7478 7479 7608 
f 7478 7607 7608 
f 7607 7608 7737 
f 7607 7736 7737 
f 7736 7737 7866 
f 7736 7865 7866 
f 7865 7866 7995 
f 7865 7994 7995 
f 7994 7995 8124 
f 7994 8123 8124 
f 8123 8124 8253 
f 8123 8252 8253 
f 8252 8253 8382 
f 8252 8381 8382 
f 8381 8382 8511 
f 8381 8510 8511 
f 8510 8511 8640 
f 8510 8639 8640 
f 8639 8640 8769 
f 8639 8768 8769 
f 8768 8769 8898 
f 8768 8897 8898 
f 8897 8898 9027 
f 8897 9026 9027 
f 9026 9027 9156 
f 9026 9155 9156 
f 9155 9156 9285 
f 9155 9284 9285 
f 9284 9285 9414 
f 9284 9413 9414 
f 9413 9414 9543 
f 9413 9542 9543 
f 9542 9543 9672 
f 9542 9671 9672 
f 9671 9672 9801 
f 9671 9800 9801 
f 9800 9801 9930 
f 9800 9929 9930 
f 9929 9930 10059 
f 9929 10058 10059 
f 10058 10059 10188 
f 10058 10187 10188 
f 10187 10188 10317 
f 10187 10316 10317 
f 10316 10317 10446 
f 10316 10445 10446 
f 10445 10446 10575 
f 10445 10574 10575 
f 10574 10575 10704 
f 10574 10703 10704 
f 10703 10704 10833 
f 10703 10832 10833 
f 10832 10833 10962 
f 10832 10961 10962 
f 10961 10962 11091 
f 10961 11090 11091 
f 11090 11091 11220 
f 11090 11219 11220 
f 11219 11220 11349 
f 11219 11348 11349 
f 11348 11349 11478 
f 11348 11477 11478 
f 11477 11478 11607 
f 11477 11606 11607 
f 11606 11607 11736 
f 11606 11735 11736 
f 11735 11736 11865 
f 11735 11864 11865 
f 11864 11865 11994 
f 11864 11993 11994 
f 11993 11994 12123 
f 11993 12122 12123 
f 12122 12123 12252 
f 12122 12251 12252 
f 12251 12252 12381 
f 12251 12380 12381 
f 12380 12381 12510 
f 12380 12509 12510 
f 12509 12510 12639 
f 12509 12638 12639 
f 12638 12639 12768 
f 12638 12767 12768 
f 12767 12768 12897 
f 12767 12896 12897 
f 12896 12897 13026 
f 12896 13025 13026 
f 13025 13026 13155 
f 13025 13154 13155 
f 13154 13155 13284 
f 13154 13283 13284 
f 13283 13284 13413 
f 13283 13412 13413 
f 13412 13413 13542 
f 13412 13541 13542 
f 13541 13542 13671 
f 13541 13670 13671 
f 13670 13671 13800 
f 13670 13799 13800 
f 13799 13800 13929 
f 13799 13928 13929 
f 13928 13929 14058 
f 13928 14057 14058 
f 14057 14058 14187 
f 14057 14186 14187 
f 14186 14187 14316 
f 14186 14315 14316 
f 14315 14316 14445 
f 14315 14444 14445 
f 14444 14445 14574 
f 14444 14573 14574 
f 14573 14574 14703 
f 14573 14702 14703 
f 14702 14703 14832 
f 14702 14831 14832 
f 14831 14832 14961 
f 14831 14960 14961 
f 14960 14961 15090 
f 14960 15089 15090 
f 15089 15090 15219 
f 15089 15218 15219 
f 15218 15219 15348 
f 15218 15347 15348 
f 15347 15348 15477 
f 15347 15476 15477 
f 15476 15477 15606 
f 15476 15605 15606 
f 15605 15606 15735 
f 15605 15734 15735 
f 15734 15735 15864 
f 15734 15863 15864 
f 15863 15864 15993 
f 15863 15992 15993 
f 15992 15993 16122 
f 15992 16121 16122 
f 16121 16122 16251 
f 16121 16250 16251 
f 16250 16251 16380 
f 16250 16379 16380 
f 16379 16380 16509 
f 16379 16508 16509 
f 16508 16509 16638 
f 16508 16637 16638 
f 126 127 256 
f 126 255 256 
f 255 256 385 
f 255 384 385 
f 384 385 514 
f 384 513 514 
f 513 514 643 
f 513 642 643 
f 642 643 772 
f 642 771 772 
f 771 772 901 
f 771 900 901 
f 900 901 1030 
f 900 1029 1030 
f 1029 1030 1159 
f 1029 1158 1159 
f 1158 1159 1288 
f 1158 1287 1288 
f 1287 1288 1417 
f 1287 1416 1417 
f 1416 1417 1546 
f 1416 1545 1546 
f 1545 1546 1675 
f 1545 1674 1675 
f 1674 1675 1804 
f 1674 1803 1804 
f 1803 1804 1933 
f 1803 1932 1933 
f 1932 1933 2062 
f 1932 2061 2062 
f 2061 2062 2191 
f 2061 2190 2191 
f 2190 2191 2320 
f 2190 2319 2320 
f 2319 2320 2449 
f 2319 2448 2449 
f 2448 2449 2578 
f 2448 2577 2578 
f 2577 2578 2707 
f 2577 2706 2707 
f 2706 2707 2836 
f 2706 2835 2836 
f 2835 2836 2965 
f 2835 2964 2965 
f 2964 2965 3094 
f 2964 3093 3094 
f 3093 3094 3223 
f 3093 3222 3223 
f 3222 3223 3352 
f 3222 3351 3352 
f 3351 3352 3481 
f 3351 3480 3481 
f 3480 3481 3610 
f 3480 3609 3610 
f 3609 3610 3739 
f 3609 3738 3739 
f 3738 3739 3868 
f 3738 3867 3868 
f 3867 3868 3997 
f 3867 3996 3997 
f 3996 3997 4126 
f 3996 4125 4126 
f 4125 4126 4255 
f 4125 4254 4255 
f 4254 4255 4384 
f 4254 4383 4384 
f 4383 4384 4513 
f 4383 4512 4513 
f 4512 4513 4642 
f 4512 4641 4642 
f 4641 4642 4771 
f 4641 4770 4771 
f 4770 4771 4900 
f 4770 4899 4900 
f 4899 4900 5029 
f 4899 5028 5029 
f 5028 5029 5158 
f 5028 5157 5158 
f 5157 5158 5287 
f 5157 5286 5287 
f 5286 5287 5416 
f 5286 5415 5416 
f 5415 5416 5545 
f 5415 5544 5545 
f 5544 5545 5674 
f 5544 5673 5674 
f 5673 5674 5803 
f 5673 5802 5803 
f 5802 5803 5932 
f 5802 5931 5932 
f 5931 5932 6061 
f 5931 6060 6061 
f 6060 6061 6190 
f 6060 6189 6190 
f 6189 6190 6319 
f 6189 6318 6319 
f 6318 6319 6448 
f 6318 6447 6448 
f 6447 6448 6577 
f 6447 6576 6577 
f 6576 6577 6706 
f 6576 6705 6706 
f 6705 6706 6835 
f 6705 6834 6835 
f 6834 6835 6964 
f 6834 6963 6964 
f 6963 6964 7093 
f 6963 7092 7093 
f 7092 7093 7222 
f 7092 7221 7222 
f 7221 7222 7351 
f 7221 7350 7351 
f 7350 7351 7480 
f 7350 7479 7480 
f 7479 7480 7609 
f 7479 7608 7609 
f 7608 7609 7738 
f 7608 7737 7738 
f 7737 7738 7867 
f 7737 7866 7867 
f 7866 7867 7996 
f 7866 7995 7996 
f 7995 7996 8125 
f 7995 8124 8125 
f 8124 8125 8254 
f 8124 8253 8254 
f 8253 8254 8383 
f 8253 8382 8383 
f 8382 8383 8512 
f 8382 8511 8512 
f 8511 8512 8641 
f 8511 8640 8641 
f 8640 8641 8770 
f 8640 8769 8770 
f 8769 8770 8899 
f 8769 8898 8899 
f 8898 8899 9028 
f 8898 9027 9028 
f 9027 9028 9157 
f 9027 9156 9157 
f 9156 9157 9286 
f 9156 9285 9286 
f 9285 9286 9415 
f 9285 9414 9415 
f 9414 9415 9544 
f 9414 9543 9544 
f 9543 9544 9673 
f 9543 9672 9673 
f 9672 9673 9802 
f 9672 9801 9802 
f 9801 9802 9931 
f 9801 9930 9931 
f 9930 9931 10060 
f 9930 10059 10060 
f 10059 10060 10189 
f 10059 10188 10189 
f 10188 10189 10318 
f 10188 10317 10318 
f 10317 10318 10447 
f 10317 10446 10447 
f 10446 10447 10576 
f 10446 10575 10576 
f 10575 10576 10705 
f 10575 10704 10705 
f 10704 10705 10834 
f 10704 10833 10834 
f 10833 10834 10963 
f 10833 10962 10963 
f 10962 10963 11092 
f 10962 11091 11092 
f 11091 11092 11221 
f 11091 11220 11221 
f 11220 11221 11350 
f 11220 11349 11350 
f 11349 11350 11479 
f 11349 11478 11479 
f 11478 11479 11608 
f 11478 11607 11608 
f 11607 11608 11737 
f 11607 11736 11737 
f 11736 11737 11866 
f 11736 11865 11866 
f 11865 11866 11995 
f 11865 11994 11995 
f 11994 11995 12124 
f 11994 12123 12124 
f 12123 12124 12253 
f 12123 12252 12253 
f 12252 12253 12382 
f 12252 12381 12382 
f 12381 12382 12511 
f 12381 12510 12511 
f 12510 12511 12640 
f 12510 12639 12640 
f 12639 12640 12769 
f 12639 12768 12769 
f 12768 12769 12898 
f 12768 12897 12898 
f 12897 12898 13027 
f 12897 13026 13027 
f 13026 13027 13156 
f 13026 13155 13156 
f 13155 13156 13285 
f 13155 13284 13285 
f 13284 13285 13414 
f 13284 13413 13414 
f 13413 13414 13543 
f 13413 13542 13543 
f 13542 13543 13672 
f 13542 13671 13672 
f 13671 13672 13801 
f 13671 13800 13801 
f 13800 13801 13930 
f 13800 13929 13930 
f 13929 13930 14059 
f 13929 14058 14059 
f 14058 14059 14188 
f 14058 14187 14188 
f 14187 14188 14317 
f 14187 14316 14317 
f 14316 14317 14446 
f 14316 14445 14446 
f 14445 14446 14575 
f 14445 14574 14575 
f 14574 14575 14704 
f 14574 14703 14704 
f 14703 14704 14833 
f 14703 14832 14833 
f 14832 14833 14962 
f 14832 14961 14962 
f 14961 14962 15091 
f 14961 15090 15091 
f 15090 15091 15220 
f 15090 15219 15220 
f 15219 15220 15349 
f 15219 15348 15349 
f 15348 15349 15478 
f 15348 15477 15478 
f 15477 15478 15607 
f 15477 15606 15607 
f 15606 15607 15736 
f 15606 15735 15736 
f 15735 15736 15865 
f 15735 15864 15865 
f 15864 15865 15994 
f 15864 15993 15994 
f 15993 15994 16123 
f 15993 16122 16123 
f 16122 16123 16252 
f 16122 16251 16252 
f 16251 16252 16381 
f 16251 16380 16381 
f 16380 16381 16510 
f 16380 16509 16510 
f 16509 16510 16639 
f 16509 16638 16639 
f 127 128 257 
f 127 256 257 
f 256 257 386 
f 256 385 386 
f 385 386 515 
f 385 514 515 
f 514 515 644 
f 514 643 644 
f 643 644 773 
f 643 772 773 
f 772 773 902 
f 772 901 902 
f 901 902 1031 
f 901 1030 1031 
f 1030 1031 1160 
f 1030 1159 1160 
f 1159 1160 1289 
f 1159 1288 1289 
f 1288 1289 1418 
f 1288 1417 1418 
f 1417 1418 1547 
f 1417 1546 1547 
f 1546 1547 1676 
f 1546 1675 1676 
f 1675 1676 1805 
f 1675 1804 1805 
f 1804 1805 1934 
f 1804 1933 1934 
f 1933 1934 2063 
f 1933 2062 2063 
f 2062 2063 2192 
f 2062 2191 2192 
f 2191 2192 2321 
f 2191 2320 2321 
f 2320 2321 2450 
f 2320 2449 2450 
f 2449 2450 2579 
f 2449 2578 2579 
f 2578 2579 2708 
f 2578 2707 2708 
f 2707 2708 2837 
f 2707 2836 2837 
f 2836 2837 2966 
f 2836 2965 2966 
f 2965 2966 3095 
f 2965 3094 3095 
f 3094 3095 3224 
f 3094 3223 3224 
f 3223 3224 3353 
f 3223 3352 3353 
f 3352 3353 3482 
f 3352 3481 3482 
f 3481 3482 3611 
f 3481 3610 3611 
f 3610 3611 3740 
f 3610 3739 3740 
f 3739 3740 3869 
f 3739 3868 3869 
f 3868 3869 3998 
f 3868 3997 3998 
f 3997 3998 4127 
f 3997 4126 4127 
f 4126 4127 4256 
f 4126 4255 4256 
f 4255 4256 4385 
f 4255 4384 4385 
f 4384 4385 4514 
f 4384 4513 4514 
f 4513 4514 4643 
f 4513 4642 4643 
f 4642 4643 4772 
f 4642 4771 4772 
f 4771 4772 4901 
f 4771 4900 4901 
f 4900 4901 5030 
f 4900 5029 5030 
f 5029 5030 5159 
f 5029 5158 5159 
f 5158 5159 5288 
f 5158 5287 5288 
f 5287 5288 5417 
f 5287 5416 5417 
f 5416 5417 5546 
f 5416 5545 5546 
f 5545 5546 5675 
f 5545 5674 5675 
f 5674 5675 5804 
f 5674 5803 5804 
f 5803 5804 5933 
f 5803 5932 5933 
f 5932 5933 6062 
f 5932 6061 6062 
f 6061 6062 6191 
f 6061 6190 6191 
f 6190 6191 6320 
f 6190 6319 6320 
f 6319 6320 6449 
f 6319 6448 6449 
f 6448 6449 6578 
f 6448 6577 6578 
f 6577 6578 6707 
f 6577 6706 6707 
f 6706 6707 6836 
f 6706 6835 6836 
f 6835 6836 6965 
f 6835 6964 6965 
f 6964 6965 7094 
f 6964 7093 7094 
f 7093 7094 7223 
f 7093 7222 7223 
f 7222 7223 7352 
f 7222 7351 7352 
f 7351 7352 7481 
f 7351 7480 7481 
f 7480 7481 7610 
f 7480 7609 7610 
f 7609 7610 7739 
f 7609 7738 7739 
f 7738 7739 7868 
f 7738 7867 7868 
f 7867 7868 7997 
f 7867 7996 7997 
f 7996 7997 8126 
f 7996 8125 8126 
f 8125 8126 8255 
f 8125 8254 8255 
f 8254 8255 8384 
f 8254 8383 8384 
f 8383 8384 8513 
f 8383 8512 8513 
f 8512 8513 8642 
f 8512 8641 8642 
f 8641 8642 8771 
f 8641 8770 8771 
f 8770 8771 8900 
f 8770 8899 8900 
f 8899 8900 9029 
f 8899 9028 9029 
f 9028 9029 9158 
f 9028 9157 9158 
f 9157 9158 9287 
f 9157 9286 9287 
f 9286 9287 9416 
f 9286 9415 9416 
f 9415 9416 9545 
f 9415 9544 9545 
f 9544 9545 9674 
f 9544 9673 9674 
f 9673 9674 9803 
f 9673 9802 9803 
f 9802 9803 9932 
f 9802 9931 9932 
f 9931 9932 10061 
f 9931 10060 10061 
f 10060 10061 10190 
f 10060 10189 10190 
f 10189 10190 10319 
f 10189 10318 10319 
f 10318 10319 10448 
f 10318 10447 10448 
f 10447 10448 10577 
f 10447 10576 10577 
f 10576 10577 10706 
f 10576 10705 10706 
f 10705 10706 10835 
f 10705 10834 10835 
f 10834 10835 10964 
f 10834 10963 10964 
f 10963 10964 11093 
f 10963 11092 11093 
f 11092 11093 11222 
f 11092 11221 11222 
f 11221 11222 11351 
f 11221 11350 11351 
f 11350 11351 11480 
f 11350 11479 11480 
f 11479 11480 11609 
f 11479 11608 11609 
f 11608 11609 11738 
f 11608 11737 11738 
f 11737 11738 11867 
f 11737 11866 11867 
f 11866 11867 11996 
f 11866 11995 11996 
f 11995 11996 12125 
f 11995 12124 12125 
f 12124 12125 12254 
f 12124 12253 12254 
f 12253 12254 12383 
f 12253 12382 12383 
f 12382 12383 12512 
f 12382 12511 12512 
f 12511 12512 12641 
f 12511 12640 12641 
f 12640 12641 12770 
f 12640 12769 12770 
f 12769 12770 12899 
f 12769 12898 12899 
f 12898 12899 13028 
f 12898 13027 13028 
f 13027 13028 13157 
f 13027 13156 13157 
f 13156 13157 13286 
f 13156 13285 13286 
f 13285 13286 13415 
f 13285 13414 13415 
f 13414 13415 13544 
f 13414 13543 13544 
f 13543 13544 13673 
f 13543 13672 13673 
f 13672 13673 13802 
f 13672 13801 13802 
f 13801 13802 13931 
f 13801 13930 13931 
f 13930 13931 14060 
f 13930 14059 14060 
f 14059 14060 14189 
f 14059 14188 14189 
f 14188 14189 14318 
f 14188 14317 14318 
f 14317 14318 14447 
f 14317 14446 14447 
f 14446 14447 14576 
f 14446 14575 14576 
f 14575 14576 14705 
f 14575 14704 14705 
f 14704 14705 14834 
f 14704 14833 14834 
f 14833 14834 14963 
f 14833 14962 14963 
f 14962 14963 15092 
f 14962 15091 15092 
f 15091 15092 15221 
f 15091 15220 15221 
f 15220 15221 15350 
f 15220 15349 15350 
f 15349 15350 15479 
f 15349 15478 15479 
f 15478 15479 15608 
f 15478 15607 15608 
f 15607 15608 15737 
f 15607 15736 15737 
f 15736 15737 15866 
f 15736 15865 15866 
f 15865 15866 15995 
f 15865 15994 15995 
f 15994 15995 16124 
f 15994 16123 16124 
f 16123 16124 16253 
f 16123 16252 16253 
f 16252 16253 16382 
f 16252 16381 16382 
f 16381 16382 16511 
f 16381 16510 16511 
f 16510 16511 16640 
f 16510 16639 16640 
f 128 129 258 
f 128 257 258 
f 257 258 387 
f 257 386 387 
f 386 387 516 
f 386 515 516 
f 515 516 645 
f 515 644 645 
f 644 645 774 
f 644 773 774 
f 773 774 903 
f 773 902 903 
f 902 903 1032 
f 902 1031 1032 
f 1031 1032 1161 
f 1031 1160 1161 
f 1160 1161 1290 
f 1160 1289 1290 
f 1289 1290 1419 
f 1289 1418 1419 
f 1418 1419 1548 
f 1418 1547 1548 
f 1547 1548 1677 
f 1547 1676 1677 
f 1676 1677 1806 
f 1676 1805 1806 
f 1805 1806 1935 
f 1805 1934 1935 
f 1934 1935 2064 
f 1934 2063 2064 
f 2063 2064 2193 
f 2063 2192 2193 
f 2192 2193 2322 
f 2192 2321 2322 
f 2321 2322 2451 
f 2321 2450 2451 
f 2450 2451 2580 
f 2450 2579 2580 
f 2579 2580 2709 
f 2579 2708 2709 
f 2708 2709 2838 
f 2708 2837 2838 
f 2837 2838 2967 
f 2837 2966 2967 
f 2966 2967 3096 
f 2966 3095 3096 
f 3095 3096 3225 
f 3095 3224 3225 
f 3224 3225 3354 
f 3224 3353 3354 
f 3353 3354 3483 
f 3353 3482 3483 
f 3482 3483 3612 
f 3482 3611 3612 
f 3611 3612 3741 
f 3611 3740 3741 
f 3740 3741 3870 
f 3740 3869 3870 
f 3869 3870 3999 
f 3869 3998 3999 
f 3998 3999 4128 
f 3998 4127 4128 
f 4127 4128 4257 
f 4127 4256 4257 
f 4256 4257 4386 
f 4256 4385 4386 
f 4385 4386 4515 
f 4385 4514 4515 
f 4514 4515 4644 
f 4514 4643 4644 
f 4643 4644 4773 
f 4643 4772 4773 
f 4772 4773 4902 
f 4772 4901 4902 
f 4901 4902 5031 
f 4901 5030 5031 
f 5030 5031 5160 
f 5030 5159 5160 
f 5159 5160 5289 
f 5159 5288 5289 
f 5288 5289 5418 
f 5288 5417 5418 
f 5417 5418 5547 
f 5417 5546 5547 
f 5546 5547 5676 
f 5546 5675 5676 
f 5675 5676 5805 
f 5675 5804 5805 
f 5804 5805 5934 
f 5804 5933 5934 
f 5933 5934 6063 
f 5933 6062 6063 
f 6062 6063 6192 
f 6062 6191 6192 
f 6191 6192 6321 
f 6191 6320 6321 
f 6320 6321 6450 
f 6320 6449 6450 
f 6449 6450 6579 
f 6449 6578 6579 
f 6578 6579 6708 
f 6578 6707 6708 
f 6707 6708 6837 
f 6707 6836 6837 
f 6836 6837 6966 
f 6836 6965 6966 
f 6965 6966 7095 
f 6965 7094 7095 
f 7094 7095 7224 
f 7094 7223 7224 
f 7223 7224 7353 
f 7223 7352 7353 
f 7352 7353 7482 
f 7352 7481 7482 
f 7481 7482 7611 
f 7481 7610 7611 
f 7610 7611 7740 
f 7610 7739 7740 
f 7739 7740 7869 
f 7739 7868 7869 
f 7868 7869 7998 
f 7868 7997 7998 
f 7997 7998 8127 
f 7997 8126 8127 
f 8126 8127 8256 
f 8126 8255 8256 
f 8255 8256 8385 
f 8255 8384 8385 
f 8384 8385 8514 
f 8384 8513 8514 
f 8513 8514 8643 
f 8513 8642 8643 
f 8642 8643 8772 
f 8642 8771 8772 
f 8771 8772 8901 
f 8771 8900 8901 
f 8900 8901 9030 
f 8900 9029 9030 
f 9029 9030 9159 
f 9029 9158 9159 
f 9158 9159 9288 
f 9158 9287 9288 
f 9287 9288 9417 
f 9287 9416 9417 
f 9416 9417 9546 
f 9416 9545 9546 
f 9545 9546 9675 
f 9545 9674 9675 
f 9674 9675 9804 
f 9674 9803 9804 
f 9803 9804 9933 
f 9803 9932 9933 
f 9932 9933 10062 
f 9932 10061 10062 
f 10061 10062 10191 
f 10061 10190 10191 
f 10190 10191 10320 
f 10190 10319 10320 
f 10319 10320 10449 
f 10319 10448 10449 
f 10448 10449 10578 
f 10448 10577 10578 
f 10577 10578 10707 
f 10577 10706 10707 
f 10706 10707 10836 
f 10706 10835 10836 
f 10835 10836 10965 
f 10835 10964 10965 
f 10964 10965 11094 
f 10964 11093 11094 
f 11093 11094 11223 
f 11093 11222 11223 
f 11222 11223 11352 
f 11222 11351 11352 
f 11351 11352 11481 
f 11351 11480 11481 
f 11480 11481 11610 
f 11480 11609 11610 
f 11609 11610 11739 
f 11609 11738 11739 
f 11738 11739 11868 
f 11738 11867 11868 
f 11867 11868 11997 
f 11867 11996 11997 
f 11996 11997 12126 
f 11996 12125 12126 
f 12125 12126 12255 
f 12125 12254 12255 
f 12254 12255 12384 
f 12254 12383 12384 
f 12383 12384 12513 
f 12383 12512 12513 
f 12512 12513 12642 
f 12512 12641 12642 
f 12641 12642 12771 
f 12641 12770 12771 
f 12770 12771 12900 
f 12770 12899 12900 
f 12899 12900 13029 
f 12899 13028 13029 
f 13028 13029 13158 
f 13028 13157 13158 
f 13157 13158 13287 
f 13157 13286 13287 
f 13286 13287 13416 
f 13286 13415 13416 
f 13415 13416 13545 
f 13415 13544 13545 
f 13544 13545 13674 
f 13544 13673 13674 
f 13673 13674 13803 
f 13673 13802 13803 
f 13802 13803 13932 
f 13802 13931 13932 
f 13931 13932 14061 
f 13931 14060 14061 
f 14060 14061 14190 
f 14060 14189 14190 
f 14189 14190 14319 
f 14189 14318 14319 
f 14318 14319 14448 
f 14318 14447 14448 
f 14447 14448 14577 
f 14447 14576 14577 
f 14576 14577 14706 
f 14576 14705 14706 
f 14705 14706 14835 
f 14705 14834 14835 
f 14834 14835 14964 
f 14834 14963 14964 
f 14963 14964 15093 
f 14963 15092 15093 
f 15092 15093 15222 
f 15092 15221 15222 
f 15221 15222 15351 
f 15221 15350 15351 
f 15350 15351 15480 
f 15350 15479 15480 
f 15479 15480 15609 
f 15479 15608 15609 
f 15608 15609 15738 
f 15608 15737 15738 
f 15737 15738 15867 
f 15737 15866 15867 
f 15866 15867 15996 
f 15866 15995 15996 
f 15995 15996 16125 
f 15995 16124 16125 
f 16124 16125 16254 
f 16124 16253 16254 
f 16253 16254 16383 
f 16253 16382 16383 
f 16382 16383 16512 
f 16382 16511 16512 
f 16511 16512 16641 
f 16511 16640 16641 
