# Blender 4.1.0
# www.blender.org
mtllib cactus.mtl
o group80285699
v -0.313759 0.539674 0.169702
v -0.321921 0.459534 0.171487
v -0.220606 0.451623 -0.028355
v -0.215055 0.531925 -0.024754
v -0.286788 0.390940 0.194997
v -0.182008 0.382815 -0.011992
v -0.221779 0.360093 0.231253
v -0.114005 0.351782 0.018085
v -0.151726 0.378776 0.266406
v -0.042571 0.370378 0.050388
v -0.103386 0.439851 0.287029
v 0.005009 0.431500 0.072579
v -0.095225 0.519990 0.285244
v 0.010560 0.511802 0.076180
v -0.130358 0.588584 0.261734
v -0.028038 0.580611 0.059817
v -0.195367 0.619431 0.225477
v -0.096041 0.611644 0.029740
v -0.265420 0.600749 0.190325
v -0.167476 0.593047 -0.002563
v -0.260085 0.630923 0.301085
v -0.336140 0.617707 0.277994
v -0.201975 0.606359 0.351204
v -0.184004 0.553397 0.409207
v -0.213038 0.492267 0.452938
v -0.277985 0.446320 0.465693
v -0.354040 0.433104 0.442601
v -0.412151 0.457668 0.392482
v -0.430121 0.510629 0.334480
v -0.401088 0.571759 0.290749
v -0.320351 0.698586 0.354003
v -0.399544 0.696409 0.339309
v -0.263254 0.677589 0.406836
v -0.250063 0.641437 0.477625
v -0.285815 0.603939 0.539333
v -0.356855 0.579418 0.568389
v -0.436048 0.577241 0.553694
v -0.493144 0.598238 0.500862
v -0.506336 0.634391 0.430072
v -0.470584 0.671889 0.368364
v -0.316331 0.861889 0.356271
v -0.395503 0.859397 0.341515
v -0.261054 0.868373 0.414535
v -0.250787 0.876374 0.494050
v -0.289451 0.882835 0.564446
v -0.362277 0.885289 0.598833
v -0.441449 0.882798 0.584076
v -0.496726 0.876314 0.525812
v -0.506993 0.868313 0.446297
v -0.468330 0.861851 0.375901
v -0.308322 0.955315 0.359005
v -0.387497 0.953154 0.344214
v -0.253046 0.961889 0.417259
v -0.242784 0.970364 0.496726
v -0.281454 0.977504 0.567052
v -0.354287 0.980581 0.601375
v -0.433462 0.978419 0.586585
v -0.488738 0.971845 0.528331
v -0.499001 0.963370 0.448864
v -0.460330 0.956230 0.378538
v -0.382562 1.103076 0.449070
v -0.407675 1.089311 0.413513
v -0.385801 1.089597 0.405570
v -0.422700 1.090608 0.431240
v -0.426849 1.093140 0.454001
v -0.419012 1.096230 0.475697
v -0.401286 1.099048 0.490514
v -0.378423 1.100841 0.494483
v -0.356548 1.101127 0.486539
v -0.341523 1.099830 0.468812
v -0.337374 1.097297 0.446051
v -0.345212 1.094208 0.424355
v -0.362937 1.091389 0.409538
v -0.428860 1.061492 0.384158
v -0.387749 1.062029 0.369229
v -0.457097 1.063929 0.417474
v -0.464896 1.068689 0.460250
v -0.450165 1.074495 0.501025
v -0.416852 1.079792 0.528872
v -0.373883 1.083160 0.536331
v -0.332772 1.083697 0.521402
v -0.304534 1.081260 0.488086
v -0.296736 1.076501 0.445309
v -0.311467 1.070694 0.404534
v -0.344780 1.065398 0.376687
v -0.443560 1.022973 0.364544
v -0.388171 1.023697 0.344430
v -0.481605 1.026257 0.409431
v -0.492111 1.032670 0.467063
v -0.472265 1.040492 0.521999
v -0.427382 1.047629 0.559518
v -0.369490 1.052167 0.569567
v -0.314102 1.052891 0.549453
v -0.276057 1.049607 0.504566
v -0.265550 1.043195 0.446933
v -0.285397 1.035372 0.391998
v -0.330280 1.028236 0.354479
v -0.450003 0.978402 0.357038
v -0.387017 0.979225 0.334165
v -0.493266 0.982137 0.408081
v -0.505214 0.989429 0.473618
v -0.482645 0.998324 0.536089
v -0.431607 1.006439 0.578754
v -0.365774 1.011600 0.590181
v -0.302788 1.012424 0.567308
v -0.259526 1.008689 0.516265
v -0.247578 1.001397 0.450728
v -0.270147 0.992502 0.388257
v -0.321185 0.984386 0.345592
v -0.447412 0.933154 0.362545
v -0.384426 0.933977 0.339672
v -0.490675 0.936888 0.413588
v -0.502622 0.944180 0.479125
v -0.480053 0.953075 0.541596
v -0.429015 0.961191 0.584261
v -0.363183 0.966352 0.595688
v -0.300197 0.967175 0.572816
v -0.256934 0.963440 0.521772
v -0.244987 0.956148 0.456235
v -0.267556 0.947253 0.393764
v -0.318594 0.939138 0.351099
v -0.436099 0.892685 0.380400
v -0.380710 0.893410 0.360287
v -0.474143 0.895970 0.425287
v -0.484650 0.902382 0.482920
v -0.464803 0.910205 0.537856
v -0.419921 0.917341 0.575374
v -0.362029 0.921880 0.585423
v -0.306640 0.922604 0.565309
v -0.268596 0.919320 0.520423
v -0.258089 0.912907 0.462790
v -0.277936 0.905085 0.407854
v -0.322818 0.897948 0.370336
v -0.417428 0.861880 0.408451
v -0.376317 0.862417 0.393522
v -0.445666 0.864317 0.441767
v -0.453464 0.869076 0.484544
v -0.438733 0.874883 0.525319
v -0.405420 0.880180 0.553166
v -0.362452 0.883548 0.560625
v -0.321341 0.884085 0.545696
v -0.293103 0.881648 0.512380
v -0.285305 0.876888 0.469603
v -0.300035 0.871082 0.428828
v -0.333348 0.865785 0.400981
v -0.393652 0.844450 0.443314
v -0.371778 0.844736 0.435370
v -0.408678 0.845747 0.461041
v -0.412827 0.848280 0.483802
v -0.404989 0.851369 0.505498
v -0.387263 0.854188 0.520315
v -0.364400 0.855980 0.524283
v -0.342525 0.856266 0.516340
v -0.327500 0.854969 0.498613
v -0.323351 0.852437 0.475852
v -0.331189 0.849347 0.454156
v -0.348915 0.846529 0.439339
v -0.367639 0.842501 0.480783
v -0.170374 1.365636 -0.104152
v -0.204164 1.365574 -0.026858
v -0.229456 0.002991 -0.038999
v -0.195667 0.003052 -0.116293
v -0.194787 1.364653 0.056971
v -0.220080 0.002069 0.044829
v -0.144758 1.363120 0.124873
v -0.170051 0.000536 0.112732
v -0.067480 1.361384 0.158654
v -0.092773 -0.001199 0.146513
v 0.016339 1.359912 0.149263
v -0.008954 -0.002672 0.137122
v 0.084240 1.359098 0.099216
v 0.058947 -0.003486 0.087075
v 0.118030 1.359159 0.021923
v 0.092737 -0.003425 0.009781
v 0.108654 1.360080 -0.061906
v 0.083361 -0.002504 -0.074048
v 0.058625 1.361614 -0.129809
v 0.033332 -0.000970 -0.141950
v -0.018653 1.363350 -0.163590
v -0.043946 0.000766 -0.175731
v -0.102472 1.364821 -0.154199
v -0.127765 0.002238 -0.166340
v 0.126589 0.732027 -0.304202
v 0.160580 0.810051 -0.250343
v -0.121772 0.834853 -0.071886
v -0.159798 0.757017 -0.123262
v 0.209092 0.835825 -0.165925
v -0.066526 0.860314 0.008387
v 0.253594 0.799505 -0.083194
v -0.015163 0.823675 0.086894
v 0.277088 0.714963 -0.033750
v 0.012699 0.738930 0.133649
v 0.270600 0.614491 -0.036479
v 0.006416 0.638450 0.130794
v 0.236608 0.536467 -0.090339
v -0.031610 0.560613 0.079418
v 0.188097 0.510693 -0.174757
v -0.086856 0.535152 -0.000854
v 0.143595 0.547014 -0.257488
v -0.138219 0.571791 -0.079362
v 0.120101 0.631556 -0.306931
v -0.166080 0.656536 -0.126117
v 0.383671 0.716070 -0.401263
v 0.292669 0.757819 -0.412204
v 0.457941 0.698619 -0.335510
v 0.487112 0.712133 -0.240062
v 0.460040 0.751449 -0.151375
v 0.387067 0.801551 -0.103325
v 0.296065 0.843301 -0.114266
v 0.221795 0.860751 -0.180019
v 0.192624 0.847237 -0.275468
v 0.219696 0.807920 -0.364155
v 0.454419 0.951676 -0.461294
v 0.353862 0.952753 -0.466879
v 0.532483 0.950376 -0.397667
v 0.558237 0.949349 -0.300304
v 0.521844 0.948986 -0.206392
v 0.437204 0.949428 -0.151804
v 0.336648 0.950504 -0.157389
v 0.258583 0.951805 -0.221015
v 0.232829 0.952832 -0.318379
v 0.269222 0.953194 -0.412290
v 0.461943 1.069404 -0.451339
v 0.361441 1.072953 -0.456895
v 0.539954 1.065721 -0.387741
v 0.565678 1.063312 -0.290393
v 0.529287 1.063096 -0.196480
v 0.444684 1.065156 -0.141872
v 0.344183 1.068706 -0.147428
v 0.266172 1.072388 -0.211026
v 0.240448 1.074798 -0.308374
v 0.276838 1.075013 -0.402287
v -0.040202 1.516751 -0.001093
v -0.032034 1.507261 -0.056288
v -0.005604 1.506667 -0.044734
v -0.060702 1.507764 -0.053076
v -0.083926 1.508043 -0.035958
v -0.095483 1.508021 -0.009522
v -0.092276 1.507707 0.019149
v -0.075165 1.507182 0.042372
v -0.048734 1.506588 0.053927
v -0.020066 1.506085 0.050715
v 0.003157 1.505807 0.033597
v 0.014714 1.505828 0.007161
v 0.011507 1.506142 -0.021510
v -0.025216 1.479264 -0.105000
v 0.024457 1.478148 -0.083286
v -0.079094 1.480210 -0.098964
v -0.122741 1.480734 -0.066794
v -0.144460 1.480694 -0.017110
v -0.138434 1.480102 0.036774
v -0.106275 1.479116 0.080420
v -0.056602 1.478001 0.102135
v -0.002724 1.477054 0.096098
v 0.040922 1.476531 0.063928
v 0.062642 1.476570 0.014245
v 0.056615 1.477162 -0.039639
v -0.020571 1.436136 -0.141355
v 0.046353 1.434633 -0.112099
v -0.093161 1.437411 -0.133222
v -0.151965 1.438117 -0.089880
v -0.181228 1.438063 -0.022941
v -0.173108 1.437266 0.049656
v -0.129781 1.435938 0.108461
v -0.062857 1.434434 0.137717
v 0.009733 1.433160 0.129584
v 0.068537 1.432454 0.086242
v 0.097800 1.432508 0.019304
v 0.089680 1.433305 -0.053294
v -0.018658 1.383081 -0.160967
v 0.057445 1.381372 -0.127699
v -0.101204 1.384531 -0.151719
v -0.168074 1.385332 -0.102432
v -0.201350 1.385272 -0.026313
v -0.192117 1.384365 0.056243
v -0.142847 1.382855 0.123113
v -0.066744 1.381146 0.156382
v 0.015802 1.379696 0.147133
v 0.082672 1.378894 0.097846
v 0.115948 1.378954 0.021727
v 0.106715 1.379861 -0.060828
v -0.019708 1.326496 -0.161471
v 0.056395 1.324787 -0.128203
v -0.102254 1.327946 -0.152223
v -0.169124 1.328748 -0.102936
v -0.202401 1.328687 -0.026817
v -0.193167 1.327780 0.055739
v -0.143898 1.326270 0.122609
v -0.067794 1.324560 0.155877
v 0.014752 1.323111 0.146629
v 0.081622 1.322309 0.097342
v 0.114898 1.322369 0.021223
v 0.105664 1.323276 -0.061332
v -0.023595 1.273207 -0.142806
v 0.043329 1.271703 -0.113551
v -0.096185 1.274482 -0.134674
v -0.154989 1.275187 -0.091331
v -0.184252 1.275134 -0.024393
v -0.176132 1.274336 0.048205
v -0.132806 1.273008 0.107010
v -0.065881 1.271505 0.136265
v 0.006708 1.270230 0.128132
v 0.065513 1.269525 0.084790
v 0.094776 1.269578 0.017852
v 0.086656 1.270375 -0.054746
v -0.029850 1.229641 -0.107224
v 0.019823 1.228525 -0.085510
v -0.083728 1.230587 -0.101188
v -0.127374 1.231111 -0.069018
v -0.149094 1.231071 -0.019335
v -0.143067 1.230479 0.034549
v -0.110909 1.229493 0.078196
v -0.061236 1.228378 0.099910
v -0.007358 1.227432 0.093874
v 0.036288 1.226908 0.061704
v 0.058008 1.226947 0.012021
v 0.051981 1.227540 -0.041863
v -0.037718 1.201053 -0.059016
v -0.011288 1.200459 -0.047462
v -0.066386 1.201556 -0.055804
v -0.089610 1.201835 -0.038687
v -0.101166 1.201814 -0.012251
v -0.097960 1.201499 0.016420
v -0.080849 1.200974 0.039644
v -0.054418 1.200381 0.051198
v -0.025750 1.199877 0.047986
v -0.002527 1.199598 0.030869
v 0.009030 1.199620 0.004433
v 0.005823 1.199934 -0.024238
v -0.046250 1.190891 -0.003996
v 0.400965 1.260357 -0.299194
v 0.389946 1.251351 -0.354002
v 0.418752 1.251154 -0.352160
v 0.364076 1.251325 -0.341195
v 0.348075 1.251086 -0.317170
v 0.346231 1.250696 -0.288366
v 0.359036 1.250261 -0.262500
v 0.383061 1.249896 -0.246502
v 0.411868 1.249700 -0.244660
v 0.437737 1.249726 -0.257467
v 0.453738 1.249965 -0.281491
v 0.455583 1.250355 -0.310296
v 0.442777 1.250790 -0.336162
v 0.380139 1.223767 -0.402472
v 0.434278 1.223399 -0.399010
v 0.331520 1.223719 -0.378403
v 0.301449 1.223269 -0.333252
v 0.297982 1.222537 -0.279117
v 0.322049 1.221719 -0.230504
v 0.367201 1.221034 -0.200439
v 0.421340 1.220665 -0.196977
v 0.469959 1.220713 -0.221046
v 0.500030 1.221163 -0.266197
v 0.503497 1.221895 -0.320332
v 0.479430 1.222713 -0.368945
v 0.372728 1.180933 -0.438759
v 0.445669 1.180437 -0.434095
v 0.307224 1.180869 -0.406331
v 0.266709 1.180262 -0.345499
v 0.262038 1.179276 -0.272564
v 0.294464 1.178173 -0.207068
v 0.355297 1.177250 -0.166560
v 0.428238 1.176754 -0.161896
v 0.493742 1.176818 -0.194324
v 0.534257 1.177425 -0.255156
v 0.538928 1.178411 -0.328092
v 0.506502 1.179513 -0.393588
v 0.368607 1.128015 -0.458486
v 0.451552 1.127451 -0.453182
v 0.294119 1.127943 -0.421610
v 0.248046 1.127253 -0.352435
v 0.242735 1.126131 -0.269496
v 0.279608 1.124877 -0.195016
v 0.348785 1.123827 -0.148953
v 0.431730 1.123263 -0.143649
v 0.506218 1.123336 -0.180525
v 0.552291 1.124026 -0.249700
v 0.557602 1.125148 -0.332640
v 0.520729 1.126401 -0.407119
v 0.368272 1.071396 -0.459274
v 0.451217 1.070832 -0.453970
v 0.293784 1.071324 -0.422397
v 0.247711 1.070634 -0.353222
v 0.242400 1.069512 -0.270283
v 0.279273 1.068259 -0.195803
v 0.348450 1.067209 -0.149740
v 0.431395 1.066645 -0.144437
v 0.505884 1.066717 -0.181313
v 0.551956 1.067407 -0.250488
v 0.557267 1.068529 -0.333427
v 0.520394 1.069782 -0.407906
v 0.371764 1.017905 -0.441026
v 0.444705 1.017410 -0.436362
v 0.306260 1.017841 -0.408598
v 0.265745 1.017235 -0.347766
v 0.261074 1.016248 -0.274831
v 0.293500 1.015146 -0.209335
v 0.354333 1.014223 -0.168828
v 0.427274 1.013727 -0.164163
v 0.492778 1.013791 -0.196592
v 0.533293 1.014397 -0.257423
v 0.537964 1.015384 -0.330359
v 0.505539 1.016486 -0.395855
v 0.378663 0.973994 -0.405946
v 0.432801 0.973626 -0.402484
v 0.330044 0.973947 -0.381877
v 0.299972 0.973497 -0.336726
v 0.296505 0.972765 -0.282591
v 0.320572 0.971946 -0.233978
v 0.365725 0.971261 -0.203912
v 0.419863 0.970893 -0.200450
v 0.468482 0.970940 -0.224520
v 0.498554 0.971391 -0.269670
v 0.502020 0.972123 -0.323805
v 0.477953 0.972941 -0.372418
v 0.388134 0.944959 -0.358262
v 0.416941 0.944764 -0.356421
v 0.362265 0.944934 -0.345456
v 0.346264 0.944695 -0.321431
v 0.344419 0.944305 -0.292627
v 0.357225 0.943870 -0.266760
v 0.381250 0.943505 -0.250763
v 0.410057 0.943309 -0.248921
v 0.435926 0.943334 -0.261728
v 0.451927 0.943574 -0.285752
v 0.453772 0.943963 -0.314557
v 0.440966 0.944399 -0.340423
v 0.399037 0.934303 -0.303728
v 0.162934 1.348090 0.048714
v 0.100972 1.346778 0.029617
v 0.101471 1.343863 0.027909
v 0.100254 1.348415 0.032527
v 0.099509 1.348335 0.035859
v 0.098938 1.346560 0.038720
v 0.098692 1.343566 0.040343
v 0.098839 1.340155 0.040295
v 0.099338 1.337240 0.038586
v 0.100056 1.335603 0.035677
v 0.100800 1.335683 0.032345
v 0.101371 1.337458 0.029484
v 0.101617 1.340452 0.027860
v -0.045193 0.998600 0.205780
v -0.056944 1.003104 0.142162
v -0.053636 1.003634 0.141501
v -0.059546 1.000960 0.142699
v -0.060746 0.997773 0.142968
v -0.060220 0.994400 0.142898
v -0.058111 0.991743 0.142507
v -0.054983 0.990514 0.141899
v -0.051675 0.991043 0.141239
v -0.049072 0.993188 0.140702
v -0.047873 0.996374 0.140433
v -0.048399 0.999748 0.140503
v -0.050508 1.002405 0.140894
v -0.033042 0.704963 0.198197
v -0.046471 0.708034 0.134825
v -0.043423 0.709424 0.134159
v -0.048418 0.705271 0.135313
v -0.048744 0.701876 0.135492
v -0.047361 0.698759 0.135314
v -0.044639 0.696755 0.134828
v -0.041308 0.696400 0.134163
v -0.038261 0.697790 0.133497
v -0.036314 0.700553 0.133009
v -0.035988 0.703947 0.132830
v -0.037371 0.707064 0.133008
v -0.040093 0.709069 0.133494
v 0.088715 0.896365 0.150880
v 0.045231 0.903607 0.103316
v 0.047657 0.903289 0.100934
v 0.042971 0.902184 0.105444
v 0.041482 0.899400 0.106747
v 0.041163 0.896003 0.106877
v 0.042100 0.892901 0.105797
v 0.044042 0.890927 0.103799
v 0.046468 0.890609 0.101416
v 0.048728 0.892032 0.099288
v 0.050216 0.894816 0.097985
v 0.050535 0.898213 0.097856
v 0.049598 0.901315 0.098935
v 0.123590 0.487793 0.088807
v 0.067178 0.489391 0.056856
v 0.067431 0.492766 0.056404
v 0.067896 0.486210 0.055843
v 0.069394 0.484075 0.053637
v 0.071268 0.483559 0.050830
v 0.073019 0.484800 0.048173
v 0.074175 0.487465 0.046379
v 0.074429 0.490841 0.045927
v 0.073710 0.494022 0.046941
v 0.072213 0.496156 0.049146
v 0.070338 0.496672 0.051953
v 0.068588 0.495431 0.054610
v 0.152449 1.288169 0.081687
v 0.090297 1.287252 0.063194
v 0.090749 1.284309 0.061522
v 0.089624 1.288936 0.066087
v 0.088911 1.288911 0.069427
v 0.088348 1.287182 0.072317
v 0.088087 1.284213 0.073985
v 0.088197 1.280800 0.073982
v 0.088649 1.277857 0.072311
v 0.089321 1.276173 0.069417
v 0.090035 1.276198 0.066078
v 0.090598 1.277927 0.063187
v 0.090859 1.280895 0.061519
v 0.104995 1.179137 0.151507
v 0.065106 1.187823 0.101117
v 0.067724 1.187769 0.098925
v 0.062754 1.186165 0.102956
v 0.061298 1.183240 0.103949
v 0.061129 1.179831 0.103831
v 0.062292 1.176852 0.102632
v 0.064475 1.175102 0.100675
v 0.067094 1.175048 0.098483
v 0.069445 1.176706 0.096645
v 0.070901 1.179631 0.095651
v 0.071070 1.183040 0.095770
v 0.069907 1.186019 0.096968
v 0.216716 0.793453 0.014668
v 0.180466 0.759708 -0.027200
v 0.183164 0.759147 -0.029217
v 0.178547 0.758830 -0.024515
v 0.177922 0.756749 -0.021881
v 0.178757 0.754022 -0.020003
v 0.180831 0.751380 -0.019385
v 0.183586 0.749530 -0.020192
v 0.186284 0.748969 -0.022208
v 0.188203 0.749847 -0.024893
v 0.188828 0.751928 -0.027528
v 0.187992 0.754655 -0.029406
v 0.185919 0.757297 -0.030024
v 0.076019 1.307478 0.157723
v 0.038563 1.319136 0.106082
v 0.041278 1.319156 0.104011
v 0.036112 1.317420 0.107729
v 0.034582 1.314469 0.108509
v 0.034382 1.311073 0.108215
v 0.035567 1.308141 0.106924
v 0.037818 1.306460 0.104982
v 0.040533 1.306481 0.102911
v 0.042984 1.308197 0.101264
v 0.044514 1.311148 0.100484
v 0.044713 1.314544 0.100778
v 0.043529 1.317475 0.102069
v 0.370615 0.703130 -0.041804
v 0.336706 0.714892 -0.095818
v 0.338999 0.713227 -0.097723
v 0.333926 0.714860 -0.093835
v 0.331405 0.713138 -0.092305
v 0.329817 0.710189 -0.091638
v 0.329589 0.706802 -0.092012
v 0.330782 0.703886 -0.093328
v 0.333076 0.702220 -0.095233
v 0.335856 0.702253 -0.097216
v 0.338377 0.703974 -0.098746
v 0.339964 0.706923 -0.099414
v 0.340192 0.710310 -0.099039
v -0.170537 1.227815 -0.167194
v -0.135794 1.241237 -0.114104
v -0.138541 1.240870 -0.112109
v -0.133132 1.239872 -0.115751
v -0.131268 1.237142 -0.116608
v -0.130702 1.233778 -0.116447
v -0.131585 1.230682 -0.115309
v -0.133682 1.228683 -0.113501
v -0.136429 1.228316 -0.111506
v -0.139091 1.229681 -0.109859
v -0.140955 1.232411 -0.109002
v -0.141521 1.235775 -0.109164
v -0.140638 1.238871 -0.110301
v 0.368583 1.001793 -0.093656
v 0.373747 1.004151 -0.158259
v 0.377122 1.004630 -0.158057
v 0.371058 1.002048 -0.158345
v 0.369776 0.998883 -0.158294
v 0.370245 0.995505 -0.158118
v 0.372338 0.992818 -0.157865
v 0.375495 0.991544 -0.157603
v 0.378871 0.992022 -0.157401
v 0.381559 0.994126 -0.157314
v 0.382841 0.997291 -0.157366
v 0.382373 1.000669 -0.157542
v 0.380279 1.003355 -0.157795
v -0.135785 0.617566 0.348921
v -0.185207 0.579274 0.331691
v -0.184536 0.579755 0.328377
v -0.184649 0.577587 0.334607
v -0.183011 0.575146 0.336344
v -0.180732 0.572604 0.336437
v -0.178423 0.570643 0.334861
v -0.176702 0.569788 0.332037
v -0.176031 0.570269 0.328723
v -0.176590 0.571956 0.325808
v -0.178228 0.574398 0.324070
v -0.180507 0.576939 0.323977
v -0.182816 0.578900 0.325554
v -0.415495 0.674949 0.626034
v -0.401520 0.692513 0.565190
v -0.398218 0.692905 0.565971
v -0.404115 0.690511 0.564234
v -0.405309 0.687434 0.563357
v -0.404782 0.684107 0.562796
v -0.402675 0.681422 0.562700
v -0.399552 0.680097 0.563095
v -0.396250 0.680488 0.563875
v -0.393655 0.682491 0.564832
v -0.392461 0.685568 0.565708
v -0.392988 0.688895 0.566270
v -0.395095 0.691580 0.566366
v -0.074887 1.124604 -0.220751
v -0.051938 1.132257 -0.160581
v -0.055045 1.133049 -0.159405
v -0.049594 1.129911 -0.161397
v -0.048641 1.126641 -0.161634
v -0.049333 1.123322 -0.161228
v -0.051486 1.120843 -0.160289
v -0.054523 1.119869 -0.159068
v -0.057630 1.120661 -0.157892
v -0.059974 1.123007 -0.157076
v -0.060927 1.126277 -0.156839
v -0.060235 1.129596 -0.157244
v -0.058081 1.132075 -0.158184
v -0.240140 1.041237 -0.089911
v -0.178990 1.040462 -0.068328
v -0.179999 1.039376 -0.065251
v -0.178078 1.039787 -0.071549
v -0.177508 1.037535 -0.074051
v -0.177432 1.034308 -0.075165
v -0.177872 1.030970 -0.074591
v -0.178708 1.028416 -0.072483
v -0.179717 1.027331 -0.069406
v -0.180629 1.028006 -0.066185
v -0.181199 1.030258 -0.063683
v -0.181275 1.033485 -0.062569
v -0.180836 1.036823 -0.063143
v -0.157811 0.912646 -0.185599
v -0.118301 0.915488 -0.134252
v -0.120948 0.915859 -0.132127
v -0.116190 0.913471 -0.136022
v -0.115181 0.910347 -0.136964
v -0.115545 0.906954 -0.136825
v -0.117185 0.904202 -0.135642
v -0.119660 0.902827 -0.133733
v -0.122308 0.903198 -0.131609
v -0.124418 0.905216 -0.129838
v -0.125427 0.908339 -0.128896
v -0.125063 0.911732 -0.129035
v -0.123424 0.914484 -0.130218
v -0.247130 0.808659 -0.086751
v -0.188190 0.805347 -0.059903
v -0.189498 0.804195 -0.056966
v -0.187013 0.804749 -0.063052
v -0.186284 0.802562 -0.065571
v -0.186197 0.799371 -0.066785
v -0.186777 0.796031 -0.066367
v -0.187867 0.793438 -0.064431
v -0.189175 0.792286 -0.061494
v -0.190352 0.792884 -0.058344
v -0.191081 0.795072 -0.055826
v -0.191168 0.798263 -0.054612
v -0.190588 0.801602 -0.055030
v 0.064489 0.676654 -0.330625
v 0.100719 0.679448 -0.276910
v 0.098050 0.680511 -0.275063
v 0.102555 0.676907 -0.278263
v 0.103067 0.673567 -0.278759
v 0.102119 0.670324 -0.278264
v 0.099962 0.668047 -0.276913
v 0.097177 0.667346 -0.275066
v 0.094509 0.668408 -0.273218
v 0.092672 0.670949 -0.271865
v 0.092160 0.674289 -0.271370
v 0.093109 0.677532 -0.271864
v 0.095265 0.679810 -0.273216
v 0.236600 0.646931 -0.389055
v 0.247827 0.689261 -0.341224
v 0.244592 0.690353 -0.341315
v 0.250171 0.687051 -0.340094
v 0.250997 0.684312 -0.338228
v 0.250084 0.681780 -0.336127
v 0.247675 0.680133 -0.334352
v 0.244417 0.679813 -0.333380
v 0.241183 0.680904 -0.333471
v 0.238838 0.683115 -0.334601
v 0.238012 0.685854 -0.336467
v 0.238925 0.688385 -0.338568
v 0.241334 0.690032 -0.340343
v 0.380601 0.817049 -0.494555
v 0.375102 0.845454 -0.436515
v 0.371703 0.845592 -0.436810
v 0.377927 0.843747 -0.435641
v 0.379422 0.840929 -0.434420
v 0.379186 0.837756 -0.433180
v 0.377280 0.835077 -0.432254
v 0.374218 0.833611 -0.431890
v 0.370819 0.833749 -0.432184
v 0.367993 0.835456 -0.433059
v 0.366499 0.838274 -0.434280
v 0.366735 0.841447 -0.435520
v 0.368641 0.844126 -0.436446
v -0.084388 0.575422 -0.219905
v -0.072662 0.574287 -0.156133
v -0.075995 0.574531 -0.155429
v -0.069928 0.572381 -0.156877
v -0.068526 0.569323 -0.157462
v -0.068830 0.565932 -0.157731
v -0.070761 0.563117 -0.157613
v -0.073799 0.561633 -0.157138
v -0.077132 0.561877 -0.156434
v -0.079866 0.563783 -0.155690
v -0.081268 0.566842 -0.155105
v -0.080964 0.570232 -0.154835
v -0.079033 0.573047 -0.154954
v -0.255556 0.576950 -0.107429
v -0.199339 0.570173 -0.075815
v -0.200885 0.568546 -0.073240
v -0.197854 0.570105 -0.078889
v -0.196827 0.568360 -0.081640
v -0.196534 0.565408 -0.083329
v -0.197052 0.562036 -0.083505
v -0.198244 0.559152 -0.082120
v -0.199790 0.557525 -0.079546
v -0.201275 0.557593 -0.076472
v -0.202302 0.559337 -0.073721
v -0.202595 0.562290 -0.072032
v -0.202076 0.565661 -0.071856
v 0.013569 0.811295 -0.247323
v 0.045755 0.779074 -0.201154
v 0.042902 0.778682 -0.199318
v 0.047843 0.778011 -0.203638
v 0.048607 0.775778 -0.206106
v 0.047842 0.772973 -0.207896
v 0.045752 0.770347 -0.208529
v 0.042899 0.768604 -0.207835
v 0.040045 0.768211 -0.206000
v 0.037957 0.769274 -0.203516
v 0.037193 0.771508 -0.201048
v 0.037959 0.774313 -0.199258
v 0.040048 0.776939 -0.198625
v 0.165110 0.885921 -0.358565
v 0.223061 0.870881 -0.333642
v 0.221696 0.870372 -0.330553
v 0.223866 0.869714 -0.336748
v 0.223895 0.867184 -0.339041
v 0.223141 0.863967 -0.339905
v 0.221805 0.860927 -0.339109
v 0.220245 0.858878 -0.336867
v 0.218880 0.858368 -0.333778
v 0.218075 0.859535 -0.330672
v 0.218046 0.862066 -0.328379
v 0.218801 0.865282 -0.327514
v 0.220137 0.868322 -0.328310
v 0.300688 1.012424 -0.486282
v 0.332618 1.010993 -0.429854
v 0.329739 1.011579 -0.428112
v 0.334770 1.008812 -0.431362
v 0.335620 1.005621 -0.432232
v 0.334940 1.002275 -0.432231
v 0.332911 0.999670 -0.431360
v 0.330078 0.998504 -0.429851
v 0.327200 0.999089 -0.428110
v 0.325047 1.001270 -0.426602
v 0.324197 1.004461 -0.425732
v 0.324877 1.007807 -0.425732
v 0.326906 1.010413 -0.426604
v 0.187150 0.667206 0.085747
v 0.155322 0.673947 0.029646
v 0.158255 0.674107 0.027903
v 0.152829 0.672103 0.031075
v 0.151442 0.669069 0.031808
v 0.151533 0.665659 0.031647
v 0.153078 0.662787 0.030637
v 0.155663 0.661221 0.029047
v 0.158596 0.661381 0.027305
v 0.161089 0.663225 0.025875
v 0.162476 0.666259 0.025143
v 0.162385 0.669669 0.025303
v 0.160840 0.672542 0.026314
v 0.171913 0.881190 -0.080314
v 0.154818 0.822987 -0.103246
v 0.157501 0.822936 -0.105358
v 0.153468 0.822397 -0.100165
v 0.153812 0.821325 -0.096941
v 0.155758 0.820057 -0.094438
v 0.158786 0.818934 -0.093326
v 0.162082 0.818256 -0.093903
v 0.164765 0.818205 -0.096015
v 0.166116 0.818795 -0.099096
v 0.165771 0.819867 -0.102320
v 0.163825 0.821135 -0.104823
v 0.160798 0.822258 -0.105935
v 0.144595 1.073657 0.077111
v 0.087585 1.080360 0.046932
v 0.088921 1.079271 0.043984
v 0.086140 1.079686 0.049951
v 0.084972 1.077429 0.052233
v 0.084394 1.074196 0.053166
v 0.084562 1.070850 0.052499
v 0.085430 1.068291 0.050412
v 0.086766 1.067202 0.047464
v 0.088211 1.067876 0.044445
v 0.089380 1.070133 0.042163
v 0.089957 1.073366 0.041230
v 0.089789 1.076712 0.041897
v 0.503429 1.020745 -0.138932
v 0.481116 1.027148 -0.199486
v 0.484038 1.025948 -0.200781
v 0.478009 1.026591 -0.198182
v 0.475551 1.024425 -0.197218
v 0.474401 1.021230 -0.196852
v 0.474866 1.017864 -0.197184
v 0.476822 1.015227 -0.198123
v 0.479745 1.014026 -0.199418
v 0.482851 1.014583 -0.200723
v 0.485309 1.016749 -0.201686
v 0.486459 1.019944 -0.202052
v 0.485994 1.023311 -0.201720
v -0.206453 0.972393 0.125388
v -0.161920 0.977104 0.078480
v -0.159399 0.977304 0.080775
v -0.164035 0.975226 0.076566
v -0.165177 0.972174 0.075546
v -0.165041 0.968765 0.075693
v -0.163662 0.965912 0.076968
v -0.161411 0.964381 0.079030
v -0.158890 0.964581 0.081325
v -0.156776 0.966459 0.083239
v -0.155634 0.969512 0.084259
v -0.155770 0.972920 0.084112
v -0.157148 0.975773 0.082836
v -0.127279 1.314875 0.178317
v -0.101018 1.329415 0.120831
v -0.097921 1.329745 0.122233
v -0.103447 1.327449 0.119455
v -0.104557 1.324373 0.118472
v -0.104052 1.321012 0.118146
v -0.102066 1.318265 0.118565
v -0.099132 1.316870 0.119616
v -0.096036 1.317200 0.121018
v -0.093607 1.319166 0.122395
v -0.092496 1.322242 0.123378
v -0.093001 1.325604 0.123703
v -0.094987 1.328350 0.123284
v 0.322439 0.554244 -0.074531
v 0.279564 0.597047 -0.097668
v 0.279316 0.598574 -0.094624
v 0.281138 0.596689 -0.100677
v 0.283617 0.597594 -0.102845
v 0.286336 0.599520 -0.103589
v 0.288568 0.601952 -0.102712
v 0.289713 0.604238 -0.100448
v 0.289465 0.605764 -0.097403
v 0.287890 0.606123 -0.094394
v 0.285411 0.605218 -0.092227
v 0.282692 0.603291 -0.091482
v 0.280461 0.600859 -0.092359
v -0.238316 1.363374 -0.091948
v -0.177668 1.358984 -0.069403
v -0.178788 1.357940 -0.066350
v -0.176744 1.358278 -0.072614
v -0.176263 1.356012 -0.075122
v -0.176353 1.352792 -0.076257
v -0.176990 1.349481 -0.075712
v -0.178005 1.346967 -0.073635
v -0.179124 1.345923 -0.070583
v -0.180048 1.346630 -0.067372
v -0.180530 1.348896 -0.064864
v -0.180440 1.352116 -0.063729
v -0.179802 1.355426 -0.064274
v 0.555034 0.782286 -0.227328
v 0.495139 0.803601 -0.240131
v 0.494563 0.800976 -0.242237
v 0.495154 0.804916 -0.236979
v 0.494604 0.804568 -0.233627
v 0.493637 0.802651 -0.230972
v 0.492510 0.799677 -0.229726
v 0.491527 0.796445 -0.230222
v 0.490951 0.793819 -0.232329
v 0.490936 0.792505 -0.235480
v 0.491486 0.792853 -0.238833
v 0.492453 0.794770 -0.241488
v 0.493580 0.797743 -0.242734
v 0.480215 0.822963 -0.117893
v 0.444402 0.821778 -0.171947
v 0.446341 0.819303 -0.173279
v 0.441780 0.822749 -0.169986
v 0.439178 0.821955 -0.167922
v 0.437292 0.819609 -0.166309
v 0.436628 0.816340 -0.165578
v 0.437365 0.813024 -0.165925
v 0.439303 0.810548 -0.167258
v 0.441925 0.809578 -0.169219
v 0.444528 0.810372 -0.171282
v 0.446413 0.812717 -0.172896
v 0.447077 0.815986 -0.173627
v -0.033245 1.336371 -0.194841
v -0.036488 1.341714 -0.130291
v -0.039893 1.341950 -0.130396
v -0.033657 1.339807 -0.130196
v -0.032159 1.336738 -0.130136
v -0.032395 1.333331 -0.130128
v -0.034302 1.330499 -0.130173
v -0.037369 1.329000 -0.130260
v -0.040774 1.329235 -0.130365
v -0.043605 1.331143 -0.130460
v -0.045103 1.334211 -0.130520
v -0.044867 1.337618 -0.130528
v -0.042960 1.340450 -0.130483
v -0.499199 0.601540 0.321244
v -0.450516 0.594925 0.363575
v -0.452146 0.592392 0.365185
v -0.448461 0.595995 0.361067
v -0.446532 0.595317 0.358331
v -0.445246 0.593073 0.356102
v -0.444947 0.589863 0.354976
v -0.445716 0.586547 0.355256
v -0.447346 0.584014 0.356865
v -0.449400 0.582944 0.359374
v -0.451329 0.583622 0.362109
v -0.452616 0.585866 0.364338
v -0.452914 0.589077 0.365464
v -0.450846 0.775444 0.300072
v -0.430859 0.773824 0.361745
v -0.434052 0.774248 0.362881
v -0.428353 0.771771 0.360665
v -0.427205 0.768641 0.359928
v -0.427722 0.765271 0.359733
v -0.429766 0.762565 0.360132
v -0.432790 0.761247 0.361018
v -0.435982 0.761672 0.362153
v -0.438488 0.763725 0.363234
v -0.439637 0.766855 0.363971
v -0.439119 0.770225 0.364166
v -0.437075 0.772931 0.363766
v -0.326629 0.621956 0.176938
v -0.296032 0.581280 0.217125
v -0.299001 0.580022 0.218250
v -0.293488 0.581268 0.214847
v -0.292051 0.579989 0.212025
v -0.292106 0.577786 0.209417
v -0.293638 0.575249 0.207720
v -0.296236 0.573058 0.207390
v -0.299205 0.571800 0.208514
v -0.301749 0.571812 0.210793
v -0.303186 0.573091 0.213614
v -0.303131 0.575294 0.216223
v -0.301599 0.577831 0.217920
v -0.323575 0.514027 0.059586
v -0.274922 0.491295 0.095942
v -0.277043 0.489223 0.097637
v -0.272902 0.491907 0.093258
v -0.271524 0.490894 0.090302
v -0.271157 0.488528 0.087867
v -0.271900 0.485443 0.086605
v -0.273553 0.482465 0.086855
v -0.275674 0.480393 0.088549
v -0.277693 0.479782 0.091234
v -0.279071 0.480794 0.094190
v -0.279438 0.483160 0.096625
v -0.278696 0.486245 0.097886
v -0.247471 0.143827 -0.095830
v -0.187830 0.162951 -0.079007
v -0.188921 0.166135 -0.078431
v -0.187333 0.159752 -0.077918
v -0.187564 0.157397 -0.075456
v -0.188461 0.156515 -0.072281
v -0.189782 0.157344 -0.069243
v -0.191175 0.159662 -0.067157
v -0.192266 0.162846 -0.066581
v -0.192762 0.166044 -0.067670
v -0.192532 0.168400 -0.070132
v -0.191635 0.169281 -0.073307
v -0.190314 0.168452 -0.076345
v -0.161430 0.357672 -0.203845
v -0.129569 0.355273 -0.147410
v -0.131777 0.357445 -0.145973
v -0.128692 0.352088 -0.148275
v -0.129381 0.348744 -0.148337
v -0.131451 0.346136 -0.147578
v -0.134349 0.344964 -0.146202
v -0.137297 0.345542 -0.144578
v -0.139506 0.347714 -0.143141
v -0.140383 0.350899 -0.142276
v -0.139694 0.354243 -0.142215
v -0.137623 0.356851 -0.142973
v -0.134725 0.358022 -0.144349
v 0.010138 0.406016 -0.215567
v -0.002320 0.409702 -0.152030
v -0.005379 0.411101 -0.152624
v -0.000350 0.406934 -0.151691
v 0.000005 0.403537 -0.151699
v -0.001351 0.400423 -0.152050
v -0.004055 0.398425 -0.152651
v -0.007381 0.398079 -0.153341
v -0.010440 0.399478 -0.153935
v -0.012410 0.402246 -0.154273
v -0.012765 0.405643 -0.154266
v -0.011409 0.408757 -0.153915
v -0.008705 0.410755 -0.153314
v -0.192659 0.243077 0.064826
v -0.193312 0.246006 0.063197
v -0.244753 0.257456 0.100992
v -0.192985 0.249398 0.062965
v -0.191766 0.252342 0.064192
v -0.189982 0.254051 0.066550
v -0.188111 0.254066 0.069406
v -0.186653 0.252384 0.071996
v -0.186001 0.249455 0.073626
v -0.186328 0.246063 0.073858
v -0.187546 0.243119 0.072630
v -0.189330 0.241410 0.070273
v -0.191202 0.241395 0.067417
v -0.093167 0.476440 0.369639
v -0.148255 0.480878 0.335708
v -0.146545 0.481742 0.332881
v -0.149495 0.478478 0.337797
v -0.149932 0.475185 0.338589
v -0.149450 0.471882 0.337872
v -0.148176 0.469453 0.335837
v -0.146454 0.468549 0.333030
v -0.144743 0.469412 0.330203
v -0.143504 0.471812 0.328114
v -0.143066 0.475105 0.327322
v -0.143549 0.478409 0.328039
v -0.144822 0.480838 0.330074
v -0.282801 0.834440 0.609828
v -0.328178 0.838671 0.563690
v -0.325800 0.838758 0.561239
v -0.330192 0.836889 0.565794
v -0.331303 0.833888 0.566989
v -0.331214 0.830475 0.566954
v -0.329948 0.827562 0.565700
v -0.327845 0.825931 0.563560
v -0.325467 0.826017 0.561110
v -0.323453 0.827800 0.559006
v -0.322342 0.830800 0.557811
v -0.322431 0.834213 0.557845
v -0.323697 0.837126 0.559101
v -0.206908 0.925375 0.539767
v -0.267816 0.931869 0.518466
v -0.266726 0.932608 0.515315
v -0.268673 0.929562 0.520833
v -0.269067 0.926306 0.521784
v -0.268892 0.922973 0.521062
v -0.268196 0.920456 0.518862
v -0.267165 0.919429 0.515772
v -0.266075 0.920168 0.512621
v -0.265218 0.922476 0.510254
v -0.264824 0.925732 0.509304
v -0.264999 0.929065 0.510025
v -0.265695 0.931582 0.512226
v -0.027115 0.242405 0.201773
v -0.046700 0.246605 0.140093
v -0.044785 0.249387 0.139584
v -0.047014 0.243206 0.140176
v -0.045643 0.240099 0.139811
v -0.042955 0.238118 0.139096
v -0.039670 0.237794 0.138223
v -0.036667 0.239212 0.137426
v -0.034752 0.241994 0.136918
v -0.034438 0.245393 0.136835
v -0.035809 0.248499 0.137200
v -0.038497 0.250480 0.137914
v -0.041783 0.250805 0.138787
v -0.208970 0.592997 0.515919
v -0.259580 0.583048 0.476609
v -0.257623 0.583468 0.473842
v -0.260833 0.581035 0.479067
v -0.261045 0.577971 0.480558
v -0.260160 0.574675 0.480683
v -0.258415 0.572031 0.479408
v -0.256278 0.570747 0.477074
v -0.254320 0.571168 0.474307
v -0.253068 0.573180 0.471849
v -0.252856 0.576245 0.470358
v -0.253741 0.579541 0.470233
v -0.255486 0.582185 0.471508
vn -0.8876 0.0808 -0.4535
vn -0.7699 -0.5203 -0.3695
vn -0.3572 -0.9228 -0.1446
vn 0.1916 -0.9722 0.1348
vn 0.6673 -0.6506 0.3625
vn 0.8882 -0.0810 0.4523
vn 0.7700 0.5202 0.3694
vn 0.3572 0.9228 0.1446
vn -0.1916 0.9720 -0.1359
vn -0.6665 0.6505 -0.3642
vn -0.4617 0.0667 0.8845
vn 0.4093 0.0126 -0.9123
vn -0.1074 0.9606 -0.2565
vn 0.3395 0.9336 0.1149
vn 0.7130 0.5778 0.3972
vn 0.8203 -0.0320 0.5710
vn 0.5487 -0.6219 0.5587
vn 0.0610 -0.9320 0.3574
vn -0.4313 -0.9015 0.0364
vn -0.7709 -0.5510 -0.3194
vn -0.8190 0.0310 -0.5729
vn -0.5477 0.6210 -0.5607
vn -0.3222 0.6472 0.6908
vn 0.1126 0.6687 -0.7349
vn 0.5787 0.7524 -0.3147
vn 0.8296 0.5326 0.1678
vn 0.8023 0.1018 0.5882
vn 0.4402 -0.3620 0.8217
vn -0.1187 -0.6486 0.7518
vn -0.6248 -0.6686 0.4033
vn -0.8867 -0.4517 -0.0980
vn -0.8127 -0.0827 -0.5768
vn -0.4303 0.3323 -0.8393
vn -0.1110 0.8765 0.4683
vn 0.1822 0.0088 -0.9832
vn 0.7036 0.0076 -0.7106
vn 0.9882 0.0053 -0.1533
vn 0.8741 -0.0317 0.4848
vn 0.4124 -0.0798 0.9075
vn -0.1789 -0.1005 0.9787
vn -0.7060 -0.0776 0.7040
vn -0.9884 -0.0203 0.1505
vn -0.8739 0.0305 -0.4851
vn -0.4074 0.0325 -0.9127
vn -0.0130 0.9951 -0.0984
vn 0.1828 0.0127 -0.9831
vn 0.7272 -0.0423 -0.6852
vn 0.9895 -0.0813 -0.1196
vn 0.8695 -0.0876 0.4860
vn 0.4240 -0.0602 0.9037
vn -0.1833 -0.0109 0.9830
vn -0.7272 0.0428 0.6851
vn -0.9897 0.0796 0.1193
vn -0.8695 0.0868 -0.4862
vn -0.4238 0.0617 -0.9036
vn -0.0075 0.9944 -0.1051
vn -0.1163 0.9511 -0.2861
vn -0.1926 0.9532 -0.2330
vn -0.2322 0.9611 -0.1493
vn -0.2246 0.9728 -0.0574
vn -0.1718 0.9850 0.0181
vn -0.0879 0.9945 0.0570
vn 0.0046 0.9988 0.0487
vn 0.0809 0.9967 -0.0043
vn 0.1206 0.9888 -0.0880
vn 0.1130 0.9772 -0.1799
vn 0.0601 0.9650 -0.2554
vn -0.0238 0.9554 -0.2943
vn -0.2215 0.7826 -0.5818
vn -0.4394 0.7886 -0.4302
vn -0.5527 0.8112 -0.1910
vn -0.5309 0.8444 0.0716
vn -0.3799 0.8793 0.2872
vn -0.1402 0.9065 0.3982
vn 0.1241 0.9188 0.3747
vn 0.3420 0.9128 0.2231
vn 0.4553 0.8902 -0.0160
vn 0.4335 0.8570 -0.2786
vn 0.2825 0.8221 -0.4943
vn 0.0428 0.7949 -0.6053
vn -0.2974 0.5209 -0.8001
vn -0.6274 0.5300 -0.5705
vn -0.7989 0.5642 -0.2084
vn -0.7659 0.6145 0.1892
vn -0.5373 0.6673 0.5158
vn -0.1742 0.7086 0.6838
vn 0.2259 0.7272 0.6482
vn 0.5559 0.7181 0.4186
vn 0.7274 0.6839 0.0565
vn 0.6944 0.6336 -0.3411
vn 0.4658 0.5807 -0.6677
vn 0.1028 0.5395 -0.8357
vn -0.3365 0.2035 -0.9194
vn -0.7373 0.2145 -0.6406
vn -0.9456 0.2561 -0.2009
vn -0.9055 0.3171 0.2820
vn -0.6278 0.3813 0.6785
vn -0.1870 0.4314 0.8826
vn 0.2989 0.4539 0.8394
vn 0.6997 0.4429 0.5606
vn 0.9079 0.4014 0.1209
vn 0.8678 0.3403 -0.3620
vn 0.5902 0.2761 -0.7586
vn 0.1494 0.2261 -0.9626
vn -0.3368 -0.1327 -0.9322
vn -0.7616 -0.1211 -0.6366
vn -0.9823 -0.0770 -0.1705
vn -0.9399 -0.0123 0.3413
vn -0.6456 0.0557 0.7617
vn -0.1783 0.1088 0.9779
vn 0.3368 0.1327 0.9322
vn 0.7616 0.1211 0.6366
vn 0.9823 0.0770 0.1705
vn 0.9399 0.0123 -0.3413
vn 0.6456 -0.0557 -0.7617
vn 0.1783 -0.1088 -0.9779
vn -0.2989 -0.4539 -0.8394
vn -0.6997 -0.4429 -0.5606
vn -0.9079 -0.4014 -0.1209
vn -0.8678 -0.3403 0.3620
vn -0.5902 -0.2761 0.7586
vn -0.1494 -0.2261 0.9626
vn 0.3365 -0.2035 0.9194
vn 0.7373 -0.2145 0.6406
vn 0.9456 -0.2561 0.2009
vn 0.9055 -0.3171 -0.2820
vn 0.6279 -0.3813 -0.6785
vn 0.1870 -0.4314 -0.8826
vn -0.2259 -0.7272 -0.6482
vn -0.5559 -0.7181 -0.4186
vn -0.7274 -0.6839 -0.0565
vn -0.6944 -0.6336 0.3411
vn -0.4658 -0.5807 0.6677
vn -0.1028 -0.5395 0.8357
vn 0.2974 -0.5209 0.8001
vn 0.6274 -0.5300 0.5705
vn 0.7989 -0.5642 0.2084
vn 0.7659 -0.6145 -0.1892
vn 0.5373 -0.6673 -0.5158
vn 0.1742 -0.7086 -0.6838
vn -0.1241 -0.9188 -0.3747
vn -0.3420 -0.9128 -0.2231
vn -0.4553 -0.8902 0.0160
vn -0.4335 -0.8570 0.2786
vn -0.2825 -0.8221 0.4943
vn -0.0428 -0.7949 0.6053
vn 0.2215 -0.7826 0.5818
vn 0.4394 -0.7886 0.4302
vn 0.5527 -0.8112 0.1910
vn 0.5309 -0.8444 -0.0716
vn 0.3799 -0.8793 -0.2872
vn 0.1402 -0.9065 -0.3982
vn -0.0046 -0.9988 -0.0487
vn -0.0809 -0.9967 0.0043
vn -0.1206 -0.9888 0.0880
vn -0.1129 -0.9772 0.1799
vn -0.0601 -0.9650 0.2554
vn 0.0238 -0.9554 0.2943
vn 0.1163 -0.9511 0.2861
vn 0.1926 -0.9532 0.2330
vn 0.2322 -0.9611 0.1493
vn 0.2246 -0.9728 0.0574
vn 0.1718 -0.9850 -0.0181
vn 0.0879 -0.9945 -0.0570
vn -0.9161 0.0206 -0.4005
vn -0.9936 0.0175 0.1113
vn -0.8049 0.0097 0.5933
vn -0.4006 -0.0007 0.9163
vn 0.1111 -0.0109 0.9937
vn 0.5931 -0.0182 0.8049
vn 0.9161 -0.0206 0.4005
vn 0.9936 -0.0175 -0.1113
vn 0.8049 -0.0097 -0.5933
vn 0.4006 0.0007 -0.9163
vn -0.1111 0.0109 -0.9937
vn -0.5931 0.0182 -0.8049
vn 0.0186 0.9998 0.0089
vn -0.0186 -0.9998 -0.0089
vn -0.3739 0.6317 -0.6791
vn -0.0747 0.9646 -0.2530
vn 0.2535 0.9290 0.2695
vn 0.4848 0.5388 0.6890
vn 0.5304 -0.0572 0.8458
vn 0.3732 -0.6314 0.6797
vn 0.0740 -0.9645 0.2534
vn -0.2529 -0.9290 -0.2701
vn -0.4833 -0.5387 -0.6901
vn -0.5297 0.0572 -0.8463
vn 0.8719 -0.0430 -0.4879
vn -0.8285 0.0359 0.5588
vn -0.1334 -0.5233 -0.8416
vn 0.2676 -0.8174 -0.5101
vn 0.5495 -0.8336 -0.0552
vn 0.6810 -0.5813 0.4454
vn 0.5461 -0.0411 0.8367
vn 0.1201 0.5148 0.8489
vn -0.4053 0.7066 0.5801
vn -0.7413 0.6469 0.1789
vn -0.7491 0.5288 -0.3990
vn -0.5490 0.0391 -0.8349
vn 0.4284 0.8673 -0.2537
vn 0.0241 -0.2643 -0.9642
vn 0.5790 -0.3565 -0.7333
vn 0.9128 -0.3316 -0.2385
vn 0.9154 -0.1851 0.3576
vn 0.5593 0.0663 0.8263
vn -0.0052 0.3396 0.9406
vn -0.5250 0.4978 0.6904
vn -0.8727 0.4357 0.2204
vn -0.9125 0.1961 -0.3590
vn -0.5596 -0.0675 -0.8260
vn 0.0103 0.9999 0.0078
vn 0.0569 0.0797 -0.9952
vn 0.6321 0.0254 -0.7744
vn 0.9658 -0.0407 -0.2562
vn 0.9286 -0.0919 0.3595
vn 0.5379 -0.1071 0.8362
vn -0.0569 -0.0809 0.9951
vn -0.6321 -0.0246 0.7745
vn -0.9658 0.0396 0.2562
vn -0.9289 0.0875 -0.3597
vn -0.5381 0.1028 -0.8366
vn 0.0344 0.9993 0.0156
vn 0.0902 0.9837 -0.1558
vn -0.0017 0.9855 -0.1697
vn -0.0882 0.9868 -0.1358
vn -0.1463 0.9872 -0.0631
vn -0.1602 0.9867 0.0287
vn -0.1263 0.9853 0.1153
vn -0.0537 0.9834 0.1733
vn 0.0382 0.9816 0.1872
vn 0.1248 0.9803 0.1533
vn 0.1828 0.9798 0.0807
vn 0.1967 0.9804 -0.0112
vn 0.1628 0.9818 -0.0978
vn 0.2214 0.8585 -0.4624
vn -0.0411 0.8638 -0.5022
vn -0.2883 0.8675 -0.4053
vn -0.4541 0.8687 -0.1978
vn -0.4939 0.8671 0.0648
vn -0.3970 0.8631 0.3120
vn -0.1896 0.8578 0.4777
vn 0.0730 0.8526 0.5175
vn 0.3202 0.8488 0.4206
vn 0.4859 0.8476 0.2131
vn 0.5257 0.8492 -0.0495
vn 0.4289 0.8532 -0.2967
vn 0.3229 0.6301 -0.7062
vn -0.0747 0.6380 -0.7664
vn -0.4491 0.6437 -0.6197
vn -0.7000 0.6455 -0.3055
vn -0.7602 0.6431 0.0921
vn -0.6136 0.6370 0.4665
vn -0.2995 0.6290 0.7174
vn 0.0980 0.6210 0.7776
vn 0.4724 0.6154 0.6309
vn 0.7234 0.6135 0.3167
vn 0.7836 0.6160 -0.0809
vn 0.6370 0.6220 -0.4553
vn 0.3840 0.3323 -0.8615
vn -0.0987 0.3419 -0.9345
vn -0.5533 0.3488 -0.7564
vn -0.8581 0.3510 -0.3748
vn -0.9312 0.3481 0.1080
vn -0.7532 0.3407 0.5627
vn -0.3717 0.3309 0.8674
vn 0.1110 0.3213 0.9404
vn 0.5657 0.3144 0.7623
vn 0.8704 0.3122 0.3807
vn 0.9435 0.3151 -0.1021
vn 0.7655 0.3225 -0.5567
vn 0.3717 -0.3309 -0.8674
vn -0.1110 -0.3213 -0.9404
vn -0.5657 -0.3144 -0.7623
vn -0.8704 -0.3122 -0.3807
vn -0.9435 -0.3151 0.1021
vn -0.7655 -0.3225 0.5567
vn -0.3840 -0.3323 0.8615
vn 0.0987 -0.3419 0.9345
vn 0.5533 -0.3488 0.7564
vn 0.8581 -0.3510 0.3748
vn 0.9312 -0.3481 -0.1080
vn 0.7532 -0.3407 -0.5627
vn 0.2995 -0.6290 -0.7174
vn -0.0980 -0.6210 -0.7776
vn -0.4724 -0.6154 -0.6309
vn -0.7234 -0.6135 -0.3167
vn -0.7836 -0.6160 0.0809
vn -0.6370 -0.6220 0.4553
vn -0.3229 -0.6301 0.7062
vn 0.0747 -0.6380 0.7664
vn 0.4491 -0.6437 0.6197
vn 0.7000 -0.6455 0.3055
vn 0.7602 -0.6431 -0.0921
vn 0.6136 -0.6370 -0.4665
vn 0.1896 -0.8578 -0.4777
vn -0.0730 -0.8526 -0.5175
vn -0.3202 -0.8488 -0.4206
vn -0.4859 -0.8476 -0.2131
vn -0.5257 -0.8492 0.0495
vn -0.4289 -0.8532 0.2967
vn -0.2214 -0.8585 0.4624
vn 0.0411 -0.8638 0.5022
vn 0.2883 -0.8675 0.4053
vn 0.4541 -0.8687 0.1978
vn 0.4939 -0.8671 -0.0648
vn 0.3970 -0.8631 -0.3120
vn 0.0537 -0.9834 -0.1733
vn -0.0382 -0.9816 -0.1872
vn -0.1248 -0.9803 -0.1533
vn -0.1828 -0.9798 -0.0807
vn -0.1967 -0.9804 0.0112
vn -0.1628 -0.9818 0.0978
vn -0.0902 -0.9837 0.1558
vn 0.0017 -0.9855 0.1697
vn 0.0882 -0.9868 0.1358
vn 0.1463 -0.9872 0.0631
vn 0.1602 -0.9867 -0.0287
vn 0.1263 -0.9853 -0.1153
vn 0.0173 0.9861 -0.1655
vn -0.0739 0.9863 -0.1472
vn -0.1436 0.9859 -0.0858
vn -0.1734 0.9849 0.0022
vn -0.1551 0.9835 0.0934
vn -0.0937 0.9821 0.1631
vn -0.0057 0.9812 0.1929
vn 0.0855 0.9809 0.1746
vn 0.1553 0.9814 0.1132
vn 0.1850 0.9824 0.0251
vn 0.1668 0.9838 -0.0660
vn 0.1054 0.9851 -0.1358
vn 0.0379 0.8652 -0.5000
vn -0.2225 0.8660 -0.4478
vn -0.4219 0.8647 -0.2724
vn -0.5069 0.8617 -0.0208
vn -0.4547 0.8578 0.2396
vn -0.2793 0.8540 0.4389
vn -0.0277 0.8513 0.5239
vn 0.2327 0.8505 0.4717
vn 0.4321 0.8518 0.2963
vn 0.5171 0.8548 0.0447
vn 0.4649 0.8587 -0.2157
vn 0.2895 0.8625 -0.4151
vn 0.0534 0.6401 -0.7665
vn -0.3409 0.6413 -0.6874
vn -0.6429 0.6394 -0.4218
vn -0.7715 0.6349 -0.0408
vn -0.6925 0.6289 0.3534
vn -0.4269 0.6231 0.6553
vn -0.0459 0.6191 0.7840
vn 0.3484 0.6179 0.7049
vn 0.6503 0.6198 0.4393
vn 0.7790 0.6243 0.0583
vn 0.6999 0.6303 -0.3359
vn 0.4344 0.6360 -0.6378
vn 0.0622 0.3444 -0.9368
vn -0.4166 0.3459 -0.8407
vn -0.7832 0.3435 -0.5182
vn -0.9395 0.3380 -0.0556
vn -0.8435 0.3308 0.4232
vn -0.5210 0.3238 0.7898
vn -0.0583 0.3189 0.9460
vn 0.4205 0.3174 0.8500
vn 0.7871 0.3197 0.5274
vn 0.9434 0.3252 0.0648
vn 0.8474 0.3325 -0.4139
vn 0.5249 0.3395 -0.7805
vn 0.0639 0.0135 -0.9979
vn -0.4436 0.0151 -0.8961
vn -0.8323 0.0126 -0.5542
vn -0.9979 0.0068 -0.0638
vn -0.8962 -0.0009 0.4437
vn -0.5543 -0.0083 0.8323
vn -0.0639 -0.0135 0.9979
vn 0.4436 -0.0151 0.8961
vn 0.8323 -0.0126 0.5542
vn 0.9979 -0.0068 0.0638
vn 0.8962 0.0009 -0.4437
vn 0.5543 0.0083 -0.8323
vn 0.0583 -0.3189 -0.9460
vn -0.4205 -0.3174 -0.8500
vn -0.7871 -0.3197 -0.5274
vn -0.9434 -0.3252 -0.0648
vn -0.8474 -0.3325 0.4139
vn -0.5249 -0.3395 0.7805
vn -0.0622 -0.3444 0.9368
vn 0.4166 -0.3459 0.8408
vn 0.7832 -0.3435 0.5182
vn 0.9395 -0.3380 0.0556
vn 0.8435 -0.3308 -0.4232
vn 0.5210 -0.3238 -0.7898
vn 0.0459 -0.6191 -0.7840
vn -0.3484 -0.6179 -0.7049
vn -0.6503 -0.6198 -0.4393
vn -0.7790 -0.6243 -0.0583
vn -0.6999 -0.6303 0.3359
vn -0.4344 -0.6360 0.6378
vn -0.0534 -0.6401 0.7665
vn 0.3409 -0.6413 0.6874
vn 0.6429 -0.6394 0.4218
vn 0.7715 -0.6349 0.0408
vn 0.6925 -0.6289 -0.3534
vn 0.4269 -0.6231 -0.6553
vn 0.0277 -0.8513 -0.5239
vn -0.2327 -0.8505 -0.4717
vn -0.4321 -0.8518 -0.2963
vn -0.5171 -0.8548 -0.0447
vn -0.4649 -0.8587 0.2157
vn -0.2895 -0.8625 0.4151
vn -0.0379 -0.8652 0.5000
vn 0.2225 -0.8660 0.4478
vn 0.4219 -0.8647 0.2724
vn 0.5069 -0.8617 0.0208
vn 0.4547 -0.8578 -0.2396
vn 0.2793 -0.8540 -0.4389
vn 0.0057 -0.9812 -0.1929
vn -0.0855 -0.9809 -0.1746
vn -0.1553 -0.9814 -0.1132
vn -0.1850 -0.9824 -0.0251
vn -0.1667 -0.9838 0.0660
vn -0.1054 -0.9851 0.1358
vn -0.0173 -0.9861 0.1655
vn 0.0739 -0.9863 0.1472
vn 0.1436 -0.9859 0.0858
vn 0.1734 -0.9849 -0.0022
vn 0.1551 -0.9835 -0.0934
vn 0.0937 -0.9821 -0.1631
vn 0.2413 0.5212 -0.8186
vn 0.1241 0.8776 -0.4631
vn -0.0009 0.9997 0.0238
vn -0.1001 0.8543 0.5100
vn -0.1465 0.4808 0.8645
vn -0.1278 -0.0196 0.9916
vn -0.0494 -0.5114 0.8579
vn 0.0672 -0.8624 0.5017
vn 0.1909 -0.9814 0.0192
vn 0.2892 -0.8383 -0.4622
vn 0.3361 -0.4701 -0.8161
vn 0.3188 0.0272 -0.9474
vn -0.9750 -0.0387 -0.2188
vn -0.1386 0.9857 0.0954
vn -0.6064 0.7774 0.1671
vn -0.9067 0.3599 0.2198
vn -0.9586 -0.1543 0.2394
vn -0.7479 -0.6261 0.2205
vn -0.3319 -0.9282 0.1683
vn 0.1760 -0.9796 0.0970
vn 0.6391 -0.7687 0.0258
vn 0.9349 -0.3541 -0.0263
vn 0.9869 0.1546 -0.0457
vn 0.7810 0.6240 -0.0274
vn 0.3696 0.9289 0.0242
vn -0.1943 -0.0098 -0.9809
vn -0.3887 0.9126 0.1266
vn -0.7851 0.5879 0.1949
vn -0.9659 0.1052 0.2367
vn -0.8820 -0.4051 0.2408
vn -0.5562 -0.8051 0.2061
vn -0.0767 -0.9869 0.1419
vn 0.4259 -0.9024 0.0657
vn 0.8172 -0.5764 -0.0020
vn 0.9943 -0.0977 -0.0433
vn 0.9120 0.4073 -0.0474
vn 0.5914 0.8063 -0.0133
vn 0.1157 0.9920 0.0503
vn -0.1991 -0.0326 -0.9794
vn 0.1462 0.9891 0.0169
vn -0.2366 0.9048 0.3540
vn -0.5381 0.5759 0.6155
vn -0.6767 0.0913 0.7305
vn -0.6152 -0.4184 0.6682
vn -0.3703 -0.8151 0.4455
vn -0.0092 -0.9923 0.1233
vn 0.3707 -0.9044 -0.2114
vn 0.6682 -0.5772 -0.4694
vn 0.8060 -0.0979 -0.5838
vn 0.7475 0.4082 -0.5240
vn 0.5066 0.8066 -0.3046
vn -0.6976 0.0382 -0.7154
vn -0.4839 0.1515 0.8619
vn -0.4671 -0.3623 0.8066
vn -0.3027 -0.7792 0.5488
vn -0.0349 -0.9868 0.1581
vn 0.2639 -0.9289 -0.2600
vn 0.5128 -0.6213 -0.5924
vn 0.6448 -0.1487 -0.7498
vn 0.6255 0.3615 -0.6914
vn 0.4616 0.7731 -0.4350
vn 0.1969 0.9792 -0.0485
vn -0.0995 0.9250 0.3666
vn -0.3489 0.6229 0.7002
vn -0.8325 -0.0116 -0.5539
vn 0.2389 0.5071 -0.8281
vn 0.1289 0.8697 -0.4764
vn 0.0098 0.9999 0.0099
vn -0.0862 0.8623 0.4989
vn -0.1332 0.4943 0.8590
vn -0.1185 -0.0046 0.9929
vn -0.0466 -0.4988 0.8655
vn 0.0630 -0.8560 0.5131
vn 0.1808 -0.9830 0.0310
vn 0.2759 -0.8477 -0.4531
vn 0.3234 -0.4849 -0.8126
vn 0.3100 0.0107 -0.9507
vn -0.9774 -0.0314 -0.2090
vn 0.0981 0.9908 0.0931
vn -0.3056 0.8679 0.3916
vn -0.6112 0.5097 0.6055
vn -0.7357 0.0130 0.6771
vn -0.6457 -0.4883 0.5870
vn -0.3658 -0.8583 0.3598
vn 0.0275 -0.9980 0.0573
vn 0.4280 -0.8717 -0.2387
vn 0.7293 -0.5156 -0.4497
vn 0.8532 -0.0242 -0.5210
vn 0.7666 0.4737 -0.4334
vn 0.4909 0.8458 -0.2091
vn -0.6401 0.0584 -0.7661
vn -0.2012 0.8404 -0.5032
vn -0.5761 0.8037 -0.1490
vn -0.7819 0.5660 0.2615
vn -0.7629 0.1914 0.6175
vn -0.5243 -0.2189 0.8229
vn -0.1309 -0.5539 0.8222
vn 0.3103 -0.7235 0.6167
vn 0.6808 -0.6837 0.2630
vn 0.8829 -0.4470 -0.1436
vn 0.8648 -0.0766 -0.4962
vn 0.6307 0.3306 -0.7021
vn 0.2409 0.6667 -0.7053
vn -0.5618 -0.5791 -0.5908
vn 0.1043 0.9837 0.1464
vn -0.3140 0.8515 0.4200
vn -0.6327 0.4872 0.6019
vn -0.7657 -0.0108 0.6432
vn -0.6770 -0.5080 0.5325
vn -0.3909 -0.8702 0.3000
vn 0.0143 -0.9999 0.0089
vn 0.4291 -0.8644 -0.2621
vn 0.7435 -0.5023 -0.4415
vn 0.8758 -0.0097 -0.4826
vn 0.7906 0.4845 -0.3745
vn 0.5089 0.8486 -0.1447
vn -0.6038 0.1041 -0.7903
vn 0.5075 0.8513 -0.1332
vn 0.0976 0.9834 0.1529
vn -0.3241 0.8478 0.4197
vn -0.6437 0.4811 0.5951
vn -0.7749 -0.0177 0.6319
vn -0.6824 -0.5138 0.5200
vn -0.3924 -0.8727 0.2906
vn 0.0159 -0.9999 0.0058
vn 0.4331 -0.8636 -0.2580
vn 0.7498 -0.5012 -0.4319
vn 0.8826 -0.0074 -0.4701
vn 0.7947 0.4879 -0.3612
vn -0.5770 0.1281 -0.8067
vn -0.2089 0.9718 -0.1090
vn 0.2278 0.8981 -0.3762
vn 0.5888 0.5791 -0.5639
vn 0.7768 0.1009 -0.6216
vn 0.7410 -0.4075 -0.5338
vn 0.4913 -0.8084 -0.3242
vn 0.0963 -0.9941 -0.0500
vn -0.3371 -0.9167 0.2147
vn -0.6936 -0.5992 0.3999
vn -0.8802 -0.1262 0.4574
vn -0.8476 0.3785 0.3719
vn -0.6024 0.7810 0.1648
vn 0.5703 0.1349 0.8103
vn -0.1418 0.9896 0.0248
vn -0.6157 0.7877 -0.0205
vn -0.9265 0.3746 -0.0340
vn -0.9904 -0.1379 -0.0121
vn -0.7900 -0.6118 0.0393
vn -0.3797 -0.9190 0.1062
vn 0.1282 -0.9770 0.1704
vn 0.5976 -0.7725 0.2149
vn 0.9038 -0.3623 0.2279
vn 0.9677 0.1449 0.2063
vn 0.7720 0.6163 0.1558
vn 0.3665 0.9261 0.0894
vn 0.0656 -0.0428 -0.9969
vn -0.6105 0.7919 -0.0088
vn -0.6366 0.6084 0.4739
vn -0.4725 0.2781 0.8363
vn -0.1625 -0.1098 0.9806
vn 0.2098 -0.4506 0.8677
vn 0.5434 -0.6522 0.5286
vn 0.7485 -0.6608 0.0558
vn 0.7713 -0.4757 -0.4230
vn 0.6074 -0.1479 -0.7805
vn 0.3010 0.2360 -0.9240
vn -0.0680 0.5753 -0.8151
vn -0.4019 0.7793 -0.4808
vn -0.7184 -0.6529 -0.2402
vn -0.1694 0.9566 0.2372
vn -0.6272 0.7748 0.0796
vn -0.9223 0.3792 -0.0744
vn -0.9753 -0.1236 -0.1831
vn -0.7717 -0.5977 -0.2173
vn -0.3669 -0.9150 -0.1678
vn 0.1288 -0.9905 -0.0484
vn 0.5820 -0.8060 0.1084
vn 0.8727 -0.4128 0.2606
vn 0.9258 0.0845 0.3684
vn 0.7268 0.5559 0.4034
vn 0.3264 0.8757 0.3557
vn 0.2038 0.1943 -0.9595
vn 0.1746 0.9662 -0.1895
vn 0.6102 0.7227 -0.3247
vn 0.8729 0.2833 -0.3973
vn 0.8917 -0.2334 -0.3878
vn 0.6615 -0.6878 -0.2988
vn 0.2448 -0.9572 -0.1543
vn -0.2447 -0.9696 0.0063
vn -0.6757 -0.7238 0.1401
vn -0.9341 -0.2877 0.2116
vn -0.9534 0.2236 0.2024
vn -0.7279 0.6760 0.1148
vn -0.3156 0.9485 -0.0285
vn 0.3623 0.0382 0.9313
vn -0.0950 0.9482 0.3032
vn 0.0771 0.9800 -0.1833
vn 0.2036 0.7503 -0.6290
vn 0.2503 0.3210 -0.9134
vn 0.2045 -0.1920 -0.9599
vn 0.0788 -0.6499 -0.7559
vn -0.0924 -0.9292 -0.3580
vn -0.2629 -0.9566 0.1258
vn -0.3875 -0.7273 0.5664
vn -0.4340 -0.3029 0.8485
vn -0.3898 0.2057 0.8976
vn -0.2660 0.6640 0.6988
vn 0.9551 -0.0764 0.2864
vn 0.0588 0.9932 -0.1002
vn 0.4459 0.8067 -0.3878
vn 0.6974 0.4037 -0.5922
vn 0.7452 -0.1069 -0.6582
vn 0.5765 -0.5873 -0.5681
vn 0.2371 -0.9077 -0.3462
vn -0.1803 -0.9822 -0.0533
vn -0.5635 -0.7929 0.2318
vn -0.8112 -0.3926 0.4335
vn -0.8591 0.1126 0.4992
vn -0.6943 0.5904 0.4115
vn -0.3589 0.9133 0.1925
vn 0.6225 -0.0348 0.7819
vn -0.0958 0.9404 0.3262
vn 0.1198 0.9826 -0.1418
vn 0.2792 0.7636 -0.5822
vn 0.3393 0.3424 -0.8762
vn 0.2839 -0.1673 -0.9442
vn 0.1281 -0.6274 -0.7681
vn -0.0854 -0.9140 -0.3967
vn -0.2990 -0.9518 0.0691
vn -0.4561 -0.7331 0.5046
vn -0.5159 -0.3166 0.7960
vn -0.4625 0.1885 0.8663
vn -0.3090 0.6490 0.6952
vn 0.9233 -0.1143 0.3666
vn 0.2345 0.9497 -0.2075
vn 0.6005 0.6679 -0.4398
vn 0.7909 0.2068 -0.5760
vn 0.7542 -0.3090 -0.5794
vn 0.5004 -0.7402 -0.4491
vn 0.0982 -0.9705 -0.2204
vn -0.3427 -0.9384 0.0444
vn -0.7043 -0.6548 0.2742
vn -0.8913 -0.1973 0.4083
vn -0.8557 0.3131 0.4121
vn -0.6063 0.7427 0.2842
vn -0.2077 0.9765 0.0577
vn 0.5588 -0.0373 0.8285
vn 0.2533 0.6942 -0.6738
vn 0.6948 0.4498 -0.5612
vn 0.9455 0.0685 -0.3182
vn 0.9378 -0.3470 -0.0104
vn 0.6736 -0.6844 0.2790
vn 0.2247 -0.8525 0.4719
vn -0.2867 -0.8067 0.5167
vn -0.7233 -0.5611 0.4026
vn -0.9698 -0.1827 0.1613
vn -0.9630 0.2285 -0.1432
vn -0.7038 0.5646 -0.4312
vn -0.2591 0.7357 -0.6258
vn 0.1769 0.5901 0.7877
vn 0.0742 0.8985 -0.4327
vn 0.5605 0.7636 -0.3206
vn 0.8987 0.4133 -0.1465
vn 0.9974 -0.0578 0.0425
vn 0.8299 -0.5226 0.1955
vn 0.4418 -0.8552 0.2710
vn -0.0610 -0.9665 0.2492
vn -0.5430 -0.8286 0.1367
vn -0.8763 -0.4804 -0.0358
vn -0.9747 -0.0144 -0.2230
vn -0.8116 0.4474 -0.3756
vn -0.4284 0.7821 -0.4526
vn -0.0655 0.3673 0.9278
vn 0.0738 0.9973 0.0042
vn 0.5538 0.8281 -0.0871
vn 0.8804 0.4383 -0.1808
vn 0.9655 -0.0668 -0.2518
vn 0.7860 -0.5509 -0.2807
vn 0.3907 -0.8831 -0.2599
vn -0.1124 -0.9743 -0.1951
vn -0.5879 -0.8023 -0.1040
vn -0.9097 -0.4150 -0.0111
vn -0.9947 0.0847 0.0591
vn -0.8197 0.5660 0.0883
vn -0.4293 0.9006 0.0683
vn 0.1990 -0.0954 0.9753
vn -0.1534 0.8744 0.4603
vn 0.1040 0.9942 0.0282
vn 0.3105 0.8509 -0.4237
vn 0.4103 0.4833 -0.7734
vn 0.3764 -0.0096 -0.9264
vn 0.2182 -0.4941 -0.8416
vn -0.0209 -0.8395 -0.5430
vn -0.2763 -0.9545 -0.1123
vn -0.4801 -0.8108 0.3349
vn -0.5793 -0.4474 0.6814
vn -0.5474 0.0406 0.8359
vn -0.3920 0.5246 0.7557
vn 0.8876 -0.1591 0.4323
vn 0.1852 0.8618 0.4723
vn 0.5841 0.7978 0.1496
vn 0.8133 0.5338 -0.2314
vn 0.8110 0.1411 -0.5678
vn 0.5777 -0.2743 -0.7688
vn 0.1768 -0.6001 -0.7801
vn -0.2825 -0.7487 -0.5996
vn -0.6769 -0.6819 -0.2772
vn -0.9023 -0.4193 0.1002
vn -0.9007 -0.0309 0.4333
vn -0.6719 0.3817 0.6347
vn -0.2749 0.7088 0.6496
vn 0.5017 -0.5585 0.6606
vn 0.1524 0.9621 0.2261
vn 0.3429 0.9052 -0.2512
vn 0.4180 0.6126 -0.6708
vn 0.3574 0.1632 -0.9196
vn 0.1775 -0.3214 -0.9301
vn -0.0730 -0.7104 -0.7000
vn -0.3259 -0.8990 -0.2925
vn -0.5136 -0.8385 0.1820
vn -0.5869 -0.5473 0.5967
vn -0.5273 -0.1029 0.8434
vn -0.3502 0.3782 0.8569
vn -0.1016 0.7685 0.6318
vn 0.8896 -0.3010 0.3435
vn 0.1606 0.9848 -0.0659
vn 0.5663 0.7672 -0.3010
vn 0.8074 0.3455 -0.4783
vn 0.8185 -0.1665 -0.5499
vn 0.5966 -0.6306 -0.4965
vn 0.2021 -0.9212 -0.3325
vn -0.2577 -0.9607 -0.1028
vn -0.6590 -0.7407 0.1305
vn -0.8961 -0.3220 0.3056
vn -0.9078 0.1846 0.3767
vn -0.6904 0.6463 0.3251
vn -0.2998 0.9399 0.1634
vn 0.4998 -0.1014 0.8602
vn 0.0123 0.9936 0.1124
vn -0.4244 0.8386 0.3415
vn -0.7343 0.4570 0.5019
vn -0.8336 -0.0482 0.5502
vn -0.6955 -0.5406 0.4733
vn -0.3575 -0.8870 0.2922
vn 0.0878 -0.9946 0.0562
vn 0.5206 -0.8365 -0.1710
vn 0.8262 -0.4572 -0.3292
vn 0.9251 0.0425 -0.3773
vn 0.7910 0.5319 -0.3024
vn 0.4575 0.8806 -0.1235
vn -0.5118 0.0267 -0.8587
vn -0.5499 0.4410 -0.7093
vn -0.8723 0.3783 -0.3099
vn -0.9542 0.2382 0.1811
vn -0.7735 0.0586 0.6311
vn -0.3790 -0.1121 0.9186
vn 0.1224 -0.2277 0.9660
vn 0.5946 -0.2574 0.7617
vn 0.9116 -0.1938 0.3624
vn 0.9908 -0.0547 -0.1240
vn 0.8127 0.1230 -0.5695
vn 0.4235 0.2928 -0.8573
vn -0.0751 0.4095 -0.9092
vn -0.2405 -0.9284 -0.2831
vn 0.2377 0.9413 -0.2399
vn -0.0005 0.9760 0.2177
vn -0.2151 0.7472 0.6288
vn -0.3481 0.3167 0.8823
vn -0.3637 -0.1995 0.9099
vn -0.2577 -0.6616 0.7042
vn -0.0596 -0.9449 0.3220
vn 0.1771 -0.9752 -0.1331
vn 0.3890 -0.7468 -0.5393
vn 0.5210 -0.3212 -0.7908
vn 0.5381 0.1906 -0.8210
vn 0.4348 0.6530 -0.6201
vn -0.9047 0.0392 -0.4243
vn 0.3658 0.9300 -0.0365
vn -0.1149 0.9825 0.1463
vn -0.5554 0.7700 0.3142
vn -0.8364 0.3495 0.4221
vn -0.8823 -0.1653 0.4408
vn -0.6808 -0.6350 0.3652
vn -0.2875 -0.9330 0.2162
vn 0.1905 -0.9811 0.0344
vn 0.6258 -0.7687 -0.1318
vn 0.9046 -0.3531 -0.2387
vn 0.9532 0.1572 -0.2583
vn 0.7568 0.6270 -0.1845
vn -0.3924 0.0363 -0.9191
vn -0.0912 0.9957 0.0134
vn -0.4392 0.8343 -0.3332
vn -0.6875 0.4482 -0.5713
vn -0.7690 -0.0583 -0.6366
vn -0.6617 -0.5484 -0.5113
vn -0.3947 -0.8896 -0.2297
vn -0.0410 -0.9905 0.1313
vn 0.3040 -0.8260 0.4746
vn 0.5489 -0.4424 0.7092
vn 0.6300 0.0586 0.7744
vn 0.5257 0.5458 0.6525
vn 0.2621 0.8895 0.3744
vn 0.6735 -0.0050 -0.7392
vn -0.1777 0.9703 0.1643
vn -0.6019 0.7952 -0.0738
vn -0.8754 0.4019 -0.2686
vn -0.9243 -0.1033 -0.3673
vn -0.7354 -0.5841 -0.3435
vn -0.3599 -0.9105 -0.2035
vn 0.0995 -0.9949 0.0139
vn 0.5196 -0.8170 0.2502
vn 0.7890 -0.4263 0.4424
vn 0.8381 0.0736 0.5405
vn 0.6534 0.5516 0.5185
vn 0.2821 0.8804 0.3811
vn 0.3949 0.1472 -0.9069
vn -0.7482 -0.6155 0.2477
vn -0.6202 -0.7484 -0.2353
vn -0.3092 -0.6985 -0.6454
vn 0.1007 -0.4792 -0.8719
vn 0.4990 -0.1499 -0.8535
vn 0.7779 0.2004 -0.5956
vn 0.8625 0.4770 -0.1690
vn 0.7319 0.6064 0.3108
vn 0.4229 0.5557 0.7158
vn 0.0174 0.3391 0.9406
vn -0.3784 0.0132 0.9256
vn -0.6591 -0.3363 0.6727
vn -0.6005 0.6941 -0.3970
vn -0.0458 0.9502 0.3082
vn 0.1357 0.9751 -0.1753
vn 0.2562 0.7411 -0.6206
vn 0.2829 0.3116 -0.9071
vn 0.2088 -0.1977 -0.9578
vn 0.0540 -0.6488 -0.7590
vn -0.1393 -0.9202 -0.3658
vn -0.3189 -0.9408 0.1151
vn -0.4374 -0.7074 0.5551
vn -0.4642 -0.2827 0.8394
vn -0.3920 0.2223 0.8927
vn -0.2391 0.6739 0.6991
vn 0.9444 -0.1324 0.3010
vn 0.3546 0.5365 -0.7658
vn 0.3800 0.8530 -0.3577
vn 0.3281 0.9325 0.1506
vn 0.2130 0.7536 0.6219
vn 0.0657 0.3644 0.9289
vn -0.0739 -0.1295 0.9888
vn -0.1683 -0.5941 0.7866
vn -0.1925 -0.9053 0.3786
vn -0.1407 -0.9821 -0.1250
vn -0.0269 -0.8058 -0.5916
vn 0.1192 -0.4218 -0.8988
vn 0.2589 0.0693 -0.9634
vn -0.9440 0.3060 -0.1231
vn 0.5972 0.6889 -0.4108
vn 0.2268 0.9588 -0.1713
vn -0.1892 0.9725 0.1356
vn -0.5384 0.7265 0.4270
vn -0.7266 0.2871 0.6242
vn -0.7030 -0.2267 0.6741
vn -0.4752 -0.6756 0.5637
vn -0.1057 -0.9401 0.3240
vn 0.3061 -0.9518 0.0198
vn 0.6520 -0.7090 -0.2686
vn 0.8412 -0.2749 -0.4657
vn 0.8218 0.2366 -0.5183
vn -0.6105 -0.0528 -0.7903
vn 0.0712 0.9943 -0.0787
vn 0.5593 0.8280 -0.0404
vn 0.8986 0.4384 -0.0176
vn 0.9975 -0.0691 -0.0163
vn 0.8292 -0.5577 -0.0371
vn 0.4397 -0.8951 -0.0741
vn -0.0650 -0.9910 -0.1173
vn -0.5485 -0.8217 -0.1550
vn -0.8830 -0.4346 -0.1774
vn -0.9816 0.0675 -0.1787
vn -0.8179 0.5532 -0.1585
vn -0.4331 0.8930 -0.1220
vn -0.0305 0.0046 0.9995
vn -0.4361 0.6657 0.6056
vn -0.1300 0.9459 0.2973
vn 0.1908 0.9758 -0.1073
vn 0.4395 0.7471 -0.4987
vn 0.5489 0.3216 -0.7715
vn 0.4898 -0.1854 -0.8519
vn 0.2789 -0.6365 -0.7191
vn -0.0262 -0.9115 -0.4104
vn -0.3434 -0.9391 -0.0095
vn -0.5898 -0.7135 0.3781
vn -0.7005 -0.2933 0.6506
vn -0.6448 0.2113 0.7345
vn 0.7939 -0.1341 0.5930
vn 0.1265 0.9918 -0.0150
vn 0.5806 0.7968 -0.1672
vn 0.8708 0.3899 -0.2996
vn 0.9187 -0.1193 -0.3764
vn 0.7115 -0.5931 -0.3769
vn 0.3054 -0.9034 -0.3009
vn -0.1888 -0.9673 -0.1694
vn -0.6382 -0.7696 -0.0179
vn -0.9239 -0.3655 0.1129
vn -0.9722 0.1383 0.1891
vn -0.7696 0.6095 0.1904
vn -0.3680 0.9226 0.1160
vn 0.3210 -0.1037 0.9414
vn -0.0217 0.6943 0.7193
vn 0.4215 0.7778 0.4663
vn 0.7390 0.6697 0.0728
vn 0.8452 0.3995 -0.3551
vn 0.7113 0.0399 -0.7018
vn 0.3738 -0.3117 -0.8736
vn -0.0750 -0.5603 -0.8249
vn -0.5142 -0.6404 -0.5706
vn -0.8273 -0.5321 -0.1801
vn -0.9330 -0.2650 0.2433
vn -0.8032 0.0912 0.5887
vn -0.4702 0.4425 0.7636
vn 0.4939 -0.6694 0.5550
vn -0.1663 0.7206 0.6731
vn 0.1754 0.9230 0.3424
vn 0.4503 0.8879 -0.0943
vn 0.5837 0.6245 -0.5189
vn 0.5399 0.2040 -0.8167
vn 0.3308 -0.2597 -0.9073
vn 0.0137 -0.6412 -0.7673
vn -0.3255 -0.8390 -0.4360
vn -0.5967 -0.8024 -0.0032
vn -0.7293 -0.5424 0.4170
vn -0.6881 -0.1266 0.7145
vn -0.4826 0.3357 0.8090
vn 0.7764 -0.3895 0.4954
vn 0.1922 0.2381 -0.9520
vn 0.3376 -0.2560 -0.9058
vn 0.3684 -0.6888 -0.6244
vn 0.2762 -0.9433 -0.1840
vn 0.0860 -0.9510 0.2969
vn -0.1507 -0.7099 0.6879
vn -0.3696 -0.2866 0.8839
vn -0.5124 0.2045 0.8341
vn -0.5418 0.6321 0.5540
vn -0.4510 0.8846 0.1183
vn -0.2634 0.8954 -0.3589
vn -0.0281 0.6595 -0.7512
vn 0.9105 0.2527 0.3272
vn 0.5693 0.7697 -0.2887
vn 0.8224 0.3486 -0.4495
vn 0.8426 -0.1642 -0.5129
vn 0.6243 -0.6301 -0.4618
vn 0.2264 -0.9234 -0.3099
vn -0.2433 -0.9649 -0.0984
vn -0.6574 -0.7447 0.1153
vn -0.9056 -0.3238 0.2740
vn -0.9237 0.1842 0.3360
vn -0.7083 0.6455 0.2857
vn -0.3152 0.9392 0.1359
vn 0.1522 0.9856 -0.0741
vn 0.4626 -0.1115 0.8795
vn 0.4113 0.9111 0.0278
vn 0.8014 0.5853 0.1232
vn 0.9819 0.1022 0.1598
vn 0.9040 -0.4080 0.1276
vn 0.5889 -0.8075 0.0354
vn 0.1218 -0.9883 -0.0918
vn -0.3701 -0.9027 -0.2193
vn -0.7553 -0.5757 -0.3132
vn -0.9322 -0.0966 -0.3489
vn -0.8559 0.4084 -0.3173
vn -0.5457 0.8067 -0.2266
vn -0.0823 0.9915 -0.1004
vn -0.2007 -0.0230 0.9794
vn -0.5843 -0.4900 -0.6469
vn -0.5918 0.0019 -0.8061
vn -0.4620 0.4973 -0.7343
vn -0.2300 0.8623 -0.4511
vn 0.0416 0.9986 -0.0326
vn 0.2793 0.8694 0.4076
vn 0.4192 0.5110 0.7505
vn 0.4245 0.0210 0.9052
vn 0.2951 -0.4691 0.8324
vn 0.0657 -0.8309 0.5526
vn -0.2037 -0.9692 0.1386
vn -0.4419 -0.8453 -0.3004
vn 0.8310 -0.1173 -0.5438
vn -0.0757 0.9655 0.2492
vn -0.3264 0.7109 0.6229
vn -0.4673 0.2648 0.8435
vn -0.4601 -0.2520 0.8513
vn -0.3069 -0.7005 0.6443
vn -0.0494 -0.9591 0.2786
vn 0.2425 -0.9591 -0.1462
vn 0.4902 -0.7024 -0.5160
vn 0.6286 -0.2597 -0.7331
vn 0.6220 0.2518 -0.7414
vn 0.4718 0.6982 -0.5384
vn 0.2167 0.9602 -0.1762
vn -0.8539 -0.0117 -0.5203
vn 0.0287 0.9976 0.0632
vn -0.3317 0.8523 0.4044
vn -0.5846 0.4778 0.6557
vn -0.6616 -0.0249 0.7494
vn -0.5420 -0.5200 0.6602
vn -0.2584 -0.8736 0.4123
vn 0.1118 -0.9910 0.0734
vn 0.4688 -0.8426 -0.2649
vn 0.7181 -0.4703 -0.5130
vn 0.7949 0.0269 -0.6061
vn 0.6787 0.5189 -0.5197
vn 0.3987 0.8748 -0.2751
vn -0.7174 -0.0117 -0.6966
vn 0.0213 0.9717 0.2354
vn -0.1527 0.7349 0.6608
vn -0.2610 0.2994 0.9177
vn -0.2743 -0.2172 0.9368
vn -0.1890 -0.6754 0.7129
vn -0.0282 -0.9514 0.3066
vn 0.1640 -0.9715 -0.1710
vn 0.3361 -0.7323 -0.5922
vn 0.4426 -0.3001 -0.8450
vn 0.4561 0.2110 -0.8646
vn 0.3727 0.6671 -0.6451
vn 0.2137 0.9462 -0.2430
vn -0.9463 0.0203 -0.3226
vn -0.7653 0.5785 0.2824
vn -0.9469 0.0949 0.3071
vn -0.8673 -0.4150 0.2748
vn -0.5480 -0.8136 0.1941
vn -0.0752 -0.9934 0.0869
vn 0.4233 -0.9058 -0.0179
vn 0.8122 -0.5760 -0.0920
vn 0.9888 -0.0941 -0.1158
vn 0.9080 0.4106 -0.0835
vn 0.5926 0.8055 -0.0038
vn 0.1249 0.9869 0.1025
vn -0.3723 0.9046 0.2074
vn -0.2568 0.0001 -0.9665
vn -0.1990 0.9800 0.0082
vn -0.4685 0.7855 0.4044
vn -0.5919 0.3854 0.7079
vn -0.5359 -0.1122 0.8368
vn -0.3155 -0.5731 0.7563
vn 0.0093 -0.8725 0.4885
vn 0.3503 -0.9306 0.1064
vn 0.6162 -0.7336 -0.2867
vn 0.7370 -0.3362 -0.5863
vn 0.6821 0.1561 -0.7144
vn 0.4654 0.6144 -0.6371
vn 0.1431 0.9167 -0.3731
vn -0.7774 -0.2309 -0.5850
vn -0.8876 0.0809 -0.4535
vn 0.1921 -0.9721 0.1348
vn 0.7698 0.5205 0.3694
vn -0.1911 0.9721 -0.1358
vn -0.1075 0.9606 -0.2565
vn 0.3396 0.9335 0.1149
vn -0.4312 -0.9015 0.0364
vn -0.7710 -0.5510 -0.3194
vn -0.8190 0.0311 -0.5729
vn 0.1125 0.6687 -0.7349
vn 0.5788 0.7523 -0.3147
vn -0.8867 -0.4518 -0.0980
vn -0.4302 0.3323 -0.8393
vn -0.1110 0.8766 0.4683
vn 0.1829 0.0092 -0.9831
vn 0.7035 0.0076 -0.7106
vn 0.9882 0.0053 -0.1532
vn 0.8740 -0.0318 0.4849
vn 0.4125 -0.0800 0.9075
vn -0.1788 -0.1005 0.9787
vn -0.4075 0.0324 -0.9126
vn -0.0130 0.9951 -0.0985
vn -0.0129 0.9951 -0.0984
vn 0.1833 0.0130 -0.9830
vn 0.7271 -0.0423 -0.6852
vn 0.9895 -0.0811 -0.1194
vn 0.8694 -0.0872 0.4864
vn 0.4239 -0.0602 0.9037
vn -0.1832 -0.0107 0.9830
vn -0.7272 0.0427 0.6851
vn -0.9896 0.0800 0.1197
vn -0.4238 0.0618 -0.9036
vn -0.4395 0.7886 -0.4302
vn 0.4553 0.8902 -0.0161
vn -0.6279 0.3813 0.6785
vn 0.6278 -0.3813 -0.6785
vn -0.4553 -0.8902 0.0161
vn 0.4395 -0.7886 0.4302
vn 0.0185 0.9998 0.0089
vn -0.3740 0.6312 -0.6795
vn 0.2536 0.9290 0.2696
vn 0.4848 0.5386 0.6891
vn -0.2529 -0.9291 -0.2700
vn -0.4832 -0.5388 -0.6900
vn 0.8718 -0.0430 -0.4879
vn -0.1334 -0.5234 -0.8416
vn 0.5495 -0.8336 -0.0553
vn 0.6810 -0.5812 0.4454
vn 0.5461 -0.0410 0.8367
vn -0.7413 0.6470 0.1788
vn -0.7491 0.5289 -0.3990
vn 0.5789 -0.3564 -0.7333
vn 0.9153 -0.1851 0.3576
vn 0.5594 0.0663 0.8263
vn -0.5250 0.4978 0.6903
vn 0.0570 0.0798 -0.9952
vn 0.6322 0.0255 -0.7744
vn 0.9658 -0.0408 -0.2562
vn 0.9286 -0.0918 0.3596
vn 0.5379 -0.1072 0.8361
vn -0.0570 -0.0810 0.9951
vn -0.6321 -0.0247 0.7745
vn -0.9659 0.0393 0.2559
vn -0.9290 0.0876 -0.3597
vn -0.5382 0.1029 -0.8365
vn 0.2214 0.8585 -0.4625
vn 0.0729 0.8526 0.5175
vn -0.5533 0.3487 -0.7564
vn -0.1110 -0.3213 -0.9405
vn 0.5533 -0.3487 0.7564
vn -0.2214 -0.8585 0.4625
vn 0.4343 0.6360 -0.6378
vn -0.7000 -0.6303 0.3359
vn -0.4343 -0.6360 0.6378
vn -0.1942 -0.0097 -0.9809
vn -0.1942 -0.0098 -0.9809
vn -0.1942 -0.0099 -0.9809
vn -0.1943 -0.0099 -0.9809
vn -0.1945 -0.0098 -0.9809
vn -0.1943 -0.0097 -0.9809
vn -0.1990 -0.0325 -0.9795
vn -0.1991 -0.0325 -0.9794
vn -0.1989 -0.0328 -0.9795
vn -0.1991 -0.0327 -0.9794
vn -0.1993 -0.0326 -0.9794
vn -0.1992 -0.0324 -0.9794
vn -0.6976 0.0382 -0.7155
vn -0.6976 0.0383 -0.7154
vn -0.6976 0.0385 -0.7154
vn -0.8325 -0.0117 -0.5540
vn -0.8325 -0.0117 -0.5539
vn -0.8327 -0.0116 -0.5537
vn -0.9774 -0.0313 -0.2090
vn -0.6400 0.0584 -0.7661
vn -0.6400 0.0581 -0.7662
vn -0.6401 0.0583 -0.7661
vn -0.6401 0.0584 -0.7660
vn -0.5618 -0.5790 -0.5909
vn -0.5618 -0.5790 -0.5908
vn -0.5619 -0.5790 -0.5908
vn -0.5618 -0.5792 -0.5908
vn -0.6039 0.1041 -0.7902
vn -0.6037 0.1040 -0.7904
vn -0.6038 0.1040 -0.7903
vn -0.6040 0.1039 -0.7902
vn -0.6040 0.1041 -0.7902
vn -0.6039 0.1042 -0.7902
vn -0.5769 0.1281 -0.8067
vn -0.5771 0.1281 -0.8066
vn -0.5771 0.1282 -0.8066
vn -0.5769 0.1283 -0.8067
vn -0.5770 0.1280 -0.8066
vn -0.5770 0.1278 -0.8067
vn 0.5704 0.1349 0.8102
vn 0.5703 0.1348 0.8103
vn 0.5704 0.1348 0.8102
vn 0.0657 -0.0428 -0.9969
vn 0.0657 -0.0429 -0.9969
vn 0.0655 -0.0429 -0.9969
vn 0.0656 -0.0427 -0.9969
vn 0.0657 -0.0431 -0.9969
vn -0.7184 -0.6529 -0.2401
vn -0.7183 -0.6529 -0.2402
vn -0.7185 -0.6528 -0.2401
vn -0.7184 -0.6528 -0.2401
vn -0.7182 -0.6530 -0.2402
vn 0.2039 0.1945 -0.9595
vn 0.2037 0.1942 -0.9596
vn 0.2038 0.1942 -0.9596
vn 0.2038 0.1942 -0.9595
vn 0.3622 0.0382 0.9313
vn 0.3621 0.0382 0.9313
vn 0.3622 0.0380 0.9313
vn 0.3624 0.0381 0.9313
vn 0.3624 0.0382 0.9313
vn 0.3624 0.0383 0.9312
vn 0.9550 -0.0764 0.2864
vn 0.9551 -0.0766 0.2864
vn 0.9551 -0.0764 0.2862
vn 0.9551 -0.0763 0.2864
vn 0.6224 -0.0348 0.7819
vn 0.6225 -0.0348 0.7818
vn 0.6224 -0.0349 0.7819
vn 0.6225 -0.0349 0.7818
vn 0.6225 -0.0346 0.7818
vn 0.9233 -0.1143 0.3667
vn 0.9233 -0.1145 0.3666
vn 0.9234 -0.1143 0.3665
vn 0.5587 -0.0372 0.8285
vn 0.5589 -0.0371 0.8284
vn 0.5587 -0.0370 0.8286
vn 0.5586 -0.0375 0.8286
vn 0.1770 0.5901 0.7877
vn 0.1770 0.5902 0.7876
vn 0.1770 0.5900 0.7878
vn 0.1772 0.5900 0.7877
vn -0.0654 0.3673 0.9278
vn -0.0654 0.3672 0.9278
vn -0.0652 0.3673 0.9278
vn -0.0654 0.3674 0.9278
vn 0.1989 -0.0953 0.9754
vn 0.1990 -0.0953 0.9753
vn 0.1989 -0.0954 0.9754
vn 0.1990 -0.0955 0.9753
vn 0.1991 -0.0955 0.9753
vn 0.1991 -0.0953 0.9753
vn 0.1991 -0.0952 0.9754
vn 0.1990 -0.0953 0.9754
vn 0.8876 -0.1592 0.4323
vn 0.8876 -0.1590 0.4322
vn 0.8876 -0.1589 0.4324
vn 0.5016 -0.5584 0.6607
vn 0.5016 -0.5585 0.6607
vn 0.5016 -0.5586 0.6606
vn 0.5017 -0.5585 0.6605
vn 0.5018 -0.5584 0.6606
vn 0.5017 -0.5584 0.6607
vn 0.8896 -0.3010 0.3436
vn 0.8896 -0.3011 0.3436
vn 0.8896 -0.3011 0.3435
vn 0.8896 -0.3011 0.3434
vn 0.8896 -0.3010 0.3434
vn 0.8897 -0.3008 0.3435
vn 0.4998 -0.1015 0.8601
vn 0.4998 -0.1015 0.8602
vn 0.4997 -0.1016 0.8602
vn 0.4999 -0.1013 0.8602
vn 0.4999 -0.1012 0.8601
vn -0.5118 0.0265 -0.8587
vn -0.5119 0.0266 -0.8586
vn -0.5119 0.0267 -0.8586
vn -0.5119 0.0269 -0.8586
vn -0.5118 0.0266 -0.8587
vn -0.2405 -0.9284 -0.2832
vn -0.2405 -0.9285 -0.2831
vn -0.2407 -0.9284 -0.2831
vn -0.2407 -0.9283 -0.2833
vn -0.9046 0.0392 -0.4244
vn -0.9046 0.0391 -0.4244
vn -0.9047 0.0391 -0.4243
vn -0.9047 0.0391 -0.4242
vn -0.9046 0.0393 -0.4243
vn -0.3924 0.0362 -0.9191
vn -0.3923 0.0362 -0.9191
vn -0.3924 0.0361 -0.9191
vn -0.3924 0.0364 -0.9191
vn -0.3925 0.0363 -0.9191
vn -0.3924 0.0360 -0.9191
vn 0.6735 -0.0051 -0.7392
vn 0.6734 -0.0051 -0.7392
vn 0.6734 -0.0048 -0.7392
vn 0.3950 0.1473 -0.9068
vn 0.3949 0.1471 -0.9069
vn 0.3948 0.1472 -0.9069
vn 0.3947 0.1472 -0.9069
vn 0.3949 0.1470 -0.9069
vn -0.6005 0.6941 -0.3969
vn -0.6005 0.6942 -0.3969
vn -0.6004 0.6942 -0.3971
vn -0.6006 0.6940 -0.3971
vn -0.6006 0.6941 -0.3970
vn 0.9444 -0.1324 0.3009
vn 0.9445 -0.1323 0.3008
vn 0.9444 -0.1326 0.3010
vn 0.9444 -0.1325 0.3009
vn 0.9444 -0.1323 0.3009
vn -0.9440 0.3060 -0.1233
vn -0.9441 0.3059 -0.1230
vn -0.9440 0.3060 -0.1232
vn -0.9441 0.3059 -0.1231
vn -0.6105 -0.0527 -0.7902
vn -0.6106 -0.0527 -0.7902
vn -0.6105 -0.0529 -0.7903
vn -0.6105 -0.0527 -0.7903
vn -0.6106 -0.0528 -0.7902
vn -0.6105 -0.0528 -0.7902
vn -0.6104 -0.0526 -0.7903
vn -0.0305 0.0045 0.9995
vn -0.0305 0.0044 0.9995
vn -0.0304 0.0045 0.9995
vn -0.0304 0.0046 0.9995
vn -0.0304 0.0048 0.9995
vn 0.7939 -0.1341 0.5931
vn 0.7939 -0.1340 0.5931
vn 0.7940 -0.1342 0.5930
vn 0.3211 -0.1037 0.9414
vn 0.3207 -0.1037 0.9415
vn 0.3209 -0.1041 0.9414
vn 0.3211 -0.1038 0.9413
vn 0.3210 -0.1038 0.9414
vn 0.4939 -0.6694 0.5549
vn 0.4938 -0.6694 0.5550
vn 0.4938 -0.6695 0.5548
vn 0.4940 -0.6694 0.5548
vn 0.4940 -0.6693 0.5551
vn 0.7765 -0.3895 0.4954
vn 0.7764 -0.3896 0.4953
vn 0.7764 -0.3895 0.4955
vn 0.7763 -0.3897 0.4955
vn 0.7764 -0.3893 0.4955
vn 0.9105 0.2528 0.3272
vn 0.9104 0.2527 0.3274
vn 0.9106 0.2526 0.3272
vn 0.9106 0.2527 0.3270
vn 0.4627 -0.1115 0.8795
vn 0.4625 -0.1114 0.8796
vn 0.4625 -0.1116 0.8796
vn 0.4627 -0.1114 0.8795
vn 0.4629 -0.1113 0.8794
vn -0.2009 -0.0230 0.9793
vn -0.2007 -0.0231 0.9794
vn -0.2006 -0.0230 0.9794
vn 0.8309 -0.1175 -0.5439
vn 0.8310 -0.1174 -0.5438
vn 0.8310 -0.1174 -0.5437
vn 0.8309 -0.1173 -0.5439
vn 0.8310 -0.1172 -0.5438
vn -0.8539 -0.0119 -0.5203
vn -0.8539 -0.0118 -0.5202
vn -0.8539 -0.0118 -0.5203
vn -0.8540 -0.0117 -0.5202
vn -0.8540 -0.0115 -0.5201
vn -0.7173 -0.0115 -0.6967
vn -0.7175 -0.0117 -0.6965
vn -0.7174 -0.0117 -0.6965
vn -0.7174 -0.0116 -0.6965
vn -0.7174 -0.0118 -0.6965
vn -0.7174 -0.0118 -0.6966
vn -0.9463 0.0205 -0.3227
vn -0.9463 0.0202 -0.3226
vn -0.9463 0.0201 -0.3225
vn -0.9463 0.0203 -0.3225
vn -0.2568 0.0005 -0.9665
vn -0.2567 0.0001 -0.9665
vn -0.2567 0.0002 -0.9665
vn -0.2566 0.0001 -0.9665
vn -0.2569 0.0002 -0.9665
vn -0.2570 0.0002 -0.9664
vn -0.7774 -0.2309 -0.5851
vn -0.7773 -0.2312 -0.5851
vn -0.7775 -0.2308 -0.5851
vn -0.7775 -0.2309 -0.5850
vn -0.7775 -0.2307 -0.5850
vt -0.097285 0.012973
vt -0.099086 0.005995
vt -0.101080 0.007457
vt -0.043563 -0.045172
vt -0.040963 -0.052085
vt -0.043435 -0.052049
vt 0.038155 -0.026981
vt 0.044354 -0.031368
vt 0.042314 -0.032764
vt 0.078229 0.022607
vt 0.085388 0.019635
vt 0.083751 0.017782
vt 0.095938 0.042225
vt 0.103114 0.039185
vt 0.101507 0.037306
vt 0.097101 0.013306
vt 0.099186 0.005917
vt 0.095005 0.011995
vt 0.043568 -0.045065
vt 0.040965 -0.052048
vt 0.041104 -0.044857
vt -0.038283 -0.027137
vt -0.044252 -0.031216
vt -0.040197 -0.025572
vt -0.078622 0.022295
vt -0.085254 0.019772
vt -0.080184 0.024211
vt -0.096354 0.041833
vt -0.102976 0.039275
vt -0.098002 0.043676
vt 0.043609 0.089892
vt 0.044399 0.087549
vt 0.037191 0.085116
vt -0.047882 0.083568
vt -0.050377 0.079582
vt -0.054939 0.080724
vt -0.093479 0.012473
vt -0.089991 0.012987
vt -0.092255 0.010326
vt -0.050096 -0.032773
vt -0.046655 -0.030973
vt -0.047850 -0.033804
vt 0.034106 -0.053068
vt 0.031209 -0.049400
vt 0.033672 -0.049540
vt 0.098700 0.000807
vt 0.093538 0.003186
vt 0.095638 0.004488
vt 0.109973 0.031471
vt 0.103318 0.033505
vt 0.104983 0.035333
vt 0.101331 0.010787
vt 0.094004 0.013622
vt 0.095520 0.015575
vt 0.064117 -0.044643
vt 0.057977 -0.039550
vt 0.059836 -0.037920
vt -0.038355 -0.063729
vt -0.034786 -0.057532
vt -0.036163 -0.064866
vt -0.099267 0.000183
vt -0.094190 0.002501
vt -0.098342 -0.002107
vt -0.108558 0.031778
vt -0.104462 0.032461
vt -0.107984 0.029374
vt -0.012095 0.058848
vt -0.010754 0.056772
vt -0.017145 0.052644
vt -0.111956 0.030820
vt -0.108613 0.030012
vt -0.111837 0.028350
vt -0.094507 -0.038493
vt -0.091108 -0.037475
vt -0.092757 -0.040240
vt 0.035505 -0.080128
vt 0.035339 -0.075844
vt 0.037369 -0.078507
vt 0.093252 -0.011618
vt 0.088509 -0.012175
vt 0.089633 -0.009976
vt 0.107081 0.029131
vt 0.101816 0.028218
vt 0.102437 0.030610
vt 0.113191 0.032715
vt 0.107297 0.032154
vt 0.107805 0.034573
vt 0.108330 -0.022810
vt 0.102384 -0.021048
vt 0.103614 -0.018904
vt -0.055654 -0.081899
vt -0.053454 -0.076226
vt -0.051436 -0.077652
vt -0.096986 -0.010979
vt -0.091806 -0.011492
vt -0.096774 -0.013439
vt -0.106004 0.029028
vt -0.102027 0.028010
vt -0.106218 0.026566
vt -0.036942 0.015815
vt -0.034306 0.022952
vt -0.030614 0.020040
vt -0.075104 0.067541
vt -0.069646 0.067682
vt -0.070585 0.065395
vt -0.030248 0.113220
vt -0.027930 0.107879
vt -0.031679 0.111205
vt 0.107795 0.059810
vt 0.103001 0.055171
vt 0.105423 0.060505
vt 0.113051 -0.000756
vt 0.105168 -0.001884
vt 0.111660 0.001288
vt 0.100092 0.025194
vt 0.090979 0.024629
vt 0.099094 0.027455
vt 0.084624 0.066486
vt 0.075012 0.065381
vt 0.083797 0.068816
vt 0.041856 0.112255
vt 0.036414 0.104796
vt 0.034503 0.106364
vt -0.108765 0.057679
vt -0.103132 0.052015
vt -0.104725 0.050125
vt -0.112428 -0.001286
vt -0.105885 -0.001971
vt -0.105963 -0.004442
vt -0.095928 0.023438
vt -0.090327 0.023770
vt -0.090499 0.021304
vt -0.088460 -0.005290
vt -0.089133 -0.000636
vt -0.084915 0.001442
vt -0.077964 0.068939
vt -0.074509 0.069837
vt -0.075435 0.067545
vt -0.021452 0.115377
vt -0.017985 0.115062
vt -0.019591 0.113182
vt 0.106479 0.064228
vt 0.107670 0.060908
vt 0.105297 0.061600
vt 0.116305 0.008472
vt 0.115329 0.004919
vt 0.113866 0.006912
vt 0.101774 0.025004
vt 0.098134 0.025995
vt 0.100762 0.027259
vt 0.078557 0.069288
vt 0.075048 0.070161
vt 0.077619 0.071576
vt 0.021521 0.115496
vt 0.018004 0.115137
vt 0.019916 0.117377
vt -0.106362 0.063607
vt -0.107538 0.060241
vt -0.108739 0.062927
vt -0.115404 0.007762
vt -0.114418 0.004202
vt -0.116883 0.005781
vt -0.100763 0.024569
vt -0.097148 0.025571
vt -0.098143 0.023309
vt -0.083605 0.000002
vt -0.082516 -0.002218
vt -0.089348 -0.005567
vt -0.101954 0.010121
vt -0.102061 0.009415
vt -0.103346 0.009972
vt -0.099421 0.014819
vt -0.099856 0.014253
vt -0.100713 0.015361
vt -0.094232 0.017294
vt -0.094885 0.017005
vt -0.095106 0.018389
vt -0.087141 0.016820
vt -0.087852 0.016879
vt -0.087385 0.018199
vt -0.079701 0.012572
vt -0.080298 0.012964
vt -0.079256 0.013900
vt -0.074027 0.004766
vt -0.074363 0.005396
vt -0.073000 0.005719
vt -0.072070 -0.004687
vt -0.072057 -0.003973
vt -0.070709 -0.004355
vt -0.074870 -0.012547
vt -0.074499 -0.011937
vt -0.073526 -0.012944
vt -0.081850 -0.015521
vt -0.081215 -0.015195
vt -0.080914 -0.016563
vt -0.090497 -0.012289
vt -0.089786 -0.012357
vt -0.090269 -0.013672
vt -0.097620 -0.004812
vt -0.097055 -0.005250
vt -0.098167 -0.006102
vt -0.101473 0.003398
vt -0.101215 0.002732
vt -0.102608 0.002577
vt -0.117878 0.026066
vt -0.119461 0.025422
vt -0.119278 0.026112
vt -0.114070 0.031746
vt -0.115777 0.031828
vt -0.115321 0.032378
vt -0.103691 0.040194
vt -0.105180 0.041033
vt -0.104526 0.041319
vt -0.084349 0.046824
vt -0.085261 0.048269
vt -0.084549 0.048210
vt -0.061492 0.042229
vt -0.059890 0.042823
vt -0.060363 0.041504
vt -0.040404 0.020694
vt -0.039775 0.022283
vt -0.039402 0.021674
vt -0.030665 -0.008587
vt -0.029190 -0.009450
vt -0.030510 -0.009920
vt -0.034905 -0.040284
vt -0.033268 -0.039791
vt -0.033515 -0.040461
vt -0.057696 -0.054849
vt -0.057732 -0.056557
vt -0.058785 -0.055633
vt -0.094870 -0.037558
vt -0.094026 -0.039044
vt -0.094734 -0.038952
vt -0.113511 -0.003449
vt -0.115213 -0.003595
vt -0.114407 -0.002450
vt -0.118134 0.016789
vt -0.119668 0.017542
vt -0.118387 0.018107
vt -0.119027 0.033901
vt -0.119822 0.035839
vt -0.118440 0.035611
vt -0.119632 0.033043
vt -0.121692 0.032664
vt -0.120860 0.033717
vt -0.111509 0.048241
vt -0.113533 0.048782
vt -0.112329 0.049376
vt -0.083065 0.072360
vt -0.081367 0.073588
vt -0.081265 0.072190
vt -0.039525 0.073405
vt -0.037441 0.073616
vt -0.038052 0.072356
vt -0.004967 0.042080
vt -0.004610 0.044145
vt -0.003910 0.043000
vt 0.012797 -0.001886
vt 0.014501 -0.003105
vt 0.013209 -0.003647
vt 0.016908 -0.049989
vt 0.018143 -0.051680
vt 0.016747 -0.051790
vt -0.007926 -0.089280
vt -0.007652 -0.091357
vt -0.008930 -0.090784
vt -0.104295 -0.047165
vt -0.103108 -0.048891
vt -0.104409 -0.048561
vt -0.118798 0.031172
vt -0.120664 0.032122
vt -0.119468 0.032851
vt -0.116976 0.041196
vt -0.118321 0.042803
vt -0.116934 0.043004
vt -0.106169 0.035305
vt -0.108159 0.033993
vt -0.107518 0.035684
vt -0.115792 0.018513
vt -0.118020 0.017666
vt -0.117026 0.019176
vt -0.117913 0.037105
vt -0.120293 0.037219
vt -0.118779 0.038206
vt -0.076723 0.090913
vt -0.078464 0.092541
vt -0.076670 0.092313
vt -0.010256 0.099376
vt -0.007890 0.099091
vt -0.008745 0.097982
vt 0.031048 0.060389
vt 0.031356 0.062752
vt 0.032216 0.061161
vt 0.051897 0.011835
vt 0.053817 0.010423
vt 0.052527 0.009878
vt 0.066414 -0.038261
vt 0.067415 -0.036098
vt 0.067760 -0.037873
vt 0.078094 -0.072124
vt 0.079260 -0.070045
vt 0.079466 -0.071841
vt -0.063785 0.103448
vt -0.064739 0.105633
vt -0.063349 0.105458
vt -0.087819 0.087445
vt -0.089460 0.085717
vt -0.089218 0.087509
vt -0.096940 0.063813
vt -0.098733 0.062244
vt -0.098327 0.064005
vt -0.084165 0.024135
vt -0.084762 0.026550
vt -0.083449 0.026062
vt -0.100233 -0.009844
vt -0.100664 -0.007394
vt -0.099387 -0.007970
vt -0.118757 -0.003216
vt -0.118459 -0.000746
vt -0.117404 -0.001668
vt -0.067465 0.105358
vt -0.065145 0.106256
vt -0.065463 0.104892
vt 0.032671 0.110302
vt 0.034963 0.109335
vt 0.033786 0.108575
vt 0.066307 0.068532
vt 0.066827 0.070966
vt 0.067604 0.069062
vt 0.084165 0.024135
vt 0.084762 0.026550
vt 0.085478 0.024622
vt 0.099387 -0.007970
vt 0.101510 -0.009268
vt 0.100233 -0.009844
vt 0.118757 -0.003216
vt 0.118459 -0.000746
vt 0.119812 -0.002294
vt 0.065463 0.104892
vt 0.067147 0.106722
vt 0.067465 0.105358
vt -0.033786 0.108575
vt -0.033847 0.111062
vt -0.032671 0.110302
vt -0.066307 0.068532
vt -0.066827 0.070966
vt -0.065530 0.070436
vt -0.051772 0.011664
vt -0.053692 0.010253
vt -0.053062 0.012210
vt -0.066222 -0.038172
vt -0.067223 -0.036009
vt -0.065877 -0.036397
vt -0.077910 -0.072020
vt -0.079075 -0.069941
vt -0.077703 -0.070224
vt 0.063590 0.103533
vt 0.064544 0.105718
vt 0.064980 0.103708
vt 0.087665 0.087299
vt 0.089307 0.085571
vt 0.087907 0.085507
vt 0.097206 0.061892
vt 0.098132 0.064088
vt 0.098593 0.062084
vt 0.106052 0.035128
vt 0.108042 0.033816
vt 0.106693 0.033438
vt 0.116710 0.016805
vt 0.116814 0.019186
vt 0.117944 0.017468
vt 0.117923 0.036893
vt 0.120303 0.037007
vt 0.119438 0.035906
vt 0.076867 0.090758
vt 0.078609 0.092386
vt 0.078661 0.090986
vt 0.010281 0.099165
vt 0.007915 0.098881
vt 0.009426 0.100275
vt -0.030838 0.060416
vt -0.031146 0.062779
vt -0.029978 0.062007
vt -0.012591 -0.002174
vt -0.014295 -0.003393
vt -0.013883 -0.001632
vt -0.016622 -0.050197
vt -0.017858 -0.051889
vt -0.018019 -0.050088
vt 0.008277 -0.089326
vt 0.008003 -0.091403
vt 0.006999 -0.089900
vt 0.102703 -0.047295
vt 0.104569 -0.048246
vt 0.102817 -0.048691
vt 0.118637 0.031486
vt 0.120504 0.032437
vt 0.119834 0.030758
vt 0.116705 0.041423
vt 0.118050 0.043030
vt 0.118091 0.041222
vt 0.118264 0.035305
vt 0.120082 0.034263
vt 0.118700 0.034035
vt 0.119568 0.032695
vt 0.121628 0.032316
vt 0.120400 0.031642
vt 0.111600 0.047899
vt 0.113624 0.048441
vt 0.112804 0.047305
vt 0.082858 0.072074
vt 0.081160 0.073301
vt 0.082960 0.073471
vt 0.039489 0.073054
vt 0.037405 0.073264
vt 0.038877 0.074314
vt 0.005315 0.042141
vt 0.004959 0.044205
vt 0.006015 0.043285
vt 0.030781 -0.009635
vt 0.029544 -0.008456
vt 0.030864 -0.008926
vt 0.034771 -0.039237
vt 0.033845 -0.040674
vt 0.033382 -0.039414
vt 0.058089 -0.054840
vt 0.058125 -0.056549
vt 0.057036 -0.055764
vt 0.094529 -0.037364
vt 0.093685 -0.038850
vt 0.093820 -0.037456
vt 0.113544 -0.003058
vt 0.115247 -0.003204
vt 0.114351 -0.004203
vt 0.117961 0.017142
vt 0.119495 0.017895
vt 0.119243 0.016577
vt 0.117730 0.025702
vt 0.119313 0.025058
vt 0.117913 0.025012
vt 0.114089 0.031354
vt 0.115796 0.031436
vt 0.114546 0.030804
vt 0.103884 0.039852
vt 0.105373 0.040690
vt 0.104538 0.039565
vt 0.085393 0.046673
vt 0.084256 0.047949
vt 0.085593 0.048059
vt 0.060755 0.041475
vt 0.060883 0.043179
vt 0.061356 0.041860
vt 0.040769 0.020839
vt 0.040140 0.022428
vt 0.041142 0.021448
vt 0.072157 -0.004328
vt 0.070810 -0.004710
vt 0.070797 -0.003996
vt 0.074765 -0.012193
vt 0.073792 -0.013201
vt 0.073422 -0.012590
vt 0.081576 -0.015274
vt 0.081274 -0.016642
vt 0.080639 -0.016316
vt 0.090132 -0.012229
vt 0.090615 -0.013544
vt 0.089904 -0.013611
vt 0.097280 -0.004957
vt 0.098392 -0.005809
vt 0.097827 -0.006246
vt 0.101256 0.003099
vt 0.102649 0.002944
vt 0.102391 0.002278
vt 0.101914 0.009754
vt 0.103200 0.010310
vt 0.103307 0.009604
vt 0.099564 0.014478
vt 0.100420 0.015587
vt 0.100856 0.015021
vt 0.094520 0.017064
vt 0.094741 0.018447
vt 0.095395 0.018158
vt 0.087504 0.016756
vt 0.087037 0.018076
vt 0.087749 0.018135
vt 0.080051 0.012689
vt 0.079009 0.013626
vt 0.079606 0.014018
vt 0.074278 0.005037
vt 0.072915 0.005359
vt 0.073251 0.005989
vt -0.082700 -0.000569
vt -0.116938 0.023576
vt -0.081342 0.001635
vt -0.084930 0.036034
vt -0.105878 0.072316
vt -0.103561 0.073469
vt -0.009187 0.095044
vt 0.018180 0.126765
vt -0.007127 0.093477
vt 0.037224 0.077694
vt 0.075095 0.095610
vt 0.038473 0.075427
vt 0.056028 0.047645
vt 0.095586 0.061442
vt 0.057030 0.045259
vt 0.068786 0.017552
vt 0.108192 0.031776
vt 0.069813 0.015177
vt 0.082700 -0.000569
vt 0.116938 0.023576
vt 0.118296 0.021373
vt 0.087247 0.034881
vt 0.103561 0.073469
vt 0.105878 0.072316
vt 0.007127 0.093477
vt -0.016119 0.128331
vt 0.009187 0.095044
vt -0.038473 0.075427
vt -0.073845 0.097877
vt -0.037224 0.077694
vt -0.056028 0.047645
vt -0.095586 0.061442
vt -0.094585 0.063828
vt -0.069813 0.015177
vt -0.107165 0.034151
vt -0.068786 0.017552
vt -0.069254 0.008262
vt -0.066516 0.012445
vt -0.059270 0.007703
vt 0.059799 0.010237
vt 0.063983 0.012975
vt 0.068725 0.005728
vt -0.102915 0.040185
vt -0.100669 0.050646
vt -0.097882 0.049311
vt -0.084486 0.016719
vt -0.083755 0.027247
vt -0.080808 0.026315
vt -0.031207 -0.012476
vt -0.027456 -0.002802
vt -0.028135 -0.012813
vt 0.040792 -0.003819
vt 0.041216 0.006289
vt 0.043808 -0.003148
vt 0.088167 0.029043
vt 0.086573 0.038913
vt 0.090969 0.030346
vt 0.102704 0.040583
vt 0.100755 0.050460
vt 0.105425 0.042048
vt 0.084354 0.017077
vt 0.083711 0.027354
vt 0.087217 0.018238
vt 0.031188 -0.012143
vt 0.027421 -0.002247
vt 0.030510 -0.002156
vt -0.040745 -0.003677
vt -0.041020 0.007040
vt -0.038041 0.006217
vt -0.088275 0.028808
vt -0.086347 0.039397
vt -0.083548 0.038088
vt 0.027673 0.109221
vt 0.024489 0.104280
vt 0.018806 0.105781
vt -0.005356 0.106274
vt -0.010463 0.109183
vt -0.003433 0.115588
vt -0.032192 0.051378
vt -0.032661 0.042418
vt -0.034618 0.049464
vt 0.025606 0.066467
vt 0.025268 0.055500
vt 0.022780 0.065218
vt 0.072199 0.071023
vt 0.071024 0.059843
vt 0.069111 0.070909
vt 0.097016 0.060780
vt 0.100116 0.051697
vt 0.097343 0.050334
vt 0.084574 0.043825
vt 0.086118 0.037237
vt 0.083317 0.035933
vt 0.030765 0.050920
vt 0.032338 0.047088
vt 0.029339 0.046340
vt -0.023100 0.079281
vt -0.020776 0.077212
vt -0.023861 0.077328
vt -0.068259 0.083251
vt -0.065568 0.081418
vt -0.068516 0.082334
vt -0.095660 0.058540
vt -0.098465 0.055781
vt -0.098550 0.057461
vt -0.084346 0.043587
vt -0.085963 0.037674
vt -0.086798 0.041707
vt -0.073159 -0.019866
vt -0.078640 -0.017744
vt -0.072634 -0.010370
vt -0.055423 0.075394
vt -0.048247 0.072920
vt -0.050658 0.070989
vt -0.006199 0.110934
vt -0.004051 0.102693
vt -0.008601 0.108990
vt 0.069021 0.098676
vt 0.066555 0.090693
vt 0.065943 0.098948
vt 0.103781 0.044605
vt 0.097746 0.040293
vt 0.101802 0.046979
vt 0.084760 0.039458
vt 0.078880 0.037781
vt 0.083622 0.042330
vt 0.047361 0.070333
vt 0.042320 0.069547
vt 0.045903 0.073055
vt -0.006485 0.100463
vt -0.005846 0.095982
vt -0.008609 0.097364
vt -0.068640 0.094002
vt -0.066242 0.090621
vt -0.069326 0.090810
vt -0.102521 0.044438
vt -0.098314 0.042389
vt -0.101084 0.041019
vt -0.085322 0.039850
vt -0.079507 0.038224
vt -0.081911 0.036283
vt -0.058203 0.020069
vt -0.063888 0.021563
vt -0.058748 0.029564
vt -0.081703 0.079773
vt -0.077193 0.081064
vt -0.078346 0.078197
vt -0.048033 0.110413
vt -0.043483 0.110591
vt -0.045262 0.108064
vt 0.070296 0.095289
vt 0.072583 0.091412
vt 0.069519 0.091815
vt 0.103927 0.039431
vt 0.102802 0.035016
vt 0.100979 0.037512
vt 0.095423 0.053075
vt 0.093444 0.048820
vt 0.092202 0.051650
vt 0.082366 0.080000
vt 0.077913 0.081316
vt 0.081144 0.082838
vt 0.048211 0.110639
vt 0.043590 0.110763
vt 0.046371 0.113122
vt -0.070313 0.095131
vt -0.072572 0.091053
vt -0.073371 0.094686
vt -0.103484 0.038674
vt -0.102149 0.034122
vt -0.105301 0.036175
vt -0.094614 0.052620
vt -0.092462 0.048290
vt -0.095899 0.049810
vt -0.062789 0.019148
vt -0.057698 0.027181
vt -0.053948 0.022655
vt -0.078503 0.001169
vt -0.077958 0.000471
vt -0.079554 -0.000213
vt -0.081641 0.010954
vt -0.081527 0.010076
vt -0.083249 0.010298
vt -0.080383 0.019264
vt -0.080713 0.018442
vt -0.082106 0.019478
vt -0.075323 0.025028
vt -0.076005 0.024464
vt -0.076733 0.026041
vt -0.067397 0.027358
vt -0.068266 0.027187
vt -0.068157 0.028920
vt -0.058206 0.025342
vt -0.059051 0.025604
vt -0.058131 0.027077
vt -0.049979 0.018728
vt -0.050598 0.019361
vt -0.049088 0.020219
vt -0.045025 0.008659
vt -0.045265 0.009511
vt -0.043528 0.009539
vt -0.045075 -0.002238
vt -0.044863 -0.001378
vt -0.043338 -0.002209
vt -0.050680 -0.010383
vt -0.050058 -0.009754
vt -0.049176 -0.011249
vt -0.060446 -0.012522
vt -0.059583 -0.012323
vt -0.059638 -0.014059
vt -0.070909 -0.007837
vt -0.070077 -0.008139
vt -0.071066 -0.009567
vt -0.104727 0.002527
vt -0.106806 0.002936
vt -0.105453 0.004024
vt -0.108323 0.025704
vt -0.110060 0.024491
vt -0.110028 0.025376
vt -0.105226 0.038129
vt -0.106163 0.040028
vt -0.104477 0.039614
vt -0.093591 0.051750
vt -0.095638 0.052297
vt -0.094941 0.052842
vt -0.075202 0.061338
vt -0.074274 0.063243
vt -0.073569 0.061656
vt -0.046636 0.062137
vt -0.047362 0.064127
vt -0.046516 0.063870
vt -0.020913 0.047573
vt -0.020669 0.049678
vt -0.020028 0.049067
vt -0.004284 0.021731
vt -0.002242 0.021166
vt -0.003674 0.020183
vt 0.001339 -0.011759
vt 0.002952 -0.013133
vt 0.001239 -0.013420
vt -0.011132 -0.044470
vt -0.009020 -0.044315
vt -0.009499 -0.045059
vt -0.047139 -0.055899
vt -0.045404 -0.057114
vt -0.046246 -0.057388
vt -0.088083 -0.030252
vt -0.087727 -0.032340
vt -0.088514 -0.031934
vt -0.118220 0.032156
vt -0.120178 0.033862
vt -0.118520 0.034377
vt -0.118121 0.045468
vt -0.120175 0.043878
vt -0.119857 0.045511
vt -0.117274 0.048196
vt -0.117846 0.050729
vt -0.116204 0.050165
vt -0.108756 0.060965
vt -0.108370 0.063534
vt -0.107044 0.062412
vt -0.079956 0.084110
vt -0.082229 0.085366
vt -0.080603 0.085722
vt -0.036009 0.094855
vt -0.033609 0.095846
vt -0.033887 0.094132
vt 0.008520 0.075550
vt 0.008362 0.078143
vt 0.009533 0.076961
vt 0.034911 0.037787
vt 0.035656 0.040275
vt 0.036348 0.038762
vt 0.047403 -0.007609
vt 0.048852 -0.005454
vt 0.049065 -0.007104
vt 0.044862 -0.052616
vt 0.046103 -0.054897
vt 0.044370 -0.054803
vt -0.008254 -0.094117
vt -0.008892 -0.096634
vt -0.010101 -0.095387
vt -0.113116 -0.014333
vt -0.113093 -0.016930
vt -0.114201 -0.015689
vt -0.105487 0.072245
vt -0.106653 0.074959
vt -0.104931 0.074732
vt -0.111820 0.059915
vt -0.114208 0.058175
vt -0.113512 0.060306
vt -0.116763 0.047749
vt -0.119400 0.046416
vt -0.118370 0.048407
vt -0.117689 0.051525
vt -0.117290 0.054453
vt -0.115931 0.053371
vt -0.090893 0.089936
vt -0.089068 0.092260
vt -0.088443 0.090640
vt -0.018432 0.118102
vt -0.015541 0.118710
vt -0.016103 0.117067
vt 0.040018 0.094006
vt 0.039843 0.096955
vt 0.041260 0.095219
vt 0.067014 0.055695
vt 0.069593 0.054253
vt 0.068089 0.053384
vt 0.083945 0.010731
vt 0.084916 0.013521
vt 0.085558 0.011374
vt 0.095537 -0.024705
vt 0.096736 -0.022005
vt 0.097197 -0.024198
vt 0.110956 -0.028622
vt 0.113314 -0.030403
vt 0.111706 -0.031058
vt -0.091241 0.087725
vt -0.093467 0.085783
vt -0.092960 0.087967
vt -0.072865 0.097314
vt -0.075616 0.095920
vt -0.074386 0.098152
vt -0.094536 0.061022
vt -0.095151 0.064045
vt -0.093550 0.063373
vt -0.106135 0.033685
vt -0.108741 0.032034
vt -0.107729 0.034374
vt -0.117323 0.020797
vt -0.117464 0.023878
vt -0.115986 0.022966
vt -0.103075 0.072448
vt -0.106131 0.072867
vt -0.103849 0.074003
vt 0.017480 0.125877
vt 0.016502 0.128802
vt 0.018531 0.127259
vt 0.074095 0.095082
vt 0.074386 0.098152
vt 0.075616 0.095920
vt 0.093550 0.063373
vt 0.096137 0.061695
vt 0.094536 0.061022
vt 0.106135 0.033685
vt 0.108741 0.032034
vt 0.107147 0.031345
vt 0.117323 0.020797
vt 0.117464 0.023878
vt 0.118802 0.021708
vt 0.103075 0.072448
vt 0.106131 0.072867
vt 0.105357 0.071313
vt -0.017480 0.125877
vt -0.016501 0.128802
vt -0.015451 0.127420
vt -0.039756 0.093990
vt -0.039581 0.096939
vt -0.038338 0.095726
vt -0.066886 0.055466
vt -0.069464 0.054024
vt -0.068389 0.056335
vt -0.083697 0.010817
vt -0.084668 0.013608
vt -0.083055 0.012965
vt -0.095297 -0.024599
vt -0.096496 -0.021899
vt -0.094835 -0.022405
vt -0.110798 -0.028832
vt -0.113156 -0.030612
vt -0.112406 -0.028176
vt 0.091068 0.087527
vt 0.093295 0.085585
vt 0.091575 0.085344
vt 0.105246 0.072348
vt 0.106412 0.075063
vt 0.106967 0.072575
vt 0.111666 0.059703
vt 0.114054 0.057963
vt 0.112362 0.057572
vt 0.116645 0.047515
vt 0.119281 0.046182
vt 0.117674 0.045524
vt 0.117429 0.051490
vt 0.117030 0.054417
vt 0.118788 0.052571
vt 0.090686 0.089774
vt 0.088861 0.092098
vt 0.091311 0.091394
vt 0.018378 0.117845
vt 0.015487 0.118453
vt 0.017816 0.119488
vt -0.008083 0.075524
vt -0.007924 0.078116
vt -0.006912 0.076705
vt -0.033799 0.039426
vt -0.036169 0.038363
vt -0.035236 0.040401
vt -0.047040 -0.007365
vt -0.048488 -0.005209
vt -0.046827 -0.005715
vt -0.044477 -0.052826
vt -0.045718 -0.055107
vt -0.046211 -0.052920
vt 0.008679 -0.094009
vt 0.009317 -0.096526
vt 0.007470 -0.095256
vt 0.112678 -0.014329
vt 0.112655 -0.016926
vt 0.111570 -0.015570
vt 0.117932 0.032486
vt 0.119890 0.034193
vt 0.119591 0.031971
vt 0.117853 0.045122
vt 0.119906 0.043532
vt 0.118171 0.043488
vt 0.116846 0.048292
vt 0.117419 0.050825
vt 0.118489 0.048855
vt 0.108323 0.060900
vt 0.107937 0.063468
vt 0.109649 0.062022
vt 0.080167 0.083727
vt 0.082441 0.084983
vt 0.081793 0.083372
vt 0.035842 0.094450
vt 0.033442 0.095441
vt 0.035563 0.096164
vt 0.021397 0.047629
vt 0.021153 0.049734
vt 0.022038 0.048240
vt 0.004414 0.021261
vt 0.002372 0.020697
vt 0.002983 0.022244
vt -0.001023 -0.012130
vt -0.002636 -0.013504
vt -0.002736 -0.011843
vt 0.011168 -0.043984
vt 0.009055 -0.043829
vt 0.010689 -0.043240
vt 0.046859 -0.055500
vt 0.045124 -0.056715
vt 0.046017 -0.055226
vt 0.087602 -0.030170
vt 0.087247 -0.032259
vt 0.086816 -0.030577
vt 0.104633 0.003005
vt 0.106712 0.003414
vt 0.105986 0.001917
vt 0.108076 0.024419
vt 0.109721 0.025754
vt 0.109781 0.024091
vt 0.104390 0.039135
vt 0.106475 0.038758
vt 0.104789 0.038344
vt 0.093717 0.051280
vt 0.095764 0.051826
vt 0.094414 0.050734
vt 0.074764 0.061125
vt 0.073836 0.063030
vt 0.075469 0.062712
vt 0.047094 0.061970
vt 0.047820 0.063960
vt 0.047941 0.062228
vt 0.050372 0.018963
vt 0.048862 0.019821
vt 0.049481 0.020453
vt 0.045257 0.009054
vt 0.043521 0.009082
vt 0.043760 0.009934
vt 0.045082 -0.001780
vt 0.043557 -0.002611
vt 0.043346 -0.001751
vt 0.050452 -0.009986
vt 0.049570 -0.011482
vt 0.048947 -0.010853
vt 0.060041 -0.012309
vt 0.060096 -0.014044
vt 0.059233 -0.013846
vt 0.070453 -0.007879
vt 0.071442 -0.009306
vt 0.070610 -0.009608
vt 0.078139 0.000892
vt 0.079735 0.000208
vt 0.079190 -0.000490
vt 0.081469 0.010530
vt 0.083191 0.010752
vt 0.083077 0.009874
vt 0.080440 0.018810
vt 0.081833 0.019846
vt 0.082163 0.019024
vt 0.075590 0.024656
vt 0.076317 0.026233
vt 0.077000 0.025669
vt 0.067809 0.027158
vt 0.067700 0.028891
vt 0.068568 0.028720
vt 0.058663 0.025361
vt 0.057743 0.026834
vt 0.058589 0.027096
vt -0.074230 0.024833
vt -0.073961 0.023989
vt -0.075696 0.023901
vt -0.074353 0.033157
vt -0.074537 0.032290
vt -0.076089 0.033073
vt -0.071045 0.039323
vt -0.071623 0.038652
vt -0.072606 0.040085
vt -0.064953 0.042591
vt -0.065782 0.042277
vt -0.065962 0.044005
vt -0.057216 0.042177
vt -0.058094 0.042296
vt -0.057429 0.043901
vt -0.049614 0.037562
vt -0.050329 0.038085
vt -0.048979 0.039179
vt -0.044208 0.029235
vt -0.044586 0.030036
vt -0.042877 0.030351
vt -0.042735 0.019090
vt -0.042674 0.019974
vt -0.041028 0.019416
vt -0.046061 0.010219
vt -0.045562 0.010951
vt -0.044423 0.009638
vt -0.053564 0.006002
vt -0.052754 0.006360
vt -0.052479 0.004645
vt -0.062725 0.008257
vt -0.061850 0.008120
vt -0.062548 0.006529
vt -0.070264 0.015642
vt -0.069599 0.015057
vt -0.071040 0.014087
vt -0.097172 0.034690
vt -0.098693 0.033213
vt -0.098803 0.034092
vt -0.095704 0.049631
vt -0.097710 0.048946
vt -0.097434 0.049788
vt -0.089963 0.059345
vt -0.090333 0.061432
vt -0.088828 0.060563
vt -0.076027 0.069576
vt -0.075424 0.071608
vt -0.074468 0.070157
vt -0.052527 0.074358
vt -0.053565 0.076206
vt -0.052687 0.076088
vt -0.030161 0.067478
vt -0.028144 0.068129
vt -0.028799 0.066521
vt -0.010775 0.045456
vt -0.009925 0.047398
vt -0.009490 0.046626
vt -0.002835 0.017203
vt -0.001043 0.016071
vt -0.002699 0.015544
vt -0.007440 -0.014496
vt -0.006367 -0.016323
vt -0.008080 -0.016032
vt -0.032749 -0.036153
vt -0.030769 -0.036910
vt -0.031520 -0.037380
vt -0.070350 -0.023799
vt -0.069467 -0.025726
vt -0.070332 -0.025536
vt -0.090897 0.008315
vt -0.093017 0.008299
vt -0.091908 0.009637
vt -0.104908 0.055186
vt -0.106768 0.053372
vt -0.106639 0.055031
vt -0.104287 0.060753
vt -0.106603 0.059576
vt -0.105985 0.061121
vt -0.099926 0.067101
vt -0.102504 0.066773
vt -0.101401 0.068020
vt -0.083398 0.082901
vt -0.085861 0.083729
vt -0.084325 0.084370
vt -0.049616 0.098856
vt -0.047427 0.100256
vt -0.047399 0.098519
vt -0.008389 0.093661
vt -0.005796 0.093827
vt -0.006612 0.092293
vt 0.021411 0.064133
vt 0.021906 0.066684
vt 0.022745 0.065246
vt 0.035565 0.025913
vt 0.037658 0.024373
vt 0.036047 0.023722
vt 0.038521 -0.020052
vt 0.040022 -0.022173
vt 0.038288 -0.022283
vt 0.014051 -0.066586
vt 0.014258 -0.069176
vt 0.012711 -0.068384
vt -0.084662 -0.038179
vt -0.087145 -0.038945
vt -0.086709 -0.037263
vt -0.104608 0.032442
vt -0.106817 0.033811
vt -0.105262 0.034587
vt -0.096967 0.072069
vt -0.098017 0.074832
vt -0.096306 0.074532
vt -0.101569 0.062415
vt -0.104098 0.060884
vt -0.103223 0.062949
vt -0.105833 0.054950
vt -0.105809 0.057905
vt -0.104323 0.057005
vt -0.095437 0.075692
vt -0.094166 0.078360
vt -0.093200 0.076916
vt -0.042514 0.113188
vt -0.039823 0.114410
vt -0.040014 0.112683
vt 0.019826 0.108286
vt 0.019318 0.111198
vt 0.020924 0.109633
vt 0.049928 0.079997
vt 0.052584 0.078700
vt 0.051131 0.077748
vt 0.066825 0.040750
vt 0.069218 0.039015
vt 0.067622 0.038328
vt 0.077879 0.000469
vt 0.080072 -0.001514
vt 0.078411 -0.002025
vt 0.088360 -0.030119
vt 0.090477 -0.032182
vt 0.088798 -0.032631
vt -0.068194 0.088535
vt -0.070563 0.086766
vt -0.069892 0.088905
vt -0.090122 0.078709
vt -0.091398 0.081376
vt -0.089668 0.081219
vt -0.077177 0.081169
vt -0.077776 0.084196
vt -0.076178 0.083515
vt -0.089819 0.052288
vt -0.090488 0.055300
vt -0.088874 0.054656
vt -0.100100 0.029748
vt -0.100508 0.032807
vt -0.098956 0.032027
vt -0.104998 0.042307
vt -0.104334 0.045320
vt -0.103142 0.044056
vt -0.023241 0.117533
vt -0.025056 0.120029
vt -0.022655 0.119169
vt 0.053517 0.107111
vt 0.053607 0.110195
vt 0.054981 0.108047
vt 0.076178 0.083515
vt 0.078775 0.081849
vt 0.077177 0.081169
vt 0.088874 0.054656
vt 0.091433 0.052932
vt 0.089819 0.052288
vt 0.100100 0.029748
vt 0.100508 0.032807
vt 0.101653 0.030528
vt 0.103142 0.044056
vt 0.106189 0.043571
vt 0.104998 0.042307
vt 0.023241 0.117533
vt 0.025056 0.120029
vt 0.025642 0.118394
vt -0.052143 0.109259
vt -0.054981 0.108047
vt -0.053607 0.110195
vt -0.049813 0.079761
vt -0.052469 0.078464
vt -0.051267 0.080712
vt -0.066671 0.040537
vt -0.069063 0.038802
vt -0.068266 0.041224
vt -0.078171 -0.001919
vt -0.079363 0.000786
vt -0.077703 0.000274
vt -0.088562 -0.032516
vt -0.089855 -0.029858
vt -0.088177 -0.030307
vt 0.068037 0.088324
vt 0.070405 0.086555
vt 0.068708 0.086184
vt 0.089886 0.078823
vt 0.091161 0.081489
vt 0.091616 0.078980
vt 0.096722 0.072162
vt 0.097772 0.074925
vt 0.098433 0.072462
vt 0.102309 0.060125
vt 0.102967 0.063007
vt 0.103962 0.060659
vt 0.104243 0.056755
vt 0.107056 0.055848
vt 0.105570 0.054947
vt 0.093233 0.076655
vt 0.096166 0.077023
vt 0.095200 0.075579
vt 0.042405 0.112949
vt 0.039714 0.114170
vt 0.042214 0.114675
vt -0.019567 0.108241
vt -0.019059 0.111153
vt -0.017961 0.109807
vt -0.020980 0.064217
vt -0.021476 0.066768
vt -0.020142 0.065655
vt -0.035663 0.023934
vt -0.036916 0.026210
vt -0.035305 0.025560
vt -0.037990 -0.021961
vt -0.039897 -0.020196
vt -0.038163 -0.020305
vt -0.012620 -0.067955
vt -0.015160 -0.067412
vt -0.013614 -0.066620
vt 0.084791 -0.037760
vt 0.087274 -0.038526
vt 0.085227 -0.039442
vt 0.104377 0.032814
vt 0.106586 0.034183
vt 0.105932 0.032038
vt 0.104602 0.054872
vt 0.106462 0.053058
vt 0.104732 0.053213
vt 0.104088 0.060362
vt 0.106405 0.059185
vt 0.104707 0.058817
vt 0.099871 0.066666
vt 0.102449 0.066338
vt 0.100974 0.065419
vt 0.083537 0.082486
vt 0.086000 0.083313
vt 0.085073 0.081844
vt 0.049380 0.098487
vt 0.047191 0.099886
vt 0.049408 0.100224
vt 0.007042 0.092208
vt 0.007545 0.094757
vt 0.008361 0.093223
vt 0.011656 0.046423
vt 0.009555 0.046143
vt 0.010371 0.047593
vt 0.003023 0.015908
vt 0.001440 0.017317
vt 0.003095 0.016791
vt 0.008201 -0.015560
vt 0.006148 -0.015034
vt 0.007861 -0.014742
vt 0.031824 -0.035227
vt 0.032005 -0.037339
vt 0.030595 -0.036455
vt 0.069907 -0.023596
vt 0.069024 -0.025523
vt 0.069042 -0.023785
vt 0.090901 0.008803
vt 0.093020 0.008787
vt 0.092009 0.007465
vt 0.096833 0.034340
vt 0.098353 0.032864
vt 0.096722 0.033462
vt 0.095546 0.049169
vt 0.097552 0.048485
vt 0.095822 0.048328
vt 0.088879 0.060078
vt 0.090987 0.060300
vt 0.089483 0.059430
vt 0.075560 0.069437
vt 0.074956 0.071469
vt 0.076516 0.070888
vt 0.052952 0.074119
vt 0.053990 0.075967
vt 0.053830 0.074237
vt 0.029287 0.066505
vt 0.029355 0.068623
vt 0.030011 0.067014
vt 0.044503 0.029585
vt 0.042794 0.029901
vt 0.043171 0.030702
vt 0.042821 0.019540
vt 0.041175 0.018983
vt 0.041114 0.019866
vt 0.045908 0.010651
vt 0.044769 0.009338
vt 0.044270 0.010070
vt 0.053206 0.006288
vt 0.052932 0.004573
vt 0.052122 0.004931
vt 0.062270 0.008304
vt 0.062968 0.006713
vt 0.062093 0.006576
vt 0.069854 0.015437
vt 0.071296 0.014467
vt 0.070631 0.013883
vt 0.073984 0.024446
vt 0.075719 0.024359
vt 0.075451 0.023515
vt 0.074331 0.032699
vt 0.075882 0.033482
vt 0.076066 0.032615
vt 0.071246 0.038911
vt 0.072228 0.040344
vt 0.072807 0.039673
vt 0.065326 0.042325
vt 0.065507 0.044053
vt 0.066335 0.043739
vt 0.057671 0.042121
vt 0.057006 0.043726
vt 0.057884 0.043845
vt 0.050040 0.037729
vt 0.048691 0.038824
vt 0.049406 0.039347
vt -0.116626 0.055895
vt -0.116730 0.055901
vt -0.116675 0.057890
vt -0.107028 0.014764
vt -0.107128 0.014732
vt -0.107751 0.016618
vt -0.065817 0.014207
vt -0.065906 0.014153
vt -0.066894 0.015876
vt -0.016180 0.043836
vt -0.016266 0.043775
vt -0.017338 0.045449
vt 0.036007 0.074925
vt 0.035919 0.074870
vt 0.034982 0.076629
vt 0.086191 0.081852
vt 0.086093 0.081815
vt 0.085541 0.083735
vt 0.116995 0.057291
vt 0.116890 0.057287
vt 0.116953 0.059289
vt 0.110284 0.030892
vt 0.110184 0.030921
vt 0.110853 0.032814
vt 0.075669 0.034190
vt 0.075578 0.034241
vt 0.076618 0.035959
vt 0.029496 0.062370
vt 0.029411 0.062431
vt 0.030580 0.064060
vt -0.023116 0.091506
vt -0.023203 0.091565
vt -0.022118 0.093246
vt -0.078932 0.094075
vt -0.079029 0.094116
vt -0.078301 0.095973
vt -0.118112 0.020503
vt -0.118178 0.020312
vt -0.118510 0.020426
vt -0.065374 0.023673
vt -0.065361 0.023569
vt -0.067328 0.023274
vt -0.072398 0.068560
vt -0.072389 0.068456
vt -0.074365 0.068258
vt -0.078631 0.090382
vt -0.078620 0.090278
vt -0.080598 0.090104
vt -0.092968 0.073861
vt -0.092941 0.073760
vt -0.094884 0.073342
vt 0.063877 -0.076653
vt 0.063892 -0.076549
vt 0.065839 -0.076972
vt 0.076821 -0.024834
vt 0.076827 -0.024730
vt 0.078806 -0.025006
vt 0.082560 0.024981
vt 0.082568 0.025086
vt 0.084548 0.024773
vt 0.088582 0.062204
vt 0.088598 0.062307
vt 0.090560 0.061887
vt 0.098037 0.071896
vt 0.098068 0.071996
vt 0.099961 0.071326
vt 0.113639 0.015457
vt 0.113717 0.015527
vt 0.115043 0.014022
vt -0.005928 -0.088831
vt -0.005864 -0.088914
vt -0.007425 -0.090166
vt -0.052438 -0.033370
vt -0.052414 -0.033472
vt -0.054340 -0.033991
vt -0.086103 0.051656
vt -0.086111 0.051859
vt -0.085761 0.051872
vt -0.069676 0.045086
vt -0.069667 0.044982
vt -0.071644 0.044757
vt -0.074949 0.075869
vt -0.074941 0.075764
vt -0.076921 0.075603
vt -0.081312 0.080870
vt -0.081300 0.080766
vt -0.083276 0.080578
vt -0.006641 -0.104205
vt -0.006562 -0.104135
vt -0.005318 -0.105686
vt 0.073588 -0.043770
vt 0.073595 -0.043666
vt 0.075568 -0.043943
vt 0.079458 0.002758
vt 0.079464 0.002863
vt 0.081444 0.002591
vt 0.084122 0.043115
vt 0.084132 0.043219
vt 0.086106 0.042875
vt 0.090267 0.064896
vt 0.090288 0.064999
vt 0.092231 0.064495
vt 0.101439 0.050346
vt 0.101485 0.050441
vt 0.103262 0.049507
vt 0.062722 -0.074114
vt 0.062826 -0.074131
vt 0.062491 -0.076108
vt -0.042546 -0.057257
vt -0.042509 -0.057355
vt -0.044367 -0.058096
vt -0.061890 -0.002473
vt -0.061873 -0.002577
vt -0.063834 -0.002945
vt -0.076087 0.047888
vt -0.076147 0.048081
vt -0.075812 0.048185
vt -0.063516 -0.003575
vt -0.063559 -0.003670
vt -0.065388 -0.002887
vt -0.044536 0.044118
vt -0.044577 0.044022
vt -0.046404 0.044802
vt -0.021377 0.089277
vt -0.021426 0.089184
vt -0.023163 0.090146
vt 0.021676 0.113087
vt 0.021604 0.113012
vt 0.020234 0.114451
vt 0.098794 0.065036
vt 0.098689 0.065036
vt 0.098833 0.067023
vt 0.101891 -0.001755
vt 0.101816 -0.001682
vt 0.103323 -0.000369
vt 0.079882 0.011147
vt 0.079831 0.011238
vt 0.081643 0.012091
vt 0.061916 0.051299
vt 0.061875 0.051395
vt 0.063761 0.052080
vt 0.042705 0.091911
vt 0.042665 0.092008
vt 0.044547 0.092709
vt 0.007633 0.117687
vt 0.007578 0.117776
vt 0.009298 0.118808
vt -0.098740 0.060082
vt -0.098845 0.060082
vt -0.098886 0.062083
vt -0.088292 -0.029296
vt -0.088351 -0.029383
vt -0.090029 -0.028303
vt -0.098866 0.022491
vt -0.098813 0.022687
vt -0.098475 0.022596
vt 0.027568 0.093401
vt 0.027483 0.093339
vt 0.026265 0.094911
vt 0.082048 0.072009
vt 0.081944 0.071997
vt 0.081709 0.073969
vt 0.099140 0.018315
vt 0.099048 0.018367
vt 0.100051 0.020080
vt 0.079068 0.011258
vt 0.078998 0.011335
vt 0.080532 0.012600
vt 0.055245 0.039959
vt 0.055184 0.040044
vt 0.056876 0.041096
vt 0.028815 0.077282
vt 0.028753 0.077366
vt 0.030446 0.078428
vt -0.010723 0.102110
vt -0.010800 0.102181
vt -0.009325 0.103537
vt -0.079171 0.074576
vt -0.079275 0.074592
vt -0.078857 0.076555
vt -0.094970 -0.001907
vt -0.095054 -0.001969
vt -0.096195 -0.000317
vt -0.067129 -0.005044
vt -0.067192 -0.005128
vt -0.068781 -0.003904
vt -0.041069 0.028917
vt -0.041130 0.028832
vt -0.042787 0.029953
vt -0.012679 0.069022
vt -0.012746 0.068942
vt -0.014312 0.070178
vt -0.089143 0.007505
vt -0.089333 0.007574
vt -0.089213 0.007903
vt -0.115098 0.057419
vt -0.115203 0.057427
vt -0.115101 0.059414
vt -0.107976 0.015359
vt -0.108076 0.015329
vt -0.108659 0.017228
vt -0.067767 0.012222
vt -0.067858 0.012169
vt -0.068822 0.013904
vt -0.018364 0.040436
vt -0.018450 0.040376
vt -0.019514 0.042055
vt 0.033563 0.071814
vt 0.033474 0.071758
vt 0.032532 0.073513
vt 0.083684 0.080528
vt 0.083586 0.080489
vt 0.083008 0.082402
vt 0.115642 0.057733
vt 0.115538 0.057726
vt 0.115559 0.059729
vt 0.110815 0.030738
vt 0.110714 0.030765
vt 0.111345 0.032671
vt 0.077213 0.032089
vt 0.077121 0.032139
vt 0.078136 0.033871
vt 0.031450 0.059065
vt 0.031364 0.059125
vt 0.032522 0.060762
vt -0.020697 0.088527
vt -0.020783 0.088586
vt -0.019695 0.090265
vt -0.076117 0.093177
vt -0.076213 0.093219
vt -0.075461 0.095067
vt -0.117590 0.020150
vt -0.117917 0.020275
vt -0.117645 0.020496
vt -0.056923 0.002197
vt -0.056958 0.002098
vt -0.058854 0.002700
vt -0.040855 0.056962
vt -0.040890 0.056864
vt -0.042768 0.057509
vt -0.019227 0.103190
vt -0.019270 0.103095
vt -0.021063 0.103948
vt 0.027909 0.122327
vt 0.027838 0.122249
vt 0.026440 0.123663
vt 0.114026 0.042736
vt 0.113923 0.042757
vt 0.114475 0.044672
vt 0.097652 -0.013865
vt 0.097590 -0.013781
vt 0.099294 -0.012736
vt 0.075954 0.014925
vt 0.075913 0.015021
vt 0.077806 0.015676
vt 0.060424 0.062257
vt 0.060391 0.062356
vt 0.062330 0.062873
vt 0.043962 0.103722
vt 0.043931 0.103822
vt 0.045867 0.104355
vt 0.010141 0.126275
vt 0.010095 0.126369
vt 0.011899 0.127245
vt -0.116588 0.014034
vt -0.116685 0.013994
vt -0.117478 0.015831
vt -0.077159 -0.040636
vt -0.077202 -0.040731
vt -0.079045 -0.039965
vt -0.105518 0.031120
vt -0.105743 0.030852
vt -0.105863 0.031181
vt -0.100358 0.039924
vt -0.100415 0.039835
vt -0.102113 0.040873
vt -0.089373 0.058014
vt -0.089432 0.057928
vt -0.091086 0.059027
vt -0.066349 0.085988
vt -0.066420 0.085911
vt -0.067844 0.087295
vt -0.010152 0.111942
vt -0.010249 0.111903
vt -0.010900 0.113781
vt 0.071480 0.090115
vt 0.071381 0.090149
vt 0.072158 0.091984
vt 0.101498 0.054341
vt 0.101423 0.054415
vt 0.102935 0.055722
vt 0.103678 0.046866
vt 0.103618 0.046952
vt 0.105344 0.047970
vt 0.097152 0.057923
vt 0.097097 0.058012
vt 0.098862 0.058968
vt 0.080404 0.080857
vt 0.080342 0.080941
vt 0.081997 0.082078
vt 0.025957 0.112278
vt 0.025865 0.112329
vt 0.026853 0.114074
vt -0.080835 0.081341
vt -0.080929 0.081296
vt -0.081816 0.083090
vt -0.104075 0.040534
vt -0.104142 0.040453
vt -0.105725 0.041667
vt -0.036995 -0.011296
vt -0.036991 -0.011093
vt -0.036641 -0.011100
vt -0.050091 0.001483
vt -0.050118 0.001382
vt -0.052050 0.001859
vt -0.036646 0.060354
vt -0.036675 0.060254
vt -0.038587 0.060791
vt -0.017645 0.107901
vt -0.017682 0.107803
vt -0.019525 0.108543
vt 0.027757 0.126379
vt 0.027691 0.126297
vt 0.026199 0.127610
vt 0.119500 0.027249
vt 0.119400 0.027280
vt 0.120111 0.029141
vt 0.091930 -0.024347
vt 0.091876 -0.024257
vt 0.093665 -0.023368
vt 0.071032 0.012890
vt 0.070997 0.012989
vt 0.072929 0.013519
vt 0.057576 0.064667
vt 0.057549 0.064769
vt 0.059516 0.065168
vt 0.044188 0.107390
vt 0.044164 0.107492
vt 0.046133 0.107884
vt 0.017011 0.128948
vt 0.016976 0.129047
vt 0.018871 0.129705
vt -0.116333 -0.019447
vt -0.116419 -0.019507
vt -0.117599 -0.017891
vt -0.066615 -0.049745
vt -0.066648 -0.049844
vt -0.068559 -0.049270
vt -0.111026 0.036297
vt -0.110994 0.036497
vt -0.110648 0.036443
vt -0.062856 -0.031302
vt -0.062886 -0.031403
vt -0.064805 -0.030876
vt -0.050716 0.013773
vt -0.050740 0.013671
vt -0.052676 0.014119
vt -0.040461 0.062416
vt -0.040486 0.062314
vt -0.042404 0.062827
vt -0.025420 0.099711
vt -0.025453 0.099612
vt -0.027307 0.100330
vt 0.012742 0.114047
vt 0.012680 0.113963
vt 0.011170 0.115263
vt 0.100323 0.032414
vt 0.100223 0.032447
vt 0.101005 0.034287
vt 0.082813 -0.008494
vt 0.082761 -0.008403
vt 0.084575 -0.007552
vt 0.067471 0.023347
vt 0.067439 0.023446
vt 0.069382 0.023948
vt 0.057473 0.064835
vt 0.057450 0.064938
vt 0.059423 0.065309
vt 0.047493 0.096813
vt 0.047473 0.096916
vt 0.049447 0.097275
vt 0.026875 0.111112
vt 0.026845 0.111213
vt 0.028754 0.111814
vt -0.098898 -0.012826
vt -0.098979 -0.012892
vt -0.100280 -0.011378
vt -0.090238 0.041276
vt -0.090112 0.041434
vt -0.089838 0.041215
vt -0.077347 0.028836
vt -0.077310 0.028934
vt -0.075427 0.028290
vt -0.093343 -0.006253
vt -0.093294 -0.006160
vt -0.091529 -0.007071
vt -0.114184 0.012746
vt -0.114099 0.012807
vt -0.112966 0.011176
vt -0.043823 0.115730
vt -0.043734 0.115674
vt -0.044863 0.114038
vt 0.021188 0.109521
vt 0.021239 0.109430
vt 0.019436 0.108583
vt 0.045221 0.070061
vt 0.045258 0.069963
vt 0.043339 0.069407
vt 0.059881 0.019493
vt 0.059913 0.019393
vt 0.057963 0.018932
vt 0.074653 -0.026628
vt 0.074686 -0.026727
vt 0.072748 -0.027247
vt 0.103261 -0.031880
vt 0.103321 -0.031966
vt 0.101631 -0.033052
vt 0.003723 0.123135
vt 0.003789 0.123216
vt 0.005344 0.121950
vt -0.048135 0.107241
vt -0.048100 0.107340
vt -0.046201 0.106709
vt -0.064515 0.072679
vt -0.064482 0.072778
vt -0.062567 0.072220
vt 0.095393 0.024046
vt 0.095491 0.023869
vt 0.095184 0.023699
vt -0.066913 0.038064
vt -0.066876 0.037966
vt -0.068718 0.037214
vt -0.081772 0.073841
vt -0.081738 0.073742
vt -0.083612 0.073084
vt -0.094937 0.075712
vt -0.094894 0.075616
vt -0.096726 0.074851
vt -0.106233 0.016514
vt -0.106155 0.016444
vt -0.107555 0.015032
vt 0.004645 -0.078621
vt 0.004724 -0.078552
vt 0.005927 -0.080140
vt 0.063337 -0.018489
vt 0.063375 -0.018392
vt 0.065165 -0.019282
vt 0.081423 0.035931
vt 0.081455 0.036031
vt 0.083308 0.035270
vt 0.093038 0.067062
vt 0.093076 0.067159
vt 0.094900 0.066321
vt 0.103200 0.062174
vt 0.103256 0.062262
vt 0.104921 0.061141
vt 0.101230 0.003030
vt 0.101321 0.003081
vt 0.102290 0.001325
vt 0.022641 -0.060465
vt 0.022734 -0.060514
vt 0.021834 -0.062301
vt -0.041469 -0.017381
vt -0.041415 -0.017471
vt -0.043095 -0.018546
vt -0.070397 0.081489
vt -0.070575 0.081188
vt -0.070747 0.081493
vt -0.088709 0.048991
vt -0.088799 0.048936
vt -0.089873 0.050611
vt -0.047785 0.076833
vt -0.047884 0.076799
vt -0.048530 0.078678
vt 0.016219 0.088385
vt 0.016115 0.088387
vt 0.016196 0.090371
vt 0.074045 0.067494
vt 0.073947 0.067531
vt 0.074734 0.069357
vt 0.102915 0.041544
vt 0.102826 0.041600
vt 0.104007 0.043204
vt 0.108504 0.035051
vt 0.108420 0.035113
vt 0.109732 0.036620
vt 0.095226 0.052795
vt 0.095138 0.052852
vt 0.096365 0.054436
vt 0.055522 0.085651
vt 0.055425 0.085688
vt 0.056257 0.087515
vt -0.016749 0.100309
vt -0.016853 0.100307
vt -0.016838 0.102314
vt -0.080586 0.072165
vt -0.080682 0.072124
vt -0.081465 0.073970
vt -0.106174 0.040882
vt -0.106260 0.040823
vt -0.107417 0.042455
vt -0.106640 0.032917
vt -0.106725 0.032855
vt -0.107952 0.034428
vt -0.012297 -0.067127
vt -0.012444 -0.066988
vt -0.012204 -0.066733
vt -0.062720 0.014441
vt -0.062663 0.014353
vt -0.064308 0.013233
vt -0.088916 0.048792
vt -0.088860 0.048703
vt -0.090532 0.047631
vt -0.110117 0.046446
vt -0.110048 0.046367
vt -0.111565 0.045086
vt -0.110274 -0.018653
vt -0.110175 -0.018689
vt -0.110932 -0.020527
vt -0.024957 -0.080858
vt -0.024866 -0.080807
vt -0.024012 -0.082607
vt 0.044541 -0.044188
vt 0.044603 -0.044104
vt 0.046105 -0.045422
vt 0.078373 0.006566
vt 0.078427 0.006655
vt 0.080060 0.005493
vt 0.100286 0.038463
vt 0.100345 0.038549
vt 0.101926 0.037312
vt 0.115128 0.033568
vt 0.115205 0.033639
vt 0.116515 0.032117
vt 0.105863 -0.018156
vt 0.105964 -0.018129
vt 0.106477 -0.020068
vt 0.040680 -0.061208
vt 0.040776 -0.061249
vt 0.040027 -0.063104
vt -0.024227 -0.034156
vt -0.024156 -0.034233
vt -0.025587 -0.035623
vt -0.085966 0.065078
vt -0.086124 0.064765
vt -0.086316 0.065058
vt -0.074568 -0.006162
vt -0.074554 -0.006058
vt -0.072576 -0.006280
vt -0.084292 -0.043248
vt -0.084264 -0.043147
vt -0.082346 -0.043663
vt -0.035763 0.110562
vt -0.035679 0.110499
vt -0.036901 0.108933
vt 0.045018 0.110498
vt 0.045038 0.110395
vt 0.043069 0.110121
vt 0.052572 0.084777
vt 0.052583 0.084673
vt 0.050592 0.084602
vt 0.054306 0.039526
vt 0.054313 0.039422
vt 0.052315 0.039462
vt 0.053135 -0.016100
vt 0.053135 -0.016205
vt 0.051137 -0.016052
vt 0.044317 -0.070925
vt 0.044302 -0.071029
vt 0.042335 -0.070632
vt -0.108914 0.025376
vt -0.108988 0.025450
vt -0.107518 0.026819
vt -0.076298 0.093424
vt -0.076308 0.093528
vt -0.074310 0.093706
vt -0.072299 0.079642
vt -0.072297 0.079747
vt -0.070297 0.079755
vt -0.072130 0.041747
vt -0.072122 0.041851
vt -0.070130 0.041754
vt 0.091519 0.044093
vt 0.091674 0.043963
vt 0.091448 0.043695
vt -0.036332 0.023932
vt -0.036252 0.024000
vt -0.034930 0.022512
vt -0.077391 -0.000184
vt -0.077300 -0.000133
vt -0.076306 -0.001853
vt -0.108489 0.019119
vt -0.108385 0.019135
vt -0.108127 0.017166
vt -0.099054 0.064241
vt -0.098953 0.064210
vt -0.099624 0.062339
vt -0.059984 0.075636
vt -0.059897 0.075577
vt -0.061133 0.074015
vt -0.018689 0.048291
vt -0.018611 0.048222
vt -0.020062 0.046847
vt 0.022024 0.006184
vt 0.022102 0.006113
vt 0.020648 0.004735
vt 0.067024 -0.020639
vt 0.067111 -0.020697
vt 0.065906 -0.022302
vt 0.107255 0.006426
vt 0.107358 0.006407
vt 0.106929 0.004445
vt 0.094428 0.071680
vt 0.094526 0.071717
vt 0.095211 0.069832
vt 0.047363 0.089278
vt 0.047446 0.089343
vt 0.048698 0.087781
vt 0.003952 0.063510
vt 0.004029 0.063582
vt 0.005427 0.062158
vt 0.110783 0.027810
vt 0.110900 0.027644
vt 0.110613 0.027442
vt -0.068571 0.003116
vt -0.068530 0.003213
vt -0.066680 0.002480
vt -0.090237 -0.018906
vt -0.090174 -0.018823
vt -0.088576 -0.020002
vt -0.096847 0.056789
vt -0.096743 0.056790
vt -0.096752 0.054805
vt -0.013735 0.111137
vt -0.013672 0.111054
vt -0.015315 0.109936
vt 0.020303 0.086827
vt 0.020344 0.086730
vt 0.018458 0.086087
vt 0.036867 0.041556
vt 0.036900 0.041456
vt 0.034959 0.040984
vt 0.050129 -0.009351
vt 0.050160 -0.009451
vt 0.048207 -0.009898
vt 0.069038 -0.046458
vt 0.069077 -0.046555
vt 0.067178 -0.047204
vt 0.097494 0.049137
vt 0.097598 0.049133
vt 0.097469 0.047130
vt -0.019377 0.112348
vt -0.019338 0.112446
vt -0.017482 0.111687
vt -0.041802 0.088018
vt -0.041771 0.088118
vt -0.039847 0.087569
vt -0.054763 0.047286
vt -0.054730 0.047385
vt -0.052818 0.046815
vt 0.095896 0.027204
vt 0.095950 0.027399
vt 0.096288 0.027307
vt -0.036000 0.023046
vt -0.035927 0.023122
vt -0.034464 0.021774
vt -0.072020 -0.004439
vt -0.071935 -0.004378
vt -0.070762 -0.005981
vt -0.102812 0.012548
vt -0.102710 0.012572
vt -0.102293 0.010631
vt -0.092664 0.063670
vt -0.092564 0.063639
vt -0.093244 0.061771
vt -0.052016 0.077851
vt -0.051933 0.077787
vt -0.053261 0.076301
vt -0.013895 0.050728
vt -0.013823 0.050652
vt -0.015381 0.049401
vt 0.020987 0.007678
vt 0.021057 0.007600
vt 0.019472 0.006375
vt 0.059826 -0.023834
vt 0.059905 -0.023902
vt 0.058510 -0.025345
vt 0.100586 -0.002494
vt 0.100686 -0.002524
vt 0.100050 -0.004428
vt 0.087282 0.071347
vt 0.087380 0.071385
vt 0.088101 0.069514
vt 0.037827 0.090295
vt 0.037904 0.090365
vt 0.039275 0.088907
vt -0.001575 0.063707
vt -0.001505 0.063785
vt 0.000016 0.062493
vt 0.105131 0.023730
vt 0.105239 0.023559
vt 0.104942 0.023372
vt -0.070762 -0.003046
vt -0.070723 -0.002948
vt -0.068857 -0.003640
vt -0.091731 -0.008801
vt -0.091660 -0.008724
vt -0.090194 -0.010064
vt -0.043933 0.098261
vt -0.043845 0.098205
vt -0.044953 0.096557
vt 0.016753 0.102732
vt 0.016795 0.102636
vt 0.014939 0.101925
vt 0.034432 0.073568
vt 0.034461 0.073468
vt 0.032512 0.073052
vt 0.043951 0.029546
vt 0.043975 0.029444
vt 0.042000 0.029140
vt 0.052491 -0.017742
vt 0.052514 -0.017844
vt 0.050532 -0.018137
vt 0.069005 -0.048448
vt 0.069040 -0.048546
vt 0.067112 -0.049104
vt -0.006322 0.105111
vt -0.006273 0.105204
vt -0.004528 0.104210
vt -0.042522 0.098049
vt -0.042501 0.098152
vt -0.040540 0.097731
vt -0.051976 0.073875
vt -0.051954 0.073977
vt -0.049992 0.073583
vt -0.059878 0.035660
vt -0.059850 0.035761
vt -0.057912 0.035287
vt 0.084958 0.035446
vt 0.085126 0.035332
vt 0.084929 0.035042
vt -0.095894 0.036135
vt -0.095866 0.036236
vt -0.093937 0.035748
vt -0.091185 0.046314
vt -0.091124 0.046399
vt -0.089503 0.045251
vt 0.055401 0.090766
vt 0.055467 0.090684
vt 0.053895 0.089471
vt 0.083796 0.070661
vt 0.083823 0.070560
vt 0.081879 0.070144
vt 0.088387 0.061158
vt 0.088405 0.061055
vt 0.086423 0.060852
vt 0.090232 0.043332
vt 0.090246 0.043228
vt 0.088250 0.043131
vt 0.091297 0.017426
vt 0.091307 0.017322
vt 0.089303 0.017294
vt 0.092002 -0.011633
vt 0.092007 -0.011738
vt 0.090000 -0.011704
vt -0.092924 0.035901
vt -0.092924 0.036006
vt -0.090917 0.035941
vt -0.093464 0.052307
vt -0.093458 0.052412
vt -0.091457 0.052285
vt -0.094135 0.056213
vt -0.094122 0.056317
vt -0.092131 0.056122
vt -0.094955 0.048619
vt -0.094936 0.048722
vt -0.092963 0.048428
vt 0.027536 0.039062
vt 0.027709 0.038957
vt 0.027527 0.038658
vt -0.086622 0.027692
vt -0.086641 0.027795
vt -0.084691 0.028191
vt -0.076069 -0.023099
vt -0.076099 -0.022999
vt -0.074200 -0.022419
vt 0.051666 -0.072761
vt 0.051562 -0.072773
vt 0.051377 -0.070796
vt 0.094746 0.049614
vt 0.094716 0.049514
vt 0.092838 0.050166
vt 0.088995 0.070722
vt 0.088976 0.070619
vt 0.087047 0.071115
vt 0.083454 0.059213
vt 0.083435 0.059111
vt 0.081510 0.059647
vt 0.074911 0.022272
vt 0.074881 0.022171
vt 0.073008 0.022882
vt 0.051991 -0.034027
vt 0.051934 -0.034115
vt 0.050316 -0.032927
vt -0.046080 -0.060711
vt -0.046185 -0.060706
vt -0.046021 -0.058705
vt -0.096727 0.027574
vt -0.096782 0.027663
vt -0.095069 0.028707
vt -0.095293 0.061346
vt -0.095323 0.061446
vt -0.093411 0.062039
vt -0.091447 0.057846
vt -0.091466 0.057949
vt -0.089517 0.058376
vt 0.041891 0.074776
vt 0.042036 0.074635
vt 0.041792 0.074383
vt -0.058728 0.003741
vt -0.058740 0.003845
vt -0.056770 0.004124
vt -0.048704 -0.045793
vt -0.048721 -0.045690
vt -0.046764 -0.045354
vt 0.020361 -0.089815
vt 0.020283 -0.089745
vt 0.021637 -0.088293
vt 0.070539 0.079252
vt 0.070516 0.079149
vt 0.068600 0.079679
vt 0.058539 0.079114
vt 0.058526 0.079010
vt 0.056570 0.079393
vt 0.050704 0.049441
vt 0.050691 0.049337
vt 0.048737 0.049756
vt 0.040839 0.002369
vt 0.040817 0.002266
vt 0.038893 0.002824
vt 0.019979 -0.049513
vt 0.019937 -0.049609
vt 0.018153 -0.048689
vt -0.060000 -0.061503
vt -0.060100 -0.061533
vt -0.060607 -0.059590
vt -0.091094 0.051798
vt -0.091150 0.051886
vt -0.089456 0.052959
vt -0.075071 0.068967
vt -0.075097 0.069068
vt -0.073169 0.069604
vt -0.065995 0.046373
vt -0.066011 0.046477
vt -0.064046 0.046824
vt 0.079590 0.049104
vt 0.079720 0.048949
vt 0.079452 0.048723
vt -0.026619 0.032169
vt -0.026555 0.032252
vt -0.024950 0.031075
vt -0.056903 -0.003398
vt -0.056830 -0.003324
vt -0.055409 -0.004712
vt -0.090011 -0.004197
vt -0.089917 -0.004151
vt -0.089084 -0.005953
vt -0.094589 0.048582
vt -0.094485 0.048566
vt -0.094885 0.046618
vt -0.055599 0.079345
vt -0.055515 0.079282
vt -0.056818 0.077774
vt -0.018809 0.060937
vt -0.018741 0.060857
vt -0.020358 0.059683
vt 0.011147 0.019896
vt 0.011210 0.019812
vt 0.009515 0.018743
vt 0.042324 -0.019870
vt 0.042391 -0.019950
vt 0.040777 -0.021143
vt 0.082549 -0.024278
vt 0.082638 -0.024334
vt 0.081505 -0.025991
vt 0.092364 0.051162
vt 0.092466 0.051183
vt 0.092864 0.049218
vt 0.041030 0.090780
vt 0.041107 0.090851
vt 0.042498 0.089413
vt 0.002867 0.071639
vt 0.002931 0.071722
vt 0.004543 0.070546
vt 0.099045 0.021918
vt 0.099121 0.021731
vt 0.098796 0.021599
vt -0.007425 0.009603
vt -0.007416 0.009707
vt -0.005430 0.009592
vt -0.011977 -0.046752
vt -0.011962 -0.046649
vt -0.009994 -0.046921
vt -0.047555 -0.078892
vt -0.047503 -0.078801
vt -0.045796 -0.079815
vt -0.029208 0.107630
vt -0.029181 0.107528
vt -0.031122 0.107099
vt -0.015437 0.099966
vt -0.015425 0.099862
vt -0.017415 0.099765
vt -0.012976 0.062858
vt -0.012969 0.062753
vt -0.014967 0.062782
vt -0.013737 0.008934
vt -0.013736 0.008830
vt -0.015735 0.008965
vt -0.018977 -0.046343
vt -0.018987 -0.046447
vt -0.020971 -0.046145
vt -0.056038 -0.073618
vt -0.056092 -0.073707
vt -0.057777 -0.072615
vt -0.025628 0.108442
vt -0.025653 0.108544
vt -0.023706 0.109025
vt -0.010210 0.100647
vt -0.010215 0.100751
vt -0.008217 0.100872
vt -0.007145 0.063767
vt -0.007141 0.063872
vt -0.005146 0.063861
vt 0.101340 0.047661
vt 0.101457 0.047496
vt 0.101172 0.047293
vt -0.032645 0.009190
vt -0.032574 0.009267
vt -0.031076 0.007957
vt -0.072991 -0.010137
vt -0.072899 -0.010086
vt -0.071923 -0.011816
vt -0.100253 0.035596
vt -0.100149 0.035583
vt -0.100420 0.033616
vt -0.075167 0.084273
vt -0.075084 0.084210
vt -0.076369 0.082693
vt -0.042323 0.079563
vt -0.042257 0.079482
vt -0.043888 0.078338
vt -0.014264 0.041617
vt -0.014204 0.041531
vt -0.015927 0.040518
vt 0.016001 -0.006845
vt 0.016065 -0.006927
vt 0.014394 -0.008033
vt 0.060759 -0.033205
vt 0.060843 -0.033267
vt 0.059564 -0.034813
vt 0.099896 0.031443
vt 0.099999 0.031460
vt 0.100253 0.029468
vt 0.062075 0.094874
vt 0.062150 0.094948
vt 0.063553 0.093514
vt 0.026530 0.089657
vt 0.026591 0.089742
vt 0.028239 0.088607
vt -0.001828 0.053240
vt -0.001767 0.053325
vt -0.000115 0.052208
vt 0.099558 0.051429
vt 0.099713 0.051299
vt 0.099488 0.051030
vt -0.058190 0.007690
vt -0.058165 0.007792
vt -0.056220 0.007373
vt -0.074466 -0.030072
vt -0.074422 -0.029977
vt -0.072612 -0.030793
vt -0.079968 0.073323
vt -0.079866 0.073298
vt -0.080372 0.071378
vt 0.009970 0.116927
vt 0.010007 0.116829
vt 0.008112 0.116227
vt 0.026796 0.096648
vt 0.026818 0.096545
vt 0.024845 0.096265
vt 0.033601 0.053636
vt 0.033617 0.053532
vt 0.031624 0.053384
vt 0.037811 -0.001802
vt 0.037823 -0.001906
vt 0.035820 -0.001979
vt 0.041572 -0.055364
vt 0.041579 -0.055469
vt 0.039572 -0.055500
vt -0.026789 0.100492
vt -0.026773 0.100596
vt -0.024802 0.100209
vt -0.043714 0.109136
vt -0.043707 0.109240
vt -0.041706 0.109100
vt -0.047266 0.094677
vt -0.047254 0.094781
vt -0.045262 0.094592
vt -0.051429 0.056898
vt -0.051412 0.057001
vt -0.049435 0.056731
vt 0.092496 0.052576
vt 0.092646 0.052441
vt 0.092411 0.052181
vt -0.058927 0.015269
vt -0.058946 0.015166
vt -0.060910 0.015483
vt -0.051861 0.061571
vt -0.051883 0.061469
vt -0.053827 0.061874
vt -0.039714 0.096808
vt -0.039745 0.096708
vt -0.041634 0.097320
vt -0.000658 0.113888
vt -0.000720 0.113804
vt -0.002262 0.115058
vt 0.103614 0.015366
vt 0.103527 0.015425
vt 0.104761 0.016989
vt 0.085485 -0.009894
vt 0.085445 -0.009797
vt 0.087345 -0.009178
vt 0.074877 0.023358
vt 0.074851 0.023459
vt 0.076825 0.023805
vt 0.068316 0.062077
vt 0.068297 0.062180
vt 0.070291 0.062414
vt 0.062155 0.090061
vt 0.062141 0.090165
vt 0.064139 0.090364
vt 0.049258 0.101606
vt 0.049239 0.101709
vt 0.051214 0.102057
vt -0.085003 -0.048986
vt -0.085042 -0.049083
vt -0.086914 -0.048377
vt -0.065773 -0.030417
vt -0.065792 -0.030520
vt -0.067763 -0.030209
vt -0.084815 0.034392
vt -0.084799 0.034594
vt -0.084450 0.034566
vt -0.103416 0.048340
vt -0.103467 0.048248
vt -0.105229 0.049173
vt -0.102757 0.051317
vt -0.102820 0.051233
vt -0.104418 0.052412
vt -0.080139 0.083320
vt -0.080230 0.083268
vt -0.081194 0.085004
vt 0.007505 0.114588
vt 0.007405 0.114619
vt 0.008087 0.116486
vt 0.069309 0.088267
vt 0.069239 0.088345
vt 0.070811 0.089570
vt 0.090383 0.061525
vt 0.090329 0.061615
vt 0.092122 0.062498
vt 0.099732 0.042484
vt 0.099683 0.042577
vt 0.101528 0.043360
vt 0.104095 0.036159
vt 0.104043 0.036250
vt 0.105838 0.037147
vt 0.092745 0.064944
vt 0.092666 0.065013
vt 0.094030 0.066485
vt -0.023392 0.112905
vt -0.023487 0.112860
vt -0.024335 0.114678
vt -0.084097 0.079142
vt -0.084155 0.079055
vt -0.085841 0.080132
vt -0.098122 0.059146
vt -0.098171 0.059053
vt -0.099961 0.059933
vt 0.027886 -0.003308
vt 0.027800 -0.003125
vt 0.028116 -0.002974
vt -0.084955 -0.007603
vt -0.085038 -0.007666
vt -0.086289 -0.006119
vt -0.047290 0.017305
vt -0.047361 0.017228
vt -0.048825 0.018571
vt -0.009636 0.060432
vt -0.009707 0.060354
vt -0.011148 0.061721
vt 0.034344 0.092498
vt 0.034264 0.092430
vt 0.033065 0.094016
vt 0.086012 0.085767
vt 0.085914 0.085731
vt 0.085364 0.087646
vt 0.113156 0.037100
vt 0.113052 0.037117
vt 0.113549 0.039053
vt 0.094424 0.012747
vt 0.094337 0.012804
vt 0.095557 0.014393
vt 0.061703 0.033671
vt 0.061629 0.033745
vt 0.063134 0.035074
vt 0.026223 0.073198
vt 0.026154 0.073277
vt 0.027712 0.074544
vt -0.017505 0.104500
vt -0.017580 0.104573
vt -0.016171 0.106001
vt -0.077551 0.095314
vt -0.077646 0.095358
vt -0.076848 0.097193
vt -0.112900 0.025081
vt -0.113003 0.025059
vt -0.113476 0.026997
vt -0.109918 0.019926
vt -0.110237 0.019780
vt -0.110204 0.020129
vt -0.055827 -0.014812
vt -0.055830 -0.014917
vt -0.057820 -0.014911
vt -0.055698 0.041166
vt -0.055704 0.041061
vt -0.057687 0.041170
vt -0.053095 0.086629
vt -0.053104 0.086524
vt -0.055078 0.086740
vt -0.045618 0.112184
vt -0.045635 0.112081
vt -0.047581 0.112487
vt -0.003033 0.117974
vt -0.003089 0.117885
vt -0.004692 0.119070
vt 0.093259 -0.025728
vt 0.093211 -0.025635
vt 0.095051 -0.024855
vt 0.077196 -0.000919
vt 0.077175 -0.000817
vt 0.079163 -0.000565
vt 0.072428 0.045280
vt 0.072417 0.045384
vt 0.074422 0.045474
vt 0.070619 0.083338
vt 0.070616 0.083443
vt 0.072624 0.083430
vt 0.070982 0.099664
vt 0.070988 0.099769
vt 0.072990 0.099646
vt 0.081098 0.079783
vt 0.081124 0.079884
vt 0.083068 0.079408
vt -0.048335 -0.070679
vt -0.048326 -0.070784
vt -0.050306 -0.071024
vt -0.087850 0.057593
vt -0.087758 0.057773
vt -0.087446 0.057612
vt -0.068551 0.015121
vt -0.068461 0.015069
vt -0.069419 0.013325
vt -0.100494 0.041066
vt -0.100409 0.041004
vt -0.101569 0.039392
vt -0.112144 0.040723
vt -0.112057 0.040664
vt -0.113203 0.039043
vt -0.099826 0.008900
vt -0.099730 0.008857
vt -0.100614 0.007077
vt -0.051311 -0.031972
vt -0.051207 -0.031979
vt -0.051490 -0.033951
vt 0.022049 -0.034067
vt 0.022148 -0.034034
vt 0.022615 -0.035977
vt 0.077738 0.002166
vt 0.077827 0.002223
vt 0.078770 0.000455
vt 0.105527 0.034630
vt 0.105611 0.034693
vt 0.106715 0.033017
vt 0.111663 0.040120
vt 0.111751 0.040177
vt 0.112784 0.038456
vt 0.095089 0.017574
vt 0.095186 0.017612
vt 0.095914 0.015743
vt 0.049610 -0.011651
vt 0.049714 -0.011644
vt 0.049876 -0.013639
vt -0.014585 -0.012989
vt -0.014484 -0.013018
vt -0.014981 -0.014950
vt -0.039062 0.109356
vt -0.038992 0.109546
vt -0.038663 0.109424
vt -0.058292 0.030389
vt -0.058220 0.030312
vt -0.059638 0.028916
vt -0.092482 0.062989
vt -0.092412 0.062911
vt -0.093881 0.061574
vt -0.116067 0.057932
vt -0.115987 0.057865
vt -0.117292 0.056369
vt -0.114758 0.002186
vt -0.114658 0.002154
vt -0.115359 0.000294
vt -0.050684 -0.054188
vt -0.050583 -0.054158
vt -0.050144 -0.056101
vt 0.026124 -0.032456
vt 0.026203 -0.032387
vt 0.027376 -0.034005
vt 0.073285 0.018050
vt 0.073354 0.018129
vt 0.074753 0.016694
vt 0.102765 0.052387
vt 0.102836 0.052464
vt 0.104215 0.051005
vt 0.119553 0.050022
vt 0.119637 0.050084
vt 0.120767 0.048424
vt 0.111425 0.008177
vt 0.111526 0.008204
vt 0.112032 0.006263
vt 0.058447 -0.030625
vt 0.058548 -0.030650
vt 0.058104 -0.032602
vt -0.008997 -0.014306
vt -0.008912 -0.014368
vt -0.010044 -0.016011
vt -0.089031 0.089132
vt -0.089205 0.089235
vt -0.089203 0.089438
vt 0.067768 -0.054970
vt 0.067680 -0.054913
vt 0.068723 -0.053219
vt 0.004395 -0.041535
vt 0.004362 -0.041435
vt 0.006244 -0.040799
vt -0.012574 0.013917
vt -0.012594 0.014020
vt -0.010638 0.014361
vt -0.021081 0.066116
vt -0.021098 0.066220
vt -0.019122 0.066441
vt -0.027961 0.099610
vt -0.027978 0.099714
vt -0.025993 0.099891
vt -0.039443 0.103261
vt -0.039466 0.103363
vt -0.037487 0.103641
vt -0.003361 -0.089499
vt -0.003392 -0.089600
vt -0.005260 -0.088877
vt 0.025238 -0.043053
vt 0.025229 -0.043157
vt 0.023243 -0.042865
vt 0.032608 0.012433
vt 0.032596 0.012329
vt 0.030610 0.012629
vt 0.039508 0.062441
vt 0.039489 0.062338
vt 0.037520 0.062722
vt 0.049969 0.092070
vt 0.049937 0.091970
vt 0.048020 0.092543
vt 0.075118 0.080675
vt 0.075056 0.080591
vt 0.073416 0.081727
vt -0.096281 0.054083
vt -0.096466 0.054000
vt -0.096609 0.054321
vt -0.031237 0.020501
vt -0.031159 0.020572
vt -0.029782 0.019135
vt -0.076721 -0.007842
vt -0.076631 -0.007789
vt -0.075609 -0.009492
vt -0.114793 0.014977
vt -0.114689 0.014990
vt -0.114482 0.013015
vt -0.106966 0.068130
vt -0.106868 0.068094
vt -0.107653 0.066268
vt -0.067596 0.080615
vt -0.067513 0.080551
vt -0.068844 0.079068
vt -0.026648 0.049839
vt -0.026574 0.049765
vt -0.028096 0.048470
vt 0.014791 0.001930
vt 0.014866 0.001857
vt 0.013351 0.000545
vt 0.064089 -0.030448
vt 0.064175 -0.030508
vt 0.062925 -0.032079
vt 0.113424 0.000807
vt 0.113528 0.000791
vt 0.113154 -0.001182
vt 0.101020 0.077050
vt 0.101115 0.077093
vt 0.101944 0.075267
vt 0.053229 0.094858
vt 0.053308 0.094927
vt 0.054661 0.093453
vt 0.010194 0.065440
vt 0.010267 0.065515
vt 0.011735 0.064164
vt 0.117930 0.039002
vt 0.117884 0.039349
vt 0.118208 0.039216
vt -0.096683 0.059738
vt -0.096780 0.059777
vt -0.096085 0.061642
vt -0.086231 0.001746
vt -0.086334 0.001727
vt -0.086704 0.003679
vt -0.037768 -0.005894
vt -0.037854 -0.005954
vt -0.038952 -0.004300
vt 0.006214 0.029021
vt 0.006140 0.028946
vt 0.004802 0.030416
vt 0.042749 0.066705
vt 0.042676 0.066630
vt 0.041349 0.068116
vt 0.075760 0.081144
vt 0.075677 0.081080
vt 0.074592 0.082758
vt 0.098684 0.058395
vt 0.098585 0.058362
vt 0.098100 0.060306
vt 0.088477 0.019147
vt 0.088374 0.019162
vt 0.088791 0.021126
vt 0.049038 0.014633
vt 0.048949 0.014687
vt 0.050038 0.016374
vt 0.007838 0.044500
vt 0.007762 0.044572
vt 0.009145 0.046025
vt -0.029318 0.078684
vt -0.029390 0.078761
vt -0.027952 0.080152
vt -0.065756 0.090919
vt -0.065834 0.090988
vt -0.064561 0.092524
vt -0.096193 0.062905
vt -0.095992 0.062885
vt -0.096026 0.062536
vt -0.094615 -0.008311
vt -0.094679 -0.008394
vt -0.096289 -0.007225
vt -0.074134 0.004715
vt -0.074173 0.004618
vt -0.076017 0.005357
vt -0.059668 0.045416
vt -0.059703 0.045317
vt -0.061562 0.046013
vt -0.043277 0.085833
vt -0.043316 0.085736
vt -0.045123 0.086563
vt -0.013793 0.113155
vt -0.013850 0.113067
vt -0.015437 0.114274
vt 0.059372 0.100152
vt 0.059273 0.100120
vt 0.058813 0.102065
vt 0.101466 0.024238
vt 0.101384 0.024304
vt 0.102751 0.025769
vt 0.087346 0.021592
vt 0.087295 0.021683
vt 0.089101 0.022558
vt 0.073888 0.052319
vt 0.073851 0.052418
vt 0.075752 0.053064
vt 0.060605 0.085956
vt 0.060574 0.086056
vt 0.062487 0.086657
vt 0.039554 0.109723
vt 0.039515 0.109821
vt 0.041357 0.110601
vt -0.039401 0.106288
vt -0.039492 0.106340
vt -0.038545 0.108097
vt -0.082909 0.035218
vt -0.083257 0.035177
vt -0.083118 0.035499
vt -0.067828 0.002927
vt -0.067861 0.003027
vt -0.065985 0.003691
vt -0.038177 -0.059159
vt -0.038225 -0.059065
vt -0.036464 -0.058147
vt 0.071565 -0.074112
vt 0.071462 -0.074091
vt 0.071894 -0.072153
vt 0.107294 0.064355
vt 0.107238 0.064267
vt 0.105611 0.065410
vt 0.085566 0.085369
vt 0.085532 0.085270
vt 0.083701 0.086056
vt 0.068345 0.058502
vt 0.068313 0.058403
vt 0.066466 0.059166
vt 0.047499 0.005883
vt 0.047459 0.005787
vt 0.045679 0.006708
vt 0.008523 -0.051972
vt 0.008458 -0.052054
vt 0.006972 -0.050704
vt -0.078980 -0.052777
vt -0.079084 -0.052790
vt -0.079260 -0.050790
vt -0.115347 0.042037
vt -0.115422 0.042111
vt -0.114008 0.043532
vt -0.100126 0.072768
vt -0.100171 0.072862
vt -0.098378 0.073752
vt -0.084609 0.052520
vt -0.084642 0.052619
vt -0.082768 0.053301
vt 0.089110 0.071725
vt 0.089245 0.071574
vt 0.088983 0.071340
vt -0.025506 0.059434
vt -0.025455 0.059526
vt -0.023693 0.058600
vt -0.049976 0.012296
vt -0.049924 0.012387
vt -0.048196 0.011409
vt -0.076859 -0.021638
vt -0.076795 -0.021555
vt -0.075251 -0.022803
vt -0.107094 -0.005272
vt -0.107002 -0.005222
vt -0.106152 -0.007019
vt -0.085728 0.072527
vt -0.085629 0.072495
vt -0.086369 0.070645
vt -0.029012 0.086274
vt -0.028941 0.086198
vt -0.030504 0.084953
vt 0.006321 0.050546
vt 0.006376 0.050457
vt 0.004598 0.049534
vt 0.032078 0.000994
vt 0.032128 0.000902
vt 0.030302 0.000067
vt 0.059321 -0.039279
vt 0.059374 -0.039369
vt 0.057617 -0.040340
vt 0.099450 -0.030117
vt 0.099533 -0.030182
vt 0.098289 -0.031755
vt 0.074552 0.085157
vt 0.074647 0.085201
vt 0.075529 0.083405
vt 0.007056 0.096568
vt 0.007117 0.096653
vt 0.008773 0.095540
vt 0.104654 0.006638
vt 0.104642 0.006436
vt 0.104292 0.006458
vt -0.070288 -0.017361
vt -0.070286 -0.017256
vt -0.068297 -0.017239
vt -0.069538 -0.062011
vt -0.069534 -0.061906
vt -0.067549 -0.061982
vt -0.110252 -0.028796
vt -0.110183 -0.028717
vt -0.108714 -0.030053
vt 0.057806 0.100538
vt 0.057811 0.100433
vt 0.055823 0.100450
vt 0.057309 0.076574
vt 0.057310 0.076469
vt 0.055321 0.076584
vt 0.054460 0.032040
vt 0.054458 0.031935
vt 0.052470 0.032137
vt 0.048632 -0.022879
vt 0.048622 -0.022983
vt 0.046647 -0.022649
vt 0.032214 -0.076288
vt 0.032186 -0.076389
vt 0.030286 -0.075742
vt -0.085650 -0.069055
vt -0.085754 -0.069069
vt -0.085958 -0.067071
vt -0.091399 0.073856
vt -0.091431 0.073956
vt -0.089517 0.074555
vt -0.078245 0.067839
vt -0.078256 0.067943
vt -0.076270 0.068190
vt -0.073001 0.031234
vt -0.073004 0.031338
vt -0.071012 0.031445
vt 0.095009 0.031036
vt 0.095148 0.030890
vt 0.094895 0.030648
vt 0.003394 0.029045
vt 0.003398 0.029150
vt 0.005388 0.029127
vt 0.002688 -0.028466
vt 0.002696 -0.028361
vt 0.004678 -0.028492
vt -0.004676 -0.078175
vt -0.004660 -0.078072
vt -0.002704 -0.078409
vt -0.102627 0.031303
vt -0.102530 0.031264
vt -0.103358 0.029457
vt -0.029974 0.103652
vt -0.029956 0.103549
vt -0.031939 0.103358
vt -0.024393 0.076939
vt -0.024384 0.076834
vt -0.026382 0.076823
vt -0.024096 0.028557
vt -0.024093 0.028452
vt -0.026094 0.028547
vt -0.026948 -0.026814
vt -0.026953 -0.026919
vt -0.028948 -0.026703
vt -0.038168 -0.071484
vt -0.038190 -0.071587
vt -0.040138 -0.071103
vt -0.098766 0.043225
vt -0.098867 0.043253
vt -0.098313 0.045181
vt -0.008912 0.106927
vt -0.008928 0.107031
vt -0.006954 0.107358
vt 0.000911 0.078694
vt 0.000909 0.078799
vt 0.002902 0.078892
vt 0.105987 0.032807
vt 0.106045 0.032614
vt 0.105710 0.032512
vt -0.007859 0.040467
vt -0.007817 0.040563
vt -0.005974 0.039812
vt -0.028528 -0.008510
vt -0.028479 -0.008417
vt -0.026712 -0.009325
vt -0.060585 -0.039802
vt -0.060516 -0.039723
vt -0.059051 -0.041064
vt -0.101570 0.007222
vt -0.101466 0.007233
vt -0.101362 0.005248
vt -0.066818 0.080856
vt -0.066740 0.080786
vt -0.068188 0.079417
vt -0.031979 0.073523
vt -0.031926 0.073432
vt -0.033730 0.072571
vt -0.010471 0.032610
vt -0.010428 0.032514
vt -0.012316 0.031844
vt 0.008802 -0.018713
vt 0.008842 -0.018809
vt 0.006948 -0.019472
vt 0.037528 -0.058956
vt 0.037580 -0.059047
vt 0.035803 -0.059981
vt 0.100582 -0.006420
vt 0.100685 -0.006437
vt 0.100340 -0.008413
vt 0.044614 0.095499
vt 0.044674 0.095585
vt 0.046332 0.094465
vt 0.011959 0.081925
vt 0.012003 0.082021
vt 0.013842 0.081248
vt 0.101982 0.029166
vt 0.102024 0.028968
vt 0.101682 0.028894
vt -0.070018 0.059036
vt -0.069913 0.059034
vt -0.069888 0.057045
vt -0.024844 0.070026
vt -0.024745 0.069990
vt -0.025416 0.068121
vt 0.020935 0.054418
vt 0.021024 0.054362
vt 0.019928 0.052707
vt 0.056044 0.029583
vt 0.056128 0.029521
vt 0.054873 0.027979
vt 0.080831 0.015863
vt 0.080919 0.015806
vt 0.079720 0.014215
vt 0.091118 0.028637
vt 0.091215 0.028600
vt 0.090355 0.026796
vt 0.069725 0.064339
vt 0.069830 0.064341
vt 0.069704 0.062341
vt 0.017155 0.081287
vt 0.017252 0.081328
vt 0.017919 0.079435
vt -0.031027 0.065078
vt -0.030941 0.065138
vt -0.029857 0.063448
vt -0.064118 0.039948
vt -0.064034 0.040010
vt -0.062846 0.038395
vt -0.085016 0.025862
vt -0.084926 0.025917
vt -0.083859 0.024224
vt -0.090698 0.034242
vt -0.090599 0.034275
vt -0.089910 0.032403
vt 0.071115 -0.026584
vt 0.070969 -0.026443
vt 0.071213 -0.026191
vt -0.073916 -0.031368
vt -0.073876 -0.031270
vt -0.072012 -0.031966
vt -0.066570 0.071327
vt -0.066469 0.071302
vt -0.066926 0.069369
vt 0.025786 0.095583
vt 0.025815 0.095482
vt 0.023898 0.094969
vt 0.038561 0.071992
vt 0.038578 0.071889
vt 0.036602 0.071673
vt 0.043140 0.033241
vt 0.043152 0.033136
vt 0.041161 0.033048
vt 0.045320 -0.012807
vt 0.045329 -0.012911
vt 0.043330 -0.012912
vt 0.045359 -0.055414
vt 0.045362 -0.055519
vt 0.043361 -0.055415
vt -0.081897 0.046877
vt -0.081950 0.046968
vt -0.080154 0.047864
vt -0.055766 0.083406
vt -0.055768 0.083511
vt -0.053760 0.083487
vt -0.056262 0.068157
vt -0.056256 0.068262
vt -0.054254 0.068143
vt -0.058434 0.035366
vt -0.058421 0.035470
vt -0.056431 0.035261
vt -0.062754 -0.003968
vt -0.062733 -0.003866
vt -0.060768 -0.004212
vt 0.080223 0.031593
vt 0.080421 0.031548
vt 0.080344 0.031206
vt -0.045323 -0.027063
vt -0.045383 -0.026977
vt -0.043780 -0.025798
vt 0.018858 -0.063156
vt 0.018762 -0.063114
vt 0.019555 -0.061293
vt 0.091482 0.001312
vt 0.091393 0.001256
vt 0.090365 0.002954
vt 0.089322 0.051339
vt 0.089264 0.051251
vt 0.087665 0.052432
vt 0.075907 0.052601
vt 0.075858 0.052508
vt 0.074163 0.053555
vt 0.058047 0.023480
vt 0.057994 0.023389
vt 0.056353 0.024529
vt 0.028018 -0.020313
vt 0.027948 -0.020391
vt 0.026575 -0.018931
vt -0.030528 -0.045081
vt -0.030628 -0.045113
vt -0.031123 -0.043168
vt -0.086524 -0.001598
vt -0.086620 -0.001554
vt -0.085719 0.000240
vt -0.093387 0.042032
vt -0.093455 0.042113
vt -0.091910 0.043392
vt -0.084451 0.046256
vt -0.084503 0.046348
vt -0.082776 0.047359
vt -0.070314 0.019229
vt -0.070362 0.019322
vt -0.068616 0.020288
vt 0.059013 0.071130
vt 0.059193 0.071038
vt 0.059033 0.070726
vt -0.039896 -0.018681
vt -0.039198 -0.016818
vt -0.039099 -0.016852
vt -0.078149 0.012797
vt -0.077165 0.014523
vt -0.077073 0.014471
vt -0.095468 0.030792
vt -0.094450 0.032497
vt -0.094361 0.032441
vt -0.093647 0.023954
vt -0.092814 0.025759
vt -0.092721 0.025711
vt -0.068317 -0.000106
vt -0.067911 0.001845
vt -0.067811 0.001816
vt -0.019381 -0.015003
vt -0.019586 -0.013015
vt -0.019481 -0.013013
vt 0.033772 -0.002147
vt 0.033027 -0.000287
vt 0.033127 -0.000256
vt 0.072236 0.022722
vt 0.071187 0.024433
vt 0.071279 0.024482
vt 0.093060 0.034909
vt 0.091931 0.036569
vt 0.092019 0.036625
vt 0.095746 0.021770
vt 0.094754 0.023513
vt 0.094846 0.023565
vt 0.072659 -0.011639
vt 0.072087 -0.009721
vt 0.072187 -0.009689
vt 0.018884 -0.034110
vt 0.018990 -0.032117
vt 0.019094 -0.032120
vt 0.023459 0.096451
vt 0.023311 0.096313
vt 0.023072 0.096569
vt -0.056016 0.013842
vt -0.056080 0.013759
vt -0.057684 0.014937
vt -0.025926 0.054894
vt -0.025993 0.054814
vt -0.027532 0.056070
vt 0.015457 0.087346
vt 0.015377 0.087279
vt 0.014133 0.088826
vt 0.074041 0.080117
vt 0.073940 0.080091
vt 0.073531 0.082036
vt 0.106787 0.026640
vt 0.106688 0.026676
vt 0.107500 0.028496
vt 0.093276 0.005346
vt 0.093197 0.005416
vt 0.094641 0.006797
vt 0.069497 0.026306
vt 0.069431 0.026388
vt 0.071079 0.027528
vt 0.042084 0.064124
vt 0.042021 0.064207
vt 0.043689 0.065324
vt 0.002634 0.096930
vt 0.002561 0.097006
vt 0.004048 0.098355
vt -0.066314 0.089244
vt -0.066413 0.089278
vt -0.065751 0.091171
vt -0.106374 0.011819
vt -0.106469 0.011774
vt -0.107356 0.013568
vt -0.083589 -0.011907
vt -0.083661 -0.011984
vt -0.085149 -0.010655
vt -0.094539 -0.003073
vt -0.094700 -0.003384
vt -0.094889 -0.003089
vt -0.072723 -0.006326
vt -0.072769 -0.006420
vt -0.074572 -0.005578
vt -0.050880 0.041707
vt -0.050927 0.041613
vt -0.052708 0.042492
vt -0.020889 0.089024
vt -0.020946 0.088937
vt -0.022586 0.090056
vt 0.038113 0.110206
vt 0.038027 0.110145
vt 0.036957 0.111820
vt 0.114983 0.044633
vt 0.114881 0.044658
vt 0.115487 0.046556
vt 0.109802 -0.008459
vt 0.109732 -0.008382
vt 0.111309 -0.007155
vt 0.088864 0.007115
vt 0.088812 0.007206
vt 0.090620 0.008069
vt 0.069283 0.048510
vt 0.069238 0.048605
vt 0.071101 0.049352
vt 0.044701 0.092473
vt 0.044655 0.092567
vt 0.046482 0.093400
vt -0.009231 0.120218
vt -0.009302 0.120295
vt -0.007820 0.121646
vt -0.118313 0.027239
vt -0.118411 0.027202
vt -0.119150 0.029061
vt -0.096686 -0.032316
vt -0.096744 -0.032403
vt -0.098438 -0.031349
vt -0.101980 0.000701
vt -0.102192 0.000422
vt -0.102328 0.000745
vt -0.054324 -0.000341
vt -0.054403 -0.000410
vt -0.055747 0.001057
vt -0.010819 0.040939
vt -0.010896 0.040869
vt -0.012235 0.042337
vt 0.038076 0.075651
vt 0.037990 0.075591
vt 0.036881 0.077238
vt 0.091388 0.074182
vt 0.091288 0.074150
vt 0.090760 0.076066
vt 0.120436 0.030864
vt 0.120332 0.030877
vt 0.120711 0.032833
vt 0.103841 0.002232
vt 0.103748 0.002281
vt 0.104825 0.003965
vt 0.067923 0.017784
vt 0.067842 0.017850
vt 0.069227 0.019298
vt 0.026735 0.056984
vt 0.026659 0.057055
vt 0.028110 0.058441
vt -0.022665 0.091205
vt -0.022747 0.091270
vt -0.021446 0.092800
vt -0.083963 0.086471
vt -0.084061 0.086510
vt -0.083316 0.088372
vt -0.120476 0.023828
vt -0.120579 0.023813
vt -0.120906 0.025787
vt -0.096018 -0.016669
vt -0.096107 -0.016723
vt -0.097197 -0.015052
vt -0.117171 0.002918
vt -0.117381 0.002637
vt -0.117519 0.002960
vt -0.067091 0.069058
vt -0.067091 0.068954
vt -0.069079 0.068888
vt -0.069631 0.077358
vt -0.069631 0.077253
vt -0.071617 0.077237
vt 0.063996 -0.071654
vt 0.064006 -0.071550
vt 0.065977 -0.071797
vt 0.071979 -0.035581
vt 0.071981 -0.035476
vt 0.073965 -0.035605
vt 0.074323 0.003405
vt 0.074325 0.003510
vt 0.076309 0.003326
vt 0.077146 0.038965
vt 0.077151 0.039070
vt 0.079132 0.038802
vt 0.081617 0.059083
vt 0.081631 0.059187
vt 0.083590 0.058766
vt 0.091176 0.047774
vt 0.091214 0.047872
vt 0.093041 0.047041
vt 0.046439 -0.076403
vt 0.046541 -0.076430
vt 0.045964 -0.078353
vt -0.045205 -0.050254
vt -0.045173 -0.050354
vt -0.047088 -0.050951
vt -0.058796 -0.001962
vt -0.058784 -0.002066
vt -0.060766 -0.002341
vt -0.064004 0.040422
vt -0.063999 0.040317
vt -0.065989 0.040174
vt -0.066502 0.039653
vt -0.066544 0.039455
vt -0.066887 0.039527
vt -0.081965 0.016796
vt -0.082028 0.016712
vt -0.083644 0.017874
vt -0.055115 0.053932
vt -0.055182 0.053851
vt -0.056718 0.055110
vt -0.012561 0.090520
vt -0.012643 0.090454
vt -0.013856 0.092025
vt 0.057188 0.093330
vt 0.057085 0.093309
vt 0.056773 0.095272
vt 0.108325 0.042937
vt 0.108228 0.042978
vt 0.109131 0.044754
vt 0.108683 0.014974
vt 0.108607 0.015046
vt 0.110090 0.016385
vt 0.092971 0.027149
vt 0.092907 0.027231
vt 0.094571 0.028347
vt 0.070147 0.060434
vt 0.070084 0.060518
vt 0.071756 0.061627
vt 0.031415 0.097368
vt 0.031341 0.097442
vt 0.032809 0.098811
vt -0.049220 0.102836
vt -0.049321 0.102864
vt -0.048775 0.104794
vt -0.111194 0.030210
vt -0.111286 0.030160
vt -0.112279 0.031897
vt -0.102560 -0.000324
vt -0.102630 -0.000402
vt -0.104152 0.000888
vt -0.079881 -0.023064
vt -0.080046 -0.023181
vt -0.080248 -0.022895
vt -0.095189 0.011662
vt -0.041099 -0.044964
vt 0.040069 -0.025417
vt 0.079791 0.024523
vt 0.097585 0.044068
vt 0.101178 0.007380
vt 0.043437 -0.052013
vt -0.042211 -0.032611
vt -0.083618 0.017918
vt -0.101368 0.037397
vt 0.043662 0.085190
vt 0.041679 0.083714
vt 0.039207 0.083685
vt 0.036400 0.087458
vt 0.041592 0.091322
vt 0.037137 0.089817
vt 0.039120 0.091293
vt -0.055863 0.083017
vt -0.055262 0.085415
vt -0.053367 0.087002
vt -0.050901 0.087173
vt -0.048806 0.085861
vt -0.048482 0.081169
vt -0.052844 0.079412
vt -0.091575 0.014885
vt -0.048655 -0.029521
vt 0.031883 -0.054139
vt 0.097779 -0.001485
vt 0.109400 0.029066
vt 0.100189 0.008594
vt 0.061964 -0.045858
vt -0.037254 -0.057624
vt -0.096291 0.003800
vt -0.106126 0.034289
vt -0.010889 0.054303
vt -0.012450 0.052386
vt -0.014839 0.051752
vt -0.018486 0.054720
vt -0.014401 0.059740
vt -0.018351 0.057189
vt -0.016791 0.059106
vt -0.109164 0.032422
vt -0.092759 -0.035635
vt 0.033127 -0.076943
vt 0.092996 -0.014074
vt 0.107299 0.026669
vt 0.113116 0.030244
vt 0.106982 -0.024882
vt -0.057231 -0.079996
vt -0.092895 -0.009275
vt -0.102648 0.030402
vt -0.030712 0.017570
vt -0.032243 0.015629
vt -0.034623 0.014959
vt -0.038315 0.017871
vt -0.038217 0.020341
vt -0.036685 0.022282
vt -0.031987 0.022096
vt -0.074174 0.069832
vt -0.025903 0.109291
vt 0.104631 0.053314
vt 0.105249 -0.004355
vt 0.091159 0.022164
vt 0.075848 0.063055
vt 0.043118 0.110130
vt -0.106407 0.058421
vt -0.111040 0.000759
vt -0.094940 0.025704
vt -0.081635 -0.001927
vt -0.082054 -0.004363
vt -0.083825 -0.006088
vt -0.086272 -0.006442
vt -0.089552 -0.003073
vt -0.087362 0.001088
vt -0.082728 0.000290
vt -0.077029 0.071228
vt -0.019849 0.117259
vt 0.108856 0.063549
vt 0.117784 0.006492
vt 0.099129 0.023732
vt 0.075976 0.067870
vt 0.019611 0.113258
vt -0.105165 0.060934
vt -0.112956 0.006195
vt -0.099750 0.026824
vt -0.082941 -0.004654
vt -0.084716 -0.006374
vt -0.087163 -0.006723
vt -0.090436 -0.003347
vt -0.085790 0.001158
vt -0.090012 -0.000912
vt -0.088237 0.000809
vt -0.118221 0.024769
vt -0.114928 0.030714
vt -0.104920 0.039656
vt -0.085686 0.046934
vt -0.060491 0.043208
vt -0.041103 0.021839
vt -0.029273 -0.008741
vt -0.034441 -0.039024
vt -0.057153 -0.056140
vt -0.093539 -0.037731
vt -0.114736 -0.004127
vt -0.119534 0.016840
vt -0.120258 0.034570
vt -0.120753 0.031624
vt -0.113130 0.047441
vt -0.082703 0.073713
vt -0.038533 0.074395
vt -0.005910 0.043623
vt 0.014195 -0.001798
vt 0.018263 -0.050344
vt -0.006907 -0.090241
vt -0.102542 -0.047610
vt -0.120167 0.030876
vt -0.118351 0.041461
vt -0.106898 0.033382
vt -0.116922 0.016795
vt -0.119635 0.035982
vt -0.078763 0.091172
vt -0.009219 0.100317
vt 0.030070 0.062198
vt 0.053264 0.012144
vt 0.066022 -0.036243
vt 0.077859 -0.070081
vt -0.065122 0.103866
vt -0.088094 0.085407
vt -0.097401 0.061809
vt -0.085478 0.024622
vt -0.101510 -0.009268
vt -0.119812 -0.002294
vt -0.067147 0.106723
vt 0.033847 0.111062
vt 0.065530 0.070436
vt 0.083449 0.026062
vt 0.100664 -0.007394
vt 0.117404 -0.001668
vt 0.065145 0.106256
vt -0.034963 0.109335
vt -0.067604 0.069062
vt -0.052326 0.009943
vt -0.067615 -0.038028
vt -0.079310 -0.071984
vt 0.063207 0.105300
vt 0.089032 0.087609
vt 0.096800 0.063654
vt 0.107313 0.035739
vt 0.115717 0.018315
vt 0.118581 0.038130
vt 0.076569 0.092127
vt 0.008952 0.097939
vt -0.032124 0.060971
vt -0.012897 -0.003480
vt -0.016503 -0.051534
vt 0.009022 -0.090442
vt 0.104003 -0.046965
vt 0.119135 0.032733
vt 0.116674 0.042765
vt 0.119495 0.035973
vt 0.120507 0.033735
vt 0.112003 0.049241
vt 0.081521 0.071948
vt 0.038396 0.072275
vt 0.004015 0.042663
vt 0.029389 -0.009789
vt 0.035018 -0.039908
vt 0.058668 -0.055258
vt 0.095015 -0.038678
vt 0.114021 -0.002526
vt 0.118095 0.017843
vt 0.118969 0.026355
vt 0.114938 0.032468
vt 0.104144 0.041228
vt 0.084681 0.046614
vt 0.059753 0.042454
vt 0.039441 0.021282
vt -0.118296 0.021373
vt -0.087247 0.034881
vt 0.016119 0.128331
vt 0.073845 0.097877
vt 0.094585 0.063828
vt 0.107165 0.034151
vt 0.081342 0.001635
vt 0.084930 0.036034
vt -0.018180 0.126765
vt -0.075095 0.095610
vt -0.057030 0.045259
vt -0.108192 0.031776
vt -0.060078 0.005245
vt -0.062008 0.003520
vt -0.064541 0.002990
vt -0.067000 0.003799
vt -0.068725 0.005728
vt -0.068446 0.010720
vt -0.063983 0.012975
vt -0.061524 0.012166
vt -0.059799 0.010237
vt 0.060078 0.005245
vt 0.059270 0.007703
vt 0.061524 0.012166
vt 0.066516 0.012445
vt 0.068446 0.010720
vt 0.069254 0.008262
vt 0.067000 0.003799
vt 0.064541 0.002990
vt 0.062008 0.003520
vt -0.105636 0.041649
vt -0.087350 0.017880
vt -0.030545 -0.002711
vt 0.038238 0.005466
vt 0.083774 0.037603
vt 0.097968 0.049125
vt 0.080765 0.026421
vt 0.028116 -0.012480
vt -0.043762 -0.003007
vt -0.091077 0.030111
vt 0.017688 0.108662
vt 0.018477 0.111650
vt 0.020872 0.113603
vt 0.023957 0.113776
vt 0.026555 0.112102
vt 0.026883 0.106233
vt 0.021404 0.104107
vt -0.001011 0.110232
vt -0.002540 0.107547
vt -0.008382 0.106899
vt -0.010804 0.112255
vt -0.009275 0.114940
vt -0.006459 0.116213
vt -0.001352 0.113304
vt -0.029663 0.041671
vt 0.028357 0.055579
vt 0.073985 0.060726
vt 0.099905 0.059685
vt 0.087026 0.041946
vt 0.033191 0.049007
vt -0.020280 0.078025
vt -0.065177 0.083059
vt -0.095694 0.054425
vt -0.083162 0.036371
vt -0.069447 -0.015308
vt -0.070562 -0.018190
vt -0.076244 -0.019695
vt -0.079432 -0.014757
vt -0.078316 -0.011875
vt -0.075720 -0.010199
vt -0.070238 -0.012321
vt -0.054003 0.078137
vt -0.001362 0.104216
vt 0.069640 0.090881
vt 0.100508 0.038907
vt 0.081284 0.035841
vt 0.044746 0.067638
vt -0.003977 0.098658
vt -0.065562 0.094266
vt -0.100529 0.046799
vt -0.084184 0.042722
vt -0.055026 0.025015
vt -0.055811 0.022026
vt -0.061288 0.019892
vt -0.065010 0.024442
vt -0.064225 0.027431
vt -0.061833 0.029387
vt -0.056148 0.027894
vt -0.080479 0.082611
vt -0.046195 0.112897
vt 0.073354 0.094844
vt 0.105753 0.036938
vt 0.096709 0.050266
vt 0.079065 0.078449
vt 0.045370 0.108237
vt -0.069508 0.091457
vt -0.100335 0.036624
vt -0.091223 0.051121
vt -0.054715 0.019661
vt -0.057094 0.017690
vt -0.060178 0.017494
vt -0.063928 0.022020
vt -0.063162 0.025014
vt -0.060782 0.026985
vt -0.055088 0.025527
vt -0.106420 0.002139
vt -0.108383 0.024041
vt -0.106562 0.039238
vt -0.094901 0.050724
vt -0.075143 0.063074
vt -0.048227 0.062622
vt -0.022118 0.048720
vt -0.002567 0.021990
vt 0.003005 -0.012250
vt -0.010232 -0.043071
vt -0.045557 -0.055385
vt -0.086605 -0.031016
vt -0.119956 0.032214
vt -0.118549 0.043268
vt -0.118640 0.049267
vt -0.109641 0.062460
vt -0.082145 0.083632
vt -0.035184 0.096382
vt 0.006942 0.077142
vt 0.033979 0.039825
vt 0.047117 -0.005386
vt 0.046469 -0.053274
vt -0.007522 -0.095691
vt -0.111623 -0.016005
vt -0.107142 0.072772
vt -0.112612 0.057492
vt -0.117934 0.045485
vt -0.118836 0.052830
vt -0.091222 0.091641
vt -0.017589 0.119620
vt 0.038406 0.095980
vt 0.068647 0.056286
vt 0.083215 0.013173
vt 0.095011 -0.022211
vt 0.112654 -0.028260
vt -0.091817 0.085242
vt -0.074095 0.095082
vt -0.096137 0.061695
vt -0.107147 0.031345
vt -0.118801 0.021708
vt -0.105357 0.071313
vt 0.015451 0.127420
vt 0.072865 0.097314
vt 0.095151 0.064045
vt 0.107729 0.034374
vt 0.115986 0.022966
vt 0.103849 0.074003
vt -0.018531 0.127259
vt -0.041193 0.094965
vt -0.067831 0.053434
vt -0.085398 0.011166
vt -0.097021 -0.024393
vt -0.111457 -0.030974
vt 0.092718 0.088068
vt 0.104757 0.074536
vt 0.113262 0.060386
vt 0.118111 0.048446
vt 0.115883 0.053113
vt 0.088532 0.090393
vt 0.016330 0.116935
vt -0.009502 0.076524
vt -0.034492 0.037913
vt -0.048775 -0.007432
vt -0.044112 -0.054448
vt 0.010050 -0.094952
vt 0.114148 -0.015255
vt 0.118155 0.034135
vt 0.119479 0.045732
vt 0.116052 0.049754
vt 0.107052 0.061974
vt 0.080251 0.085461
vt 0.034267 0.093913
vt 0.019948 0.048586
vt 0.004089 0.020437
vt -0.000970 -0.013014
vt 0.009956 -0.045228
vt 0.046707 -0.057229
vt 0.088725 -0.031495
vt 0.105019 0.003802
vt 0.108044 0.025304
vt 0.105726 0.040244
vt 0.094454 0.052852
vt 0.073895 0.061294
vt 0.046229 0.063476
vt -0.096964 0.033039
vt -0.096222 0.048049
vt -0.090936 0.060784
vt -0.076253 0.071298
vt -0.054177 0.074580
vt -0.028868 0.068639
vt -0.011591 0.046907
vt -0.001116 0.016953
vt -0.006027 -0.015506
vt -0.031339 -0.035269
vt -0.068724 -0.024155
vt -0.092478 0.007596
vt -0.105083 0.052951
vt -0.105120 0.058671
vt -0.101412 0.065421
vt -0.085467 0.082037
vt -0.049073 0.100506
vt -0.007115 0.094842
vt 0.020281 0.066071
vt 0.037300 0.025998
vt 0.040195 -0.020517
vt 0.015252 -0.067841
vt -0.085626 -0.039625
vt -0.106331 0.032219
vt -0.098599 0.072666
vt -0.102565 0.060067
vt -0.107137 0.056098
vt -0.096133 0.077284
vt -0.042021 0.114854
vt 0.018000 0.110066
vt 0.051527 0.080677
vt 0.068517 0.041145
vt 0.079603 0.000680
vt 0.090092 -0.029973
vt -0.068957 0.086101
vt -0.091798 0.079169
vt -0.078775 0.081849
vt -0.091433 0.052932
vt -0.101653 0.030528
vt -0.106189 0.043571
vt -0.025642 0.118394
vt 0.052143 0.109259
vt 0.077776 0.084196
vt 0.090488 0.055300
vt 0.098956 0.032027
vt 0.104334 0.045321
vt 0.022655 0.119169
vt -0.053517 0.107111
vt -0.050870 0.077783
vt -0.067371 0.038407
vt -0.079895 -0.001708
vt -0.090293 -0.032370
vt 0.069642 0.088989
vt 0.089486 0.081029
vt 0.096140 0.074328
vt 0.101433 0.062190
vt 0.105546 0.057903
vt 0.093929 0.078247
vt 0.040207 0.112505
vt -0.020885 0.109373
vt -0.022606 0.064831
vt -0.037398 0.024020
vt -0.039664 -0.022426
vt -0.013821 -0.069210
vt 0.086311 -0.037080
vt 0.104863 0.034407
vt 0.106288 0.055294
vt 0.105572 0.061267
vt 0.100963 0.068018
vt 0.083931 0.084178
vt 0.047735 0.098236
vt 0.005768 0.093389
vt 0.011222 0.045652
vt 0.001304 0.015659
vt 0.006787 -0.016570
vt 0.032575 -0.035697
vt 0.070650 -0.025167
vt 0.091439 0.009506
vt 0.098561 0.034515
vt 0.097034 0.050066
vt 0.089853 0.061517
vt 0.074730 0.069746
vt 0.052341 0.075745
vt 0.027994 0.067665
vt -0.118245 0.020656
vt -0.118158 0.020597
vt -0.118120 0.020398
vt -0.118272 0.020266
vt -0.118377 0.020273
vt -0.118464 0.020332
vt -0.118502 0.020530
vt -0.118444 0.020617
vt -0.118350 0.020663
vt -0.086040 0.051936
vt -0.085940 0.051967
vt -0.085838 0.051943
vt -0.085730 0.051772
vt -0.085753 0.051670
vt -0.085824 0.051593
vt -0.085924 0.051562
vt -0.086026 0.051585
vt -0.086134 0.051756
vt -0.076098 0.048174
vt -0.076010 0.048230
vt -0.075905 0.048234
vt -0.075756 0.048096
vt -0.075752 0.047992
vt -0.075801 0.047899
vt -0.075890 0.047843
vt -0.075994 0.047839
vt -0.076143 0.047976
vt -0.098723 0.022739
vt -0.098618 0.022739
vt -0.098527 0.022687
vt -0.098475 0.022492
vt -0.098527 0.022401
vt -0.098618 0.022348
vt -0.098722 0.022348
vt -0.098813 0.022401
vt -0.098866 0.022596
vt -0.089377 0.007669
vt -0.089368 0.007773
vt -0.089308 0.007859
vt -0.089109 0.007894
vt -0.089023 0.007834
vt -0.088979 0.007739
vt -0.088988 0.007635
vt -0.089048 0.007549
vt -0.089247 0.007514
vt -0.117560 0.020435
vt -0.117518 0.020339
vt -0.117528 0.020235
vt -0.117685 0.020107
vt -0.117789 0.020118
vt -0.117874 0.020179
vt -0.117907 0.020379
vt -0.117845 0.020464
vt -0.117750 0.020507
vt -0.105777 0.031241
vt -0.105673 0.031250
vt -0.105578 0.031206
vt -0.105508 0.031016
vt -0.105553 0.030921
vt -0.105639 0.030861
vt -0.105838 0.030896
vt -0.105898 0.030982
vt -0.105907 0.031086
vt -0.036916 -0.011020
vt -0.036814 -0.010995
vt -0.036713 -0.011024
vt -0.036615 -0.011201
vt -0.036644 -0.011302
vt -0.036720 -0.011375
vt -0.036821 -0.011400
vt -0.036922 -0.011371
vt -0.037020 -0.011194
vt -0.110909 0.036559
vt -0.110805 0.036570
vt -0.110710 0.036527
vt -0.110637 0.036338
vt -0.110679 0.036243
vt -0.110764 0.036181
vt -0.110868 0.036170
vt -0.110964 0.036213
vt -0.111037 0.036402
vt -0.090007 0.041446
vt -0.089912 0.041404
vt -0.089850 0.041319
vt -0.089880 0.041119
vt -0.089965 0.041057
vt -0.090069 0.041046
vt -0.090165 0.041088
vt -0.090227 0.041172
vt -0.090196 0.041372
vt 0.095462 0.023768
vt 0.095386 0.023695
vt 0.095284 0.023670
vt 0.095111 0.023775
vt 0.095086 0.023876
vt 0.095115 0.023977
vt 0.095191 0.024050
vt 0.095292 0.024075
vt 0.095466 0.023970
vt -0.070672 0.081567
vt -0.070571 0.081592
vt -0.070470 0.081564
vt -0.070371 0.081388
vt -0.070399 0.081287
vt -0.070474 0.081214
vt -0.070676 0.081216
vt -0.070750 0.081291
vt -0.070775 0.081392
vt -0.012447 -0.066883
vt -0.012398 -0.066791
vt -0.012309 -0.066736
vt -0.012112 -0.066782
vt -0.012057 -0.066871
vt -0.012053 -0.066976
vt -0.012103 -0.067068
vt -0.012192 -0.067124
vt -0.012389 -0.067077
vt -0.086246 0.065136
vt -0.086147 0.065169
vt -0.086044 0.065148
vt -0.085933 0.064979
vt -0.085954 0.064876
vt -0.086024 0.064798
vt -0.086226 0.064786
vt -0.086304 0.064856
vt -0.086337 0.064956
vt 0.091683 0.043858
vt 0.091638 0.043763
vt 0.091552 0.043704
vt 0.091353 0.043739
vt 0.091293 0.043825
vt 0.091284 0.043930
vt 0.091329 0.044025
vt 0.091415 0.044085
vt 0.091614 0.044049
vt 0.110882 0.027541
vt 0.110815 0.027461
vt 0.110716 0.027424
vt 0.110533 0.027509
vt 0.110496 0.027608
vt 0.110514 0.027711
vt 0.110582 0.027791
vt 0.110680 0.027828
vt 0.110863 0.027743
vt 0.096287 0.027202
vt 0.096039 0.027060
vt 0.096234 0.027112
vt 0.096143 0.027060
vt 0.095948 0.027113
vt 0.095897 0.027309
vt 0.096041 0.027451
vt 0.096145 0.027451
vt 0.096236 0.027398
vt 0.105216 0.023456
vt 0.105145 0.023380
vt 0.105044 0.023349
vt 0.104865 0.023443
vt 0.104835 0.023544
vt 0.104858 0.023646
vt 0.104929 0.023722
vt 0.105029 0.023753
vt 0.105208 0.023659
vt 0.085145 0.035230
vt 0.085111 0.035130
vt 0.085032 0.035062
vt 0.084830 0.035076
vt 0.084761 0.035155
vt 0.084742 0.035258
vt 0.084776 0.035357
vt 0.084855 0.035426
vt 0.085057 0.035412
vt 0.027734 0.038856
vt 0.027705 0.038755
vt 0.027629 0.038682
vt 0.027427 0.038687
vt 0.027354 0.038762
vt 0.027329 0.038864
vt 0.027359 0.038965
vt 0.027434 0.039037
vt 0.027637 0.039033
vt 0.042038 0.074530
vt 0.041987 0.074439
vt 0.041897 0.074385
vt 0.041701 0.074434
vt 0.041647 0.074524
vt 0.041645 0.074629
vt 0.041696 0.074720
vt 0.041786 0.074774
vt 0.041982 0.074725
vt 0.079712 0.048845
vt 0.079652 0.048759
vt 0.079557 0.048714
vt 0.079366 0.048783
vt 0.079322 0.048878
vt 0.079331 0.048983
vt 0.079391 0.049069
vt 0.079486 0.049113
vt 0.079676 0.049044
vt 0.099080 0.021634
vt 0.098997 0.021571
vt 0.098893 0.021558
vt 0.098733 0.021682
vt 0.098720 0.021786
vt 0.098761 0.021883
vt 0.098844 0.021946
vt 0.098948 0.021959
vt 0.099108 0.021835
vt 0.101440 0.047393
vt 0.101373 0.047312
vt 0.101275 0.047275
vt 0.101091 0.047359
vt 0.101054 0.047457
vt 0.101072 0.047561
vt 0.101138 0.047642
vt 0.101236 0.047678
vt 0.101420 0.047594
vt 0.099722 0.051195
vt 0.099678 0.051100
vt 0.099592 0.051039
vt 0.099393 0.051074
vt 0.099333 0.051160
vt 0.099323 0.051264
vt 0.099367 0.051359
vt 0.099453 0.051420
vt 0.099653 0.051385
vt 0.092651 0.052336
vt 0.092604 0.052243
vt 0.092516 0.052186
vt 0.092318 0.052229
vt 0.092261 0.052317
vt 0.092256 0.052421
vt 0.092303 0.052514
vt 0.092391 0.052571
vt 0.092589 0.052529
vt -0.084719 0.034662
vt -0.084616 0.034681
vt -0.084518 0.034646
vt -0.084431 0.034463
vt -0.084466 0.034364
vt -0.084546 0.034296
vt -0.084649 0.034277
vt -0.084747 0.034312
vt -0.084834 0.034495
vt 0.027835 -0.003026
vt 0.027914 -0.002958
vt 0.028017 -0.002939
vt 0.028184 -0.003054
vt 0.028203 -0.003157
vt 0.028168 -0.003256
vt 0.028088 -0.003324
vt 0.027985 -0.003343
vt 0.027818 -0.003228
vt -0.110101 0.020147
vt -0.110003 0.020110
vt -0.109936 0.020029
vt -0.109955 0.019828
vt -0.110036 0.019761
vt -0.110139 0.019743
vt -0.110304 0.019861
vt -0.110321 0.019964
vt -0.110285 0.020062
vt -0.087658 0.057805
vt -0.087555 0.057783
vt -0.087478 0.057712
vt -0.087468 0.057510
vt -0.087539 0.057432
vt -0.087639 0.057401
vt -0.087741 0.057423
vt -0.087819 0.057493
vt -0.087828 0.057696
vt -0.038897 0.109590
vt -0.038792 0.109580
vt -0.038707 0.109519
vt -0.038673 0.109320
vt -0.038733 0.109234
vt -0.038829 0.109190
vt -0.038933 0.109200
vt -0.039018 0.109261
vt -0.039052 0.109460
vt -0.089128 0.089511
vt -0.089027 0.089537
vt -0.088926 0.089508
vt -0.088852 0.089433
vt -0.088827 0.089332
vt -0.088855 0.089231
vt -0.088930 0.089158
vt -0.089132 0.089160
vt -0.089231 0.089337
vt -0.096564 0.054038
vt -0.096630 0.054119
vt -0.096646 0.054223
vt -0.096528 0.054387
vt -0.096424 0.054403
vt -0.096326 0.054366
vt -0.096260 0.054284
vt -0.096244 0.054181
vt -0.096363 0.054017
vt 0.118194 0.039112
vt 0.118131 0.039029
vt 0.118034 0.038988
vt 0.117847 0.039065
vt 0.117807 0.039162
vt 0.117820 0.039266
vt 0.117980 0.039390
vt 0.118084 0.039376
vt 0.118167 0.039313
vt -0.095925 0.062804
vt -0.095908 0.062701
vt -0.095945 0.062603
vt -0.096130 0.062519
vt -0.096228 0.062556
vt -0.096294 0.062637
vt -0.096311 0.062740
vt -0.096274 0.062838
vt -0.096090 0.062922
vt -0.083014 0.035484
vt -0.082932 0.035419
vt -0.082893 0.035322
vt -0.082973 0.035136
vt -0.083071 0.035097
vt -0.083174 0.035112
vt -0.083295 0.035275
vt -0.083280 0.035378
vt -0.083215 0.035461
vt 0.089239 0.071469
vt 0.089181 0.071381
vt 0.089087 0.071334
vt 0.088895 0.071398
vt 0.088848 0.071491
vt 0.088854 0.071596
vt 0.088912 0.071684
vt 0.089005 0.071731
vt 0.089197 0.071667
vt 0.104563 0.006367
vt 0.104460 0.006346
vt 0.104361 0.006379
vt 0.104271 0.006561
vt 0.104305 0.006660
vt 0.104383 0.006729
vt 0.104486 0.006750
vt 0.104585 0.006716
vt 0.104675 0.006535
vt 0.095146 0.030785
vt 0.095091 0.030696
vt 0.095000 0.030645
vt 0.094805 0.030702
vt 0.094755 0.030794
vt 0.094758 0.030899
vt 0.094812 0.030988
vt 0.094904 0.031039
vt 0.095098 0.030982
vt 0.105996 0.032521
vt 0.105907 0.032466
vt 0.105802 0.032463
vt 0.105655 0.032601
vt 0.105651 0.032706
vt 0.105701 0.032798
vt 0.105790 0.032853
vt 0.105894 0.032857
vt 0.106042 0.032718
vt 0.101968 0.028880
vt 0.101874 0.028832
vt 0.101770 0.028837
vt 0.101634 0.028987
vt 0.101639 0.029092
vt 0.101696 0.029180
vt 0.101789 0.029228
vt 0.101894 0.029222
vt 0.102030 0.029073
vt 0.071304 -0.026242
vt 0.071358 -0.026331
vt 0.071360 -0.026436
vt 0.071309 -0.026528
vt 0.071220 -0.026582
vt 0.071023 -0.026533
vt 0.070967 -0.026338
vt 0.071018 -0.026247
vt 0.071108 -0.026193
vt 0.080477 0.031460
vt 0.080481 0.031355
vt 0.080433 0.031262
vt 0.080240 0.031202
vt 0.080147 0.031250
vt 0.080091 0.031339
vt 0.080086 0.031444
vt 0.080135 0.031536
vt 0.080328 0.031597
vt 0.059225 0.070938
vt 0.059203 0.070835
vt 0.059133 0.070758
vt 0.058931 0.070748
vt 0.058853 0.070818
vt 0.058821 0.070918
vt 0.058843 0.071020
vt 0.058913 0.071098
vt 0.059115 0.071108
vt 0.023206 0.096317
vt 0.023118 0.096372
vt 0.023068 0.096465
vt 0.023128 0.096658
vt 0.023220 0.096707
vt 0.023325 0.096704
vt 0.023414 0.096648
vt 0.023463 0.096555
vt 0.023404 0.096362
vt -0.094819 -0.003012
vt -0.094719 -0.002980
vt -0.094617 -0.003002
vt -0.094507 -0.003173
vt -0.094530 -0.003275
vt -0.094600 -0.003353
vt -0.094803 -0.003362
vt -0.094880 -0.003291
vt -0.094912 -0.003192
vt -0.102245 0.000809
vt -0.102141 0.000823
vt -0.102044 0.000783
vt -0.101966 0.000597
vt -0.102006 0.000500
vt -0.102089 0.000436
vt -0.102289 0.000461
vt -0.102353 0.000544
vt -0.102367 0.000648
vt -0.117436 0.003025
vt -0.117332 0.003039
vt -0.117235 0.003000
vt -0.117156 0.002814
vt -0.117195 0.002717
vt -0.117278 0.002652
vt -0.117478 0.002677
vt -0.117543 0.002759
vt -0.117558 0.002863
vt -0.066893 0.039632
vt -0.066845 0.039725
vt -0.066757 0.039782
vt -0.066653 0.039788
vt -0.066559 0.039740
vt -0.066497 0.039548
vt -0.066632 0.039397
vt -0.066737 0.039392
vt -0.066830 0.039439
vt -0.080181 -0.022814
vt -0.080083 -0.022778
vt -0.079980 -0.022796
vt -0.079899 -0.022863
vt -0.079863 -0.022961
vt -0.079948 -0.023145
vt -0.080149 -0.023163
vt -0.080230 -0.023097
vt -0.080266 -0.022998
s 0
usemtl mat10
f 4/1/1 2/2/1 1/3/1
f 3/4/2 5/5/2 2/6/2
f 6/7/3 7/8/3 5/9/3
f 8/10/4 9/11/4 7/12/4
f 10/13/5 11/14/5 9/15/5
f 14/16/6 11/17/6 12/18/6
f 16/19/7 13/20/7 14/21/7
f 18/22/8 15/23/8 16/24/8
f 20/25/9 17/26/9 18/27/9
f 4/28/10 19/29/10 20/30/10
f 17/31/11 19/32/11 7/33/11
f 10/34/12 6/35/12 4/36/12
f 21/37/13 19/38/13 22/39/13
f 23/40/14 17/41/14 21/42/14
f 23/43/15 13/44/15 15/45/15
f 24/46/16 11/47/16 13/48/16
f 25/49/17 9/50/17 11/51/17
f 26/52/18 7/53/18 9/54/18
f 27/55/19 5/56/19 7/57/19
f 29/58/20 5/59/20 28/60/20
f 30/61/21 2/62/21 29/63/21
f 22/64/22 1/65/22 30/66/22
f 21/67/23 22/68/23 27/69/23
f 31/70/24 22/71/24 32/72/24
f 33/73/25 21/74/25 31/75/25
f 34/76/26 23/77/26 33/78/26
f 34/79/27 25/80/27 24/81/27
f 35/82/28 26/83/28 25/84/28
f 36/85/29 27/86/29 26/87/29
f 37/88/30 28/89/30 27/90/30
f 38/91/31 29/92/31 28/93/31
f 40/94/32 29/95/32 39/96/32
f 32/97/33 30/98/33 40/99/33
f 37/100/34 33/101/34 32/102/34
f 42/103/35 31/104/35 32/105/35
f 43/106/36 31/107/36 41/108/36
f 44/109/37 33/110/37 43/111/37
f 45/112/38 34/113/38 44/114/38
f 46/115/39 35/116/39 45/117/39
f 47/118/40 36/119/40 46/120/40
f 47/121/41 38/122/41 37/123/41
f 48/124/42 39/125/42 38/126/42
f 49/127/43 40/128/43 39/129/43
f 50/130/44 32/131/44 40/132/44
f 47/133/45 45/134/45 43/135/45
f 52/136/46 41/137/46 42/138/46
f 51/139/47 43/140/47 41/141/47
f 53/142/48 44/143/48 43/144/48
f 54/145/49 45/146/49 44/147/49
f 56/148/50 45/149/50 55/150/50
f 57/151/51 46/152/51 56/153/51
f 58/154/52 47/155/52 57/156/52
f 59/157/53 48/158/53 58/159/53
f 60/160/54 49/161/54 59/162/54
f 60/163/55 42/164/55 50/165/55
f 51/166/56 52/167/56 57/168/56
f 63/169/57 62/170/57 61/171/57
f 62/172/58 64/173/58 61/174/58
f 64/175/59 65/176/59 61/177/59
f 65/178/60 66/179/60 61/180/60
f 66/181/61 67/182/61 61/183/61
f 67/184/62 68/185/62 61/186/62
f 68/187/63 69/188/63 61/189/63
f 69/190/64 70/191/64 61/192/64
f 70/193/65 71/194/65 61/195/65
f 71/196/66 72/197/66 61/198/66
f 72/199/67 73/200/67 61/201/67
f 73/202/68 63/203/68 61/204/68
f 75/205/69 62/206/69 63/207/69
f 74/208/70 64/209/70 62/210/70
f 76/211/71 65/212/71 64/213/71
f 77/214/72 66/215/72 65/216/72
f 79/217/73 66/218/73 78/219/73
f 79/220/74 68/221/74 67/222/74
f 81/223/75 68/224/75 80/225/75
f 81/226/76 70/227/76 69/228/76
f 83/229/77 70/230/77 82/231/77
f 83/232/78 72/233/78 71/234/78
f 85/235/79 72/236/79 84/237/79
f 75/238/80 73/239/80 85/240/80
f 86/241/81 75/242/81 87/243/81
f 86/244/82 76/245/82 74/246/82
f 88/247/83 77/248/83 76/249/83
f 90/250/84 77/251/84 89/252/84
f 91/253/85 78/254/85 90/255/85
f 91/256/86 80/257/86 79/258/86
f 93/259/87 80/260/87 92/261/87
f 94/262/88 81/263/88 93/264/88
f 95/265/89 82/266/89 94/267/89
f 95/268/90 84/269/90 83/270/90
f 97/271/91 84/272/91 96/273/91
f 87/274/92 85/275/92 97/276/92
f 99/277/93 86/278/93 87/279/93
f 98/280/94 88/281/94 86/282/94
f 100/283/95 89/284/95 88/285/95
f 101/286/96 90/287/96 89/288/96
f 103/289/97 90/290/97 102/291/97
f 103/292/98 92/293/98 91/294/98
f 105/295/99 92/296/99 104/297/99
f 105/298/100 94/299/100 93/300/100
f 106/301/101 95/302/101 94/303/101
f 108/304/102 95/305/102 107/306/102
f 108/307/103 97/308/103 96/309/103
f 109/310/104 87/311/104 97/312/104
f 110/313/105 99/314/105 111/315/105
f 112/316/106 98/317/106 110/318/106
f 113/319/107 100/320/107 112/321/107
f 114/322/108 101/323/108 113/324/108
f 115/325/109 102/326/109 114/327/109
f 115/328/110 104/329/110 103/330/110
f 116/331/111 105/332/111 104/333/111
f 118/334/112 105/335/112 117/336/112
f 118/337/113 107/338/113 106/339/113
f 120/340/114 107/341/114 119/342/114
f 121/343/115 108/344/115 120/345/115
f 111/346/116 109/347/116 121/348/116
f 123/349/117 110/350/117 111/351/117
f 124/352/118 110/353/118 122/354/118
f 125/355/119 112/356/119 124/357/119
f 125/358/120 114/359/120 113/360/120
f 127/361/121 114/362/121 126/363/121
f 127/364/122 116/365/122 115/366/122
f 129/367/123 116/368/123 128/369/123
f 129/370/124 118/371/124 117/372/124
f 131/373/125 118/374/125 130/375/125
f 132/376/126 119/377/126 131/378/126
f 132/379/127 121/380/127 120/381/127
f 123/382/128 121/383/128 133/384/128
f 135/385/129 122/386/129 123/387/129
f 134/388/130 124/389/130 122/390/130
f 136/391/131 125/392/131 124/393/131
f 137/394/132 126/395/132 125/396/132
f 138/397/133 127/398/133 126/399/133
f 139/400/134 128/401/134 127/402/134
f 141/403/135 128/404/135 140/405/135
f 142/406/136 129/407/136 141/408/136
f 143/409/137 130/410/137 142/411/137
f 143/412/138 132/413/138 131/414/138
f 144/415/139 133/416/139 132/417/139
f 135/418/140 133/419/140 145/420/140
f 146/421/141 135/422/141 147/423/141
f 146/424/142 136/425/142 134/426/142
f 148/427/143 137/428/143 136/429/143
f 150/430/144 137/431/144 149/432/144
f 150/433/145 139/434/145 138/435/145
f 151/436/146 140/437/146 139/438/146
f 153/439/147 140/440/147 152/441/147
f 154/442/148 141/443/148 153/444/148
f 155/445/149 142/446/149 154/447/149
f 155/448/150 144/449/150 143/450/150
f 157/451/151 144/452/151 156/453/151
f 147/454/152 145/455/152 157/456/152
f 158/457/153 146/458/153 147/459/153
f 158/460/154 148/461/154 146/462/154
f 158/463/155 149/464/155 148/465/155
f 158/466/156 150/467/156 149/468/156
f 158/469/157 151/470/157 150/471/157
f 158/472/158 152/473/158 151/474/158
f 158/475/159 153/476/159 152/477/159
f 158/478/160 154/479/160 153/480/160
f 158/481/161 155/482/161 154/483/161
f 158/484/162 156/485/162 155/486/162
f 158/487/163 157/488/163 156/489/163
f 158/490/164 147/491/164 157/492/164
f 161/493/165 159/494/165 162/495/165
f 161/496/166 163/497/166 160/498/166
f 166/499/167 163/500/167 164/501/167
f 168/502/168 165/503/168 166/504/168
f 170/505/169 167/506/169 168/507/169
f 172/508/170 169/509/170 170/510/170
f 172/511/171 173/512/171 171/513/171
f 174/514/172 175/515/172 173/516/172
f 178/517/173 175/518/173 176/519/173
f 180/520/174 177/521/174 178/522/174
f 180/523/175 181/524/175 179/525/175
f 162/526/176 181/527/176 182/528/176
f 169/529/177 173/530/177 181/531/177
f 180/532/178 176/533/178 168/534/178
f 186/535/179 184/536/179 183/537/179
f 185/538/180 187/539/180 184/540/180
f 190/541/181 187/542/181 188/543/181
f 192/544/182 189/545/182 190/546/182
f 194/547/183 191/548/183 192/549/183
f 196/550/184 193/551/184 194/552/184
f 198/553/185 195/554/185 196/555/185
f 198/556/186 199/557/186 197/558/186
f 200/559/187 201/560/187 199/561/187
f 202/562/188 183/563/188 201/564/188
f 193/565/189 197/566/189 201/567/189
f 200/568/190 196/569/190 188/570/190
f 203/571/191 201/572/191 204/573/191
f 205/574/192 199/575/192 203/576/192
f 206/577/193 197/578/193 205/579/193
f 206/580/194 193/581/194 195/582/194
f 207/583/195 191/584/195 193/585/195
f 208/586/196 189/587/196 191/588/196
f 209/589/197 187/590/197 189/591/197
f 210/592/198 184/593/198 187/594/198
f 212/595/199 184/596/199 211/597/199
f 204/598/200 183/599/200 212/600/200
f 211/601/201 209/602/201 205/603/201
f 214/604/202 203/605/202 204/606/202
f 215/607/203 203/608/203 213/609/203
f 216/610/204 205/611/204 215/612/204
f 217/613/205 206/614/205 216/615/205
f 218/616/206 207/617/206 217/618/206
f 219/619/207 208/620/207 218/621/207
f 219/622/208 210/623/208 209/624/208
f 220/625/209 211/626/209 210/627/209
f 221/628/210 212/629/210 211/630/210
f 222/631/211 204/632/211 212/633/211
f 221/634/212 219/635/212 215/636/212
f 224/637/213 213/638/213 214/639/213
f 223/640/214 215/641/214 213/642/214
f 225/643/215 216/644/215 215/645/215
f 226/646/216 217/647/216 216/648/216
f 227/649/217 218/650/217 217/651/217
f 229/652/218 218/653/218 228/654/218
f 230/655/219 219/656/219 229/657/219
f 231/658/220 220/659/220 230/660/220
f 232/661/221 221/662/221 231/663/221
f 224/664/222 222/665/222 232/666/222
f 229/667/223 225/668/223 224/669/223
f 235/670/224 234/671/224 233/672/224
f 234/673/225 236/674/225 233/675/225
f 236/676/226 237/677/226 233/678/226
f 237/679/227 238/680/227 233/681/227
f 238/682/228 239/683/228 233/684/228
f 239/685/229 240/686/229 233/687/229
f 240/688/230 241/689/230 233/690/230
f 241/691/231 242/692/231 233/693/231
f 242/694/232 243/695/232 233/696/232
f 243/697/233 244/698/233 233/699/233
f 244/700/234 245/701/234 233/702/234
f 245/703/235 235/704/235 233/705/235
f 246/706/236 235/707/236 247/708/236
f 246/709/237 236/710/237 234/711/237
f 249/712/238 236/713/238 248/714/238
f 249/715/239 238/716/239 237/717/239
f 251/718/240 238/719/240 250/720/240
f 251/721/241 240/722/241 239/723/241
f 252/724/242 241/725/242 240/726/242
f 254/727/243 241/728/243 253/729/243
f 255/730/244 242/731/244 254/732/244
f 255/733/245 244/734/245 243/735/245
f 256/736/246 245/737/246 244/738/246
f 257/739/247 235/740/247 245/741/247
f 258/742/248 247/743/248 259/744/248
f 258/745/249 248/746/249 246/747/249
f 261/748/250 248/749/250 260/750/250
f 262/751/251 249/752/251 261/753/251
f 262/754/252 251/755/252 250/756/252
f 264/757/253 251/758/253 263/759/253
f 264/760/254 253/761/254 252/762/254
f 265/763/255 254/764/255 253/765/255
f 266/766/256 255/767/256 254/768/256
f 268/769/257 255/770/257 267/771/257
f 269/772/258 256/773/258 268/774/258
f 269/775/259 247/776/259 257/777/259
f 270/778/260 259/779/260 271/780/260
f 270/781/261 260/782/261 258/783/261
f 272/784/262 261/785/262 260/786/262
f 274/787/263 261/788/263 273/789/263
f 275/790/264 262/791/264 274/792/264
f 276/793/265 263/794/265 275/795/265
f 276/796/266 265/797/266 264/798/266
f 278/799/267 265/800/267 277/801/267
f 278/802/268 267/803/268 266/804/268
f 279/805/269 268/806/269 267/807/269
f 281/808/270 268/809/270 280/810/270
f 281/811/271 259/812/271 269/813/271
f 283/814/174 270/815/174 271/816/174
f 284/817/175 270/818/175 282/819/175
f 284/820/176 273/821/176 272/822/176
f 286/823/165 273/824/165 285/825/165
f 286/826/166 275/827/166 274/828/166
f 287/829/167 276/830/167 275/831/167
f 288/832/168 277/833/168 276/834/168
f 290/835/169 277/836/169 289/837/169
f 291/838/170 278/839/170 290/840/170
f 291/841/171 280/842/171 279/843/171
f 293/844/172 280/845/172 292/846/172
f 283/847/173 281/848/173 293/849/173
f 294/850/272 283/851/272 295/852/272
f 294/853/273 284/854/273 282/855/273
f 297/856/274 284/857/274 296/858/274
f 298/859/275 285/860/275 297/861/275
f 298/862/276 287/863/276 286/864/276
f 300/865/277 287/866/277 299/867/277
f 300/868/278 289/869/278 288/870/278
f 302/871/279 289/872/279 301/873/279
f 303/874/280 290/875/280 302/876/280
f 303/877/281 292/878/281 291/879/281
f 304/880/282 293/881/282 292/882/282
f 305/883/283 283/884/283 293/885/283
f 306/886/284 295/887/284 307/888/284
f 306/889/285 296/890/285 294/891/285
f 309/892/286 296/893/286 308/894/286
f 309/895/287 298/896/287 297/897/287
f 310/898/288 299/899/288 298/900/288
f 312/901/289 299/902/289 311/903/289
f 312/904/290 301/905/290 300/906/290
f 314/907/291 301/908/291 313/909/291
f 314/910/292 303/911/292 302/912/292
f 315/913/293 304/914/293 303/915/293
f 317/916/294 304/917/294 316/918/294
f 317/919/295 295/920/295 305/921/295
f 318/922/296 307/923/296 319/924/296
f 318/925/297 308/926/297 306/927/297
f 320/928/298 309/929/298 308/930/298
f 322/931/299 309/932/299 321/933/299
f 323/934/300 310/935/300 322/936/300
f 324/937/301 311/938/301 323/939/301
f 324/940/302 313/941/302 312/942/302
f 325/943/303 314/944/303 313/945/303
f 327/946/304 314/947/304 326/948/304
f 328/949/305 315/950/305 327/951/305
f 328/952/306 317/953/306 316/954/306
f 319/955/307 317/956/307 329/957/307
f 330/958/308 318/959/308 319/960/308
f 330/961/309 320/962/309 318/963/309
f 330/964/310 321/965/310 320/966/310
f 330/967/311 322/968/311 321/969/311
f 330/970/312 323/971/312 322/972/312
f 330/973/313 324/974/313 323/975/313
f 330/976/314 325/977/314 324/978/314
f 330/979/315 326/980/315 325/981/315
f 330/982/316 327/983/316 326/984/316
f 330/985/317 328/986/317 327/987/317
f 330/988/318 329/989/318 328/990/318
f 330/991/319 319/992/319 329/993/319
f 333/994/320 332/995/320 331/996/320
f 332/997/321 334/998/321 331/999/321
f 334/1000/322 335/1001/322 331/1002/322
f 335/1003/323 336/1004/323 331/1005/323
f 336/1006/324 337/1007/324 331/1008/324
f 337/1009/325 338/1010/325 331/1011/325
f 338/1012/326 339/1013/326 331/1014/326
f 339/1015/327 340/1016/327 331/1017/327
f 340/1018/328 341/1019/328 331/1020/328
f 341/1021/329 342/1022/329 331/1023/329
f 342/1024/330 343/1025/330 331/1026/330
f 343/1027/331 333/1028/331 331/1029/331
f 345/1030/332 332/1031/332 333/1032/332
f 344/1033/333 334/1034/333 332/1035/333
f 347/1036/334 334/1037/334 346/1038/334
f 348/1039/335 335/1040/335 347/1041/335
f 348/1042/336 337/1043/336 336/1044/336
f 350/1045/337 337/1046/337 349/1047/337
f 350/1048/338 339/1049/338 338/1050/338
f 352/1051/339 339/1052/339 351/1053/339
f 353/1054/340 340/1055/340 352/1056/340
f 353/1057/341 342/1058/341 341/1059/341
f 354/1060/342 343/1061/342 342/1062/342
f 345/1063/343 343/1064/343 355/1065/343
f 357/1066/344 344/1067/344 345/1068/344
f 356/1069/345 346/1070/345 344/1071/345
f 358/1072/346 347/1073/346 346/1074/346
f 359/1075/347 348/1076/347 347/1077/347
f 361/1078/348 348/1079/348 360/1080/348
f 362/1081/349 349/1082/349 361/1083/349
f 362/1084/350 351/1085/350 350/1086/350
f 364/1087/351 351/1088/351 363/1089/351
f 365/1090/352 352/1091/352 364/1092/352
f 366/1093/353 353/1094/353 365/1095/353
f 367/1096/354 354/1097/354 366/1098/354
f 357/1099/355 355/1100/355 367/1101/355
f 368/1102/356 357/1103/356 369/1104/356
f 368/1105/357 358/1106/357 356/1107/357
f 371/1108/358 358/1109/358 370/1110/358
f 372/1111/359 359/1112/359 371/1113/359
f 373/1114/360 360/1115/360 372/1116/360
f 373/1117/361 362/1118/361 361/1119/361
f 375/1120/362 362/1121/362 374/1122/362
f 376/1123/363 363/1124/363 375/1125/363
f 377/1126/364 364/1127/364 376/1128/364
f 378/1129/365 365/1130/365 377/1131/365
f 378/1132/366 367/1133/366 366/1134/366
f 369/1135/367 367/1136/367 379/1137/367
f 380/1138/368 369/1139/368 381/1140/368
f 382/1141/369 368/1142/369 380/1143/369
f 383/1144/370 370/1145/370 382/1146/370
f 384/1147/371 371/1148/371 383/1149/371
f 384/1150/372 373/1151/372 372/1152/372
f 385/1153/373 374/1154/373 373/1155/373
f 387/1156/374 374/1157/374 386/1158/374
f 388/1159/375 375/1160/375 387/1161/375
f 388/1162/376 377/1163/376 376/1164/376
f 390/1165/377 377/1166/377 389/1167/377
f 391/1168/378 378/1169/378 390/1170/378
f 391/1171/379 369/1172/379 379/1173/379
f 393/1174/380 380/1175/380 381/1176/380
f 392/1177/381 382/1178/381 380/1179/381
f 395/1180/382 382/1181/382 394/1182/382
f 396/1183/383 383/1184/383 395/1185/383
f 397/1186/384 384/1187/384 396/1188/384
f 397/1189/385 386/1190/385 385/1191/385
f 398/1192/386 387/1193/386 386/1194/386
f 399/1195/387 388/1196/387 387/1197/387
f 401/1198/388 388/1199/388 400/1200/388
f 402/1201/389 389/1202/389 401/1203/389
f 402/1204/390 391/1205/390 390/1206/390
f 393/1207/391 391/1208/391 403/1209/391
f 404/1210/392 393/1211/392 405/1212/392
f 406/1213/393 392/1214/393 404/1215/393
f 407/1216/394 394/1217/394 406/1218/394
f 408/1219/395 395/1220/395 407/1221/395
f 408/1222/396 397/1223/396 396/1224/396
f 409/1225/397 398/1226/397 397/1227/397
f 411/1228/398 398/1229/398 410/1230/398
f 412/1231/399 399/1232/399 411/1233/399
f 413/1234/400 400/1235/400 412/1236/400
f 414/1237/401 401/1238/401 413/1239/401
f 414/1240/402 403/1241/402 402/1242/402
f 405/1243/403 403/1244/403 415/1245/403
f 417/1246/404 404/1247/404 405/1248/404
f 418/1249/405 404/1250/405 416/1251/405
f 419/1252/406 406/1253/406 418/1254/406
f 419/1255/407 408/1256/407 407/1257/407
f 421/1258/408 408/1259/408 420/1260/408
f 421/1261/409 410/1262/409 409/1263/409
f 423/1264/410 410/1265/410 422/1266/410
f 424/1267/411 411/1268/411 423/1269/411
f 425/1270/412 412/1271/412 424/1272/412
f 425/1273/413 414/1274/413 413/1275/413
f 427/1276/414 414/1277/414 426/1278/414
f 417/1279/415 415/1280/415 427/1281/415
f 428/1282/416 416/1283/416 417/1284/416
f 428/1285/417 418/1286/417 416/1287/417
f 428/1288/418 419/1289/418 418/1290/418
f 428/1291/419 420/1292/419 419/1293/419
f 428/1294/420 421/1295/420 420/1296/420
f 428/1297/421 422/1298/421 421/1299/421
f 428/1300/422 423/1301/422 422/1302/422
f 428/1303/423 424/1304/423 423/1305/423
f 428/1306/424 425/1307/424 424/1308/424
f 428/1309/425 426/1310/425 425/1311/425
f 428/1312/426 427/1313/426 426/1314/426
f 428/1315/427 417/1316/427 427/1317/427
f 4/1/1078 3/3268/1078 2/2/1078
f 3/4/2 6/3269/2 5/5/2
f 6/7/3 8/3270/3 7/8/3
f 8/10/1079 10/3271/1079 9/11/1079
f 10/13/5 12/3272/5 11/14/5
f 14/16/6 13/3273/6 11/17/6
f 16/19/1080 15/3274/1080 13/20/1080
f 18/22/8 17/3275/8 15/23/8
f 20/25/1081 19/3276/1081 17/26/1081
f 4/28/10 1/3277/10 19/29/10
f 19/32/11 1/3278/11 7/33/11
f 1/3278/11 2/3279/11 7/33/11
f 2/3279/11 5/3280/11 7/33/11
f 7/33/11 9/3281/11 15/3282/11
f 9/3281/11 11/3283/11 15/3282/11
f 11/3283/11 13/3284/11 15/3282/11
f 15/3282/11 17/31/11 7/33/11
f 4/36/12 20/3285/12 18/3286/12
f 18/3286/12 16/3287/12 4/36/12
f 16/3287/12 14/3288/12 4/36/12
f 14/3288/12 12/3289/12 10/34/12
f 10/34/12 8/3290/12 6/35/12
f 6/35/12 3/3291/12 4/36/12
f 14/3288/12 10/34/12 4/36/12
f 21/37/1082 17/3292/1082 19/38/1082
f 23/40/1083 15/3293/1083 17/41/1083
f 23/43/15 24/3294/15 13/44/15
f 24/46/16 25/3295/16 11/47/16
f 25/49/17 26/3296/17 9/50/17
f 26/52/18 27/3297/18 7/53/18
f 27/55/1084 28/3298/1084 5/56/1084
f 29/58/1085 2/3299/1085 5/59/1085
f 30/61/1086 1/3300/1086 2/62/1086
f 22/64/22 19/3301/22 1/65/22
f 22/68/23 30/3302/23 27/69/23
f 30/3302/23 29/3303/23 27/69/23
f 29/3303/23 28/3304/23 27/69/23
f 27/69/23 26/3305/23 23/3306/23
f 26/3305/23 25/3307/23 23/3306/23
f 25/3307/23 24/3308/23 23/3306/23
f 23/3306/23 21/67/23 27/69/23
f 31/70/1087 21/3309/1087 22/71/1087
f 33/73/1088 23/3310/1088 21/74/1088
f 34/76/26 24/3311/26 23/77/26
f 34/79/27 35/3312/27 25/80/27
f 35/82/28 36/3313/28 26/83/28
f 36/85/29 37/3314/29 27/86/29
f 37/88/30 38/3315/30 28/89/30
f 38/91/1089 39/3316/1089 29/92/1089
f 40/94/32 30/3317/32 29/95/32
f 32/97/1090 22/3318/1090 30/98/1090
f 32/102/34 40/3319/34 39/3320/34
f 39/3320/34 38/3321/34 32/102/34
f 38/3321/34 37/100/34 32/102/34
f 37/100/34 36/3322/34 33/101/34
f 36/3322/34 35/3323/34 33/101/34
f 35/3323/34 34/3324/34 33/101/34
f 33/101/1091 31/3325/1091 32/102/1091
f 42/103/1092 41/3326/1092 31/104/1092
f 43/106/1093 33/3327/1093 31/107/1093
f 44/109/1094 34/3328/1094 33/110/1094
f 45/112/1095 35/3329/1095 34/113/1095
f 46/115/39 36/3330/1096 35/116/39
f 47/118/1097 37/3331/1097 36/119/1097
f 47/121/41 48/3332/41 38/122/41
f 48/124/42 49/3333/42 39/125/42
f 49/127/43 50/3334/43 40/128/43
f 50/130/1098 42/3335/1098 32/131/1098
f 42/3336/45 50/3337/45 49/3338/45
f 49/3338/1099 48/3339/1099 42/3336/1099
f 48/3339/1100 47/133/1100 42/3336/1100
f 47/133/1099 46/3340/1099 45/134/1099
f 45/134/1099 44/3341/1099 43/135/1099
f 43/135/45 41/3342/45 47/133/45
f 41/3342/1099 42/3336/1099 47/133/1099
f 52/136/1101 51/3343/1101 41/137/1101
f 51/139/1102 53/3344/1102 43/140/1102
f 53/142/1103 54/3345/1103 44/143/1103
f 54/145/1104 55/3346/1104 45/146/1104
f 56/148/1105 46/3347/1105 45/149/1105
f 57/151/1106 47/3348/1106 46/152/1106
f 58/154/1107 48/3349/1107 47/155/1107
f 59/157/1108 49/3350/1108 48/158/1108
f 60/160/54 50/3351/54 49/161/54
f 60/163/1109 52/3352/1109 42/164/1109
f 52/167/56 60/3353/56 59/3354/56
f 59/3354/56 58/3355/56 52/167/56
f 58/3355/56 57/168/56 52/167/56
f 57/168/56 56/3356/56 53/3357/56
f 56/3356/56 55/3358/56 53/3357/56
f 55/3358/56 54/3359/56 53/3357/56
f 53/3357/56 51/166/56 57/168/56
f 75/205/69 74/3360/69 62/206/69
f 74/208/1110 76/3361/1110 64/209/1110
f 76/211/71 77/3362/71 65/212/71
f 77/214/72 78/3363/72 66/215/72
f 79/217/73 67/3364/73 66/218/73
f 79/220/74 80/3365/74 68/221/74
f 81/223/75 69/3366/75 68/224/75
f 81/226/76 82/3367/76 70/227/76
f 83/229/1111 71/3368/1111 70/230/1111
f 83/232/78 84/3369/78 72/233/78
f 85/235/79 73/3370/79 72/236/79
f 75/238/80 63/3371/80 73/239/80
f 86/241/81 74/3372/81 75/242/81
f 86/244/82 88/3373/82 76/245/82
f 88/247/83 89/3374/83 77/248/83
f 90/250/84 78/3375/84 77/251/84
f 91/253/85 79/3376/85 78/254/85
f 91/256/86 92/3377/86 80/257/86
f 93/259/87 81/3378/87 80/260/87
f 94/262/88 82/3379/88 81/263/88
f 95/265/89 83/3380/89 82/266/89
f 95/268/90 96/3381/90 84/269/90
f 97/271/91 85/3382/91 84/272/91
f 87/274/92 75/3383/92 85/275/92
f 99/277/93 98/3384/93 86/278/93
f 98/280/94 100/3385/94 88/281/94
f 100/283/95 101/3386/95 89/284/95
f 101/286/96 102/3387/96 90/287/96
f 103/289/1112 91/3388/1112 90/290/1112
f 103/292/98 104/3389/98 92/293/98
f 105/295/99 93/3390/99 92/296/99
f 105/298/100 106/3391/100 94/299/100
f 106/301/101 107/3392/101 95/302/101
f 108/304/102 96/3393/102 95/305/102
f 108/307/103 109/3394/103 97/308/103
f 109/310/104 99/3395/104 87/311/104
f 110/313/105 98/3396/105 99/314/105
f 112/316/106 100/3397/106 98/317/106
f 113/319/107 101/3398/107 100/320/107
f 114/322/108 102/3399/108 101/323/108
f 115/325/109 103/3400/109 102/326/109
f 115/328/110 116/3401/110 104/329/110
f 116/331/111 117/3402/111 105/332/111
f 118/334/112 106/3403/112 105/335/112
f 118/337/113 119/3404/113 107/338/113
f 120/340/114 108/3405/114 107/341/114
f 121/343/115 109/3406/115 108/344/115
f 111/346/116 99/3407/116 109/347/116
f 123/349/117 122/3408/117 110/350/117
f 124/352/118 112/3409/118 110/353/118
f 125/355/119 113/3410/119 112/356/119
f 125/358/120 126/3411/120 114/359/120
f 127/361/121 115/3412/121 114/362/121
f 127/364/122 128/3413/122 116/365/122
f 129/367/123 117/3414/123 116/368/123
f 129/370/124 130/3415/124 118/371/124
f 131/373/125 119/3416/125 118/374/125
f 132/376/126 120/3417/126 119/377/126
f 132/379/1113 133/3418/1113 121/380/1113
f 123/382/128 111/3419/128 121/383/128
f 135/385/129 134/3420/129 122/386/129
f 134/388/130 136/3421/130 124/389/130
f 136/391/131 137/3422/131 125/392/131
f 137/394/132 138/3423/132 126/395/132
f 138/397/133 139/3424/133 127/398/133
f 139/400/134 140/3425/134 128/401/134
f 141/403/135 129/3426/135 128/404/135
f 142/406/136 130/3427/136 129/407/136
f 143/409/137 131/3428/137 130/410/137
f 143/412/138 144/3429/138 132/413/138
f 144/415/139 145/3430/139 133/416/139
f 135/418/140 123/3431/140 133/419/140
f 146/421/141 134/3432/141 135/422/141
f 146/424/142 148/3433/142 136/425/142
f 148/427/1114 149/3434/1114 137/428/1114
f 150/430/144 138/3435/144 137/431/144
f 150/433/145 151/3436/145 139/434/145
f 151/436/146 152/3437/146 140/437/146
f 153/439/147 141/3438/147 140/440/147
f 154/442/1115 142/3439/1115 141/443/1115
f 155/445/149 143/3440/149 142/446/149
f 155/448/150 156/3441/150 144/449/150
f 157/451/151 145/3442/151 144/452/151
f 147/454/152 135/3443/152 145/455/152
f 161/493/165 160/3444/165 159/494/165
f 161/496/166 164/3445/166 163/497/166
f 166/499/167 165/3446/167 163/500/167
f 168/502/168 167/3447/168 165/503/168
f 170/505/169 169/3448/169 167/506/169
f 172/508/170 171/3449/170 169/509/170
f 172/511/171 174/3450/171 173/512/171
f 174/514/172 176/3451/172 175/515/172
f 178/517/173 177/3452/173 175/518/173
f 180/520/174 179/3453/174 177/521/174
f 180/523/175 182/3454/175 181/524/175
f 162/526/176 159/3455/176 181/527/176
f 181/531/177 159/3456/177 160/3457/177
f 160/3457/177 163/3458/177 165/3459/177
f 165/3459/177 167/3460/177 169/529/177
f 169/529/1116 171/3461/1116 173/530/1116
f 173/530/177 175/3462/177 177/3463/177
f 177/3463/177 179/3464/177 173/530/177
f 179/3464/177 181/531/177 173/530/177
f 181/531/177 160/3457/177 165/3459/177
f 165/3459/177 169/529/177 181/531/177
f 162/3465/178 182/3466/178 180/532/178
f 180/532/178 178/3467/178 176/533/178
f 176/533/178 174/3468/178 168/534/178
f 174/3468/178 172/3469/178 168/534/178
f 172/3469/178 170/3470/178 168/534/178
f 168/534/178 166/3471/178 164/3472/178
f 164/3472/178 161/3473/178 168/534/178
f 161/3473/178 162/3465/178 168/534/178
f 162/3465/178 180/532/178 168/534/178
f 186/535/1117 185/3474/1117 184/536/1117
f 185/538/180 188/3475/180 187/539/180
f 190/541/1118 189/3476/1118 187/542/1118
f 192/544/1119 191/3477/1119 189/545/1119
f 194/547/183 193/3478/183 191/548/183
f 196/550/184 195/3479/184 193/551/184
f 198/553/185 197/3480/185 195/554/185
f 198/556/1120 200/3481/1120 199/557/1120
f 200/559/1121 202/3482/1121 201/560/1121
f 202/562/188 186/3483/188 183/563/188
f 201/567/189 183/3484/189 184/3485/189
f 184/3485/189 187/3486/189 201/567/189
f 187/3486/189 189/3487/189 201/567/189
f 189/3487/189 191/3488/189 193/565/189
f 193/565/189 195/3489/189 197/566/189
f 197/566/1122 199/3490/1122 201/567/1122
f 189/3487/189 193/565/189 201/567/189
f 186/3491/190 202/3492/190 200/568/190
f 200/568/190 198/3493/190 196/569/190
f 196/569/190 194/3494/190 192/3495/190
f 192/3495/190 190/3496/190 196/569/190
f 190/3496/190 188/570/190 196/569/190
f 188/570/190 185/3497/190 186/3491/190
f 186/3491/190 200/568/190 188/570/190
f 203/571/1123 199/3498/1123 201/572/1123
f 205/574/192 197/3499/192 199/575/192
f 206/577/1124 195/3500/1124 197/578/1124
f 206/580/1125 207/3501/1125 193/581/1125
f 207/583/1126 208/3502/1126 191/584/1126
f 208/586/196 209/3503/196 189/587/196
f 209/589/197 210/3504/197 187/590/197
f 210/592/1127 211/3505/1127 184/593/1127
f 212/595/1128 183/3506/1128 184/596/1128
f 204/598/200 201/3507/200 183/599/200
f 204/3508/201 212/3509/201 211/601/201
f 211/601/201 210/3510/201 209/602/201
f 209/602/201 208/3511/201 205/603/201
f 208/3511/201 207/3512/201 205/603/201
f 207/3512/201 206/3513/201 205/603/201
f 205/603/201 203/3514/201 204/3508/201
f 204/3508/201 211/601/201 205/603/201
f 214/604/202 213/3515/202 203/605/202
f 215/607/1129 205/3516/1129 203/608/1129
f 216/610/204 206/3517/204 205/611/204
f 217/613/1130 207/3518/1130 206/614/1130
f 218/616/1131 208/3519/1131 207/617/1131
f 219/619/207 209/3520/207 208/620/207
f 219/622/1132 220/3521/1132 210/623/1132
f 220/625/209 221/3522/209 211/626/209
f 221/628/210 222/3523/210 212/629/210
f 222/631/211 214/3524/211 204/632/211
f 214/3525/212 222/3526/212 221/634/212
f 221/634/212 220/3527/212 219/635/212
f 219/635/212 218/3528/212 215/636/212
f 218/3528/212 217/3529/212 215/636/212
f 217/3529/212 216/3530/212 215/636/212
f 215/636/212 213/3531/212 214/3525/212
f 214/3525/212 221/634/212 215/636/212
f 224/637/1133 223/3532/1133 213/638/1133
f 223/640/1134 225/3533/1134 215/641/1134
f 225/643/1135 226/3534/1135 216/644/1135
f 226/646/1136 227/3535/1136 217/647/1136
f 227/649/1137 228/3536/1137 218/650/1137
f 229/652/1138 219/3537/1138 218/653/1138
f 230/655/1139 220/3538/1139 219/656/1139
f 231/658/1140 221/3539/1140 220/659/1140
f 232/661/1141 222/3540/1141 221/662/1141
f 224/664/1142 214/3541/1142 222/665/1142
f 224/669/223 232/3542/223 231/3543/223
f 231/3543/223 230/3544/223 224/669/223
f 230/3544/223 229/667/223 224/669/223
f 229/667/223 228/3545/223 225/668/223
f 228/3545/223 227/3546/223 225/668/223
f 227/3546/223 226/3547/223 225/668/223
f 225/668/223 223/3548/223 224/669/223
f 246/706/1143 234/3549/1143 235/707/1143
f 246/709/237 248/3550/237 236/710/237
f 249/712/238 237/3551/238 236/713/238
f 249/715/239 250/3552/239 238/716/239
f 251/718/240 239/3553/240 238/719/240
f 251/721/241 252/3554/241 240/722/241
f 252/724/242 253/3555/242 241/725/242
f 254/727/1144 242/3556/1144 241/728/1144
f 255/730/244 243/3557/244 242/731/244
f 255/733/245 256/3558/245 244/734/245
f 256/736/246 257/3559/246 245/737/246
f 257/739/247 247/3560/247 235/740/247
f 258/742/248 246/3561/248 247/743/248
f 258/745/249 260/3562/249 248/746/249
f 261/748/250 249/3563/250 248/749/250
f 262/751/251 250/3564/251 249/752/251
f 262/754/252 263/3565/252 251/755/252
f 264/757/253 252/3566/253 251/758/253
f 264/760/254 265/3567/254 253/761/254
f 265/763/255 266/3568/255 254/764/255
f 266/766/256 267/3569/256 255/767/256
f 268/769/257 256/3570/257 255/770/257
f 269/772/258 257/3571/258 256/773/258
f 269/775/259 259/3572/259 247/776/259
f 270/778/260 258/3573/260 259/779/260
f 270/781/261 272/3574/261 260/782/261
f 272/784/1145 273/3575/1145 261/785/1145
f 274/787/263 262/3576/263 261/788/263
f 275/790/264 263/3577/264 262/791/264
f 276/793/265 264/3578/265 263/794/265
f 276/796/266 277/3579/266 265/797/266
f 278/799/267 266/3580/267 265/800/267
f 278/802/268 279/3581/268 267/803/268
f 279/805/269 280/3582/269 268/806/269
f 281/808/270 269/3583/270 268/809/270
f 281/811/271 271/3584/271 259/812/271
f 283/814/174 282/3585/174 270/815/174
f 284/817/175 272/3586/175 270/818/175
f 284/820/176 285/3587/176 273/821/176
f 286/823/165 274/3588/165 273/824/165
f 286/826/166 287/3589/166 275/827/166
f 287/829/167 288/3590/167 276/830/167
f 288/832/168 289/3591/168 277/833/168
f 290/835/169 278/3592/169 277/836/169
f 291/838/170 279/3593/170 278/839/170
f 291/841/171 292/3594/171 280/842/171
f 293/844/172 281/3595/172 280/845/172
f 283/847/173 271/3596/173 281/848/173
f 294/850/272 282/3597/272 283/851/272
f 294/853/1146 296/3598/1146 284/854/1146
f 297/856/274 285/3599/274 284/857/274
f 298/859/275 286/3600/275 285/860/275
f 298/862/276 299/3601/276 287/863/276
f 300/865/277 288/3602/277 287/866/277
f 300/868/278 301/3603/278 289/869/278
f 302/871/279 290/3604/279 289/872/279
f 303/874/1147 291/3605/1147 290/875/1147
f 303/877/281 304/3606/281 292/878/281
f 304/880/282 305/3607/282 293/881/282
f 305/883/283 295/3608/283 283/884/283
f 306/886/284 294/3609/284 295/887/284
f 306/889/285 308/3610/285 296/890/285
f 309/892/286 297/3611/286 296/893/286
f 309/895/287 310/3612/287 298/896/287
f 310/898/288 311/3613/288 299/899/288
f 312/901/289 300/3614/289 299/902/289
f 312/904/290 313/3615/290 301/905/290
f 314/907/291 302/3616/291 301/908/291
f 314/910/292 315/3617/292 303/911/292
f 315/913/293 316/3618/293 304/914/293
f 317/916/294 305/3619/294 304/917/294
f 317/919/295 307/3620/295 295/920/295
f 318/922/296 306/3621/296 307/923/296
f 318/925/297 320/3622/297 308/926/297
f 320/928/298 321/3623/298 309/929/298
f 322/931/299 310/3624/299 309/932/299
f 323/934/300 311/3625/300 310/935/300
f 324/937/301 312/3626/301 311/938/301
f 324/940/1148 325/3627/1148 313/941/1148
f 325/943/303 326/3628/303 314/944/303
f 327/946/304 315/3629/304 314/947/304
f 328/949/305 316/3630/305 315/950/305
f 328/952/306 329/3631/306 317/953/306
f 319/955/307 307/3632/307 317/956/307
f 345/1030/332 344/3633/332 332/1031/332
f 344/1033/333 346/3634/333 334/1034/333
f 347/1036/334 335/3635/334 334/1037/334
f 348/1039/335 336/3636/335 335/1040/335
f 348/1042/336 349/3637/336 337/1043/336
f 350/1045/337 338/3638/337 337/1046/337
f 350/1048/338 351/3639/338 339/1049/338
f 352/1051/339 340/3640/339 339/1052/339
f 353/1054/340 341/3641/340 340/1055/340
f 353/1057/341 354/3642/341 342/1058/341
f 354/1060/342 355/3643/342 343/1061/342
f 345/1063/343 333/3644/343 343/1064/343
f 357/1066/344 356/3645/344 344/1067/344
f 356/1069/345 358/3646/345 346/1070/345
f 358/1072/346 359/3647/346 347/1073/346
f 359/1075/347 360/3648/347 348/1076/347
f 361/1078/348 349/3649/348 348/1079/348
f 362/1081/349 350/3650/349 349/1082/349
f 362/1084/350 363/3651/350 351/1085/350
f 364/1087/351 352/3652/351 351/1088/351
f 365/1090/352 353/3653/352 352/1091/352
f 366/1093/353 354/3654/353 353/1094/353
f 367/1096/354 355/3655/354 354/1097/354
f 357/1099/1149 345/3656/1149 355/1100/1149
f 368/1102/356 356/3657/356 357/1103/356
f 368/1105/357 370/3658/357 358/1106/357
f 371/1108/358 359/3659/358 358/1109/358
f 372/1111/359 360/3660/359 359/1112/359
f 373/1114/360 361/3661/360 360/1115/360
f 373/1117/361 374/3662/361 362/1118/361
f 375/1120/362 363/3663/362 362/1121/362
f 376/1123/363 364/3664/363 363/1124/363
f 377/1126/364 365/3665/364 364/1127/364
f 378/1129/365 366/3666/365 365/1130/365
f 378/1132/366 379/3667/366 367/1133/366
f 369/1135/367 357/3668/367 367/1136/367
f 380/1138/368 368/3669/368 369/1139/368
f 382/1141/369 370/3670/369 368/1142/369
f 383/1144/370 371/3671/370 370/1145/370
f 384/1147/371 372/3672/371 371/1148/371
f 384/1150/372 385/3673/372 373/1151/372
f 385/1153/373 386/3674/373 374/1154/373
f 387/1156/374 375/3675/374 374/1157/374
f 388/1159/375 376/3676/375 375/1160/375
f 388/1162/376 389/3677/376 377/1163/376
f 390/1165/377 378/3678/377 377/1166/377
f 391/1168/378 379/3679/378 378/1169/378
f 391/1171/379 381/3680/379 369/1172/379
f 393/1174/380 392/3681/380 380/1175/380
f 392/1177/381 394/3682/381 382/1178/381
f 395/1180/382 383/3683/382 382/1181/382
f 396/1183/383 384/3684/383 383/1184/383
f 397/1186/384 385/3685/384 384/1187/384
f 397/1189/385 398/3686/385 386/1190/385
f 398/1192/386 399/3687/386 387/1193/386
f 399/1195/387 400/3688/387 388/1196/387
f 401/1198/388 389/3689/388 388/1199/388
f 402/1201/389 390/3690/389 389/1202/389
f 402/1204/390 403/3691/390 391/1205/390
f 393/1207/391 381/3692/391 391/1208/391
f 404/1210/392 392/3693/392 393/1211/392
f 406/1213/393 394/3694/393 392/1214/393
f 407/1216/394 395/3695/394 394/1217/394
f 408/1219/395 396/3696/395 395/1220/395
f 408/1222/1150 409/3697/1150 397/1223/1150
f 409/1225/1151 410/3698/1151 398/1226/1151
f 411/1228/398 399/3699/398 398/1229/398
f 412/1231/399 400/3700/399 399/1232/399
f 413/1234/400 401/3701/400 400/1235/400
f 414/1237/401 402/3702/401 401/1238/401
f 414/1240/402 415/3703/402 403/1241/402
f 405/1243/403 393/3704/403 403/1244/403
f 417/1246/404 416/3705/404 404/1247/404
f 418/1249/405 406/3706/405 404/1250/405
f 419/1252/406 407/3707/406 406/1253/406
f 419/1255/407 420/3708/407 408/1256/407
f 421/1258/408 409/3709/408 408/1259/408
f 421/1261/409 422/3710/409 410/1262/409
f 423/1264/410 411/3711/410 410/1265/410
f 424/1267/411 412/3712/411 411/1268/411
f 425/1270/412 413/3713/412 412/1271/412
f 425/1273/413 426/3714/413 414/1274/413
f 427/1276/414 415/3715/414 414/1277/414
f 417/1279/415 405/3716/415 415/1280/415
usemtl mat23
f 431/1318/428 430/1319/428 429/1320/428
f 430/1321/429 432/1322/429 429/1323/429
f 432/1324/430 433/1325/430 429/1326/430
f 433/1327/431 434/1328/431 429/1329/431
f 434/1330/432 435/1331/432 429/1332/432
f 435/1333/433 436/1334/433 429/1335/433
f 436/1336/434 437/1337/434 429/1338/434
f 437/1339/435 438/1340/435 429/1341/435
f 438/1342/436 439/1343/436 429/1344/436
f 439/1345/437 440/1346/437 429/1347/437
f 440/1348/438 441/1349/438 429/1350/438
f 441/1351/439 431/1352/439 429/1353/439
f 440/1354/440 438/1355/440 434/1356/440
f 444/1357/441 443/1358/441 442/1359/441
f 443/1360/442 445/1361/442 442/1362/442
f 445/1363/443 446/1364/443 442/1365/443
f 446/1366/444 447/1367/444 442/1368/444
f 447/1369/445 448/1370/445 442/1371/445
f 448/1372/446 449/1373/446 442/1374/446
f 449/1375/447 450/1376/447 442/1377/447
f 450/1378/448 451/1379/448 442/1380/448
f 451/1381/449 452/1382/449 442/1383/449
f 452/1384/450 453/1385/450 442/1386/450
f 453/1387/451 454/1388/451 442/1389/451
f 454/1390/452 444/1391/452 442/1392/452
f 445/1393/453 444/1394/453 451/1395/453
f 457/1396/454 456/1397/454 455/1398/454
f 456/1399/455 458/1400/455 455/1401/455
f 458/1402/456 459/1403/456 455/1404/456
f 459/1405/457 460/1406/457 455/1407/457
f 460/1408/458 461/1409/458 455/1410/458
f 461/1411/459 462/1412/459 455/1413/459
f 462/1414/460 463/1415/460 455/1416/460
f 463/1417/461 464/1418/461 455/1419/461
f 464/1420/462 465/1421/462 455/1422/462
f 465/1423/463 466/1424/463 455/1425/463
f 466/1426/464 467/1427/464 455/1428/464
f 467/1429/465 457/1430/465 455/1431/465
f 458/1432/466 457/1433/466 464/1434/466
f 470/1435/467 469/1436/467 468/1437/467
f 469/1438/468 471/1439/468 468/1440/468
f 471/1441/469 472/1442/469 468/1443/469
f 472/1444/470 473/1445/470 468/1446/470
f 473/1447/471 474/1448/471 468/1449/471
f 474/1450/472 475/1451/472 468/1452/472
f 475/1453/473 476/1454/473 468/1455/473
f 476/1456/474 477/1457/474 468/1458/474
f 477/1459/475 478/1460/475 468/1461/475
f 478/1462/476 479/1463/476 468/1464/476
f 479/1465/477 480/1466/477 468/1467/477
f 480/1468/478 470/1469/478 468/1470/478
f 471/1471/479 470/1472/479 477/1473/479
f 483/1474/480 482/1475/480 481/1476/480
f 482/1477/481 484/1478/481 481/1479/481
f 484/1480/482 485/1481/482 481/1482/482
f 485/1483/483 486/1484/483 481/1485/483
f 486/1486/484 487/1487/484 481/1488/484
f 487/1489/485 488/1490/485 481/1491/485
f 488/1492/486 489/1493/486 481/1494/486
f 489/1495/487 490/1496/487 481/1497/487
f 490/1498/488 491/1499/488 481/1500/488
f 491/1501/489 492/1502/489 481/1503/489
f 492/1504/490 493/1505/490 481/1506/490
f 493/1507/491 483/1508/491 481/1509/491
f 484/1510/492 483/1511/492 490/1512/492
f 496/1513/493 495/1514/493 494/1515/493
f 495/1516/494 497/1517/494 494/1518/494
f 497/1519/495 498/1520/495 494/1521/495
f 498/1522/496 499/1523/496 494/1524/496
f 499/1525/497 500/1526/497 494/1527/497
f 500/1528/498 501/1529/498 494/1530/498
f 501/1531/499 502/1532/499 494/1533/499
f 502/1534/500 503/1535/500 494/1536/500
f 503/1537/501 504/1538/501 494/1539/501
f 504/1540/502 505/1541/502 494/1542/502
f 505/1543/503 506/1544/503 494/1545/503
f 506/1546/504 496/1547/504 494/1548/504
f 503/1549/505 499/1550/505 496/1551/505
f 509/1552/506 508/1553/506 507/1554/506
f 508/1555/507 510/1556/507 507/1557/507
f 510/1558/508 511/1559/508 507/1560/508
f 511/1561/509 512/1562/509 507/1563/509
f 512/1564/510 513/1565/510 507/1566/510
f 513/1567/511 514/1568/511 507/1569/511
f 514/1570/512 515/1571/512 507/1572/512
f 515/1573/513 516/1574/513 507/1575/513
f 516/1576/514 517/1577/514 507/1578/514
f 517/1579/515 518/1580/515 507/1581/515
f 518/1582/516 519/1583/516 507/1584/516
f 519/1585/517 509/1586/517 507/1587/517
f 516/1588/518 512/1589/518 509/1590/518
f 522/1591/519 521/1592/519 520/1593/519
f 521/1594/520 523/1595/520 520/1596/520
f 523/1597/521 524/1598/521 520/1599/521
f 524/1600/522 525/1601/522 520/1602/522
f 525/1603/523 526/1604/523 520/1605/523
f 526/1606/524 527/1607/524 520/1608/524
f 527/1609/525 528/1610/525 520/1611/525
f 528/1612/526 529/1613/526 520/1614/526
f 529/1615/527 530/1616/527 520/1617/527
f 530/1618/528 531/1619/528 520/1620/528
f 531/1621/529 532/1622/529 520/1623/529
f 532/1624/530 522/1625/530 520/1626/530
f 523/1627/531 522/1628/531 529/1629/531
f 535/1630/532 534/1631/532 533/1632/532
f 534/1633/533 536/1634/533 533/1635/533
f 536/1636/534 537/1637/534 533/1638/534
f 537/1639/535 538/1640/535 533/1641/535
f 538/1642/536 539/1643/536 533/1644/536
f 539/1645/537 540/1646/537 533/1647/537
f 540/1648/538 541/1649/538 533/1650/538
f 541/1651/539 542/1652/539 533/1653/539
f 542/1654/540 543/1655/540 533/1656/540
f 543/1657/541 544/1658/541 533/1659/541
f 544/1660/542 545/1661/542 533/1662/542
f 545/1663/543 535/1664/543 533/1665/543
f 536/1666/544 535/1667/544 542/1668/544
f 548/1669/545 547/1670/545 546/1671/545
f 547/1672/546 549/1673/546 546/1674/546
f 549/1675/547 550/1676/547 546/1677/547
f 550/1678/548 551/1679/548 546/1680/548
f 551/1681/549 552/1682/549 546/1683/549
f 552/1684/550 553/1685/550 546/1686/550
f 553/1687/551 554/1688/551 546/1689/551
f 554/1690/552 555/1691/552 546/1692/552
f 555/1693/553 556/1694/553 546/1695/553
f 556/1696/554 557/1697/554 546/1698/554
f 557/1699/555 558/1700/555 546/1701/555
f 558/1702/556 548/1703/556 546/1704/556
f 549/1705/557 548/1706/557 555/1707/557
f 561/1708/558 560/1709/558 559/1710/558
f 560/1711/559 562/1712/559 559/1713/559
f 562/1714/560 563/1715/560 559/1716/560
f 563/1717/561 564/1718/561 559/1719/561
f 564/1720/562 565/1721/562 559/1722/562
f 565/1723/563 566/1724/563 559/1725/563
f 566/1726/564 567/1727/564 559/1728/564
f 567/1729/565 568/1730/565 559/1731/565
f 568/1732/566 569/1733/566 559/1734/566
f 569/1735/567 570/1736/567 559/1737/567
f 570/1738/568 571/1739/568 559/1740/568
f 571/1741/569 561/1742/569 559/1743/569
f 562/1744/570 561/1745/570 568/1746/570
f 574/1747/571 573/1748/571 572/1749/571
f 573/1750/572 575/1751/572 572/1752/572
f 575/1753/573 576/1754/573 572/1755/573
f 576/1756/574 577/1757/574 572/1758/574
f 577/1759/575 578/1760/575 572/1761/575
f 578/1762/576 579/1763/576 572/1764/576
f 579/1765/577 580/1766/577 572/1767/577
f 580/1768/578 581/1769/578 572/1770/578
f 581/1771/579 582/1772/579 572/1773/579
f 582/1774/580 583/1775/580 572/1776/580
f 583/1777/581 584/1778/581 572/1779/581
f 584/1780/582 574/1781/582 572/1782/582
f 581/1783/583 577/1784/583 574/1785/583
f 587/1786/584 586/1787/584 585/1788/584
f 586/1789/585 588/1790/585 585/1791/585
f 588/1792/586 589/1793/586 585/1794/586
f 589/1795/587 590/1796/587 585/1797/587
f 590/1798/588 591/1799/588 585/1800/588
f 591/1801/589 592/1802/589 585/1803/589
f 592/1804/590 593/1805/590 585/1806/590
f 593/1807/591 594/1808/591 585/1809/591
f 594/1810/592 595/1811/592 585/1812/592
f 595/1813/593 596/1814/593 585/1815/593
f 596/1816/594 597/1817/594 585/1818/594
f 597/1819/595 587/1820/595 585/1821/595
f 588/1822/596 587/1823/596 594/1824/596
f 600/1825/597 599/1826/597 598/1827/597
f 599/1828/598 601/1829/598 598/1830/598
f 601/1831/599 602/1832/599 598/1833/599
f 602/1834/600 603/1835/600 598/1836/600
f 603/1837/601 604/1838/601 598/1839/601
f 604/1840/602 605/1841/602 598/1842/602
f 605/1843/603 606/1844/603 598/1845/603
f 606/1846/604 607/1847/604 598/1848/604
f 607/1849/605 608/1850/605 598/1851/605
f 608/1852/606 609/1853/606 598/1854/606
f 609/1855/607 610/1856/607 598/1857/607
f 610/1858/608 600/1859/608 598/1860/608
f 607/1861/609 603/1862/609 600/1863/609
f 613/1864/610 612/1865/610 611/1866/610
f 612/1867/611 614/1868/611 611/1869/611
f 614/1870/612 615/1871/612 611/1872/612
f 615/1873/613 616/1874/613 611/1875/613
f 616/1876/614 617/1877/614 611/1878/614
f 617/1879/615 618/1880/615 611/1881/615
f 618/1882/616 619/1883/616 611/1884/616
f 619/1885/617 620/1886/617 611/1887/617
f 620/1888/618 621/1889/618 611/1890/618
f 621/1891/619 622/1892/619 611/1893/619
f 622/1894/620 623/1895/620 611/1896/620
f 623/1897/621 613/1898/621 611/1899/621
f 614/1900/622 613/1901/622 620/1902/622
f 626/1903/623 625/1904/623 624/1905/623
f 625/1906/624 627/1907/624 624/1908/624
f 627/1909/625 628/1910/625 624/1911/625
f 628/1912/626 629/1913/626 624/1914/626
f 629/1915/627 630/1916/627 624/1917/627
f 630/1918/628 631/1919/628 624/1920/628
f 631/1921/629 632/1922/629 624/1923/629
f 632/1924/630 633/1925/630 624/1926/630
f 633/1927/631 634/1928/631 624/1929/631
f 634/1930/632 635/1931/632 624/1932/632
f 635/1933/633 636/1934/633 624/1935/633
f 636/1936/634 626/1937/634 624/1938/634
f 627/1939/635 626/1940/635 633/1941/635
f 639/1942/636 638/1943/636 637/1944/636
f 638/1945/637 640/1946/637 637/1947/637
f 640/1948/638 641/1949/638 637/1950/638
f 641/1951/639 642/1952/639 637/1953/639
f 642/1954/640 643/1955/640 637/1956/640
f 643/1957/641 644/1958/641 637/1959/641
f 644/1960/642 645/1961/642 637/1962/642
f 645/1963/643 646/1964/643 637/1965/643
f 646/1966/644 647/1967/644 637/1968/644
f 647/1969/645 648/1970/645 637/1971/645
f 648/1972/646 649/1973/646 637/1974/646
f 649/1975/647 639/1976/647 637/1977/647
f 644/1978/648 642/1979/648 639/1980/648
f 652/1981/649 651/1982/649 650/1983/649
f 651/1984/650 653/1985/650 650/1986/650
f 653/1987/651 654/1988/651 650/1989/651
f 654/1990/652 655/1991/652 650/1992/652
f 655/1993/653 656/1994/653 650/1995/653
f 656/1996/654 657/1997/654 650/1998/654
f 657/1999/655 658/2000/655 650/2001/655
f 658/2002/656 659/2003/656 650/2004/656
f 659/2005/657 660/2006/657 650/2007/657
f 660/2008/658 661/2009/658 650/2010/658
f 661/2011/659 662/2012/659 650/2013/659
f 662/2014/660 652/2015/660 650/2016/660
f 653/2017/661 652/2018/661 659/2019/661
f 665/2020/662 664/2021/662 663/2022/662
f 664/2023/663 666/2024/663 663/2025/663
f 666/2026/664 667/2027/664 663/2028/664
f 667/2029/665 668/2030/665 663/2031/665
f 668/2032/666 669/2033/666 663/2034/666
f 669/2035/667 670/2036/667 663/2037/667
f 670/2038/668 671/2039/668 663/2040/668
f 671/2041/669 672/2042/669 663/2043/669
f 672/2044/670 673/2045/670 663/2046/670
f 673/2047/671 674/2048/671 663/2049/671
f 674/2050/672 675/2051/672 663/2052/672
f 675/2053/673 665/2054/673 663/2055/673
f 666/2056/674 665/2057/674 672/2058/674
f 678/2059/675 677/2060/675 676/2061/675
f 677/2062/676 679/2063/676 676/2064/676
f 679/2065/677 680/2066/677 676/2067/677
f 680/2068/678 681/2069/678 676/2070/678
f 681/2071/679 682/2072/679 676/2073/679
f 682/2074/680 683/2075/680 676/2076/680
f 683/2077/681 684/2078/681 676/2079/681
f 684/2080/682 685/2081/682 676/2082/682
f 685/2083/683 686/2084/683 676/2085/683
f 686/2086/684 687/2087/684 676/2088/684
f 687/2089/685 688/2090/685 676/2091/685
f 688/2092/686 678/2093/686 676/2094/686
f 679/2095/687 678/2096/687 685/2097/687
f 691/2098/688 690/2099/688 689/2100/688
f 690/2101/689 692/2102/689 689/2103/689
f 692/2104/690 693/2105/690 689/2106/690
f 693/2107/691 694/2108/691 689/2109/691
f 694/2110/692 695/2111/692 689/2112/692
f 695/2113/693 696/2114/693 689/2115/693
f 696/2116/694 697/2117/694 689/2118/694
f 697/2119/695 698/2120/695 689/2121/695
f 698/2122/696 699/2123/696 689/2124/696
f 699/2125/697 700/2126/697 689/2127/697
f 700/2128/698 701/2129/698 689/2130/698
f 701/2131/699 691/2132/699 689/2133/699
f 692/2134/700 691/2135/700 698/2136/700
f 704/2137/701 703/2138/701 702/2139/701
f 703/2140/702 705/2141/702 702/2142/702
f 705/2143/703 706/2144/703 702/2145/703
f 706/2146/704 707/2147/704 702/2148/704
f 707/2149/705 708/2150/705 702/2151/705
f 708/2152/706 709/2153/706 702/2154/706
f 709/2155/707 710/2156/707 702/2157/707
f 710/2158/708 711/2159/708 702/2160/708
f 711/2161/709 712/2162/709 702/2163/709
f 712/2164/710 713/2165/710 702/2166/710
f 713/2167/711 714/2168/711 702/2169/711
f 714/2170/712 704/2171/712 702/2172/712
f 705/2173/713 704/2174/713 711/2175/713
f 717/2176/714 716/2177/714 715/2178/714
f 716/2179/715 718/2180/715 715/2181/715
f 718/2182/716 719/2183/716 715/2184/716
f 719/2185/717 720/2186/717 715/2187/717
f 720/2188/718 721/2189/718 715/2190/718
f 721/2191/719 722/2192/719 715/2193/719
f 722/2194/720 723/2195/720 715/2196/720
f 723/2197/721 724/2198/721 715/2199/721
f 724/2200/722 725/2201/722 715/2202/722
f 725/2203/723 726/2204/723 715/2205/723
f 726/2206/724 727/2207/724 715/2208/724
f 727/2209/725 717/2210/725 715/2211/725
f 718/2212/726 717/2213/726 724/2214/726
f 730/2215/727 729/2216/727 728/2217/727
f 729/2218/728 731/2219/728 728/2220/728
f 731/2221/729 732/2222/729 728/2223/729
f 732/2224/730 733/2225/730 728/2226/730
f 733/2227/731 734/2228/731 728/2229/731
f 734/2230/732 735/2231/732 728/2232/732
f 735/2233/733 736/2234/733 728/2235/733
f 736/2236/734 737/2237/734 728/2238/734
f 737/2239/735 738/2240/735 728/2241/735
f 738/2242/736 739/2243/736 728/2244/736
f 739/2245/737 740/2246/737 728/2247/737
f 740/2248/738 730/2249/738 728/2250/738
f 731/2251/739 730/2252/739 737/2253/739
f 743/2254/740 742/2255/740 741/2256/740
f 742/2257/741 744/2258/741 741/2259/741
f 744/2260/742 745/2261/742 741/2262/742
f 745/2263/743 746/2264/743 741/2265/743
f 746/2266/744 747/2267/744 741/2268/744
f 747/2269/745 748/2270/745 741/2271/745
f 748/2272/746 749/2273/746 741/2274/746
f 749/2275/747 750/2276/747 741/2277/747
f 750/2278/748 751/2279/748 741/2280/748
f 751/2281/749 752/2282/749 741/2283/749
f 752/2284/750 753/2285/750 741/2286/750
f 753/2287/751 743/2288/751 741/2289/751
f 744/2290/752 743/2291/752 750/2292/752
f 756/2293/753 755/2294/753 754/2295/753
f 755/2296/754 757/2297/754 754/2298/754
f 757/2299/755 758/2300/755 754/2301/755
f 758/2302/756 759/2303/756 754/2304/756
f 759/2305/757 760/2306/757 754/2307/757
f 760/2308/758 761/2309/758 754/2310/758
f 761/2311/759 762/2312/759 754/2313/759
f 762/2314/760 763/2315/760 754/2316/760
f 763/2317/761 764/2318/761 754/2319/761
f 764/2320/762 765/2321/762 754/2322/762
f 765/2323/763 766/2324/763 754/2325/763
f 766/2326/764 756/2327/764 754/2328/764
f 757/2329/765 756/2330/765 763/2331/765
f 769/2332/766 768/2333/766 767/2334/766
f 768/2335/767 770/2336/767 767/2337/767
f 770/2338/768 771/2339/768 767/2340/768
f 771/2341/769 772/2342/769 767/2343/769
f 772/2344/770 773/2345/770 767/2346/770
f 773/2347/771 774/2348/771 767/2349/771
f 774/2350/772 775/2351/772 767/2352/772
f 775/2353/773 776/2354/773 767/2355/773
f 776/2356/774 777/2357/774 767/2358/774
f 777/2359/775 778/2360/775 767/2361/775
f 778/2362/776 779/2363/776 767/2364/776
f 779/2365/777 769/2366/777 767/2367/777
f 770/2368/778 769/2369/778 776/2370/778
f 782/2371/779 781/2372/779 780/2373/779
f 781/2374/780 783/2375/780 780/2376/780
f 783/2377/781 784/2378/781 780/2379/781
f 784/2380/782 785/2381/782 780/2382/782
f 785/2383/783 786/2384/783 780/2385/783
f 786/2386/784 787/2387/784 780/2388/784
f 787/2389/785 788/2390/785 780/2391/785
f 788/2392/786 789/2393/786 780/2394/786
f 789/2395/787 790/2396/787 780/2397/787
f 790/2398/788 791/2399/788 780/2400/788
f 791/2401/789 792/2402/789 780/2403/789
f 792/2404/790 782/2405/790 780/2406/790
f 783/2407/791 782/2408/791 789/2409/791
f 795/2410/792 794/2411/792 793/2412/792
f 794/2413/793 796/2414/793 793/2415/793
f 796/2416/794 797/2417/794 793/2418/794
f 797/2419/795 798/2420/795 793/2421/795
f 798/2422/796 799/2423/796 793/2424/796
f 799/2425/797 800/2426/797 793/2427/797
f 800/2428/798 801/2429/798 793/2430/798
f 801/2431/799 802/2432/799 793/2433/799
f 802/2434/800 803/2435/800 793/2436/800
f 803/2437/801 804/2438/801 793/2439/801
f 804/2440/802 805/2441/802 793/2442/802
f 805/2443/803 795/2444/803 793/2445/803
f 802/2446/804 798/2447/804 795/2448/804
f 808/2449/805 807/2450/805 806/2451/805
f 807/2452/806 809/2453/806 806/2454/806
f 809/2455/807 810/2456/807 806/2457/807
f 810/2458/808 811/2459/808 806/2460/808
f 811/2461/809 812/2462/809 806/2463/809
f 812/2464/810 813/2465/810 806/2466/810
f 813/2467/811 814/2468/811 806/2469/811
f 814/2470/812 815/2471/812 806/2472/812
f 815/2473/813 816/2474/813 806/2475/813
f 816/2476/814 817/2477/814 806/2478/814
f 817/2479/815 818/2480/815 806/2481/815
f 818/2482/816 808/2483/816 806/2484/816
f 809/2485/817 808/2486/817 815/2487/817
f 821/2488/818 820/2489/818 819/2490/818
f 820/2491/819 822/2492/819 819/2493/819
f 822/2494/820 823/2495/820 819/2496/820
f 823/2497/821 824/2498/821 819/2499/821
f 824/2500/822 825/2501/822 819/2502/822
f 825/2503/823 826/2504/823 819/2505/823
f 826/2506/824 827/2507/824 819/2508/824
f 827/2509/825 828/2510/825 819/2511/825
f 828/2512/826 829/2513/826 819/2514/826
f 829/2515/827 830/2516/827 819/2517/827
f 830/2518/828 831/2519/828 819/2520/828
f 831/2521/829 821/2522/829 819/2523/829
f 822/2524/830 821/2525/830 828/2526/830
f 834/2527/831 833/2528/831 832/2529/831
f 833/2530/832 835/2531/832 832/2532/832
f 835/2533/833 836/2534/833 832/2535/833
f 836/2536/834 837/2537/834 832/2538/834
f 837/2539/835 838/2540/835 832/2541/835
f 838/2542/836 839/2543/836 832/2544/836
f 839/2545/837 840/2546/837 832/2547/837
f 840/2548/838 841/2549/838 832/2550/838
f 841/2551/839 842/2552/839 832/2553/839
f 842/2554/840 843/2555/840 832/2556/840
f 843/2557/841 844/2558/841 832/2559/841
f 844/2560/842 834/2561/842 832/2562/842
f 837/2563/843 835/2564/843 834/2565/843
f 847/2566/844 846/2567/844 845/2568/844
f 846/2569/845 848/2570/845 845/2571/845
f 848/2572/846 849/2573/846 845/2574/846
f 849/2575/847 850/2576/847 845/2577/847
f 850/2578/848 851/2579/848 845/2580/848
f 851/2581/849 852/2582/849 845/2583/849
f 852/2584/850 853/2585/850 845/2586/850
f 853/2587/851 854/2588/851 845/2589/851
f 854/2590/852 855/2591/852 845/2592/852
f 855/2593/853 856/2594/853 845/2595/853
f 856/2596/854 857/2597/854 845/2598/854
f 857/2599/855 847/2600/855 845/2601/855
f 848/2602/856 847/2603/856 854/2604/856
f 860/2605/857 859/2606/857 858/2607/857
f 859/2608/858 861/2609/858 858/2610/858
f 861/2611/859 862/2612/859 858/2613/859
f 862/2614/860 863/2615/860 858/2616/860
f 863/2617/861 864/2618/861 858/2619/861
f 864/2620/862 865/2621/862 858/2622/862
f 865/2623/863 866/2624/863 858/2625/863
f 866/2626/864 867/2627/864 858/2628/864
f 867/2629/865 868/2630/865 858/2631/865
f 868/2632/866 869/2633/866 858/2634/866
f 869/2635/867 870/2636/867 858/2637/867
f 870/2638/868 860/2639/868 858/2640/868
f 867/2641/869 863/2642/869 860/2643/869
f 873/2644/870 872/2645/870 871/2646/870
f 872/2647/871 874/2648/871 871/2649/871
f 874/2650/872 875/2651/872 871/2652/872
f 875/2653/873 876/2654/873 871/2655/873
f 876/2656/874 877/2657/874 871/2658/874
f 877/2659/875 878/2660/875 871/2661/875
f 878/2662/876 879/2663/876 871/2664/876
f 879/2665/877 880/2666/877 871/2667/877
f 880/2668/878 881/2669/878 871/2670/878
f 881/2671/879 882/2672/879 871/2673/879
f 882/2674/880 883/2675/880 871/2676/880
f 883/2677/881 873/2678/881 871/2679/881
f 874/2680/882 873/2681/882 880/2682/882
f 886/2683/883 885/2684/883 884/2685/883
f 885/2686/884 887/2687/884 884/2688/884
f 887/2689/885 888/2690/885 884/2691/885
f 888/2692/886 889/2693/886 884/2694/886
f 889/2695/887 890/2696/887 884/2697/887
f 890/2698/888 891/2699/888 884/2700/888
f 891/2701/889 892/2702/889 884/2703/889
f 892/2704/890 893/2705/890 884/2706/890
f 893/2707/891 894/2708/891 884/2709/891
f 894/2710/892 895/2711/892 884/2712/892
f 895/2713/893 896/2714/893 884/2715/893
f 896/2716/894 886/2717/894 884/2718/894
f 893/2719/895 889/2720/895 886/2721/895
f 899/2722/896 898/2723/896 897/2724/896
f 898/2725/897 900/2726/897 897/2727/897
f 900/2728/898 901/2729/898 897/2730/898
f 901/2731/899 902/2732/899 897/2733/899
f 902/2734/900 903/2735/900 897/2736/900
f 903/2737/901 904/2738/901 897/2739/901
f 904/2740/902 905/2741/902 897/2742/902
f 905/2743/903 906/2744/903 897/2745/903
f 906/2746/904 907/2747/904 897/2748/904
f 907/2749/905 908/2750/905 897/2751/905
f 908/2752/906 909/2753/906 897/2754/906
f 909/2755/907 899/2756/907 897/2757/907
f 900/2758/908 899/2759/908 906/2760/908
f 912/2761/909 911/2762/909 910/2763/909
f 911/2764/910 913/2765/910 910/2766/910
f 913/2767/911 914/2768/911 910/2769/911
f 914/2770/912 915/2771/912 910/2772/912
f 915/2773/913 916/2774/913 910/2775/913
f 916/2776/914 917/2777/914 910/2778/914
f 917/2779/915 918/2780/915 910/2781/915
f 918/2782/916 919/2783/916 910/2784/916
f 919/2785/917 920/2786/917 910/2787/917
f 920/2788/918 921/2789/918 910/2790/918
f 921/2791/919 922/2792/919 910/2793/919
f 922/2794/920 912/2795/920 910/2796/920
f 913/2797/921 912/2798/921 919/2799/921
f 925/2800/922 924/2801/922 923/2802/922
f 924/2803/923 926/2804/923 923/2805/923
f 926/2806/924 927/2807/924 923/2808/924
f 927/2809/925 928/2810/925 923/2811/925
f 928/2812/926 929/2813/926 923/2814/926
f 929/2815/927 930/2816/927 923/2817/927
f 930/2818/928 931/2819/928 923/2820/928
f 931/2821/929 932/2822/929 923/2823/929
f 932/2824/930 933/2825/930 923/2826/930
f 933/2827/931 934/2828/931 923/2829/931
f 934/2830/932 935/2831/932 923/2832/932
f 935/2833/933 925/2834/933 923/2835/933
f 926/2836/934 925/2837/934 932/2838/934
f 938/2839/935 937/2840/935 936/2841/935
f 937/2842/936 939/2843/936 936/2844/936
f 939/2845/937 940/2846/937 936/2847/937
f 940/2848/938 941/2849/938 936/2850/938
f 941/2851/939 942/2852/939 936/2853/939
f 942/2854/940 943/2855/940 936/2856/940
f 943/2857/941 944/2858/941 936/2859/941
f 944/2860/942 945/2861/942 936/2862/942
f 945/2863/943 946/2864/943 936/2865/943
f 946/2866/944 947/2867/944 936/2868/944
f 947/2869/945 948/2870/945 936/2871/945
f 948/2872/946 938/2873/946 936/2874/946
f 939/2875/947 938/2876/947 945/2877/947
f 951/2878/948 950/2879/948 949/2880/948
f 950/2881/949 952/2882/949 949/2883/949
f 952/2884/950 953/2885/950 949/2886/950
f 953/2887/951 954/2888/951 949/2889/951
f 954/2890/952 955/2891/952 949/2892/952
f 955/2893/953 956/2894/953 949/2895/953
f 956/2896/954 957/2897/954 949/2898/954
f 957/2899/955 958/2900/955 949/2901/955
f 958/2902/956 959/2903/956 949/2904/956
f 959/2905/957 960/2906/957 949/2907/957
f 960/2908/958 961/2909/958 949/2910/958
f 961/2911/959 951/2912/959 949/2913/959
f 952/2914/960 951/2915/960 958/2916/960
f 964/2917/961 963/2918/961 962/2919/961
f 963/2920/962 965/2921/962 962/2922/962
f 965/2923/963 966/2924/963 962/2925/963
f 966/2926/964 967/2927/964 962/2928/964
f 967/2929/965 968/2930/965 962/2931/965
f 968/2932/966 969/2933/966 962/2934/966
f 969/2935/967 970/2936/967 962/2937/967
f 970/2938/968 971/2939/968 962/2940/968
f 971/2941/969 972/2942/969 962/2943/969
f 972/2944/970 973/2945/970 962/2946/970
f 973/2947/971 974/2948/971 962/2949/971
f 974/2950/972 964/2951/972 962/2952/972
f 969/2953/973 967/2954/973 964/2955/973
f 977/2956/974 976/2957/974 975/2958/974
f 976/2959/975 978/2960/975 975/2961/975
f 978/2962/976 979/2963/976 975/2964/976
f 979/2965/977 980/2966/977 975/2967/977
f 980/2968/978 981/2969/978 975/2970/978
f 981/2971/979 982/2972/979 975/2973/979
f 982/2974/980 983/2975/980 975/2976/980
f 983/2977/981 984/2978/981 975/2979/981
f 984/2980/982 985/2981/982 975/2982/982
f 985/2983/983 986/2984/983 975/2985/983
f 986/2986/984 987/2987/984 975/2988/984
f 987/2989/985 977/2990/985 975/2991/985
f 978/2992/986 977/2993/986 984/2994/986
f 990/2995/987 989/2996/987 988/2997/987
f 989/2998/988 991/2999/988 988/3000/988
f 991/3001/989 992/3002/989 988/3003/989
f 992/3004/990 993/3005/990 988/3006/990
f 993/3007/991 994/3008/991 988/3009/991
f 994/3010/992 995/3011/992 988/3012/992
f 995/3013/993 996/3014/993 988/3015/993
f 996/3016/994 997/3017/994 988/3018/994
f 997/3019/995 998/3020/995 988/3021/995
f 998/3022/996 999/3023/996 988/3024/996
f 999/3025/997 1000/3026/997 988/3027/997
f 1000/3028/998 990/3029/998 988/3030/998
f 991/3031/999 990/3032/999 997/3033/999
f 1003/3034/1000 1002/3035/1000 1001/3036/1000
f 1003/3037/1001 1004/3038/1001 1002/3039/1001
f 1003/3040/1002 1005/3041/1002 1004/3042/1002
f 1003/3043/1003 1006/3044/1003 1005/3045/1003
f 1003/3046/1004 1007/3047/1004 1006/3048/1004
f 1003/3049/1005 1008/3050/1005 1007/3051/1005
f 1003/3052/1006 1009/3053/1006 1008/3054/1006
f 1003/3055/1007 1010/3056/1007 1009/3057/1007
f 1003/3058/1008 1011/3059/1008 1010/3060/1008
f 1003/3061/1009 1012/3062/1009 1011/3063/1009
f 1003/3064/1010 1013/3065/1010 1012/3066/1010
f 1003/3067/1011 1001/3068/1011 1013/3069/1011
f 1011/3070/1012 1013/3071/1012 1005/3072/1012
f 1016/3073/1013 1015/3074/1013 1014/3075/1013
f 1015/3076/1014 1017/3077/1014 1014/3078/1014
f 1017/3079/1015 1018/3080/1015 1014/3081/1015
f 1018/3082/1016 1019/3083/1016 1014/3084/1016
f 1019/3085/1017 1020/3086/1017 1014/3087/1017
f 1020/3088/1018 1021/3089/1018 1014/3090/1018
f 1021/3091/1019 1022/3092/1019 1014/3093/1019
f 1022/3094/1020 1023/3095/1020 1014/3096/1020
f 1023/3097/1021 1024/3098/1021 1014/3099/1021
f 1024/3100/1022 1025/3101/1022 1014/3102/1022
f 1025/3103/1023 1026/3104/1023 1014/3105/1023
f 1026/3106/1024 1016/3107/1024 1014/3108/1024
f 1023/3109/1025 1019/3110/1025 1016/3111/1025
f 1029/3112/1026 1028/3113/1026 1027/3114/1026
f 1028/3115/1027 1030/3116/1027 1027/3117/1027
f 1030/3118/1028 1031/3119/1028 1027/3120/1028
f 1031/3121/1029 1032/3122/1029 1027/3123/1029
f 1032/3124/1030 1033/3125/1030 1027/3126/1030
f 1033/3127/1031 1034/3128/1031 1027/3129/1031
f 1034/3130/1032 1035/3131/1032 1027/3132/1032
f 1035/3133/1033 1036/3134/1033 1027/3135/1033
f 1036/3136/1034 1037/3137/1034 1027/3138/1034
f 1037/3139/1035 1038/3140/1035 1027/3141/1035
f 1038/3142/1036 1039/3143/1036 1027/3144/1036
f 1039/3145/1037 1029/3146/1037 1027/3147/1037
f 1036/3148/1038 1032/3149/1038 1029/3150/1038
f 1042/3151/1039 1041/3152/1039 1040/3153/1039
f 1041/3154/1040 1043/3155/1040 1040/3156/1040
f 1043/3157/1041 1044/3158/1041 1040/3159/1041
f 1044/3160/1042 1045/3161/1042 1040/3162/1042
f 1045/3163/1043 1046/3164/1043 1040/3165/1043
f 1046/3166/1044 1047/3167/1044 1040/3168/1044
f 1047/3169/1045 1048/3170/1045 1040/3171/1045
f 1048/3172/1046 1049/3173/1046 1040/3174/1046
f 1049/3175/1047 1050/3176/1047 1040/3177/1047
f 1050/3178/1048 1051/3179/1048 1040/3180/1048
f 1051/3181/1049 1052/3182/1049 1040/3183/1049
f 1052/3184/1050 1042/3185/1050 1040/3186/1050
f 1049/3187/1051 1045/3188/1051 1042/3189/1051
f 1055/3190/1052 1054/3191/1052 1053/3192/1052
f 1054/3193/1053 1056/3194/1053 1053/3195/1053
f 1056/3196/1054 1057/3197/1054 1053/3198/1054
f 1057/3199/1055 1058/3200/1055 1053/3201/1055
f 1058/3202/1056 1059/3203/1056 1053/3204/1056
f 1059/3205/1057 1060/3206/1057 1053/3207/1057
f 1060/3208/1058 1061/3209/1058 1053/3210/1058
f 1061/3211/1059 1062/3212/1059 1053/3213/1059
f 1062/3214/1060 1063/3215/1060 1053/3216/1060
f 1063/3217/1061 1064/3218/1061 1053/3219/1061
f 1064/3220/1062 1065/3221/1062 1053/3222/1062
f 1065/3223/1063 1055/3224/1063 1053/3225/1063
f 1060/3226/1064 1058/3227/1064 1055/3228/1064
f 1068/3229/1065 1067/3230/1065 1066/3231/1065
f 1067/3232/1066 1069/3233/1066 1066/3234/1066
f 1069/3235/1067 1070/3236/1067 1066/3237/1067
f 1070/3238/1068 1071/3239/1068 1066/3240/1068
f 1071/3241/1069 1072/3242/1069 1066/3243/1069
f 1072/3244/1070 1073/3245/1070 1066/3246/1070
f 1073/3247/1071 1074/3248/1071 1066/3249/1071
f 1074/3250/1072 1075/3251/1072 1066/3252/1072
f 1075/3253/1073 1076/3254/1073 1066/3255/1073
f 1076/3256/1074 1077/3257/1074 1066/3258/1074
f 1077/3259/1075 1078/3260/1075 1066/3261/1075
f 1078/3262/1076 1068/3263/1076 1066/3264/1076
f 1073/3265/1077 1071/3266/1077 1068/3267/1077
f 431/3717/440 441/3718/440 440/1354/440
f 440/1354/440 439/3719/440 438/1355/440
f 438/1355/440 437/3720/440 434/1356/440
f 437/3720/440 436/3721/440 434/1356/440
f 436/3721/440 435/3722/440 434/1356/440
f 434/1356/440 433/3723/440 432/3724/440
f 432/3724/440 430/3725/440 434/1356/440
f 430/3725/440 431/3717/440 434/1356/440
f 431/3717/440 440/1354/440 434/1356/440
f 444/1394/1152 454/3726/1152 453/3727/1152
f 453/3727/453 452/3728/453 444/1394/453
f 452/3728/1153 451/1395/1153 444/1394/1153
f 451/1395/1154 450/3729/1154 449/3730/1154
f 449/3730/453 448/3731/453 451/1395/453
f 448/3731/1155 447/3732/1155 451/1395/1155
f 447/3732/1156 446/3733/1156 445/1393/1156
f 445/1393/1157 443/3734/1157 444/1394/1157
f 447/3732/453 445/1393/453 451/1395/453
f 457/1433/1158 467/3735/1158 464/1434/1158
f 467/3735/1159 466/3736/1159 464/1434/1159
f 466/3736/1159 465/3737/1159 464/1434/1159
f 464/1434/1160 463/3738/1160 462/3739/1160
f 462/3739/1161 461/3740/1161 460/3741/1161
f 460/3741/1162 459/3742/1162 458/1432/1162
f 458/1432/1163 456/3743/1163 457/1433/1163
f 464/1434/466 462/3739/466 460/3741/466
f 460/3741/466 458/1432/466 464/1434/466
f 470/1472/1164 480/3744/1164 479/3745/1164
f 479/3745/479 478/3746/479 470/1472/479
f 478/3746/1164 477/1473/1164 470/1472/1164
f 477/1473/479 476/3747/479 475/3748/479
f 475/3748/1165 474/3749/1165 477/1473/1165
f 474/3749/479 473/3750/479 477/1473/479
f 473/3750/479 472/3751/479 471/1471/479
f 471/1471/1166 469/3752/1166 470/1472/1166
f 473/3750/479 471/1471/479 477/1473/479
f 483/1511/492 493/3753/492 490/1512/492
f 493/3753/492 492/3754/492 490/1512/492
f 492/3754/492 491/3755/492 490/1512/492
f 490/1512/492 489/3756/492 488/3757/492
f 488/3757/1167 487/3758/1167 486/3759/1167
f 486/3759/1168 485/3760/1168 484/1510/1168
f 484/1510/1169 482/3761/1169 483/1511/1169
f 490/1512/492 488/3757/492 486/3759/492
f 486/3759/492 484/1510/492 490/1512/492
f 496/1551/1170 506/3762/1170 505/3763/1170
f 505/3763/1170 504/3764/1170 496/1551/1170
f 504/3764/505 503/1549/505 496/1551/505
f 503/1549/505 502/3765/505 499/1550/505
f 502/3765/505 501/3766/505 499/1550/505
f 501/3766/505 500/3767/505 499/1550/505
f 499/1550/505 498/3768/505 496/1551/505
f 498/3768/505 497/3769/505 496/1551/505
f 497/3769/505 495/3770/505 496/1551/505
f 509/1590/1171 519/3771/1171 516/1588/1171
f 519/3771/1171 518/3772/1171 516/1588/1171
f 518/3772/1171 517/3773/1171 516/1588/1171
f 516/1588/1172 515/3774/1172 514/3775/1172
f 514/3775/518 513/3776/518 516/1588/518
f 513/3776/1173 512/1589/1173 516/1588/1173
f 512/1589/1174 511/3777/1174 510/3778/1174
f 510/3778/518 508/3779/518 512/1589/518
f 508/3779/518 509/1590/518 512/1589/518
f 522/1628/1175 532/3780/1175 531/3781/1175
f 531/3781/531 530/3782/531 522/1628/531
f 530/3782/1176 529/1629/1176 522/1628/1176
f 529/1629/531 528/3783/531 527/3784/531
f 527/3784/1176 526/3785/1176 525/3786/1176
f 525/3786/1177 524/3787/1177 523/1627/1177
f 523/1627/1178 521/3788/1178 522/1628/1178
f 529/1629/531 527/3784/531 525/3786/531
f 525/3786/1176 523/1627/1176 529/1629/1176
f 535/1667/544 545/3789/544 542/1668/544
f 545/3789/1179 544/3790/1179 542/1668/1179
f 544/3790/1180 543/3791/1180 542/1668/1180
f 542/1668/1181 541/3792/1181 540/3793/1181
f 540/3793/1182 539/3794/1182 538/3795/1182
f 538/3795/1183 537/3796/1183 536/1666/1183
f 536/1666/1184 534/3797/1184 535/1667/1184
f 542/1668/544 540/3793/544 538/3795/544
f 538/3795/544 536/1666/544 542/1668/544
f 548/1706/1185 558/3798/1185 555/1707/1185
f 558/3798/1186 557/3799/1186 555/1707/1186
f 557/3799/1187 556/3800/1187 555/1707/1187
f 555/1707/1188 554/3801/1188 553/3802/1188
f 553/3802/1189 552/3803/1189 551/3804/1189
f 551/3804/557 550/3805/557 549/1705/557
f 549/1705/1190 547/3806/1190 548/1706/1190
f 555/1707/1189 553/3802/1189 551/3804/1189
f 551/3804/557 549/1705/557 555/1707/557
f 561/1745/1191 571/3807/1191 570/3808/1191
f 570/3808/570 569/3809/570 561/1745/570
f 569/3809/570 568/1746/570 561/1745/570
f 568/1746/1192 567/3810/1192 566/3811/1192
f 566/3811/1193 565/3812/1193 564/3813/1193
f 564/3813/570 563/3814/570 562/1744/570
f 562/1744/570 560/3815/570 561/1745/570
f 568/1746/570 566/3811/570 564/3813/570
f 564/3813/570 562/1744/570 568/1746/570
f 574/1785/583 584/3816/583 581/1783/583
f 584/3816/583 583/3817/583 581/1783/583
f 583/3817/1194 582/3818/1194 581/1783/1194
f 581/1783/1195 580/3819/1195 579/3820/1195
f 579/3820/1196 578/3821/1196 577/1784/1196
f 577/1784/1197 576/3822/1197 574/1785/1197
f 576/3822/583 575/3823/583 574/1785/583
f 575/3823/1198 573/3824/1198 574/1785/1198
f 581/1783/583 579/3820/583 577/1784/583
f 587/1823/596 597/3825/596 594/1824/596
f 597/3825/1199 596/3826/1199 594/1824/1199
f 596/3826/1200 595/3827/1200 594/1824/1200
f 594/1824/1201 593/3828/1201 592/3829/1201
f 592/3829/1202 591/3830/1202 594/1824/1202
f 591/3830/1199 590/3831/1199 594/1824/1199
f 590/3831/1199 589/3832/1199 588/1822/1199
f 588/1822/1203 586/3833/1203 587/1823/1203
f 590/3831/596 588/1822/596 594/1824/596
f 600/1863/1204 610/3834/1204 609/3835/1204
f 609/3835/1205 608/3836/1205 600/1863/1205
f 608/3836/1205 607/1861/1205 600/1863/1205
f 607/1861/1206 606/3837/1206 605/3838/1206
f 605/3838/609 604/3839/609 607/1861/609
f 604/3839/609 603/1862/609 607/1861/609
f 603/1862/1207 602/3840/1207 600/1863/1207
f 602/3840/609 601/3841/609 600/1863/609
f 601/3841/609 599/3842/609 600/1863/609
f 613/1901/1208 623/3843/1208 620/1902/1208
f 623/3843/622 622/3844/622 620/1902/622
f 622/3844/1209 621/3845/1209 620/1902/1209
f 620/1902/1210 619/3846/1210 618/3847/1210
f 618/3847/1211 617/3848/1211 616/3849/1211
f 616/3849/1212 615/3850/1212 614/1900/1212
f 614/1900/1213 612/3851/1213 613/1901/1213
f 620/1902/622 618/3847/622 616/3849/622
f 616/3849/622 614/1900/622 620/1902/622
f 626/1940/635 636/3852/635 633/1941/635
f 636/3852/635 635/3853/635 633/1941/635
f 635/3853/1214 634/3854/1214 633/1941/1214
f 633/1941/1215 632/3855/1215 631/3856/1215
f 631/3856/1216 630/3857/1216 629/3858/1216
f 629/3858/635 628/3859/635 627/1939/635
f 627/1939/1217 625/3860/1217 626/1940/1217
f 633/1941/635 631/3856/635 629/3858/635
f 629/3858/635 627/1939/635 633/1941/635
f 639/1980/1218 649/3861/1218 646/3862/1218
f 649/3861/1219 648/3863/1219 646/3862/1219
f 648/3863/1218 647/3864/1218 646/3862/1218
f 646/3862/1220 645/3865/1220 644/1978/1220
f 644/1978/1221 643/3866/1221 642/1979/1221
f 642/1979/1219 641/3867/1219 639/1980/1219
f 641/3867/1220 640/3868/1220 639/1980/1220
f 640/3868/1222 638/3869/1222 639/1980/1222
f 646/3862/648 644/1978/648 639/1980/648
f 652/2018/1223 662/3870/1223 661/3871/1223
f 661/3871/661 660/3872/661 652/2018/661
f 660/3872/661 659/2019/661 652/2018/661
f 659/2019/1224 658/3873/1224 657/3874/1224
f 657/3874/661 656/3875/661 659/2019/661
f 656/3875/661 655/3876/661 659/2019/661
f 655/3876/1225 654/3877/1225 653/2017/1225
f 653/2017/1224 651/3878/1224 652/2018/1224
f 655/3876/661 653/2017/661 659/2019/661
f 665/2057/1226 675/3879/1226 674/3880/1226
f 674/3880/674 673/3881/674 665/2057/674
f 673/3881/1226 672/2058/1226 665/2057/1226
f 672/2058/1227 671/3882/1227 670/3883/1227
f 670/3883/1228 669/3884/1228 668/3885/1228
f 668/3885/674 667/3886/674 666/2056/674
f 666/2056/1229 664/3887/1229 665/2057/1229
f 672/2058/674 670/3883/674 668/3885/674
f 668/3885/674 666/2056/674 672/2058/674
f 678/2096/687 688/3888/687 687/3889/687
f 687/3889/687 686/3890/687 678/2096/687
f 686/3890/1230 685/2097/1230 678/2096/1230
f 685/2097/1231 684/3891/1231 683/3892/1231
f 683/3892/1232 682/3893/1232 681/3894/1232
f 681/3894/1233 680/3895/1233 679/2095/1233
f 679/2095/1231 677/3896/1231 678/2096/1231
f 685/2097/687 683/3892/687 681/3894/687
f 681/3894/687 679/2095/687 685/2097/687
f 691/2135/1234 701/3897/1234 698/2136/1234
f 701/3897/1234 700/3898/1234 698/2136/1234
f 700/3898/1234 699/3899/1234 698/2136/1234
f 698/2136/1234 697/3900/1234 696/3901/1234
f 696/3901/1235 695/3902/1235 698/2136/1235
f 695/3902/1234 694/3903/1234 698/2136/1234
f 694/3903/1236 693/3904/1236 692/2134/1236
f 692/2134/1237 690/3905/1237 691/2135/1237
f 694/3903/1234 692/2134/1234 698/2136/1234
f 704/2174/1238 714/3906/1238 711/2175/1238
f 714/3906/1239 713/3907/1239 711/2175/1239
f 713/3907/1240 712/3908/1240 711/2175/1240
f 711/2175/1241 710/3909/1241 709/3910/1241
f 709/3910/1242 708/3911/1242 707/3912/1242
f 707/3912/1243 706/3913/1243 705/2173/1243
f 705/2173/1244 703/3914/1244 704/2174/1244
f 711/2175/1245 709/3910/1245 707/3912/1245
f 707/3912/1239 705/2173/1239 711/2175/1239
f 717/2213/726 727/3915/726 724/2214/726
f 727/3915/726 726/3916/726 724/2214/726
f 726/3916/726 725/3917/726 724/2214/726
f 724/2214/1246 723/3918/1246 722/3919/1246
f 722/3919/726 721/3920/726 720/3921/726
f 720/3921/1247 719/3922/1247 718/2212/1247
f 718/2212/1248 716/3923/1248 717/2213/1248
f 724/2214/726 722/3919/726 720/3921/726
f 720/3921/726 718/2212/726 724/2214/726
f 730/2252/1249 740/3924/1249 739/3925/1249
f 739/3925/739 738/3926/739 730/2252/739
f 738/3926/1250 737/2253/1250 730/2252/1250
f 737/2253/1251 736/3927/1251 735/3928/1251
f 735/3928/1252 734/3929/1252 733/3930/1252
f 733/3930/1253 732/3931/1253 731/2251/1253
f 731/2251/1254 729/3932/1254 730/2252/1254
f 737/2253/739 735/3928/739 733/3930/739
f 733/3930/739 731/2251/739 737/2253/739
f 743/2291/1255 753/3933/1255 750/2292/1255
f 753/3933/752 752/3934/752 750/2292/752
f 752/3934/1256 751/3935/1256 750/2292/1256
f 750/2292/1257 749/3936/1257 748/3937/1257
f 748/3937/1258 747/3938/1258 746/3939/1258
f 746/3939/1259 745/3940/1259 744/2290/1259
f 744/2290/1260 742/3941/1260 743/2291/1260
f 750/2292/752 748/3937/752 746/3939/752
f 746/3939/752 744/2290/752 750/2292/752
f 756/2330/765 766/3942/765 765/3943/765
f 765/3943/1261 764/3944/1261 756/2330/1261
f 764/3944/1262 763/2331/1262 756/2330/1262
f 763/2331/1263 762/3945/1263 761/3946/1263
f 761/3946/1264 760/3947/1264 763/2331/1264
f 760/3947/1262 759/3948/1262 763/2331/1262
f 759/3948/1262 758/3949/1262 757/2329/1262
f 757/2329/1265 755/3950/1265 756/2330/1265
f 759/3948/1262 757/2329/1262 763/2331/1262
f 769/2369/778 779/3951/778 778/3952/778
f 778/3952/778 777/3953/778 769/2369/778
f 777/3953/778 776/2370/778 769/2369/778
f 776/2370/1266 775/3954/1266 774/3955/1266
f 774/3955/1267 773/3956/1267 772/3957/1267
f 772/3957/1268 771/3958/1268 770/2368/1268
f 770/2368/1269 768/3959/1269 769/2369/1269
f 776/2370/1270 774/3955/1270 772/3957/1270
f 772/3957/1270 770/2368/1270 776/2370/1270
f 782/2408/1271 792/3960/1271 791/3961/1271
f 791/3961/791 790/3962/791 782/2408/791
f 790/3962/791 789/2409/791 782/2408/791
f 789/2409/1271 788/3963/1271 787/3964/1271
f 787/3964/1271 786/3965/1271 789/2409/1271
f 786/3965/1272 785/3966/1272 789/2409/1272
f 785/3966/1273 784/3967/1273 783/2407/1273
f 783/2407/1274 781/3968/1274 782/2408/1274
f 785/3966/1271 783/2407/1271 789/2409/1271
f 795/2448/1275 805/3969/1275 802/2446/1275
f 805/3969/804 804/3970/804 802/2446/804
f 804/3970/1276 803/3971/1276 802/2446/1276
f 802/2446/1277 801/3972/1277 800/3973/1277
f 800/3973/1278 799/3974/1278 798/2447/1278
f 798/2447/804 797/3975/804 795/2448/804
f 797/3975/804 796/3976/804 795/2448/804
f 796/3976/1279 794/3977/1279 795/2448/1279
f 802/2446/804 800/3973/804 798/2447/804
f 808/2486/1280 818/3978/1280 815/2487/1280
f 818/3978/1280 817/3979/1280 815/2487/1280
f 817/3979/1281 816/3980/1281 815/2487/1281
f 815/2487/1282 814/3981/1282 813/3982/1282
f 813/3982/1283 812/3983/1283 815/2487/1283
f 812/3983/1280 811/3984/1280 815/2487/1280
f 811/3984/1284 810/3985/1284 809/2485/1284
f 809/2485/1285 807/3986/1285 808/2486/1285
f 811/3984/817 809/2485/817 815/2487/817
f 821/2525/830 831/3987/830 830/3988/830
f 830/3988/1286 829/3989/1286 821/2525/1286
f 829/3989/830 828/2526/830 821/2525/830
f 828/2526/1286 827/3990/1286 826/3991/1286
f 826/3991/1287 825/3992/1287 824/3993/1287
f 824/3993/830 823/3994/830 822/2524/830
f 822/2524/1288 820/3995/1288 821/2525/1288
f 828/2526/830 826/3991/830 824/3993/830
f 824/3993/830 822/2524/830 828/2526/830
f 834/2565/1289 844/3996/1289 843/3997/1289
f 843/3997/843 842/3998/843 834/2565/843
f 842/3998/843 841/3999/843 834/2565/843
f 841/3999/1290 840/4000/1290 839/4001/1290
f 839/4001/1291 838/4002/1291 837/2563/1291
f 837/2563/1292 836/4003/1292 835/2564/1292
f 835/2564/1293 833/4004/1293 834/2565/1293
f 841/3999/843 839/4001/843 834/2565/843
f 839/4001/843 837/2563/843 834/2565/843
f 847/2603/1294 857/4005/1294 856/4006/1294
f 856/4006/856 855/4007/856 847/2603/856
f 855/4007/1295 854/2604/1295 847/2603/1295
f 854/2604/856 853/4008/856 852/4009/856
f 852/4009/1296 851/4010/1296 850/4011/1296
f 850/4011/1297 849/4012/1297 848/2602/1297
f 848/2602/1298 846/4013/1298 847/2603/1298
f 854/2604/1295 852/4009/1295 850/4011/1295
f 850/4011/1294 848/2602/1294 854/2604/1294
f 860/2643/869 870/4014/869 867/2641/869
f 870/4014/1299 869/4015/1299 867/2641/1299
f 869/4015/1300 868/4016/1300 867/2641/1300
f 867/2641/1301 866/4017/1301 865/4018/1301
f 865/4018/869 864/4019/869 867/2641/869
f 864/4019/1302 863/2642/1302 867/2641/1302
f 863/2642/1299 862/4020/1299 860/2643/1299
f 862/4020/1302 861/4021/1302 860/2643/1302
f 861/4021/1303 859/4022/1303 860/2643/1303
f 873/2681/1304 883/4023/1304 882/4024/1304
f 882/4024/882 881/4025/882 873/2681/882
f 881/4025/882 880/2682/882 873/2681/882
f 880/2682/1305 879/4026/1305 878/4027/1305
f 878/4027/1306 877/4028/1306 876/4029/1306
f 876/4029/1307 875/4030/1307 874/2680/1307
f 874/2680/1307 872/4031/1307 873/2681/1307
f 880/2682/882 878/4027/882 876/4029/882
f 876/4029/882 874/2680/882 880/2682/882
f 886/2721/1308 896/4032/1308 893/2719/1308
f 896/4032/1309 895/4033/1309 893/2719/1309
f 895/4033/1310 894/4034/1310 893/2719/1310
f 893/2719/1311 892/4035/1311 891/4036/1311
f 891/4036/1312 890/4037/1312 889/2720/1312
f 889/2720/1313 888/4038/1313 886/2721/1313
f 888/4038/1311 887/4039/1311 886/2721/1311
f 887/4039/1314 885/4040/1314 886/2721/1314
f 893/2719/895 891/4036/895 889/2720/895
f 899/2759/908 909/4041/908 908/4042/908
f 908/4042/1315 907/4043/1315 899/2759/1315
f 907/4043/908 906/2760/908 899/2759/908
f 906/2760/1316 905/4044/1316 904/4045/1316
f 904/4045/1317 903/4046/1317 902/4047/1317
f 902/4047/1318 901/4048/1318 900/2758/1318
f 900/2758/1319 898/4049/1319 899/2759/1319
f 906/2760/908 904/4045/908 902/4047/908
f 902/4047/1315 900/2758/1315 906/2760/1315
f 912/2798/1320 922/4050/1320 919/2799/1320
f 922/4050/1320 921/4051/1320 919/2799/1320
f 921/4051/1320 920/4052/1320 919/2799/1320
f 919/2799/1320 918/4053/1320 917/4054/1320
f 917/4054/1321 916/4055/1321 919/2799/1321
f 916/4055/1320 915/4056/1320 919/2799/1320
f 915/4056/1320 914/4057/1320 913/2797/1320
f 913/2797/1322 911/4058/1322 912/2798/1322
f 915/4056/1320 913/2797/1320 919/2799/1320
f 925/2837/934 935/4059/934 932/2838/934
f 935/4059/1323 934/4060/1323 932/2838/1323
f 934/4060/1324 933/4061/1324 932/2838/1324
f 932/2838/1325 931/4062/1325 930/4063/1325
f 930/4063/1326 929/4064/1326 928/4065/1326
f 928/4065/1323 927/4066/1323 926/2836/1323
f 926/2836/1327 924/4067/1327 925/2837/1327
f 932/2838/934 930/4063/934 928/4065/934
f 928/4065/934 926/2836/934 932/2838/934
f 938/2876/1328 948/4068/1328 947/4069/1328
f 947/4069/947 946/4070/947 938/2876/947
f 946/4070/1329 945/2877/1329 938/2876/1329
f 945/2877/1330 944/4071/1330 943/4072/1330
f 943/4072/1331 942/4073/1331 941/4074/1331
f 941/4074/947 940/4075/947 939/2875/947
f 939/2875/1332 937/4076/1332 938/2876/1332
f 945/2877/1328 943/4072/1328 941/4074/1328
f 941/4074/947 939/2875/947 945/2877/947
f 951/2915/960 961/4077/960 960/4078/960
f 960/4078/1333 959/4079/1333 951/2915/1333
f 959/4079/960 958/2916/960 951/2915/960
f 958/2916/1334 957/4080/1334 956/4081/1334
f 956/4081/1335 955/4082/1335 958/2916/1335
f 955/4082/960 954/4083/960 958/2916/960
f 954/4083/1336 953/4084/1336 952/2914/1336
f 952/2914/1337 950/4085/1337 951/2915/1337
f 954/4083/960 952/2914/960 958/2916/960
f 964/2955/1338 974/4086/1338 973/4087/1338
f 973/4087/973 972/4088/973 964/2955/973
f 972/4088/1338 971/4089/1338 964/2955/1338
f 971/4089/1339 970/4090/1339 969/2953/1339
f 969/2953/1340 968/4091/1340 967/2954/1340
f 967/2954/973 966/4092/973 964/2955/973
f 966/4092/973 965/4093/973 964/2955/973
f 965/4093/1341 963/4094/1341 964/2955/1341
f 971/4089/973 969/2953/973 964/2955/973
f 977/2993/1342 987/4095/1342 984/2994/1342
f 987/4095/1342 986/4096/1342 984/2994/1342
f 986/4096/1343 985/4097/1343 984/2994/1343
f 984/2994/1344 983/4098/1344 982/4099/1344
f 982/4099/1345 981/4100/1345 980/4101/1345
f 980/4101/1342 979/4102/1342 978/2992/1342
f 978/2992/1346 976/4103/1346 977/2993/1346
f 984/2994/986 982/4099/986 980/4101/986
f 980/4101/1342 978/2992/1342 984/2994/1342
f 990/3032/999 1000/4104/999 997/3033/999
f 1000/4104/999 999/4105/999 997/3033/999
f 999/4105/1347 998/4106/1347 997/3033/1347
f 997/3033/1348 996/4107/1348 995/4108/1348
f 995/4108/1348 994/4109/1348 993/4110/1348
f 993/4110/999 992/4111/999 991/3031/999
f 991/3031/1349 989/4112/1349 990/3032/1349
f 997/3033/1348 995/4108/1348 993/4110/1348
f 993/4110/999 991/3031/999 997/3033/999
f 1013/3071/1350 1001/4113/1350 1002/4114/1350
f 1002/4114/1351 1004/4115/1351 1013/3071/1351
f 1004/4115/1012 1005/3072/1012 1013/3071/1012
f 1005/3072/1352 1006/4116/1352 1007/4117/1352
f 1007/4117/1012 1008/4118/1012 1005/3072/1012
f 1008/4118/1351 1009/4119/1351 1005/3072/1351
f 1009/4119/1353 1010/4120/1353 1011/3070/1353
f 1011/3070/1354 1012/4121/1354 1013/3071/1354
f 1009/4119/1012 1011/3070/1012 1005/3072/1012
f 1016/3111/1025 1026/4122/1025 1025/4123/1025
f 1025/4123/1025 1024/4124/1025 1016/3111/1025
f 1024/4124/1025 1023/3109/1025 1016/3111/1025
f 1023/3109/1355 1022/4125/1355 1021/4126/1355
f 1021/4126/1356 1020/4127/1356 1023/3109/1356
f 1020/4127/1357 1019/3110/1357 1023/3109/1357
f 1019/3110/1025 1018/4128/1025 1016/3111/1025
f 1018/4128/1358 1017/4129/1358 1016/3111/1358
f 1017/4129/1359 1015/4130/1359 1016/3111/1359
f 1029/3150/1360 1039/4131/1360 1038/4132/1360
f 1038/4132/1361 1037/4133/1361 1029/3150/1361
f 1037/4133/1362 1036/3148/1362 1029/3150/1362
f 1036/3148/1363 1035/4134/1363 1034/4135/1363
f 1034/4135/1362 1033/4136/1362 1036/3148/1362
f 1033/4136/1364 1032/3149/1364 1036/3148/1364
f 1032/3149/1361 1031/4137/1361 1030/4138/1361
f 1030/4138/1038 1028/4139/1038 1029/3150/1038
f 1032/3149/1365 1030/4138/1365 1029/3150/1365
f 1042/3189/1366 1052/4140/1366 1051/4141/1366
f 1051/4141/1051 1050/4142/1051 1042/3189/1051
f 1050/4142/1051 1049/3187/1051 1042/3189/1051
f 1049/3187/1367 1048/4143/1367 1047/4144/1367
f 1047/4144/1368 1046/4145/1368 1045/3188/1368
f 1045/3188/1051 1044/4146/1051 1043/4147/1051
f 1043/4147/1051 1041/4148/1051 1045/3188/1051
f 1041/4148/1369 1042/3189/1369 1045/3188/1369
f 1049/3187/1051 1047/4144/1051 1045/3188/1051
f 1055/3228/1370 1065/4149/1370 1064/4150/1370
f 1064/4150/1371 1063/4151/1371 1055/3228/1371
f 1063/4151/1372 1062/4152/1372 1055/3228/1372
f 1062/4152/1373 1061/4153/1373 1060/3226/1373
f 1060/3226/1064 1059/4154/1064 1058/3227/1064
f 1058/3227/1372 1057/4155/1372 1055/3228/1372
f 1057/4155/1374 1056/4156/1374 1055/3228/1374
f 1056/4156/1375 1054/4157/1375 1055/3228/1375
f 1062/4152/1372 1060/3226/1372 1055/3228/1372
f 1068/3267/1077 1078/4158/1077 1077/4159/1077
f 1077/4159/1077 1076/4160/1077 1068/3267/1077
f 1076/4160/1376 1075/4161/1376 1068/3267/1376
f 1075/4161/1377 1074/4162/1377 1073/3265/1377
f 1073/3265/1378 1072/4163/1378 1071/3266/1378
f 1071/3266/1077 1070/4164/1077 1068/3267/1077
f 1070/4164/1379 1069/4165/1379 1068/3267/1379
f 1069/4165/1380 1067/4166/1380 1068/3267/1380
f 1075/4161/1379 1073/3265/1379 1068/3267/1379
